item_id,effect_id,effect_type,mechanic,value,unit,condition,trigger,target_scope,nonhero_behavior,objective_behavior,stacking,max_stacks,duration,cooldown,confidence,source_ids,notes
upgrade_extra_charge,eff_bonus_ability_charges,passive,bonus_ability_charges,1,count,"Immer, solange das Item ausgerüstet ist.",equipped,Self,,,,,,,high,"[""SRC-0004"",""SRC-0005""]",Rohfeld: BonusAbilityCharges. Exposure-Basis: current_default_infobox_label. Wiki-Label: Bonus Ability Charges.
upgrade_extra_charge,eff_bonus_spirit_for_charged_abilities,passive,bonus_spirit_for_charged_abilities,7,spirit_power,Quellbedingung (englischer Tooltip): Adds one to your ability max charges.,passive_item_rule,Self_or_source_defined,,,,,,,high,"[""SRC-0004"",""SRC-0005""]",Rohfeld: BonusSpiritForChargedAbilities. Exposure-Basis: current_default_infobox_label. Wiki-Label: Bonus Spirit Power for Charged Abilities.
upgrade_improved_spirit,eff_tech_power,passive,tech_power,10,spirit_power,"Immer, solange das Item ausgerüstet ist.",equipped,Self,,,,,,,high,"[""SRC-0004"",""SRC-0005""]",Rohfeld: TechPower. Exposure-Basis: current_default_infobox_label. Wiki-Label: Spirit Power.
upgrade_goose_egg,eff_ability_channel_time,active,ability_channel_time,2,seconds,"Quellbedingung (englischer Tooltip): Gain souls over time, as long as you are alive.",item_activation,Self_or_source_defined,,,,,,,medium,"[""SRC-0004"",""SRC-0005""]",Rohfeld: AbilityChannelTime. Exposure-Basis: structured_timing_or_target_field. Wiki-Label: Channel Duration.
upgrade_goose_egg,eff_bonus_gold_per_minute,active,bonus_gold_per_minute,90,souls,"Quellbedingung (englischer Tooltip): Gain souls over time, as long as you are alive.",item_activation,Self_or_source_defined,,,,,,,high,"[""SRC-0004"",""SRC-0005""]",Rohfeld: BonusGoldPerMinute. Exposure-Basis: current_default_infobox_label. Wiki-Label: Soul Value per Minute.
upgrade_goose_egg,eff_outgoing_damage_penalty_percent,damage,outgoing_damage_penalty_percent,-10,percent,"Quellbedingung (englischer Tooltip): Gain souls over time, as long as you are alive.",item_activation,Self_or_source_defined,,,,,,,high,"[""SRC-0004"",""SRC-0005""]",Rohfeld: OutgoingDamagePenaltyPercent. Exposure-Basis: current_default_infobox_label. Wiki-Label: Damage Penalty.
upgrade_goose_egg,eff_bonus_sprint_speed,movement,bonus_sprint_speed,1,m/s,"Immer, solange das Item ausgerüstet ist.",equipped,Self,,,,,,,high,"[""SRC-0004"",""SRC-0005""]",Rohfeld: BonusSprintSpeed. Exposure-Basis: current_default_infobox_label. Wiki-Label: Sprint Speed.
upgrade_goose_egg,eff_out_of_combat_health_regen,healing,out_of_combat_health_regen,1,hp_per_second,"Immer, solange das Item ausgerüstet ist.",equipped,Self,,,,,,,high,"[""SRC-0004"",""SRC-0005""]",Rohfeld: OutOfCombatHealthRegen. Exposure-Basis: current_default_infobox_label. Wiki-Label: Out of Combat Regen.
upgrade_goose_egg,eff_starting_gold,active,starting_gold,400,souls,"Quellbedingung (englischer Tooltip): Gain souls over time, as long as you are alive.",item_activation,Self_or_source_defined,,,,,,,medium,"[""SRC-0004"",""SRC-0005""]",Rohfeld: StartingGold. Exposure-Basis: current_item_notes_exception.
upgrade_goose_egg,eff_bonus_buffs_per_gold,active,bonus_buffs_per_gold,80,souls,"Quellbedingung (englischer Tooltip): Gain souls over time, as long as you are alive.",item_activation,Self_or_source_defined,,,,,,,medium,"[""SRC-0004"",""SRC-0005""]",Rohfeld: BonusBuffsPerGold. Exposure-Basis: current_item_notes_exception.
upgrade_magic_burst,eff_ability_cooldown,cooldown,ability_cooldown,14,seconds,"Quellbedingung (englischer Tooltip): Charges up over time with {g:citadel_inline_attribute:'BonusSpiritDamage'}, causing abilities dealing more than 80 damage to deal additional damage.",passive_proc_cooldown,AllEnemy,,,,,,14,medium,"[""SRC-0004"",""SRC-0005""]",Rohfeld: AbilityCooldown. Exposure-Basis: structured_timing_or_target_field. Wiki-Label: Cooldown.
upgrade_magic_burst,eff_damage,damage,damage,40,damage,"Quellbedingung (englischer Tooltip): Charges up over time with {g:citadel_inline_attribute:'BonusSpiritDamage'}, causing abilities dealing more than 80 damage to deal additional damage.",passive_item_rule,AllEnemy,,,,,,,high,"[""SRC-0004"",""SRC-0005""]",Rohfeld: Damage. Exposure-Basis: current_default_infobox_label. Wiki-Label: Damage.
upgrade_magic_burst,eff_ability_charge_up_time,charge_up,ability_charge_up_time,14,seconds,"Quellbedingung (englischer Tooltip): Charges up over time with {g:citadel_inline_attribute:'BonusSpiritDamage'}, causing abilities dealing more than 80 damage to deal additional damage.",passive_item_rule,AllEnemy,,,,,,,medium,"[""SRC-0004"",""SRC-0005""]",Rohfeld: AbilityChargeUpTime. Exposure-Basis: structured_timing_or_target_field. Wiki-Label: Charge-Up Time.
upgrade_magic_reach,eff_tech_range_multiplier,passive,tech_range_multiplier,20,percent,"Immer, solange das Item ausgerüstet ist.",equipped,Self,,,,,,,high,"[""SRC-0004"",""SRC-0005""]",Rohfeld: TechRangeMultiplier. Exposure-Basis: current_default_infobox_label. Wiki-Label: Ability Range.
upgrade_magic_reach,eff_tech_radius_multiplier,passive,tech_radius_multiplier,20,percent,"Immer, solange das Item ausgerüstet ist.",equipped,Self,,,,,,,high,"[""SRC-0004"",""SRC-0005""]",Rohfeld: TechRadiusMultiplier. Exposure-Basis: current_default_infobox_label. Wiki-Label: Radius.
upgrade_mystic_regeneration,eff_regeneration,healing,regeneration,4,hp_per_second,Quellbedingung (englischer Tooltip): Dealing {g:citadel_inline_attribute:'SpiritDamage'} to enemy Heroes grants you Bonus {g:citadel_inline_attribute:'Regen'}. Stacks when dealing damage to different heroes.,passive_item_rule,Self_or_source_defined,,,,,,,high,"[""SRC-0004"",""SRC-0005""]",Rohfeld: Regeneration. Exposure-Basis: current_default_infobox_label. Wiki-Label: Regeneration.
upgrade_mystic_regeneration,eff_regeneration_duration,duration,regeneration_duration,7,seconds,Quellbedingung (englischer Tooltip): Dealing {g:citadel_inline_attribute:'SpiritDamage'} to enemy Heroes grants you Bonus {g:citadel_inline_attribute:'Regen'}. Stacks when dealing damage to different heroes.,passive_item_rule,Self_or_source_defined,,,,,7,,high,"[""SRC-0004"",""SRC-0005""]",Rohfeld: RegenerationDuration. Exposure-Basis: current_default_infobox_label. Wiki-Label: Regeneration Duration.
upgrade_mystic_regeneration,eff_bonus_health,healing,bonus_health,50,hp,"Immer, solange das Item ausgerüstet ist.",equipped,Self,,,,,,,high,"[""SRC-0004"",""SRC-0005""]",Rohfeld: BonusHealth. Exposure-Basis: current_default_infobox_label. Wiki-Label: Bonus Health.
upgrade_withering_whip,eff_ability_cooldown,cooldown,ability_cooldown,16,seconds,Quellbedingung (englischer Tooltip): Target an enemy to reduce their Fire Rate and Bullet Resistance.,item_activation,HeroEnemy,,,,,,16,medium,"[""SRC-0004"",""SRC-0005""]",Rohfeld: AbilityCooldown. Exposure-Basis: structured_timing_or_target_field. Wiki-Label: Cooldown.
upgrade_withering_whip,eff_ability_duration,duration,ability_duration,5,seconds,Quellbedingung (englischer Tooltip): Target an enemy to reduce their Fire Rate and Bullet Resistance.,item_activation,HeroEnemy,,,,,5,,high,"[""SRC-0004"",""SRC-0005""]",Rohfeld: AbilityDuration. Exposure-Basis: current_default_infobox_label. Wiki-Label: Duration.
upgrade_withering_whip,eff_ability_cast_range,active,ability_cast_range,32,m,Quellbedingung (englischer Tooltip): Target an enemy to reduce their Fire Rate and Bullet Resistance.,item_activation,HeroEnemy,,,,,,,high,"[""SRC-0004"",""SRC-0005""]",Rohfeld: AbilityCastRange. Exposure-Basis: current_default_infobox_label. Wiki-Label: Cast Range.
upgrade_withering_whip,eff_ability_cast_delay,active,ability_cast_delay,0.1,seconds,Quellbedingung (englischer Tooltip): Target an enemy to reduce their Fire Rate and Bullet Resistance.,item_activation,HeroEnemy,,,,,,,medium,"[""SRC-0004"",""SRC-0005""]",Rohfeld: AbilityCastDelay. Exposure-Basis: structured_timing_or_target_field. Wiki-Label: Cast Delay.
upgrade_withering_whip,eff_fire_rate_slow,weapon_operation,fire_rate_slow,32,percent,Quellbedingung (englischer Tooltip): Target an enemy to reduce their Fire Rate and Bullet Resistance.,item_activation,HeroEnemy,,,,,,,high,"[""SRC-0004"",""SRC-0005""]",Rohfeld: FireRateSlow. Exposure-Basis: current_default_infobox_label. Wiki-Label: Fire Rate.
upgrade_withering_whip,eff_bonus_health,healing,bonus_health,60,hp,"Immer, solange das Item ausgerüstet ist.",equipped,Self,,,,,,,high,"[""SRC-0004"",""SRC-0005""]",Rohfeld: BonusHealth. Exposure-Basis: current_default_infobox_label. Wiki-Label: Bonus Health.
upgrade_withering_whip,eff_bonus_sprint_speed,movement,bonus_sprint_speed,0.5,m/s,"Immer, solange das Item ausgerüstet ist.",equipped,Self,,,,,,,high,"[""SRC-0004"",""SRC-0005""]",Rohfeld: BonusSprintSpeed. Exposure-Basis: current_default_infobox_label. Wiki-Label: Sprint Speed.
upgrade_withering_whip,eff_bullet_armor_reduction,defense,bullet_armor_reduction,-8,percent,Quellbedingung (englischer Tooltip): Target an enemy to reduce their Fire Rate and Bullet Resistance.,item_activation,HeroEnemy,,,,,,,high,"[""SRC-0004"",""SRC-0005""]",Rohfeld: BulletArmorReduction. Exposure-Basis: current_default_infobox_label. Wiki-Label: Bullet Resist.
upgrade_acolytes_glove,eff_ability_cooldown,cooldown,ability_cooldown,8,seconds,"Quellbedingung (englischer Tooltip): When you perform a Light or Heavy Melee attack against a hero, deal extra {g:citadel_inline_attribute:'SpiritDamage'} with the attack and reduce the target's Spirit Resist.Cooldown is 2x longer for Light Melee hits.",passive_proc_cooldown,HeroEnemy,,,,,,8,high,"[""SRC-0004"",""SRC-0005""]",Rohfeld: AbilityCooldown. Exposure-Basis: current_default_infobox_label. Wiki-Label: Cooldown.
upgrade_acolytes_glove,eff_ability_duration,duration,ability_duration,6,seconds,"Quellbedingung (englischer Tooltip): When you perform a Light or Heavy Melee attack against a hero, deal extra {g:citadel_inline_attribute:'SpiritDamage'} with the attack and reduce the target's Spirit Resist.Cooldown is 2x longer for Light Melee hits.",passive_item_rule,HeroEnemy,,,,,6,,high,"[""SRC-0004"",""SRC-0005""]",Rohfeld: AbilityDuration. Exposure-Basis: current_default_infobox_label. Wiki-Label: Duration.
upgrade_acolytes_glove,eff_spirit_damage,damage,spirit_damage,40,damage,"Quellbedingung (englischer Tooltip): When you perform a Light or Heavy Melee attack against a hero, deal extra {g:citadel_inline_attribute:'SpiritDamage'} with the attack and reduce the target's Spirit Resist.Cooldown is 2x longer for Light Melee hits.",passive_item_rule,HeroEnemy,,,,,,,high,"[""SRC-0004"",""SRC-0005""]",Rohfeld: SpiritDamage. Exposure-Basis: current_default_infobox_label. Wiki-Label: Spirit Damage.
upgrade_acolytes_glove,eff_spirit_damage_scaling,damage,spirit_damage_scaling,0.372,spirit_scaling_coefficient,"Quellbedingung (englischer Tooltip): When you perform a Light or Heavy Melee attack against a hero, deal extra {g:citadel_inline_attribute:'SpiritDamage'} with the attack and reduce the target's Spirit Resist.Cooldown is 2x longer for Light Melee hits.",passive_item_rule,HeroEnemy,,,,,,,high,"[""SRC-0004"",""SRC-0005""]",Rohfeld: SpiritDamage. Exposure-Basis: current_default_infobox_label. Wiki-Label: Skalierung für SpiritDamage. Scale.Type: spirit.
upgrade_acolytes_glove,eff_tech_armor_damage_reduction,defense,tech_armor_damage_reduction,-6,percent,"Quellbedingung (englischer Tooltip): When you perform a Light or Heavy Melee attack against a hero, deal extra {g:citadel_inline_attribute:'SpiritDamage'} with the attack and reduce the target's Spirit Resist.Cooldown is 2x longer for Light Melee hits.",passive_item_rule,HeroEnemy,,,,,,,high,"[""SRC-0004"",""SRC-0005""]",Rohfeld: TechArmorDamageReduction. Exposure-Basis: current_default_infobox_label. Wiki-Label: Spirit Resist.
upgrade_arcane_surge,eff_ability_duration,duration,ability_duration,7,seconds,"Quellbedingung (englischer Tooltip): After you Dash-Jump, the next ability you use within 7s will have bonus Range, Duration, and Spirit Power.",passive_item_rule,Self_or_source_defined,,,,,7,,high,"[""SRC-0004"",""SRC-0005""]",Rohfeld: AbilityDuration. Exposure-Basis: current_default_infobox_label. Wiki-Label: Duration.
upgrade_arcane_surge,eff_bonus_ability_duration_percent,duration,bonus_ability_duration_percent,15,percent,"Immer, solange das Item ausgerüstet ist.",equipped,Self,,,,,15,,high,"[""SRC-0004"",""SRC-0005""]",Rohfeld: BonusAbilityDurationPercent. Exposure-Basis: current_default_infobox_label. Wiki-Label: Ability Duration.
upgrade_arcane_surge,eff_spirit_power,passive,spirit_power,20,spirit_power,"Immer, solange das Item ausgerüstet ist.",equipped,Self,,,,,,,high,"[""SRC-0004"",""SRC-0005""]",Rohfeld: SpiritPower. Exposure-Basis: current_default_infobox_label. Wiki-Label: Spirit Power.
upgrade_arcane_surge,eff_tech_range_multiplier_buff,passive,tech_range_multiplier_buff,12,percent,"Quellbedingung (englischer Tooltip): After you Dash-Jump, the next ability you use within 7s will have bonus Range, Duration, and Spirit Power.",passive_item_rule,Self_or_source_defined,,,,,,,high,"[""SRC-0004"",""SRC-0005""]",Rohfeld: TechRangeMultiplierBuff. Exposure-Basis: current_default_infobox_label. Wiki-Label: Ability Range.
upgrade_arcane_surge,eff_stamina,movement,stamina,1,count,"Immer, solange das Item ausgerüstet ist.",equipped,Self,,,,,,,high,"[""SRC-0004"",""SRC-0005""]",Rohfeld: Stamina. Exposure-Basis: current_default_infobox_label. Wiki-Label: Stamina.
upgrade_arcane_surge,eff_stamina_cooldown_reduction,cooldown,stamina_cooldown_reduction,12,percent,"Immer, solange das Item ausgerüstet ist.",equipped,Self,,,,,,12,high,"[""SRC-0004"",""SRC-0005""]",Rohfeld: StaminaCooldownReduction. Exposure-Basis: current_default_infobox_label. Wiki-Label: Stamina Recovery.
upgrade_bullet_resist_shredder,eff_ability_duration,duration,ability_duration,8,seconds,Quellbedingung (englischer Tooltip): Reduces Bullet Resist on enemies when you deal {g:citadel_inline_attribute:'SpiritDamage'}.,passive_item_rule,HeroEnemy;CreepEnemy;MinionEnemy,,,,,8,,high,"[""SRC-0004"",""SRC-0005""]",Rohfeld: AbilityDuration. Exposure-Basis: current_default_infobox_label. Wiki-Label: Duration.
upgrade_bullet_resist_shredder,eff_bullet_armor_reduction,defense,bullet_armor_reduction,-10,percent,Quellbedingung (englischer Tooltip): Reduces Bullet Resist on enemies when you deal {g:citadel_inline_attribute:'SpiritDamage'}.,passive_item_rule,HeroEnemy;CreepEnemy;MinionEnemy,,,,,,,high,"[""SRC-0004"",""SRC-0005""]",Rohfeld: BulletArmorReduction. Exposure-Basis: current_default_infobox_label. Wiki-Label: Bullet Resist.
upgrade_bullet_resist_shredder,eff_base_attack_damage_percent,damage,base_attack_damage_percent,9,percent,"Immer, solange das Item ausgerüstet ist.",equipped,Self,,,,,,,high,"[""SRC-0004"",""SRC-0005""]",Rohfeld: BaseAttackDamagePercent. Exposure-Basis: current_default_infobox_label. Wiki-Label: Weapon Damage.
upgrade_bullet_resist_shredder,eff_bullet_resist,defense,bullet_resist,9,percent,"Immer, solange das Item ausgerüstet ist.",equipped,Self,,,,,,,high,"[""SRC-0004"",""SRC-0005""]",Rohfeld: BulletResist. Exposure-Basis: current_default_infobox_label. Wiki-Label: Bullet Resist.
upgrade_cold_front,eff_ability_cooldown,cooldown,ability_cooldown,25,seconds,Quellbedingung (englischer Tooltip): Release an expanding ice blast that deals {g:citadel_inline_attribute:'SpiritDamage'} and Slows targets it hits.,item_activation,AllEnemy,,,,,,25,medium,"[""SRC-0004"",""SRC-0005""]",Rohfeld: AbilityCooldown. Exposure-Basis: structured_timing_or_target_field. Wiki-Label: Cooldown.
upgrade_cold_front,eff_ability_duration,duration,ability_duration,4,seconds,Quellbedingung (englischer Tooltip): Release an expanding ice blast that deals {g:citadel_inline_attribute:'SpiritDamage'} and Slows targets it hits.,item_activation,AllEnemy,,,,,4,,high,"[""SRC-0004"",""SRC-0005""]",Rohfeld: AbilityDuration. Exposure-Basis: current_default_infobox_label. Wiki-Label: Duration.
upgrade_cold_front,eff_end_radius,active,end_radius,10,m,Quellbedingung (englischer Tooltip): Release an expanding ice blast that deals {g:citadel_inline_attribute:'SpiritDamage'} and Slows targets it hits.,item_activation,AllEnemy,,,,,,,high,"[""SRC-0004"",""SRC-0005""]",Rohfeld: EndRadius. Exposure-Basis: current_default_infobox_label. Wiki-Label: End Radius.
upgrade_cold_front,eff_movement_speed_slow,movement,movement_speed_slow,60,percent,Quellbedingung (englischer Tooltip): Release an expanding ice blast that deals {g:citadel_inline_attribute:'SpiritDamage'} and Slows targets it hits.,item_activation,AllEnemy,,,,,,,high,"[""SRC-0004"",""SRC-0005""]",Rohfeld: MovementSpeedSlow. Exposure-Basis: current_default_infobox_label. Wiki-Label: Move Speed.
upgrade_cold_front,eff_damage,damage,damage,95,damage,Quellbedingung (englischer Tooltip): Release an expanding ice blast that deals {g:citadel_inline_attribute:'SpiritDamage'} and Slows targets it hits.,item_activation,AllEnemy,,,,,,,high,"[""SRC-0004"",""SRC-0005""]",Rohfeld: Damage. Exposure-Basis: current_default_infobox_label. Wiki-Label: Damage.
upgrade_cold_front,eff_damage_scaling,damage,damage_scaling,0.465,spirit_scaling_coefficient,Quellbedingung (englischer Tooltip): Release an expanding ice blast that deals {g:citadel_inline_attribute:'SpiritDamage'} and Slows targets it hits.,item_activation,AllEnemy,,,,,,,high,"[""SRC-0004"",""SRC-0005""]",Rohfeld: Damage. Exposure-Basis: current_default_infobox_label. Wiki-Label: Skalierung für Damage. Scale.Type: spirit.
upgrade_cold_front,eff_tech_resist,defense,tech_resist,6,percent,"Immer, solange das Item ausgerüstet ist.",equipped,Self,,,,,,,high,"[""SRC-0004"",""SRC-0005""]",Rohfeld: TechResist. Exposure-Basis: current_default_infobox_label. Wiki-Label: Spirit Resist.
upgrade_magic_tempo,eff_cooldown_reduction,cooldown,cooldown_reduction,18,percent,"Immer, solange das Item ausgerüstet ist.",equipped,Self,,,,,,18,high,"[""SRC-0004"",""SRC-0005""]",Rohfeld: CooldownReduction. Exposure-Basis: current_default_infobox_label. Wiki-Label: Ability Cooldown Reduction.
upgrade_arcane_extension,eff_bonus_ability_duration_percent,duration,bonus_ability_duration_percent,22,percent,"Immer, solange das Item ausgerüstet ist.",equipped,Self,,,,,22,,high,"[""SRC-0004"",""SRC-0005""]",Rohfeld: BonusAbilityDurationPercent. Exposure-Basis: current_default_infobox_label. Wiki-Label: Ability Duration.
upgrade_soaring_spirit,eff_tech_power,passive,tech_power,18,spirit_power,"Immer, solange das Item ausgerüstet ist.",equipped,Self,,,,,,,high,"[""SRC-0004"",""SRC-0005""]",Rohfeld: TechPower. Exposure-Basis: current_default_infobox_label. Wiki-Label: Spirit Power.
upgrade_soaring_spirit,eff_out_of_combat_health_regen,healing,out_of_combat_health_regen,1.5,hp_per_second,"Immer, solange das Item ausgerüstet ist.",equipped,Self,,,,,,,high,"[""SRC-0004"",""SRC-0005""]",Rohfeld: OutOfCombatHealthRegen. Exposure-Basis: current_default_infobox_label. Wiki-Label: Out of Combat Regen.
upgrade_magic_slow,eff_ability_duration,duration,ability_duration,2,seconds,"Quellbedingung (englischer Tooltip): When the target takes {g:citadel_inline_attribute:'SpiritDamage'}, they have their Move Speed reduced.",passive_item_rule,AllEnemy,,,,,2,,high,"[""SRC-0004"",""SRC-0005""]",Rohfeld: AbilityDuration. Exposure-Basis: current_default_infobox_label. Wiki-Label: Duration.
upgrade_magic_slow,eff_movement_speed_slow,movement,movement_speed_slow,30,percent,"Quellbedingung (englischer Tooltip): When the target takes {g:citadel_inline_attribute:'SpiritDamage'}, they have their Move Speed reduced.",passive_item_rule,AllEnemy,,,,,,,high,"[""SRC-0004"",""SRC-0005""]",Rohfeld: MovementSpeedSlow. Exposure-Basis: current_default_infobox_label. Wiki-Label: Move Speed.
upgrade_magic_slow,eff_ground_dash_reduction_percent,movement,ground_dash_reduction_percent,-12,percent,"Immer, solange das Item ausgerüstet ist.",equipped,Self,,,,,,,high,"[""SRC-0004"",""SRC-0005""]",Rohfeld: GroundDashReductionPercent. Exposure-Basis: current_default_infobox_label. Wiki-Label: Dash Distance.
upgrade_magic_slow,eff_bonus_sprint_speed,movement,bonus_sprint_speed,0.75,m/s,"Immer, solange das Item ausgerüstet ist.",equipped,Self,,,,,,,high,"[""SRC-0004"",""SRC-0005""]",Rohfeld: BonusSprintSpeed. Exposure-Basis: current_default_infobox_label. Wiki-Label: Sprint Speed.
upgrade_magic_slow,eff_bonus_health,healing,bonus_health,50,hp,"Immer, solange das Item ausgerüstet ist.",equipped,Self,,,,,,,high,"[""SRC-0004"",""SRC-0005""]",Rohfeld: BonusHealth. Exposure-Basis: current_default_infobox_label. Wiki-Label: Bonus Health.
upgrade_magic_vulnerability,eff_ability_duration,duration,ability_duration,7,seconds,"Quellbedingung (englischer Tooltip): When an enemy takes {g:citadel_inline_attribute:'SpiritDamage'}, they have their {g:citadel_inline_attribute:'SpiritResist'} reduced.",passive_item_rule,AllEnemy,,,,,7,,high,"[""SRC-0004"",""SRC-0005""]",Rohfeld: AbilityDuration. Exposure-Basis: current_default_infobox_label. Wiki-Label: Duration.
upgrade_magic_vulnerability,eff_tech_armor_damage_reduction,defense,tech_armor_damage_reduction,-8,percent,"Quellbedingung (englischer Tooltip): When an enemy takes {g:citadel_inline_attribute:'SpiritDamage'}, they have their {g:citadel_inline_attribute:'SpiritResist'} reduced.",passive_item_rule,AllEnemy,,,,,,,high,"[""SRC-0004"",""SRC-0005""]",Rohfeld: TechArmorDamageReduction. Exposure-Basis: current_default_infobox_label. Wiki-Label: Spirit Resist.
upgrade_magic_vulnerability,eff_tech_resist,defense,tech_resist,8,percent,"Immer, solange das Item ausgerüstet ist.",equipped,Self,,,,,,,high,"[""SRC-0004"",""SRC-0005""]",Rohfeld: TechResist. Exposure-Basis: current_default_infobox_label. Wiki-Label: Spirit Resist.
upgrade_quick_silver,eff_ability_cooldown,cooldown,ability_cooldown,18,seconds,"Quellbedingung (englischer Tooltip): Your imbued ability charges up over time with {g:citadel_inline_attribute:'BonusSpiritDamage'}, {g:citadel_inline_attribute:'BonusFireRate'}, and reloads bullets on use.",passive_proc_cooldown,AllEnemy,,,,,,18,medium,"[""SRC-0004"",""SRC-0005""]",Rohfeld: AbilityCooldown. Exposure-Basis: structured_timing_or_target_field. Wiki-Label: Cooldown.
upgrade_quick_silver,eff_bonus_fire_rate,weapon_operation,bonus_fire_rate,10,percent,"Immer, solange das Item ausgerüstet ist.",equipped,Self,,,,,,,high,"[""SRC-0004"",""SRC-0005""]",Rohfeld: BonusFireRate. Exposure-Basis: current_default_infobox_label. Wiki-Label: Fire Rate.
upgrade_quick_silver,eff_damage,damage,damage,44,damage,"Quellbedingung (englischer Tooltip): Your imbued ability charges up over time with {g:citadel_inline_attribute:'BonusSpiritDamage'}, {g:citadel_inline_attribute:'BonusFireRate'}, and reloads bullets on use.",passive_item_rule,AllEnemy,,,,,,,high,"[""SRC-0004"",""SRC-0005""]",Rohfeld: Damage. Exposure-Basis: current_default_infobox_label. Wiki-Label: Damage.
upgrade_quick_silver,eff_damage_scaling,damage,damage_scaling,0.16,spirit_scaling_coefficient,"Quellbedingung (englischer Tooltip): Your imbued ability charges up over time with {g:citadel_inline_attribute:'BonusSpiritDamage'}, {g:citadel_inline_attribute:'BonusFireRate'}, and reloads bullets on use.",passive_item_rule,AllEnemy,,,,,,,high,"[""SRC-0004"",""SRC-0005""]",Rohfeld: Damage. Exposure-Basis: current_default_infobox_label. Wiki-Label: Skalierung für Damage. Scale.Type: spirit.
upgrade_quick_silver,eff_ammo_reload_percent,weapon_operation,ammo_reload_percent,100,percent,"Quellbedingung (englischer Tooltip): Your imbued ability charges up over time with {g:citadel_inline_attribute:'BonusSpiritDamage'}, {g:citadel_inline_attribute:'BonusFireRate'}, and reloads bullets on use.",passive_item_rule,AllEnemy,,,,,,,high,"[""SRC-0004"",""SRC-0005""]",Rohfeld: AmmoReloadPercent. Exposure-Basis: current_default_infobox_label. Wiki-Label: Bullets Reloaded.
upgrade_quick_silver,eff_ability_charge_up_time,charge_up,ability_charge_up_time,18,seconds,"Quellbedingung (englischer Tooltip): Your imbued ability charges up over time with {g:citadel_inline_attribute:'BonusSpiritDamage'}, {g:citadel_inline_attribute:'BonusFireRate'}, and reloads bullets on use.",passive_item_rule,AllEnemy,,,,,,,medium,"[""SRC-0004"",""SRC-0005""]",Rohfeld: AbilityChargeUpTime. Exposure-Basis: structured_timing_or_target_field. Wiki-Label: Charge-Up Time.
upgrade_containment,eff_ability_cooldown,cooldown,ability_cooldown,27,seconds,Quellbedingung (englischer Tooltip): Slows movement of enemy target. Also Silences their movement-based items and abilities.Increases the target's gravity.Does not affect target's stamina usage.,item_activation,HeroEnemy,,,,,,27,medium,"[""SRC-0004"",""SRC-0005""]",Rohfeld: AbilityCooldown. Exposure-Basis: structured_timing_or_target_field. Wiki-Label: Cooldown.
upgrade_containment,eff_ability_duration,duration,ability_duration,3.5,seconds,Quellbedingung (englischer Tooltip): Slows movement of enemy target. Also Silences their movement-based items and abilities.Increases the target's gravity.Does not affect target's stamina usage.,item_activation,HeroEnemy,,,,,3.5,,high,"[""SRC-0004"",""SRC-0005""]",Rohfeld: AbilityDuration. Exposure-Basis: current_default_infobox_label. Wiki-Label: Duration.
upgrade_containment,eff_ability_cast_range,active,ability_cast_range,25,m,Quellbedingung (englischer Tooltip): Slows movement of enemy target. Also Silences their movement-based items and abilities.Increases the target's gravity.Does not affect target's stamina usage.,item_activation,HeroEnemy,,,,,,,high,"[""SRC-0004"",""SRC-0005""]",Rohfeld: AbilityCastRange. Exposure-Basis: current_default_infobox_label. Wiki-Label: Cast Range.
upgrade_containment,eff_ability_cast_delay,active,ability_cast_delay,0.1,seconds,Quellbedingung (englischer Tooltip): Slows movement of enemy target. Also Silences their movement-based items and abilities.Increases the target's gravity.Does not affect target's stamina usage.,item_activation,HeroEnemy,,,,,,,medium,"[""SRC-0004"",""SRC-0005""]",Rohfeld: AbilityCastDelay. Exposure-Basis: structured_timing_or_target_field. Wiki-Label: Cast Delay.
upgrade_containment,eff_slow_percent,active,slow_percent,20,percent,Quellbedingung (englischer Tooltip): Slows movement of enemy target. Also Silences their movement-based items and abilities.Increases the target's gravity.Does not affect target's stamina usage.,item_activation,HeroEnemy,,,,,,,high,"[""SRC-0004"",""SRC-0005""]",Rohfeld: SlowPercent. Exposure-Basis: current_default_infobox_label. Wiki-Label: Move Speed.
upgrade_containment,eff_ground_dash_reduction_percent,movement,ground_dash_reduction_percent,-30,percent,"Immer, solange das Item ausgerüstet ist.",equipped,Self,,,,,,,high,"[""SRC-0004"",""SRC-0005""]",Rohfeld: GroundDashReductionPercent. Exposure-Basis: current_default_infobox_label. Wiki-Label: Dash Distance.
upgrade_containment,eff_bonus_sprint_speed,movement,bonus_sprint_speed,0.5,m/s,"Immer, solange das Item ausgerüstet ist.",equipped,Self,,,,,,,high,"[""SRC-0004"",""SRC-0005""]",Rohfeld: BonusSprintSpeed. Exposure-Basis: current_default_infobox_label. Wiki-Label: Sprint Speed.
upgrade_spirit_sap,eff_ability_cooldown,cooldown,ability_cooldown,18,seconds,Quellbedingung (englischer Tooltip): Target an enemy to reduce their Spirit Resist and Spirit Power.,item_activation,HeroEnemy,,,,,,18,medium,"[""SRC-0004"",""SRC-0005""]",Rohfeld: AbilityCooldown. Exposure-Basis: structured_timing_or_target_field. Wiki-Label: Cooldown.
upgrade_spirit_sap,eff_ability_duration,duration,ability_duration,12,seconds,Quellbedingung (englischer Tooltip): Target an enemy to reduce their Spirit Resist and Spirit Power.,item_activation,HeroEnemy,,,,,12,,high,"[""SRC-0004"",""SRC-0005""]",Rohfeld: AbilityDuration. Exposure-Basis: current_default_infobox_label. Wiki-Label: Duration.
upgrade_spirit_sap,eff_ability_cast_range,active,ability_cast_range,40,m,Quellbedingung (englischer Tooltip): Target an enemy to reduce their Spirit Resist and Spirit Power.,item_activation,HeroEnemy,,,,,,,high,"[""SRC-0004"",""SRC-0005""]",Rohfeld: AbilityCastRange. Exposure-Basis: current_default_infobox_label. Wiki-Label: Cast Range.
upgrade_spirit_sap,eff_ability_cast_delay,active,ability_cast_delay,0.1,seconds,Quellbedingung (englischer Tooltip): Target an enemy to reduce their Spirit Resist and Spirit Power.,item_activation,HeroEnemy,,,,,,,medium,"[""SRC-0004"",""SRC-0005""]",Rohfeld: AbilityCastDelay. Exposure-Basis: structured_timing_or_target_field. Wiki-Label: Cast Delay.
upgrade_spirit_sap,eff_magic_resist_reduction,defense,magic_resist_reduction,-9,percent,Quellbedingung (englischer Tooltip): Target an enemy to reduce their Spirit Resist and Spirit Power.,item_activation,HeroEnemy,,,,,,,high,"[""SRC-0004"",""SRC-0005""]",Rohfeld: MagicResistReduction. Exposure-Basis: current_default_infobox_label. Wiki-Label: Spirit Resist.
upgrade_spirit_sap,eff_bonus_health,healing,bonus_health,50,hp,"Immer, solange das Item ausgerüstet ist.",equipped,Self,,,,,,,high,"[""SRC-0004"",""SRC-0005""]",Rohfeld: BonusHealth. Exposure-Basis: current_default_infobox_label. Wiki-Label: Bonus Health.
upgrade_spirit_sap,eff_tech_power_reduction,active,tech_power_reduction,-30,percent,Quellbedingung (englischer Tooltip): Target an enemy to reduce their Spirit Resist and Spirit Power.,item_activation,HeroEnemy,,,,,,,high,"[""SRC-0004"",""SRC-0005""]",Rohfeld: TechPowerReduction. Exposure-Basis: current_default_infobox_label. Wiki-Label: Spirit Power.
upgrade_suppressor,eff_ability_duration,duration,ability_duration,4.5,seconds,"Quellbedingung (englischer Tooltip): When you deal {g:citadel_inline_attribute:'SpiritDamage'} to enemies, you also reduce their Fire Rate.",passive_item_rule,AllEnemy,,,,,4.5,,high,"[""SRC-0004"",""SRC-0005""]",Rohfeld: AbilityDuration. Exposure-Basis: current_default_infobox_label. Wiki-Label: Duration.
upgrade_suppressor,eff_tech_power,passive,tech_power,6,spirit_power,"Immer, solange das Item ausgerüstet ist.",equipped,Self,,,,,,,high,"[""SRC-0004"",""SRC-0005""]",Rohfeld: TechPower. Exposure-Basis: current_default_infobox_label. Wiki-Label: Spirit Power.
upgrade_suppressor,eff_fire_rate_slow,weapon_operation,fire_rate_slow,28,percent,"Quellbedingung (englischer Tooltip): When you deal {g:citadel_inline_attribute:'SpiritDamage'} to enemies, you also reduce their Fire Rate.",passive_item_rule,AllEnemy,,,,,,,high,"[""SRC-0004"",""SRC-0005""]",Rohfeld: FireRateSlow. Exposure-Basis: current_default_infobox_label. Wiki-Label: Fire Rate.
upgrade_suppressor,eff_bullet_resist,defense,bullet_resist,8,percent,"Immer, solange das Item ausgerüstet ist.",equipped,Self,,,,,,,high,"[""SRC-0004"",""SRC-0005""]",Rohfeld: BulletResist. Exposure-Basis: current_default_infobox_label. Wiki-Label: Bullet Resist.
upgrade_rupture,eff_ability_cooldown,cooldown,ability_cooldown,30,seconds,"Quellbedingung (englischer Tooltip): Inflict damage over time to a target, dealing damage based on their current health.Decay's damage is non-lethal and does not apply item procs.",item_activation,HeroEnemy,,,,,,30,medium,"[""SRC-0004"",""SRC-0005""]",Rohfeld: AbilityCooldown. Exposure-Basis: structured_timing_or_target_field. Wiki-Label: Cooldown.
upgrade_rupture,eff_ability_duration,duration,ability_duration,10,seconds,"Quellbedingung (englischer Tooltip): Inflict damage over time to a target, dealing damage based on their current health.Decay's damage is non-lethal and does not apply item procs.",item_activation,HeroEnemy,,,,,10,,high,"[""SRC-0004"",""SRC-0005""]",Rohfeld: AbilityDuration. Exposure-Basis: current_default_infobox_label. Wiki-Label: Duration.
upgrade_rupture,eff_ability_cast_range,active,ability_cast_range,20,m,"Quellbedingung (englischer Tooltip): Inflict damage over time to a target, dealing damage based on their current health.Decay's damage is non-lethal and does not apply item procs.",item_activation,HeroEnemy,,,,,,,high,"[""SRC-0004"",""SRC-0005""]",Rohfeld: AbilityCastRange. Exposure-Basis: current_default_infobox_label. Wiki-Label: Cast Range.
upgrade_rupture,eff_ability_cast_range_scaling,active,ability_cast_range_scaling,0.1,spirit_scaling_coefficient,"Quellbedingung (englischer Tooltip): Inflict damage over time to a target, dealing damage based on their current health.Decay's damage is non-lethal and does not apply item procs.",item_activation,HeroEnemy,,,,,,,high,"[""SRC-0004"",""SRC-0005""]",Rohfeld: AbilityCastRange. Exposure-Basis: current_default_infobox_label. Wiki-Label: Skalierung für AbilityCastRange. Scale.Type: spirit.
upgrade_rupture,eff_ability_cast_delay,active,ability_cast_delay,0.1,seconds,"Quellbedingung (englischer Tooltip): Inflict damage over time to a target, dealing damage based on their current health.Decay's damage is non-lethal and does not apply item procs.",item_activation,HeroEnemy,,,,,,,medium,"[""SRC-0004"",""SRC-0005""]",Rohfeld: AbilityCastDelay. Exposure-Basis: structured_timing_or_target_field. Wiki-Label: Cast Delay.
upgrade_rupture,eff_tech_power,active,tech_power,8,spirit_power,"Immer, solange das Item ausgerüstet ist.",equipped,Self,,,,,,,high,"[""SRC-0004"",""SRC-0005""]",Rohfeld: TechPower. Exposure-Basis: current_default_infobox_label. Wiki-Label: Spirit Power.
upgrade_rupture,eff_heal_amp_receive_penalty_percent,healing,heal_amp_receive_penalty_percent,-50,percent,"Quellbedingung (englischer Tooltip): Inflict damage over time to a target, dealing damage based on their current health.Decay's damage is non-lethal and does not apply item procs.",item_activation,HeroEnemy,,,,,,,high,"[""SRC-0004"",""SRC-0005""]",Rohfeld: HealAmpReceivePenaltyPercent. Exposure-Basis: current_default_infobox_label. Wiki-Label: Healing Reduction.
upgrade_rupture,eff_heal_amp_regen_penalty_percent,healing,heal_amp_regen_penalty_percent,-50,percent,"Quellbedingung (englischer Tooltip): Inflict damage over time to a target, dealing damage based on their current health.Decay's damage is non-lethal and does not apply item procs.",item_activation,HeroEnemy,,,,,,,high,"[""SRC-0004"",""SRC-0005""]",Rohfeld: HealAmpRegenPenaltyPercent. Exposure-Basis: current_default_infobox_label. Wiki-Label: Healing Reduction.
upgrade_rupture,eff_dot_health_percent,healing,dot_health_percent,2.6,%/sec,"Quellbedingung (englischer Tooltip): Inflict damage over time to a target, dealing damage based on their current health.Decay's damage is non-lethal and does not apply item procs.",item_activation,HeroEnemy,,,,,,,high,"[""SRC-0004"",""SRC-0005""]",Rohfeld: DotHealthPercent. Exposure-Basis: current_default_infobox_label. Wiki-Label: Bleed Damage.
upgrade_rupture,eff_dot_health_percent_scaling,healing,dot_health_percent_scaling,0.004,spirit_scaling_coefficient,"Quellbedingung (englischer Tooltip): Inflict damage over time to a target, dealing damage based on their current health.Decay's damage is non-lethal and does not apply item procs.",item_activation,HeroEnemy,,,,,,,high,"[""SRC-0004"",""SRC-0005""]",Rohfeld: DotHealthPercent. Exposure-Basis: current_default_infobox_label. Wiki-Label: Skalierung für DotHealthPercent. Scale.Type: spirit.
upgrade_rupture,eff_bonus_health,healing,bonus_health,65,hp,"Immer, solange das Item ausgerüstet ist.",equipped,Self,,,,,,,high,"[""SRC-0004"",""SRC-0005""]",Rohfeld: BonusHealth. Exposure-Basis: current_default_infobox_label. Wiki-Label: Bonus Health.
upgrade_greater_withering_whip,eff_ability_cooldown,cooldown,ability_cooldown,16,seconds,Quellbedingung (englischer Tooltip): Disarms enemy target and reduces their Bullet Resist.,item_activation,HeroEnemy,,,,,,16,medium,"[""SRC-0004"",""SRC-0005""]",Rohfeld: AbilityCooldown. Exposure-Basis: structured_timing_or_target_field. Wiki-Label: Cooldown.
upgrade_greater_withering_whip,eff_ability_duration,duration,ability_duration,4.25,seconds,Quellbedingung (englischer Tooltip): Disarms enemy target and reduces their Bullet Resist.,item_activation,HeroEnemy,,,,,4.25,,high,"[""SRC-0004"",""SRC-0005""]",Rohfeld: AbilityDuration. Exposure-Basis: current_default_infobox_label. Wiki-Label: Duration.
upgrade_greater_withering_whip,eff_ability_cast_range,active,ability_cast_range,32,m,Quellbedingung (englischer Tooltip): Disarms enemy target and reduces their Bullet Resist.,item_activation,HeroEnemy,,,,,,,high,"[""SRC-0004"",""SRC-0005""]",Rohfeld: AbilityCastRange. Exposure-Basis: current_default_infobox_label. Wiki-Label: Cast Range.
upgrade_greater_withering_whip,eff_ability_cast_delay,active,ability_cast_delay,0.1,seconds,Quellbedingung (englischer Tooltip): Disarms enemy target and reduces their Bullet Resist.,item_activation,HeroEnemy,,,,,,,medium,"[""SRC-0004"",""SRC-0005""]",Rohfeld: AbilityCastDelay. Exposure-Basis: structured_timing_or_target_field. Wiki-Label: Cast Delay.
upgrade_greater_withering_whip,eff_bonus_sprint_speed,movement,bonus_sprint_speed,0.75,m/s,"Immer, solange das Item ausgerüstet ist.",equipped,Self,,,,,,,high,"[""SRC-0004"",""SRC-0005""]",Rohfeld: BonusSprintSpeed. Exposure-Basis: current_default_infobox_label. Wiki-Label: Sprint Speed.
upgrade_greater_withering_whip,eff_bonus_health,healing,bonus_health,75,hp,"Immer, solange das Item ausgerüstet ist.",equipped,Self,,,,,,,high,"[""SRC-0004"",""SRC-0005""]",Rohfeld: BonusHealth. Exposure-Basis: current_default_infobox_label. Wiki-Label: Bonus Health.
upgrade_greater_withering_whip,eff_bullet_armor_reduction,defense,bullet_armor_reduction,-13,percent,Quellbedingung (englischer Tooltip): Disarms enemy target and reduces their Bullet Resist.,item_activation,HeroEnemy,,,,,,,high,"[""SRC-0004"",""SRC-0005""]",Rohfeld: BulletArmorReduction. Exposure-Basis: current_default_infobox_label. Wiki-Label: Bullet Resist.
upgrade_tech_range,eff_tech_range_multiplier,passive,tech_range_multiplier,30,percent,"Immer, solange das Item ausgerüstet ist.",equipped,Self,,,,,,,high,"[""SRC-0004"",""SRC-0005""]",Rohfeld: TechRangeMultiplier. Exposure-Basis: current_default_infobox_label. Wiki-Label: Ability Range.
upgrade_tech_range,eff_tech_radius_multiplier,passive,tech_radius_multiplier,30,percent,"Immer, solange das Item ausgerüstet ist.",equipped,Self,,,,,,,high,"[""SRC-0004"",""SRC-0005""]",Rohfeld: TechRadiusMultiplier. Exposure-Basis: current_default_infobox_label. Wiki-Label: Radius.
upgrade_tech_range,eff_tech_resist,defense,tech_resist,10,percent,"Immer, solange das Item ausgerüstet ist.",equipped,Self,,,,,,,high,"[""SRC-0004"",""SRC-0005""]",Rohfeld: TechResist. Exposure-Basis: current_default_infobox_label. Wiki-Label: Spirit Resist.
upgrade_target_stun,eff_ability_cooldown,cooldown,ability_cooldown,35,seconds,Quellbedingung (englischer Tooltip): Apply a Stun after 2s. Stun duration is increased against airborne targets.Increases the target's gravity for the duration of the stun.,item_activation,HeroEnemy,,,,,,35,medium,"[""SRC-0004"",""SRC-0005""]",Rohfeld: AbilityCooldown. Exposure-Basis: structured_timing_or_target_field. Wiki-Label: Cooldown.
upgrade_target_stun,eff_ability_cast_range,active,ability_cast_range,45,m,Quellbedingung (englischer Tooltip): Apply a Stun after 2s. Stun duration is increased against airborne targets.Increases the target's gravity for the duration of the stun.,item_activation,HeroEnemy,,,,,,,high,"[""SRC-0004"",""SRC-0005""]",Rohfeld: AbilityCastRange. Exposure-Basis: current_default_infobox_label. Wiki-Label: Cast Range.
upgrade_target_stun,eff_ability_cast_delay,active,ability_cast_delay,0.1,seconds,Quellbedingung (englischer Tooltip): Apply a Stun after 2s. Stun duration is increased against airborne targets.Increases the target's gravity for the duration of the stun.,item_activation,HeroEnemy,,,,,,,medium,"[""SRC-0004"",""SRC-0005""]",Rohfeld: AbilityCastDelay. Exposure-Basis: structured_timing_or_target_field. Wiki-Label: Cast Delay.
upgrade_target_stun,eff_stun_duration,duration,stun_duration,0.5,seconds,Quellbedingung (englischer Tooltip): Apply a Stun after 2s. Stun duration is increased against airborne targets.Increases the target's gravity for the duration of the stun.,item_activation,HeroEnemy,,,,,0.5,,high,"[""SRC-0004"",""SRC-0005""]",Rohfeld: StunDuration. Exposure-Basis: current_default_infobox_label. Wiki-Label: Stun Duration.
upgrade_target_stun,eff_bonus_health,healing,bonus_health,75,hp,"Immer, solange das Item ausgerüstet ist.",equipped,Self,,,,,,,high,"[""SRC-0004"",""SRC-0005""]",Rohfeld: BonusHealth. Exposure-Basis: current_default_infobox_label. Wiki-Label: Bonus Health.
upgrade_target_stun,eff_tech_range_multiplier,active,tech_range_multiplier,5,percent,"Immer, solange das Item ausgerüstet ist.",equipped,Self,,,,,,,high,"[""SRC-0004"",""SRC-0005""]",Rohfeld: TechRangeMultiplier. Exposure-Basis: current_default_infobox_label. Wiki-Label: Ability Range.
upgrade_resonant_healing,eff_ability_cooldown,cooldown,ability_cooldown,6,seconds,Quellbedingung (englischer Tooltip): Heal and gain bonus Movement Speed for a short duration when you cast an ability.,passive_proc_cooldown,Self_or_source_defined,,,,,,6,medium,"[""SRC-0004"",""SRC-0005""]",Rohfeld: AbilityCooldown. Exposure-Basis: structured_timing_or_target_field. Wiki-Label: Cooldown.
upgrade_resonant_healing,eff_ability_duration,duration,ability_duration,3,seconds,Quellbedingung (englischer Tooltip): Heal and gain bonus Movement Speed for a short duration when you cast an ability.,passive_item_rule,Self_or_source_defined,,,,,3,,high,"[""SRC-0004"",""SRC-0005""]",Rohfeld: AbilityDuration. Exposure-Basis: current_default_infobox_label. Wiki-Label: Duration.
upgrade_resonant_healing,eff_healing_per_cast,healing,healing_per_cast,65,hp,Quellbedingung (englischer Tooltip): Heal and gain bonus Movement Speed for a short duration when you cast an ability.,passive_item_rule,Self_or_source_defined,,,,,,,high,"[""SRC-0004"",""SRC-0005""]",Rohfeld: HealingPerCast. Exposure-Basis: current_default_infobox_label. Wiki-Label: Healing on Ability Cast.
upgrade_resonant_healing,eff_healing_per_cast_scaling,healing,healing_per_cast_scaling,2,power_increase_scaling_coefficient,Quellbedingung (englischer Tooltip): Heal and gain bonus Movement Speed for a short duration when you cast an ability.,passive_item_rule,Self_or_source_defined,,,,,,,high,"[""SRC-0004"",""SRC-0005""]",Rohfeld: HealingPerCast. Exposure-Basis: current_default_infobox_label. Wiki-Label: Skalierung für HealingPerCast. Scale.Type: power_increase.
upgrade_resonant_healing,eff_bonus_move_speed,movement,bonus_move_speed,1.75,m/s,"Immer, solange das Item ausgerüstet ist.",equipped,Self,,,,,,,high,"[""SRC-0004"",""SRC-0005""]",Rohfeld: BonusMoveSpeed. Exposure-Basis: current_default_infobox_label. Wiki-Label: Move Speed.
upgrade_resonant_healing,eff_regeneration,healing,regeneration,4,hp_per_second,Quellbedingung (englischer Tooltip): Heal and gain bonus Movement Speed for a short duration when you cast an ability.,passive_item_rule,Self_or_source_defined,,,,,,,high,"[""SRC-0004"",""SRC-0005""]",Rohfeld: Regeneration. Exposure-Basis: current_default_infobox_label. Wiki-Label: Regeneration.
upgrade_resonant_healing,eff_regeneration_scaling,healing,regeneration_scaling,0.04,spirit_scaling_coefficient,Quellbedingung (englischer Tooltip): Heal and gain bonus Movement Speed for a short duration when you cast an ability.,passive_item_rule,Self_or_source_defined,,,,,,,high,"[""SRC-0004"",""SRC-0005""]",Rohfeld: Regeneration. Exposure-Basis: current_default_infobox_label. Wiki-Label: Skalierung für Regeneration. Scale.Type: spirit.
upgrade_resonant_healing,eff_regeneration_duration,duration,regeneration_duration,7,seconds,Quellbedingung (englischer Tooltip): Heal and gain bonus Movement Speed for a short duration when you cast an ability.,passive_item_rule,Self_or_source_defined,,,,,7,,high,"[""SRC-0004"",""SRC-0005""]",Rohfeld: RegenerationDuration. Exposure-Basis: current_default_infobox_label. Wiki-Label: Regeneration Duration.
upgrade_resonant_healing,eff_bonus_health,healing,bonus_health,90,hp,"Immer, solange das Item ausgerüstet ist.",equipped,Self,,,,,,,high,"[""SRC-0004"",""SRC-0005""]",Rohfeld: BonusHealth. Exposure-Basis: current_default_infobox_label. Wiki-Label: Bonus Health.
upgrade_rapid_recharge,eff_cooldown_between_charge_reduction,cooldown,cooldown_between_charge_reduction,30,percent,Item-spezifische Bedingung ist im strukturierten Datensatz nicht als eigenes Feld dokumentiert.,passive_item_rule,Self_or_source_defined,,,,,,30,high,"[""SRC-0004"",""SRC-0005""]",Rohfeld: CooldownBetweenChargeReduction. Exposure-Basis: current_default_infobox_label. Wiki-Label: Faster Time Between Charges.
upgrade_rapid_recharge,eff_bonus_ability_charges,passive,bonus_ability_charges,2,count,"Immer, solange das Item ausgerüstet ist.",equipped,Self,,,,,,,high,"[""SRC-0004"",""SRC-0005""]",Rohfeld: BonusAbilityCharges. Exposure-Basis: current_default_infobox_label. Wiki-Label: Bonus Ability Charges.
upgrade_rapid_recharge,eff_cooldown_reduction_on_charged_abilities,cooldown,cooldown_reduction_on_charged_abilities,14,percent,Item-spezifische Bedingung ist im strukturierten Datensatz nicht als eigenes Feld dokumentiert.,passive_item_rule,Self_or_source_defined,,,,,,14,high,"[""SRC-0004"",""SRC-0005""]",Rohfeld: CooldownReductionOnChargedAbilities. Exposure-Basis: current_default_infobox_label. Wiki-Label: Cooldown Reduction For Charged Abilities.
upgrade_rapid_recharge,eff_bonus_spirit_for_charged_abilities,passive,bonus_spirit_for_charged_abilities,14,spirit_power,Item-spezifische Bedingung ist im strukturierten Datensatz nicht als eigenes Feld dokumentiert.,passive_item_rule,Self_or_source_defined,,,,,,,high,"[""SRC-0004"",""SRC-0005""]",Rohfeld: BonusSpiritForChargedAbilities. Exposure-Basis: current_default_infobox_label. Wiki-Label: Bonus Spirit Power for Charged Abilities.
upgrade_targeted_silence,eff_ability_cooldown,cooldown,ability_cooldown,42,seconds,Quellbedingung (englischer Tooltip): Launch an expanding projectile which Silences enemies for a short duration and deals impact damage. Silence does not interrupt channeling abilities.,item_activation,HeroEnemy,,,,,,42,medium,"[""SRC-0004"",""SRC-0005""]",Rohfeld: AbilityCooldown. Exposure-Basis: structured_timing_or_target_field. Wiki-Label: Cooldown.
upgrade_targeted_silence,eff_ability_duration,duration,ability_duration,3,seconds,Quellbedingung (englischer Tooltip): Launch an expanding projectile which Silences enemies for a short duration and deals impact damage. Silence does not interrupt channeling abilities.,item_activation,HeroEnemy,,,,,3,,high,"[""SRC-0004"",""SRC-0005""]",Rohfeld: AbilityDuration. Exposure-Basis: current_default_infobox_label. Wiki-Label: Duration.
upgrade_targeted_silence,eff_ability_cast_range,active,ability_cast_range,40,m,Quellbedingung (englischer Tooltip): Launch an expanding projectile which Silences enemies for a short duration and deals impact damage. Silence does not interrupt channeling abilities.,item_activation,HeroEnemy,,,,,,,high,"[""SRC-0004"",""SRC-0005""]",Rohfeld: AbilityCastRange. Exposure-Basis: current_default_infobox_label. Wiki-Label: Cast Range.
upgrade_targeted_silence,eff_ability_cast_delay,active,ability_cast_delay,0.1,seconds,Quellbedingung (englischer Tooltip): Launch an expanding projectile which Silences enemies for a short duration and deals impact damage. Silence does not interrupt channeling abilities.,item_activation,HeroEnemy,,,,,,,medium,"[""SRC-0004"",""SRC-0005""]",Rohfeld: AbilityCastDelay. Exposure-Basis: structured_timing_or_target_field. Wiki-Label: Cast Delay.
upgrade_targeted_silence,eff_bonus_health,healing,bonus_health,50,hp,"Immer, solange das Item ausgerüstet ist.",equipped,Self,,,,,,,high,"[""SRC-0004"",""SRC-0005""]",Rohfeld: BonusHealth. Exposure-Basis: current_default_infobox_label. Wiki-Label: Bonus Health.
upgrade_targeted_silence,eff_damage,damage,damage,75,damage,Quellbedingung (englischer Tooltip): Launch an expanding projectile which Silences enemies for a short duration and deals impact damage. Silence does not interrupt channeling abilities.,item_activation,HeroEnemy,,,,,,,high,"[""SRC-0004"",""SRC-0005""]",Rohfeld: Damage. Exposure-Basis: current_default_infobox_label. Wiki-Label: Damage.
upgrade_targeted_silence,eff_damage_scaling,damage,damage_scaling,0.7,spirit_scaling_coefficient,Quellbedingung (englischer Tooltip): Launch an expanding projectile which Silences enemies for a short duration and deals impact damage. Silence does not interrupt channeling abilities.,item_activation,HeroEnemy,,,,,,,high,"[""SRC-0004"",""SRC-0005""]",Rohfeld: Damage. Exposure-Basis: current_default_infobox_label. Wiki-Label: Skalierung für Damage. Scale.Type: spirit.
upgrade_spirit_snatch,eff_ability_cooldown,cooldown,ability_cooldown,6,seconds,"Quellbedingung (englischer Tooltip): When you perform a Light or Heavy Melee attack against a hero, the attack deals extra {g:citadel_inline_attribute:'SpiritDamage'} and steals Spirit Resist and Spirit Power.Effects are reduced by 30% for Light Melee hits.",passive_proc_cooldown,HeroEnemy,,,,,,6,medium,"[""SRC-0004"",""SRC-0005""]",Rohfeld: AbilityCooldown. Exposure-Basis: structured_timing_or_target_field. Wiki-Label: Cooldown.
upgrade_spirit_snatch,eff_ability_duration,duration,ability_duration,10,seconds,"Quellbedingung (englischer Tooltip): When you perform a Light or Heavy Melee attack against a hero, the attack deals extra {g:citadel_inline_attribute:'SpiritDamage'} and steals Spirit Resist and Spirit Power.Effects are reduced by 30% for Light Melee hits.",passive_item_rule,HeroEnemy,,,,,10,,high,"[""SRC-0004"",""SRC-0005""]",Rohfeld: AbilityDuration. Exposure-Basis: current_default_infobox_label. Wiki-Label: Duration.
upgrade_spirit_snatch,eff_spirit_damage,damage,spirit_damage,50,damage,"Quellbedingung (englischer Tooltip): When you perform a Light or Heavy Melee attack against a hero, the attack deals extra {g:citadel_inline_attribute:'SpiritDamage'} and steals Spirit Resist and Spirit Power.Effects are reduced by 30% for Light Melee hits.",passive_item_rule,HeroEnemy,,,,,,,high,"[""SRC-0004"",""SRC-0005""]",Rohfeld: SpiritDamage. Exposure-Basis: current_default_infobox_label. Wiki-Label: Spirit Damage.
upgrade_spirit_snatch,eff_spirit_damage_scaling,damage,spirit_damage_scaling,0.84,spirit_scaling_coefficient,"Quellbedingung (englischer Tooltip): When you perform a Light or Heavy Melee attack against a hero, the attack deals extra {g:citadel_inline_attribute:'SpiritDamage'} and steals Spirit Resist and Spirit Power.Effects are reduced by 30% for Light Melee hits.",passive_item_rule,HeroEnemy,,,,,,,high,"[""SRC-0004"",""SRC-0005""]",Rohfeld: SpiritDamage. Exposure-Basis: current_default_infobox_label. Wiki-Label: Skalierung für SpiritDamage. Scale.Type: spirit.
upgrade_spirit_snatch,eff_tech_armor_damage_reduction,defense,tech_armor_damage_reduction,-12,percent,"Quellbedingung (englischer Tooltip): When you perform a Light or Heavy Melee attack against a hero, the attack deals extra {g:citadel_inline_attribute:'SpiritDamage'} and steals Spirit Resist and Spirit Power.Effects are reduced by 30% for Light Melee hits.",passive_item_rule,HeroEnemy,,,,,,,high,"[""SRC-0004"",""SRC-0005""]",Rohfeld: TechArmorDamageReduction. Exposure-Basis: current_default_infobox_label. Wiki-Label: Spirit Resist.
upgrade_spirit_snatch,eff_tech_armor_gain,defense,tech_armor_gain,12,percent,"Quellbedingung (englischer Tooltip): When you perform a Light or Heavy Melee attack against a hero, the attack deals extra {g:citadel_inline_attribute:'SpiritDamage'} and steals Spirit Resist and Spirit Power.Effects are reduced by 30% for Light Melee hits.",passive_item_rule,HeroEnemy,,,,,,,high,"[""SRC-0004"",""SRC-0005""]",Rohfeld: TechArmorGain. Exposure-Basis: current_default_infobox_label. Wiki-Label: Spirit Resist.
upgrade_spirit_snatch,eff_tech_power_reduction,passive,tech_power_reduction,-25,percent,"Quellbedingung (englischer Tooltip): When you perform a Light or Heavy Melee attack against a hero, the attack deals extra {g:citadel_inline_attribute:'SpiritDamage'} and steals Spirit Resist and Spirit Power.Effects are reduced by 30% for Light Melee hits.",passive_item_rule,HeroEnemy,,,,,,,high,"[""SRC-0004"",""SRC-0005""]",Rohfeld: TechPowerReduction. Exposure-Basis: current_default_infobox_label. Wiki-Label: Spirit Power.
upgrade_spirit_snatch,eff_bonus_melee_damage_percent,damage,bonus_melee_damage_percent,7,percent,"Immer, solange das Item ausgerüstet ist.",equipped,Self,,,,,,,high,"[""SRC-0004"",""SRC-0005""]",Rohfeld: BonusMeleeDamagePercent. Exposure-Basis: current_default_infobox_label. Wiki-Label: Melee Damage.
upgrade_spirit_snatch,eff_bonus_health,healing,bonus_health,75,hp,"Immer, solange das Item ausgerüstet ist.",equipped,Self,,,,,,,high,"[""SRC-0004"",""SRC-0005""]",Rohfeld: BonusHealth. Exposure-Basis: current_default_infobox_label. Wiki-Label: Bonus Health.
upgrade_cooldown_reduction,eff_cooldown_reduction,cooldown,cooldown_reduction,20,percent,"Immer, solange das Item ausgerüstet ist.",equipped,Self,,,,,,20,high,"[""SRC-0004"",""SRC-0005""]",Rohfeld: CooldownReduction. Exposure-Basis: current_default_infobox_label. Wiki-Label: Ability Cooldown Reduction.
upgrade_cooldown_reduction,eff_out_of_combat_health_regen,healing,out_of_combat_health_regen,4,hp_per_second,"Immer, solange das Item ausgerüstet ist.",equipped,Self,,,,,,,high,"[""SRC-0004"",""SRC-0005""]",Rohfeld: OutOfCombatHealthRegen. Exposure-Basis: current_default_infobox_label. Wiki-Label: Out of Combat Regen.
upgrade_imbued_duration_extender,eff_bonus_ability_duration_percent,duration,bonus_ability_duration_percent,28,percent,"Immer, solange das Item ausgerüstet ist.",equipped,Self,,,,,28,,high,"[""SRC-0004"",""SRC-0005""]",Rohfeld: BonusAbilityDurationPercent. Exposure-Basis: current_default_infobox_label. Wiki-Label: Ability Duration.
upgrade_imbued_duration_extender,eff_bullet_resist,defense,bullet_resist,8,percent,"Immer, solange das Item ausgerüstet ist.",equipped,Self,,,,,,,high,"[""SRC-0004"",""SRC-0005""]",Rohfeld: BulletResist. Exposure-Basis: current_default_infobox_label. Wiki-Label: Bullet Resist.
upgrade_magic_storm,eff_ability_cooldown,cooldown,ability_cooldown,14,seconds,"Quellbedingung (englischer Tooltip): Imbue an ability with permanent Spirit Power. When that ability is used, gain bonus Move Speed and maintain full speed while attacking.",passive_proc_cooldown,Self_or_source_defined,,,,,,14,medium,"[""SRC-0004"",""SRC-0005""]",Rohfeld: AbilityCooldown. Exposure-Basis: structured_timing_or_target_field. Wiki-Label: Cooldown.
upgrade_magic_storm,eff_imbued_tech_power,passive,imbued_tech_power,28,spirit_power,"Quellbedingung (englischer Tooltip): Imbue an ability with permanent Spirit Power. When that ability is used, gain bonus Move Speed and maintain full speed while attacking.",passive_item_rule,Self_or_source_defined,,,,,,,high,"[""SRC-0004"",""SRC-0005""]",Rohfeld: ImbuedTechPower. Exposure-Basis: current_default_infobox_label. Wiki-Label: Imbued Ability Spirit Power.
upgrade_magic_storm,eff_fire_rate_bonus,weapon_operation,fire_rate_bonus,20,percent,"Quellbedingung (englischer Tooltip): Imbue an ability with permanent Spirit Power. When that ability is used, gain bonus Move Speed and maintain full speed while attacking.",passive_item_rule,Self_or_source_defined,,,,,,,high,"[""SRC-0004"",""SRC-0005""]",Rohfeld: FireRateBonus. Exposure-Basis: current_default_infobox_label. Wiki-Label: Fire Rate Bonus.
upgrade_magic_storm,eff_bonus_move_speed,movement,bonus_move_speed,1.75,m/s,"Immer, solange das Item ausgerüstet ist.",equipped,Self,,,,,,,high,"[""SRC-0004"",""SRC-0005""]",Rohfeld: BonusMoveSpeed. Exposure-Basis: current_default_infobox_label. Wiki-Label: Move Speed.
upgrade_magic_storm,eff_movement_speed_bonus_duration,duration,movement_speed_bonus_duration,8,seconds,"Quellbedingung (englischer Tooltip): Imbue an ability with permanent Spirit Power. When that ability is used, gain bonus Move Speed and maintain full speed while attacking.",passive_item_rule,Self_or_source_defined,,,,,8,,high,"[""SRC-0004"",""SRC-0005""]",Rohfeld: MovementSpeedBonusDuration. Exposure-Basis: current_default_infobox_label. Wiki-Label: Move Speed Duration.
upgrade_magic_shock,eff_ability_cooldown,cooldown,ability_cooldown,14,seconds,"Quellbedingung (englischer Tooltip): Charges up over time with {g:citadel_inline_attribute:'BonusSpiritDamage'}, causing abilities dealing more than 165 damage to deal additional damage. Ignores Spirit Resistance.",passive_proc_cooldown,AllEnemy,,,,,,14,medium,"[""SRC-0004"",""SRC-0005""]",Rohfeld: AbilityCooldown. Exposure-Basis: structured_timing_or_target_field. Wiki-Label: Cooldown.
upgrade_magic_shock,eff_damage,damage,damage,40,damage,"Quellbedingung (englischer Tooltip): Charges up over time with {g:citadel_inline_attribute:'BonusSpiritDamage'}, causing abilities dealing more than 165 damage to deal additional damage. Ignores Spirit Resistance.",passive_item_rule,AllEnemy,,,,,,,high,"[""SRC-0004"",""SRC-0005""]",Rohfeld: Damage. Exposure-Basis: current_default_infobox_label. Wiki-Label: Damage.
upgrade_magic_shock,eff_ability_charge_up_time,charge_up,ability_charge_up_time,14,seconds,"Quellbedingung (englischer Tooltip): Charges up over time with {g:citadel_inline_attribute:'BonusSpiritDamage'}, causing abilities dealing more than 165 damage to deal additional damage. Ignores Spirit Resistance.",passive_item_rule,AllEnemy,,,,,,,medium,"[""SRC-0004"",""SRC-0005""]",Rohfeld: AbilityChargeUpTime. Exposure-Basis: structured_timing_or_target_field. Wiki-Label: Charge-Up Time.
upgrade_magic_shock,eff_bonus_health,healing,bonus_health,50,hp,"Immer, solange das Item ausgerüstet ist.",equipped,Self,,,,,,,high,"[""SRC-0004"",""SRC-0005""]",Rohfeld: BonusHealth. Exposure-Basis: current_default_infobox_label. Wiki-Label: Bonus Health.
upgrade_tech_damage_pulse,eff_ability_cooldown,cooldown,ability_cooldown,1.4,seconds,Quellbedingung (englischer Tooltip): Periodically deals {g:citadel_inline_attribute:'SpiritDamage'} to the closest two enemies nearby.,passive_proc_cooldown,AllEnemy,,,,,,1.4,medium,"[""SRC-0004"",""SRC-0005""]",Rohfeld: AbilityCooldown. Exposure-Basis: structured_timing_or_target_field. Wiki-Label: Cooldown.
upgrade_tech_damage_pulse,eff_bonus_health,healing,bonus_health,100,hp,"Immer, solange das Item ausgerüstet ist.",equipped,Self,,,,,,,high,"[""SRC-0004"",""SRC-0005""]",Rohfeld: BonusHealth. Exposure-Basis: current_default_infobox_label. Wiki-Label: Bonus Health.
upgrade_tech_damage_pulse,eff_damage_pulse_amount,damage,damage_pulse_amount,25,damage,Quellbedingung (englischer Tooltip): Periodically deals {g:citadel_inline_attribute:'SpiritDamage'} to the closest two enemies nearby.,passive_item_rule,AllEnemy,,,,,,,high,"[""SRC-0004"",""SRC-0005""]",Rohfeld: DamagePulseAmount. Exposure-Basis: current_default_infobox_label. Wiki-Label: Pulse Damage.
upgrade_tech_damage_pulse,eff_damage_pulse_amount_scaling,damage,damage_pulse_amount_scaling,0.23,spirit_scaling_coefficient,Quellbedingung (englischer Tooltip): Periodically deals {g:citadel_inline_attribute:'SpiritDamage'} to the closest two enemies nearby.,passive_item_rule,AllEnemy,,,,,,,high,"[""SRC-0004"",""SRC-0005""]",Rohfeld: DamagePulseAmount. Exposure-Basis: current_default_infobox_label. Wiki-Label: Skalierung für DamagePulseAmount. Scale.Type: spirit.
upgrade_tech_damage_pulse,eff_damage_pulse_radius,damage,damage_pulse_radius,9,m,Quellbedingung (englischer Tooltip): Periodically deals {g:citadel_inline_attribute:'SpiritDamage'} to the closest two enemies nearby.,passive_item_rule,AllEnemy,,,,,,,high,"[""SRC-0004"",""SRC-0005""]",Rohfeld: DamagePulseRadius. Exposure-Basis: current_default_infobox_label. Wiki-Label: Pulse Radius.
upgrade_tech_damage_pulse,eff_melee_resist_percent,defense,melee_resist_percent,18,percent,"Immer, solange das Item ausgerüstet ist.",equipped,Self,,,,,,,high,"[""SRC-0004"",""SRC-0005""]",Rohfeld: MeleeResistPercent. Exposure-Basis: current_default_infobox_label. Wiki-Label: Melee Resist.
upgrade_arctic_blast,eff_ability_cooldown,cooldown,ability_cooldown,24,seconds,"Quellbedingung (englischer Tooltip): Release an expanding ice blast that deals {g:citadel_inline_attribute:'SpiritDamage'}, Freezing and then Slowing targets it hits.Slowed targets have their stamina regen frozen",item_activation,AllEnemy,,,,,,24,medium,"[""SRC-0004"",""SRC-0005""]",Rohfeld: AbilityCooldown. Exposure-Basis: structured_timing_or_target_field. Wiki-Label: Cooldown.
upgrade_arctic_blast,eff_end_radius,active,end_radius,16,m,"Quellbedingung (englischer Tooltip): Release an expanding ice blast that deals {g:citadel_inline_attribute:'SpiritDamage'}, Freezing and then Slowing targets it hits.Slowed targets have their stamina regen frozen",item_activation,AllEnemy,,,,,,,high,"[""SRC-0004"",""SRC-0005""]",Rohfeld: EndRadius. Exposure-Basis: current_default_infobox_label. Wiki-Label: End Radius.
upgrade_arctic_blast,eff_damage,damage,damage,175,damage,"Quellbedingung (englischer Tooltip): Release an expanding ice blast that deals {g:citadel_inline_attribute:'SpiritDamage'}, Freezing and then Slowing targets it hits.Slowed targets have their stamina regen frozen",item_activation,AllEnemy,,,,,,,high,"[""SRC-0004"",""SRC-0005""]",Rohfeld: Damage. Exposure-Basis: current_default_infobox_label. Wiki-Label: Damage.
upgrade_arctic_blast,eff_damage_scaling,damage,damage_scaling,0.6975,spirit_scaling_coefficient,"Quellbedingung (englischer Tooltip): Release an expanding ice blast that deals {g:citadel_inline_attribute:'SpiritDamage'}, Freezing and then Slowing targets it hits.Slowed targets have their stamina regen frozen",item_activation,AllEnemy,,,,,,,high,"[""SRC-0004"",""SRC-0005""]",Rohfeld: Damage. Exposure-Basis: current_default_infobox_label. Wiki-Label: Skalierung für Damage. Scale.Type: spirit.
upgrade_arctic_blast,eff_tech_resist,defense,tech_resist,10,percent,"Immer, solange das Item ausgerüstet ist.",equipped,Self,,,,,,,high,"[""SRC-0004"",""SRC-0005""]",Rohfeld: TechResist. Exposure-Basis: current_default_infobox_label. Wiki-Label: Spirit Resist.
upgrade_arctic_blast,eff_freeze_duration,duration,freeze_duration,1,seconds,"Quellbedingung (englischer Tooltip): Release an expanding ice blast that deals {g:citadel_inline_attribute:'SpiritDamage'}, Freezing and then Slowing targets it hits.Slowed targets have their stamina regen frozen",item_activation,AllEnemy,,,,,1,,high,"[""SRC-0004"",""SRC-0005""]",Rohfeld: FreezeDuration. Exposure-Basis: current_default_infobox_label. Wiki-Label: Freeze Duration.
upgrade_boundless_spirit,eff_tech_power,passive,tech_power,30,spirit_power,"Immer, solange das Item ausgerüstet ist.",equipped,Self,,,,,,,high,"[""SRC-0004"",""SRC-0005""]",Rohfeld: TechPower. Exposure-Basis: current_default_infobox_label. Wiki-Label: Spirit Power.
upgrade_boundless_spirit,eff_bonus_health,healing,bonus_health,75,hp,"Immer, solange das Item ausgerüstet ist.",equipped,Self,,,,,,,high,"[""SRC-0004"",""SRC-0005""]",Rohfeld: BonusHealth. Exposure-Basis: current_default_infobox_label. Wiki-Label: Bonus Health.
upgrade_boundless_spirit,eff_out_of_combat_health_regen,healing,out_of_combat_health_regen,4,hp_per_second,"Immer, solange das Item ausgerüstet ist.",equipped,Self,,,,,,,high,"[""SRC-0004"",""SRC-0005""]",Rohfeld: OutOfCombatHealthRegen. Exposure-Basis: current_default_infobox_label. Wiki-Label: Out of Combat Regen.
upgrade_boundless_spirit,eff_tech_power_percent,passive,tech_power_percent,15,percent,Item-spezifische Bedingung ist im strukturierten Datensatz nicht als eigenes Feld dokumentiert.,passive_item_rule,Self_or_source_defined,,,,,,,high,"[""SRC-0004"",""SRC-0005""]",Rohfeld: TechPowerPercent. Exposure-Basis: current_default_infobox_label. Wiki-Label: Spirit Power.
upgrade_glitch,eff_ability_cooldown,cooldown,ability_cooldown,55,seconds,"Quellbedingung (englischer Tooltip): Curses an enemy - interrupting, Silencing, Disarming, and preventing item usage. Removes all non-ultimate buffs.Your own Damage Output is reduced for the duration.",item_activation,HeroEnemy,,,,,,55,medium,"[""SRC-0004"",""SRC-0005""]",Rohfeld: AbilityCooldown. Exposure-Basis: structured_timing_or_target_field. Wiki-Label: Cooldown.
upgrade_glitch,eff_ability_duration,duration,ability_duration,3.25,seconds,"Quellbedingung (englischer Tooltip): Curses an enemy - interrupting, Silencing, Disarming, and preventing item usage. Removes all non-ultimate buffs.Your own Damage Output is reduced for the duration.",item_activation,HeroEnemy,,,,,3.25,,high,"[""SRC-0004"",""SRC-0005""]",Rohfeld: AbilityDuration. Exposure-Basis: current_default_infobox_label. Wiki-Label: Duration.
upgrade_glitch,eff_ability_cast_range,active,ability_cast_range,20,m,"Quellbedingung (englischer Tooltip): Curses an enemy - interrupting, Silencing, Disarming, and preventing item usage. Removes all non-ultimate buffs.Your own Damage Output is reduced for the duration.",item_activation,HeroEnemy,,,,,,,high,"[""SRC-0004"",""SRC-0005""]",Rohfeld: AbilityCastRange. Exposure-Basis: current_default_infobox_label. Wiki-Label: Cast Range.
upgrade_glitch,eff_ability_cast_delay,active,ability_cast_delay,0.1,seconds,"Quellbedingung (englischer Tooltip): Curses an enemy - interrupting, Silencing, Disarming, and preventing item usage. Removes all non-ultimate buffs.Your own Damage Output is reduced for the duration.",item_activation,HeroEnemy,,,,,,,medium,"[""SRC-0004"",""SRC-0005""]",Rohfeld: AbilityCastDelay. Exposure-Basis: structured_timing_or_target_field. Wiki-Label: Cast Delay.
upgrade_glitch,eff_outgoing_damage_penalty_percent,damage,outgoing_damage_penalty_percent,-25,percent,"Quellbedingung (englischer Tooltip): Curses an enemy - interrupting, Silencing, Disarming, and preventing item usage. Removes all non-ultimate buffs.Your own Damage Output is reduced for the duration.",item_activation,HeroEnemy,,,,,,,high,"[""SRC-0004"",""SRC-0005""]",Rohfeld: OutgoingDamagePenaltyPercent. Exposure-Basis: current_default_infobox_label. Wiki-Label: Damage Penalty.
upgrade_ability_power_shard,eff_ability_cooldown,cooldown,ability_cooldown,30,seconds,Item-spezifische Bedingung ist im strukturierten Datensatz nicht als eigenes Feld dokumentiert.,item_activation,Self_or_source_defined,,,,,,30,high,"[""SRC-0004"",""SRC-0005""]",Rohfeld: AbilityCooldown. Exposure-Basis: current_default_infobox_label. Wiki-Label: Cooldown.
upgrade_ability_power_shard,eff_ability_post_cast_duration,duration,ability_post_cast_duration,0.5,seconds,Item-spezifische Bedingung ist im strukturierten Datensatz nicht als eigenes Feld dokumentiert.,item_activation,Self_or_source_defined,,,,,0.5,,medium,"[""SRC-0004""]",Rohfeld: AbilityPostCastDuration. Exposure-Basis: structured_timing_or_target_field.
upgrade_ability_power_shard,eff_tech_resist,defense,tech_resist,5,percent,"Immer, solange das Item ausgerüstet ist.",equipped,Self,,,,,,,high,"[""SRC-0004"",""SRC-0005""]",Rohfeld: TechResist. Exposure-Basis: current_default_infobox_label. Wiki-Label: Spirit Resist.
upgrade_ability_power_shard,eff_bullet_resist,defense,bullet_resist,5,percent,"Immer, solange das Item ausgerüstet ist.",equipped,Self,,,,,,,high,"[""SRC-0004"",""SRC-0005""]",Rohfeld: BulletResist. Exposure-Basis: current_default_infobox_label. Wiki-Label: Bullet Resist.
upgrade_escalating_exposure,eff_ability_duration,duration,ability_duration,12,seconds,Quellbedingung (englischer Tooltip): Dealing {g:citadel_inline_attribute:'SpiritDamage'} applies a stacking Spirit Amp that increases your {g:citadel_inline_attribute:'SpiritDamage'} to the target.,passive_item_rule,AllEnemy,,,,,12,,high,"[""SRC-0004"",""SRC-0005""]",Rohfeld: AbilityDuration. Exposure-Basis: current_default_infobox_label. Wiki-Label: Duration.
upgrade_escalating_exposure,eff_proc_cooldown,cooldown,proc_cooldown,0.7,seconds,Quellbedingung (englischer Tooltip): Dealing {g:citadel_inline_attribute:'SpiritDamage'} applies a stacking Spirit Amp that increases your {g:citadel_inline_attribute:'SpiritDamage'} to the target.,proc,AllEnemy,,,,,,0.7,medium,"[""SRC-0004"",""SRC-0005""]",Rohfeld: ProcCooldown. Exposure-Basis: structured_timing_or_target_field. Wiki-Label: Max Frequency.
upgrade_escalating_exposure,eff_magic_increase_per_stack,stacking,magic_increase_per_stack,4.5,percent,Quellbedingung (englischer Tooltip): Dealing {g:citadel_inline_attribute:'SpiritDamage'} applies a stacking Spirit Amp that increases your {g:citadel_inline_attribute:'SpiritDamage'} to the target.,stack_change,AllEnemy,,,pro_stack,12,,,high,"[""SRC-0004"",""SRC-0005""]",Rohfeld: MagicIncreasePerStack. Exposure-Basis: current_default_infobox_label. Wiki-Label: Spirit Amp per Stack.
upgrade_escalating_exposure,eff_tech_resist,defense,tech_resist,17,percent,"Immer, solange das Item ausgerüstet ist.",equipped,Self,,,,,,,high,"[""SRC-0004"",""SRC-0005""]",Rohfeld: TechResist. Exposure-Basis: current_default_infobox_label. Wiki-Label: Spirit Resist.
upgrade_escalating_exposure,eff_max_stacks,stacking,max_stacks,12,count,Quellbedingung (englischer Tooltip): Dealing {g:citadel_inline_attribute:'SpiritDamage'} applies a stacking Spirit Amp that increases your {g:citadel_inline_attribute:'SpiritDamage'} to the target.,stack_change,AllEnemy,,,stack_limit,12,,,high,"[""SRC-0004"",""SRC-0005""]",Rohfeld: MaxStacks. Exposure-Basis: current_default_infobox_label. Wiki-Label: Max Stacks.
upgrade_escalating_exposure,eff_tech_armor_damage_reduction,defense,tech_armor_damage_reduction,-8,percent,Quellbedingung (englischer Tooltip): Dealing {g:citadel_inline_attribute:'SpiritDamage'} applies a stacking Spirit Amp that increases your {g:citadel_inline_attribute:'SpiritDamage'} to the target.,passive_item_rule,AllEnemy,,,,,,,high,"[""SRC-0004"",""SRC-0005""]",Rohfeld: TechArmorDamageReduction. Exposure-Basis: current_default_infobox_label. Wiki-Label: Spirit Resist.
upgrade_self_bubble,eff_ability_cooldown,cooldown,ability_cooldown,37,seconds,"Quellbedingung (englischer Tooltip): You enter a void state and become untargetable and invincible for a short duration, during which you float slowly and cannot perform actions. Afterwards you gain Spirit Power, Move Speed, and Spirit Resist.Can be canceled early.Activation cancels any active ability.",item_activation,Self_or_source_defined,,,,,,37,medium,"[""SRC-0004"",""SRC-0005""]",Rohfeld: AbilityCooldown. Exposure-Basis: structured_timing_or_target_field. Wiki-Label: Cooldown.
upgrade_self_bubble,eff_ability_duration,duration,ability_duration,4,seconds,"Quellbedingung (englischer Tooltip): You enter a void state and become untargetable and invincible for a short duration, during which you float slowly and cannot perform actions. Afterwards you gain Spirit Power, Move Speed, and Spirit Resist.Can be canceled early.Activation cancels any active ability.",item_activation,Self_or_source_defined,,,,,4,,high,"[""SRC-0004"",""SRC-0005""]",Rohfeld: AbilityDuration. Exposure-Basis: current_default_infobox_label. Wiki-Label: Duration.
upgrade_self_bubble,eff_buff_duration,duration,buff_duration,5,seconds,"Quellbedingung (englischer Tooltip): You enter a void state and become untargetable and invincible for a short duration, during which you float slowly and cannot perform actions. Afterwards you gain Spirit Power, Move Speed, and Spirit Resist.Can be canceled early.Activation cancels any active ability.",item_activation,Self_or_source_defined,,,,,5,,high,"[""SRC-0004"",""SRC-0005""]",Rohfeld: BuffDuration. Exposure-Basis: current_default_infobox_label. Wiki-Label: Buff Duration.
upgrade_self_bubble,eff_tech_resist,defense,tech_resist,30,percent,"Immer, solange das Item ausgerüstet ist.",equipped,Self,,,,,,,high,"[""SRC-0004"",""SRC-0005""]",Rohfeld: TechResist. Exposure-Basis: current_default_infobox_label. Wiki-Label: Spirit Resist.
upgrade_self_bubble,eff_bonus_spirit,active,bonus_spirit,20,spirit_power,"Immer, solange das Item ausgerüstet ist.",equipped,Self,,,,,,,high,"[""SRC-0004"",""SRC-0005""]",Rohfeld: BonusSpirit. Exposure-Basis: current_default_infobox_label. Wiki-Label: Spirit Power.
upgrade_self_bubble,eff_float_move_speed,movement,float_move_speed,2.5,m/s,"Quellbedingung (englischer Tooltip): You enter a void state and become untargetable and invincible for a short duration, during which you float slowly and cannot perform actions. Afterwards you gain Spirit Power, Move Speed, and Spirit Resist.Can be canceled early.Activation cancels any active ability.",item_activation,Self_or_source_defined,,,,,,,high,"[""SRC-0004"",""SRC-0005""]",Rohfeld: FloatMoveSpeed. Exposure-Basis: current_default_infobox_label. Wiki-Label: Float Speed.
upgrade_self_bubble,eff_bonus_move_speed,movement,bonus_move_speed,3,m/s,"Immer, solange das Item ausgerüstet ist.",equipped,Self,,,,,,,high,"[""SRC-0004"",""SRC-0005""]",Rohfeld: BonusMoveSpeed. Exposure-Basis: current_default_infobox_label. Wiki-Label: Move Speed.
upgrade_focus_lens,eff_ability_cooldown,cooldown,ability_cooldown,45,seconds,Quellbedingung (englischer Tooltip): Target an enemy to Silence them. A portion of all damage dealt during the silence gets applied to the target when the silence wears off.,item_activation,HeroEnemy,,,,,,45,medium,"[""SRC-0004"",""SRC-0005""]",Rohfeld: AbilityCooldown. Exposure-Basis: structured_timing_or_target_field. Wiki-Label: Cooldown.
upgrade_focus_lens,eff_ability_duration,duration,ability_duration,4.5,seconds,Quellbedingung (englischer Tooltip): Target an enemy to Silence them. A portion of all damage dealt during the silence gets applied to the target when the silence wears off.,item_activation,HeroEnemy,,,,,4.5,,high,"[""SRC-0004"",""SRC-0005""]",Rohfeld: AbilityDuration. Exposure-Basis: current_default_infobox_label. Wiki-Label: Duration.
upgrade_focus_lens,eff_ability_cast_range,active,ability_cast_range,20,m,Quellbedingung (englischer Tooltip): Target an enemy to Silence them. A portion of all damage dealt during the silence gets applied to the target when the silence wears off.,item_activation,HeroEnemy,,,,,,,high,"[""SRC-0004"",""SRC-0005""]",Rohfeld: AbilityCastRange. Exposure-Basis: current_default_infobox_label. Wiki-Label: Cast Range.
upgrade_focus_lens,eff_ability_cast_delay,active,ability_cast_delay,0.1,seconds,Quellbedingung (englischer Tooltip): Target an enemy to Silence them. A portion of all damage dealt during the silence gets applied to the target when the silence wears off.,item_activation,HeroEnemy,,,,,,,medium,"[""SRC-0004"",""SRC-0005""]",Rohfeld: AbilityCastDelay. Exposure-Basis: structured_timing_or_target_field. Wiki-Label: Cast Delay.
upgrade_focus_lens,eff_percent_damage,damage,percent_damage,30,percent,Quellbedingung (englischer Tooltip): Target an enemy to Silence them. A portion of all damage dealt during the silence gets applied to the target when the silence wears off.,item_activation,HeroEnemy,,,,,,,high,"[""SRC-0004"",""SRC-0005""]",Rohfeld: PercentDamage. Exposure-Basis: current_default_infobox_label. Wiki-Label: Damage On Expire.
upgrade_focus_lens,eff_bonus_fire_rate,weapon_operation,bonus_fire_rate,10,percent,"Immer, solange das Item ausgerüstet ist.",equipped,Self,,,,,,,high,"[""SRC-0004"",""SRC-0005""]",Rohfeld: BonusFireRate. Exposure-Basis: current_default_infobox_label. Wiki-Label: Fire Rate.
upgrade_focus_lens,eff_magic_resist_reduction,defense,magic_resist_reduction,-9,percent,Quellbedingung (englischer Tooltip): Target an enemy to Silence them. A portion of all damage dealt during the silence gets applied to the target when the silence wears off.,item_activation,HeroEnemy,,,,,,,high,"[""SRC-0004"",""SRC-0005""]",Rohfeld: MagicResistReduction. Exposure-Basis: current_default_infobox_label. Wiki-Label: Spirit Resist.
upgrade_focus_lens,eff_tech_power_reduction,active,tech_power_reduction,-30,percent,Quellbedingung (englischer Tooltip): Target an enemy to Silence them. A portion of all damage dealt during the silence gets applied to the target when the silence wears off.,item_activation,HeroEnemy,,,,,,,high,"[""SRC-0004"",""SRC-0005""]",Rohfeld: TechPowerReduction. Exposure-Basis: current_default_infobox_label. Wiki-Label: Spirit Power.
upgrade_focus_lens,eff_resist_reduction_duration,duration,resist_reduction_duration,12,seconds,Quellbedingung (englischer Tooltip): Target an enemy to Silence them. A portion of all damage dealt during the silence gets applied to the target when the silence wears off.,item_activation,HeroEnemy,,,,,12,,high,"[""SRC-0004"",""SRC-0005""]",Rohfeld: ResistReductionDuration. Exposure-Basis: current_default_infobox_label. Wiki-Label: Resist Reduction Duration.
upgrade_ultimate_burst,eff_ability_duration,duration,ability_duration,2,seconds,Quellbedingung (englischer Tooltip): Damage from your ultimate applies a {g:citadel_inline_attribute:'Stun'} and deals {g:citadel_inline_attribute:'BonusSpiritDamage'} after a short delay.,passive_item_rule,AllEnemy,,,,,2,,high,"[""SRC-0004"",""SRC-0005""]",Rohfeld: AbilityDuration. Exposure-Basis: current_default_infobox_label. Wiki-Label: Duration.
upgrade_ultimate_burst,eff_damage,damage,damage,150,damage,Quellbedingung (englischer Tooltip): Damage from your ultimate applies a {g:citadel_inline_attribute:'Stun'} and deals {g:citadel_inline_attribute:'BonusSpiritDamage'} after a short delay.,passive_item_rule,AllEnemy,,,,,,,high,"[""SRC-0004"",""SRC-0005""]",Rohfeld: Damage. Exposure-Basis: current_default_infobox_label. Wiki-Label: Damage.
upgrade_ultimate_burst,eff_slow_percent,passive,slow_percent,80,percent,Quellbedingung (englischer Tooltip): Damage from your ultimate applies a {g:citadel_inline_attribute:'Stun'} and deals {g:citadel_inline_attribute:'BonusSpiritDamage'} after a short delay.,passive_item_rule,AllEnemy,,,,,,,high,"[""SRC-0004"",""SRC-0005""]",Rohfeld: SlowPercent. Exposure-Basis: current_default_infobox_label. Wiki-Label: Move Speed.
upgrade_ultimate_burst,eff_bonus_health,healing,bonus_health,50,hp,"Immer, solange das Item ausgerüstet ist.",equipped,Self,,,,,,,high,"[""SRC-0004"",""SRC-0005""]",Rohfeld: BonusHealth. Exposure-Basis: current_default_infobox_label. Wiki-Label: Bonus Health.
upgrade_ultimate_burst,eff_stun_duration,duration,stun_duration,0.75,seconds,Quellbedingung (englischer Tooltip): Damage from your ultimate applies a {g:citadel_inline_attribute:'Stun'} and deals {g:citadel_inline_attribute:'BonusSpiritDamage'} after a short delay.,passive_item_rule,AllEnemy,,,,,0.75,,high,"[""SRC-0004"",""SRC-0005""]",Rohfeld: StunDuration. Exposure-Basis: current_default_infobox_label. Wiki-Label: Stun Duration.
upgrade_ultimate_burst,eff_delay_before_stun,passive,delay_before_stun,3,seconds,Quellbedingung (englischer Tooltip): Damage from your ultimate applies a {g:citadel_inline_attribute:'Stun'} and deals {g:citadel_inline_attribute:'BonusSpiritDamage'} after a short delay.,passive_item_rule,AllEnemy,,,,,,,high,"[""SRC-0004"",""SRC-0005""]",Rohfeld: DelayBeforeStun. Exposure-Basis: current_default_infobox_label. Wiki-Label: Delay Before Effect.
upgrade_ultimate_burst,eff_bonus_sprint_speed,movement,bonus_sprint_speed,0.75,m/s,"Immer, solange das Item ausgerüstet ist.",equipped,Self,,,,,,,high,"[""SRC-0004"",""SRC-0005""]",Rohfeld: BonusSprintSpeed. Exposure-Basis: current_default_infobox_label. Wiki-Label: Sprint Speed.
upgrade_ultimate_burst,eff_movement_speed_slow,movement,movement_speed_slow,30,percent,Quellbedingung (englischer Tooltip): Damage from your ultimate applies a {g:citadel_inline_attribute:'Stun'} and deals {g:citadel_inline_attribute:'BonusSpiritDamage'} after a short delay.,passive_item_rule,AllEnemy,,,,,,,high,"[""SRC-0004"",""SRC-0005""]",Rohfeld: MovementSpeedSlow. Exposure-Basis: current_default_infobox_label. Wiki-Label: Move Speed.
upgrade_magic_carpet,eff_ability_cooldown,cooldown,ability_cooldown,32,seconds,Quellbedingung (englischer Tooltip): Summon a Magic Carpet that will fly you away. While flying you are immune to slows and doing any action will dismiss the carpet. Cannot use abilities while the carpet is being summoned.,item_activation,Self_or_source_defined,,,,,,32,medium,"[""SRC-0004"",""SRC-0005""]",Rohfeld: AbilityCooldown. Exposure-Basis: structured_timing_or_target_field. Wiki-Label: Cooldown.
upgrade_magic_carpet,eff_ability_duration,duration,ability_duration,12,seconds,Quellbedingung (englischer Tooltip): Summon a Magic Carpet that will fly you away. While flying you are immune to slows and doing any action will dismiss the carpet. Cannot use abilities while the carpet is being summoned.,item_activation,Self_or_source_defined,,,,,12,,high,"[""SRC-0004"",""SRC-0005""]",Rohfeld: AbilityDuration. Exposure-Basis: current_default_infobox_label. Wiki-Label: Duration.
upgrade_magic_carpet,eff_ability_cast_delay,active,ability_cast_delay,0.2,seconds,Quellbedingung (englischer Tooltip): Summon a Magic Carpet that will fly you away. While flying you are immune to slows and doing any action will dismiss the carpet. Cannot use abilities while the carpet is being summoned.,item_activation,Self_or_source_defined,,,,,,,medium,"[""SRC-0004"",""SRC-0005""]",Rohfeld: AbilityCastDelay. Exposure-Basis: structured_timing_or_target_field. Wiki-Label: Cast Delay.
upgrade_magic_carpet,eff_tech_power,active,tech_power,14,spirit_power,"Immer, solange das Item ausgerüstet ist.",equipped,Self,,,,,,,high,"[""SRC-0004"",""SRC-0005""]",Rohfeld: TechPower. Exposure-Basis: current_default_infobox_label. Wiki-Label: Spirit Power.
upgrade_magic_carpet,eff_summon_duration,duration,summon_duration,1.3,seconds,Quellbedingung (englischer Tooltip): Summon a Magic Carpet that will fly you away. While flying you are immune to slows and doing any action will dismiss the carpet. Cannot use abilities while the carpet is being summoned.,item_activation,Self_or_source_defined,,,,,1.3,,high,"[""SRC-0004"",""SRC-0005""]",Rohfeld: SummonDuration. Exposure-Basis: current_default_infobox_label. Wiki-Label: Summon Duration.
upgrade_magic_carpet,eff_bonus_ability_duration_percent,duration,bonus_ability_duration_percent,15,percent,"Immer, solange das Item ausgerüstet ist.",equipped,Self,,,,,15,,high,"[""SRC-0004"",""SRC-0005""]",Rohfeld: BonusAbilityDurationPercent. Exposure-Basis: current_default_infobox_label. Wiki-Label: Ability Duration.
upgrade_magic_carpet,eff_air_control_percent,movement,air_control_percent,25,percent,Quellbedingung (englischer Tooltip): Summon a Magic Carpet that will fly you away. While flying you are immune to slows and doing any action will dismiss the carpet. Cannot use abilities while the carpet is being summoned.,item_activation,Self_or_source_defined,,,,,,,high,"[""SRC-0004"",""SRC-0005""]",Rohfeld: AirControlPercent. Exposure-Basis: current_default_infobox_label. Wiki-Label: Air Control.
upgrade_magic_carpet,eff_gravity_scale,movement,gravity_scale,-15,percent,"Immer, solange das Item ausgerüstet ist.",equipped,Self,,,,,,,high,"[""SRC-0004"",""SRC-0005""]",Rohfeld: GravityScale. Exposure-Basis: current_default_infobox_label. Wiki-Label: Gravity Scale.
upgrade_magic_carpet,eff_bonus_health,healing,bonus_health,125,hp,"Immer, solange das Item ausgerüstet ist.",equipped,Self,,,,,,,high,"[""SRC-0004"",""SRC-0005""]",Rohfeld: BonusHealth. Exposure-Basis: current_default_infobox_label. Wiki-Label: Bonus Health.
upgrade_ethereal_bullets,eff_ability_cooldown,cooldown,ability_cooldown,15,seconds,"Quellbedingung (englischer Tooltip): Your imbued ability charges up over time with {g:citadel_inline_attribute:'BonusSpiritDamage'}, {g:citadel_inline_attribute:'BonusFireRate'}, and reloads bullets on use. Until your next reload, your bullets deal {g:citadel_inline_attribute:'BonusSpiritDamage'} based on your Spirit Power.",passive_proc_cooldown,AllEnemy,,,,,,15,medium,"[""SRC-0004"",""SRC-0005""]",Rohfeld: AbilityCooldown. Exposure-Basis: structured_timing_or_target_field. Wiki-Label: Cooldown.
upgrade_ethereal_bullets,eff_tech_power,passive,tech_power,7,spirit_power,"Immer, solange das Item ausgerüstet ist.",equipped,Self,,,,,,,high,"[""SRC-0004"",""SRC-0005""]",Rohfeld: TechPower. Exposure-Basis: current_default_infobox_label. Wiki-Label: Spirit Power.
upgrade_ethereal_bullets,eff_bonus_fire_rate,weapon_operation,bonus_fire_rate,22,percent,"Immer, solange das Item ausgerüstet ist.",equipped,Self,,,,,,,high,"[""SRC-0004"",""SRC-0005""]",Rohfeld: BonusFireRate. Exposure-Basis: current_default_infobox_label. Wiki-Label: Fire Rate.
upgrade_ethereal_bullets,eff_damage,damage,damage,60,damage,"Quellbedingung (englischer Tooltip): Your imbued ability charges up over time with {g:citadel_inline_attribute:'BonusSpiritDamage'}, {g:citadel_inline_attribute:'BonusFireRate'}, and reloads bullets on use. Until your next reload, your bullets deal {g:citadel_inline_attribute:'BonusSpiritDamage'} based on your Spirit Power.",passive_item_rule,AllEnemy,,,,,,,high,"[""SRC-0004"",""SRC-0005""]",Rohfeld: Damage. Exposure-Basis: current_default_infobox_label. Wiki-Label: Damage.
upgrade_ethereal_bullets,eff_damage_scaling,damage,damage_scaling,0.16,spirit_scaling_coefficient,"Quellbedingung (englischer Tooltip): Your imbued ability charges up over time with {g:citadel_inline_attribute:'BonusSpiritDamage'}, {g:citadel_inline_attribute:'BonusFireRate'}, and reloads bullets on use. Until your next reload, your bullets deal {g:citadel_inline_attribute:'BonusSpiritDamage'} based on your Spirit Power.",passive_item_rule,AllEnemy,,,,,,,high,"[""SRC-0004"",""SRC-0005""]",Rohfeld: Damage. Exposure-Basis: current_default_infobox_label. Wiki-Label: Skalierung für Damage. Scale.Type: spirit.
upgrade_ethereal_bullets,eff_ammo_reload_percent,weapon_operation,ammo_reload_percent,100,percent,"Quellbedingung (englischer Tooltip): Your imbued ability charges up over time with {g:citadel_inline_attribute:'BonusSpiritDamage'}, {g:citadel_inline_attribute:'BonusFireRate'}, and reloads bullets on use. Until your next reload, your bullets deal {g:citadel_inline_attribute:'BonusSpiritDamage'} based on your Spirit Power.",passive_item_rule,AllEnemy,,,,,,,high,"[""SRC-0004"",""SRC-0005""]",Rohfeld: AmmoReloadPercent. Exposure-Basis: current_default_infobox_label. Wiki-Label: Bullets Reloaded.
upgrade_ethereal_bullets,eff_ability_charge_up_time,charge_up,ability_charge_up_time,14,seconds,"Quellbedingung (englischer Tooltip): Your imbued ability charges up over time with {g:citadel_inline_attribute:'BonusSpiritDamage'}, {g:citadel_inline_attribute:'BonusFireRate'}, and reloads bullets on use. Until your next reload, your bullets deal {g:citadel_inline_attribute:'BonusSpiritDamage'} based on your Spirit Power.",passive_item_rule,AllEnemy,,,,,,,medium,"[""SRC-0004"",""SRC-0005""]",Rohfeld: AbilityChargeUpTime. Exposure-Basis: structured_timing_or_target_field. Wiki-Label: Charge-Up Time.
upgrade_ethereal_bullets,eff_bullets_bonus_magic_damage,damage,bullets_bonus_magic_damage,25,percent,"Quellbedingung (englischer Tooltip): Your imbued ability charges up over time with {g:citadel_inline_attribute:'BonusSpiritDamage'}, {g:citadel_inline_attribute:'BonusFireRate'}, and reloads bullets on use. Until your next reload, your bullets deal {g:citadel_inline_attribute:'BonusSpiritDamage'} based on your Spirit Power.",passive_item_rule,AllEnemy,,,,,,,high,"[""SRC-0004"",""SRC-0005""]",Rohfeld: BulletsBonusMagicDamage. Exposure-Basis: current_default_infobox_label. Wiki-Label: Base Bullet Damage.
upgrade_ethereal_bullets,eff_bullets_bonus_magic_damage_scaling,damage,bullets_bonus_magic_damage_scaling,0.49,spirit_scaling_coefficient,"Quellbedingung (englischer Tooltip): Your imbued ability charges up over time with {g:citadel_inline_attribute:'BonusSpiritDamage'}, {g:citadel_inline_attribute:'BonusFireRate'}, and reloads bullets on use. Until your next reload, your bullets deal {g:citadel_inline_attribute:'BonusSpiritDamage'} based on your Spirit Power.",passive_item_rule,AllEnemy,,,,,,,high,"[""SRC-0004"",""SRC-0005""]",Rohfeld: BulletsBonusMagicDamage. Exposure-Basis: current_default_infobox_label. Wiki-Label: Skalierung für BulletsBonusMagicDamage. Scale.Type: spirit.
upgrade_ethereal_bullets,eff_bonus_clip_size_percent,weapon_operation,bonus_clip_size_percent,20,percent,"Immer, solange das Item ausgerüstet ist.",equipped,Self,,,,,,,high,"[""SRC-0004"",""SRC-0005""]",Rohfeld: BonusClipSizePercent. Exposure-Basis: current_default_infobox_label. Wiki-Label: Max Ammo.
upgrade_mystic_reverb,eff_ability_cooldown,cooldown,ability_cooldown,6.25,seconds,Item-spezifische Bedingung ist im strukturierten Datensatz nicht als eigenes Feld dokumentiert.,passive_proc_cooldown,AllEnemy,,,,,,6.25,medium,"[""SRC-0004"",""SRC-0005""]",Rohfeld: AbilityCooldown. Exposure-Basis: structured_timing_or_target_field. Wiki-Label: Cooldown.
upgrade_mystic_reverb,eff_tech_damage_percent,damage,tech_damage_percent,50,percent,Item-spezifische Bedingung ist im strukturierten Datensatz nicht als eigenes Feld dokumentiert.,passive_item_rule,AllEnemy,,,,,,,high,"[""SRC-0004"",""SRC-0005""]",Rohfeld: TechDamagePercent. Exposure-Basis: current_default_infobox_label. Wiki-Label: Damage.
upgrade_mystic_reverb,eff_delay_duration,duration,delay_duration,3,seconds,Item-spezifische Bedingung ist im strukturierten Datensatz nicht als eigenes Feld dokumentiert.,passive_item_rule,AllEnemy,,,,,3,,high,"[""SRC-0004"",""SRC-0005""]",Rohfeld: DelayDuration. Exposure-Basis: current_default_infobox_label. Wiki-Label: Delay Duration.
upgrade_mystic_reverb,eff_radius,passive,radius,16,m,Item-spezifische Bedingung ist im strukturierten Datensatz nicht als eigenes Feld dokumentiert.,passive_item_rule,AllEnemy,,,,,,,high,"[""SRC-0004"",""SRC-0005""]",Rohfeld: Radius. Exposure-Basis: current_default_infobox_label. Wiki-Label: Radius.
upgrade_mystic_reverb,eff_ability_lifesteal_percent_hero,healing,ability_lifesteal_percent_hero,8,percent,"Immer, solange das Item ausgerüstet ist.",equipped,Self,,,,,,,high,"[""SRC-0004"",""SRC-0005""]",Rohfeld: AbilityLifestealPercentHero. Exposure-Basis: current_default_infobox_label. Wiki-Label: Spirit Lifesteal.
upgrade_mystic_reverb,eff_imbue_ability_lifesteal,healing,imbue_ability_lifesteal,22,percent,Item-spezifische Bedingung ist im strukturierten Datensatz nicht als eigenes Feld dokumentiert.,passive_item_rule,AllEnemy,,,,,,,high,"[""SRC-0004"",""SRC-0005""]",Rohfeld: ImbueAbilityLifesteal. Exposure-Basis: current_default_infobox_label. Wiki-Label: Imbued Lifesteal.
upgrade_mystic_reverb,eff_movement_speed_slow,movement,movement_speed_slow,40,percent,Item-spezifische Bedingung ist im strukturierten Datensatz nicht als eigenes Feld dokumentiert.,passive_item_rule,AllEnemy,,,,,,,high,"[""SRC-0004"",""SRC-0005""]",Rohfeld: MovementSpeedSlow. Exposure-Basis: current_default_infobox_label. Wiki-Label: Move Speed.
upgrade_ability_refresher,eff_ability_cooldown,cooldown,ability_cooldown,300,seconds,Quellbedingung (englischer Tooltip): Reset the cooldown of all your abilities and restore all your charges.,item_activation,Self_or_source_defined,,,,,,300,high,"[""SRC-0004"",""SRC-0005""]",Rohfeld: AbilityCooldown. Exposure-Basis: current_default_infobox_label. Wiki-Label: Cooldown.
upgrade_ability_refresher,eff_ability_cast_delay,active,ability_cast_delay,0.6,seconds,Quellbedingung (englischer Tooltip): Reset the cooldown of all your abilities and restore all your charges.,item_activation,Self_or_source_defined,,,,,,,medium,"[""SRC-0004"",""SRC-0005""]",Rohfeld: AbilityCastDelay. Exposure-Basis: structured_timing_or_target_field. Wiki-Label: Cast Delay.
upgrade_discord,eff_ability_cooldown,cooldown,ability_cooldown,35,seconds,"Quellbedingung (englischer Tooltip): Apply Spirit Resist, Debuff Resist and an aura on a friendly target that deals {g:citadel_inline_attribute:'SpiritIcon'}damage to enemies proportional to their max health. Existing debuffs on the target are reduced.Can be self cast.",item_activation,HeroFriendly,,,,,,35,medium,"[""SRC-0004"",""SRC-0005""]",Rohfeld: AbilityCooldown. Exposure-Basis: structured_timing_or_target_field. Wiki-Label: Cooldown.
upgrade_discord,eff_ability_duration,duration,ability_duration,10,seconds,"Quellbedingung (englischer Tooltip): Apply Spirit Resist, Debuff Resist and an aura on a friendly target that deals {g:citadel_inline_attribute:'SpiritIcon'}damage to enemies proportional to their max health. Existing debuffs on the target are reduced.Can be self cast.",item_activation,HeroFriendly,,,,,10,,high,"[""SRC-0004"",""SRC-0005""]",Rohfeld: AbilityDuration. Exposure-Basis: current_default_infobox_label. Wiki-Label: Duration.
upgrade_discord,eff_ability_cast_range,active,ability_cast_range,35,m,"Quellbedingung (englischer Tooltip): Apply Spirit Resist, Debuff Resist and an aura on a friendly target that deals {g:citadel_inline_attribute:'SpiritIcon'}damage to enemies proportional to their max health. Existing debuffs on the target are reduced.Can be self cast.",item_activation,HeroFriendly,,,,,,,high,"[""SRC-0004"",""SRC-0005""]",Rohfeld: AbilityCastRange. Exposure-Basis: current_default_infobox_label. Wiki-Label: Cast Range.
upgrade_discord,eff_ability_cast_delay,active,ability_cast_delay,0.25,seconds,"Quellbedingung (englischer Tooltip): Apply Spirit Resist, Debuff Resist and an aura on a friendly target that deals {g:citadel_inline_attribute:'SpiritIcon'}damage to enemies proportional to their max health. Existing debuffs on the target are reduced.Can be self cast.",item_activation,HeroFriendly,,,,,,,medium,"[""SRC-0004"",""SRC-0005""]",Rohfeld: AbilityCastDelay. Exposure-Basis: structured_timing_or_target_field. Wiki-Label: Cast Delay.
upgrade_discord,eff_max_health_percent_as_dps,healing,max_health_percent_as_dps,2.3,percent,"Quellbedingung (englischer Tooltip): Apply Spirit Resist, Debuff Resist and an aura on a friendly target that deals {g:citadel_inline_attribute:'SpiritIcon'}damage to enemies proportional to their max health. Existing debuffs on the target are reduced.Can be self cast.",item_activation,HeroFriendly,,,,,,,high,"[""SRC-0004"",""SRC-0005""]",Rohfeld: MaxHealthPercentAsDPS. Exposure-Basis: current_default_infobox_label. Wiki-Label: Max Health per second.
upgrade_discord,eff_max_health_percent_as_dpsscaling,healing,max_health_percent_as_dpsscaling,0.0055,spirit_scaling_coefficient,"Quellbedingung (englischer Tooltip): Apply Spirit Resist, Debuff Resist and an aura on a friendly target that deals {g:citadel_inline_attribute:'SpiritIcon'}damage to enemies proportional to their max health. Existing debuffs on the target are reduced.Can be self cast.",item_activation,HeroFriendly,,,,,,,high,"[""SRC-0004"",""SRC-0005""]",Rohfeld: MaxHealthPercentAsDPS. Exposure-Basis: current_default_infobox_label. Wiki-Label: Skalierung für MaxHealthPercentAsDPS. Scale.Type: spirit.
upgrade_discord,eff_aura_radius,active,aura_radius,10,m,"Quellbedingung (englischer Tooltip): Apply Spirit Resist, Debuff Resist and an aura on a friendly target that deals {g:citadel_inline_attribute:'SpiritIcon'}damage to enemies proportional to their max health. Existing debuffs on the target are reduced.Can be self cast.",item_activation,HeroFriendly,,,,,,,high,"[""SRC-0004"",""SRC-0005""]",Rohfeld: AuraRadius. Exposure-Basis: current_default_infobox_label. Wiki-Label: Aura Radius.
upgrade_discord,eff_tech_resist,defense,tech_resist,40,percent,"Immer, solange das Item ausgerüstet ist.",equipped,Self,,,,,,,high,"[""SRC-0004"",""SRC-0005""]",Rohfeld: TechResist. Exposure-Basis: current_default_infobox_label. Wiki-Label: Spirit Resist.
upgrade_discord,eff_bonus_health,healing,bonus_health,100,hp,"Immer, solange das Item ausgerüstet ist.",equipped,Self,,,,,,,high,"[""SRC-0004"",""SRC-0005""]",Rohfeld: BonusHealth. Exposure-Basis: current_default_infobox_label. Wiki-Label: Bonus Health.
upgrade_discord,eff_status_resistance_percent,defense,status_resistance_percent,20,percent,"Immer, solange das Item ausgerüstet ist.",equipped,Self,,,,,,,high,"[""SRC-0004"",""SRC-0005""]",Rohfeld: StatusResistancePercent. Exposure-Basis: current_default_infobox_label. Wiki-Label: Debuff Resist.
upgrade_spirit_burn,eff_tech_range_multiplier,passive,tech_range_multiplier,6,percent,"Immer, solange das Item ausgerüstet ist.",equipped,Self,,,,,,,high,"[""SRC-0004"",""SRC-0005""]",Rohfeld: TechRangeMultiplier. Exposure-Basis: current_default_infobox_label. Wiki-Label: Ability Range.
upgrade_spirit_burn,eff_damage_threshold,damage,damage_threshold,500,damage,"Quellbedingung (englischer Tooltip): Dealing significant {g:citadel_inline_attribute:'SpiritDamage'} to an enemy within 5s causes an explosion dealing damage and a burn to that enemy. While burning, enemies take damage over time and receive reduced healing.The cooldown is per enemy, so each target can only be burned once per cooldown. Deals half-damage on non-heroes.",passive_item_rule,AllEnemy,,,,,,,high,"[""SRC-0004"",""SRC-0005""]",Rohfeld: DamageThreshold. Exposure-Basis: current_default_infobox_label. Wiki-Label: Damage Threshold.
upgrade_spirit_burn,eff_explosion_damage,damage,explosion_damage,50,damage,"Quellbedingung (englischer Tooltip): Dealing significant {g:citadel_inline_attribute:'SpiritDamage'} to an enemy within 5s causes an explosion dealing damage and a burn to that enemy. While burning, enemies take damage over time and receive reduced healing.The cooldown is per enemy, so each target can only be burned once per cooldown. Deals half-damage on non-heroes.",passive_item_rule,AllEnemy,,,,,,,high,"[""SRC-0004"",""SRC-0005""]",Rohfeld: ExplosionDamage. Exposure-Basis: current_default_infobox_label. Wiki-Label: Explosion Damage.
upgrade_spirit_burn,eff_dps,damage,dps,24,damage,"Quellbedingung (englischer Tooltip): Dealing significant {g:citadel_inline_attribute:'SpiritDamage'} to an enemy within 5s causes an explosion dealing damage and a burn to that enemy. While burning, enemies take damage over time and receive reduced healing.The cooldown is per enemy, so each target can only be burned once per cooldown. Deals half-damage on non-heroes.",passive_item_rule,AllEnemy,,,,,,,high,"[""SRC-0004"",""SRC-0005""]",Rohfeld: DPS. Exposure-Basis: current_default_infobox_label. Wiki-Label: Damage Per Second.
upgrade_spirit_burn,eff_dpsscaling,damage,dpsscaling,0.06,spirit_scaling_coefficient,"Quellbedingung (englischer Tooltip): Dealing significant {g:citadel_inline_attribute:'SpiritDamage'} to an enemy within 5s causes an explosion dealing damage and a burn to that enemy. While burning, enemies take damage over time and receive reduced healing.The cooldown is per enemy, so each target can only be burned once per cooldown. Deals half-damage on non-heroes.",passive_item_rule,AllEnemy,,,,,,,high,"[""SRC-0004"",""SRC-0005""]",Rohfeld: DPS. Exposure-Basis: current_default_infobox_label. Wiki-Label: Skalierung für DPS. Scale.Type: spirit.
upgrade_spirit_burn,eff_debuff_duration,duration,debuff_duration,8,seconds,"Quellbedingung (englischer Tooltip): Dealing significant {g:citadel_inline_attribute:'SpiritDamage'} to an enemy within 5s causes an explosion dealing damage and a burn to that enemy. While burning, enemies take damage over time and receive reduced healing.The cooldown is per enemy, so each target can only be burned once per cooldown. Deals half-damage on non-heroes.",passive_item_rule,AllEnemy,,,,,8,,high,"[""SRC-0004"",""SRC-0005""]",Rohfeld: DebuffDuration. Exposure-Basis: current_default_infobox_label. Wiki-Label: Debuff Duration.
upgrade_spirit_burn,eff_heal_amp_receive_penalty_percent,healing,heal_amp_receive_penalty_percent,-70,percent,"Quellbedingung (englischer Tooltip): Dealing significant {g:citadel_inline_attribute:'SpiritDamage'} to an enemy within 5s causes an explosion dealing damage and a burn to that enemy. While burning, enemies take damage over time and receive reduced healing.The cooldown is per enemy, so each target can only be burned once per cooldown. Deals half-damage on non-heroes.",passive_item_rule,AllEnemy,,,,,,,high,"[""SRC-0004"",""SRC-0005""]",Rohfeld: HealAmpReceivePenaltyPercent. Exposure-Basis: current_default_infobox_label. Wiki-Label: Healing Reduction.
upgrade_spirit_burn,eff_heal_amp_regen_penalty_percent,healing,heal_amp_regen_penalty_percent,-70,percent,"Quellbedingung (englischer Tooltip): Dealing significant {g:citadel_inline_attribute:'SpiritDamage'} to an enemy within 5s causes an explosion dealing damage and a burn to that enemy. While burning, enemies take damage over time and receive reduced healing.The cooldown is per enemy, so each target can only be burned once per cooldown. Deals half-damage on non-heroes.",passive_item_rule,AllEnemy,,,,,,,high,"[""SRC-0004"",""SRC-0005""]",Rohfeld: HealAmpRegenPenaltyPercent. Exposure-Basis: current_default_infobox_label. Wiki-Label: Healing Reduction.
upgrade_spirit_burn,eff_immunity_duration,duration,immunity_duration,20,seconds,"Quellbedingung (englischer Tooltip): Dealing significant {g:citadel_inline_attribute:'SpiritDamage'} to an enemy within 5s causes an explosion dealing damage and a burn to that enemy. While burning, enemies take damage over time and receive reduced healing.The cooldown is per enemy, so each target can only be burned once per cooldown. Deals half-damage on non-heroes.",passive_item_rule,AllEnemy,,,,,20,,high,"[""SRC-0004"",""SRC-0005""]",Rohfeld: ImmunityDuration. Exposure-Basis: current_default_infobox_label. Wiki-Label: Immunity Duration.
upgrade_transcendent_cooldown,eff_cooldown_reduction,cooldown,cooldown_reduction,25,percent,"Immer, solange das Item ausgerüstet ist.",equipped,Self,,,,,,25,high,"[""SRC-0004"",""SRC-0005""]",Rohfeld: CooldownReduction. Exposure-Basis: current_default_infobox_label. Wiki-Label: Ability Cooldown Reduction.
upgrade_transcendent_cooldown,eff_item_cooldown_reduction,cooldown,item_cooldown_reduction,25,percent,"Immer, solange das Item ausgerüstet ist.",equipped,Self,,,,,,25,high,"[""SRC-0004"",""SRC-0005""]",Rohfeld: ItemCooldownReduction. Exposure-Basis: current_default_infobox_label. Wiki-Label: Item Cooldown Reduction.
upgrade_transcendent_cooldown,eff_out_of_combat_health_regen,healing,out_of_combat_health_regen,4,hp_per_second,"Immer, solange das Item ausgerüstet ist.",equipped,Self,,,,,,,high,"[""SRC-0004"",""SRC-0005""]",Rohfeld: OutOfCombatHealthRegen. Exposure-Basis: current_default_infobox_label. Wiki-Label: Out of Combat Regen.
upgrade_aoe_root,eff_ability_cooldown,cooldown,ability_cooldown,42,seconds,Item-spezifische Bedingung ist im strukturierten Datensatz nicht als eigenes Feld dokumentiert.,item_activation,AllEnemy,,,,,,42,medium,"[""SRC-0004"",""SRC-0005""]",Rohfeld: AbilityCooldown. Exposure-Basis: structured_timing_or_target_field. Wiki-Label: Cooldown.
upgrade_aoe_root,eff_ability_duration,duration,ability_duration,4,seconds,Item-spezifische Bedingung ist im strukturierten Datensatz nicht als eigenes Feld dokumentiert.,item_activation,AllEnemy,,,,,4,,high,"[""SRC-0004"",""SRC-0005""]",Rohfeld: AbilityDuration. Exposure-Basis: current_default_infobox_label. Wiki-Label: Duration.
upgrade_aoe_root,eff_ability_cast_range,active,ability_cast_range,30,m,Item-spezifische Bedingung ist im strukturierten Datensatz nicht als eigenes Feld dokumentiert.,item_activation,AllEnemy,,,,,,,medium,"[""SRC-0004"",""SRC-0005""]",Rohfeld: AbilityCastRange. Exposure-Basis: structured_timing_or_target_field. Wiki-Label: Cast Range.
upgrade_aoe_root,eff_ability_cast_delay,active,ability_cast_delay,0.2,seconds,Item-spezifische Bedingung ist im strukturierten Datensatz nicht als eigenes Feld dokumentiert.,item_activation,AllEnemy,,,,,,,medium,"[""SRC-0004"",""SRC-0005""]",Rohfeld: AbilityCastDelay. Exposure-Basis: structured_timing_or_target_field. Wiki-Label: Cast Delay.
upgrade_aoe_root,eff_capture_radius,active,capture_radius,12,m,Item-spezifische Bedingung ist im strukturierten Datensatz nicht als eigenes Feld dokumentiert.,item_activation,AllEnemy,,,,,,,high,"[""SRC-0004"",""SRC-0005""]",Rohfeld: CaptureRadius. Exposure-Basis: current_default_infobox_label. Wiki-Label: Capture Radius.
upgrade_aoe_root,eff_slow_percent,active,slow_percent,35,percent,Item-spezifische Bedingung ist im strukturierten Datensatz nicht als eigenes Feld dokumentiert.,item_activation,AllEnemy,,,,,,,high,"[""SRC-0004"",""SRC-0005""]",Rohfeld: SlowPercent. Exposure-Basis: current_default_infobox_label. Wiki-Label: Move Speed.
upgrade_aoe_root,eff_ground_dash_reduction_percent,movement,ground_dash_reduction_percent,-40,percent,"Immer, solange das Item ausgerüstet ist.",equipped,Self,,,,,,,high,"[""SRC-0004"",""SRC-0005""]",Rohfeld: GroundDashReductionPercent. Exposure-Basis: current_default_infobox_label. Wiki-Label: Dash Distance.
upgrade_aoe_root,eff_tech_range_multiplier,active,tech_range_multiplier,8,percent,"Immer, solange das Item ausgerüstet ist.",equipped,Self,,,,,,,high,"[""SRC-0004"",""SRC-0005""]",Rohfeld: TechRangeMultiplier. Exposure-Basis: current_default_infobox_label. Wiki-Label: Ability Range.
upgrade_aoe_root,eff_tech_radius_multiplier,active,tech_radius_multiplier,8,percent,"Immer, solange das Item ausgerüstet ist.",equipped,Self,,,,,,,high,"[""SRC-0004"",""SRC-0005""]",Rohfeld: TechRadiusMultiplier. Exposure-Basis: current_default_infobox_label. Wiki-Label: Radius.
upgrade_aoe_root,eff_bonus_sprint_speed,movement,bonus_sprint_speed,0.75,m/s,"Immer, solange das Item ausgerüstet ist.",equipped,Self,,,,,,,high,"[""SRC-0004"",""SRC-0005""]",Rohfeld: BonusSprintSpeed. Exposure-Basis: current_default_infobox_label. Wiki-Label: Sprint Speed.
upgrade_health,eff_bonus_health,healing,bonus_health,210,hp,"Immer, solange das Item ausgerüstet ist.",equipped,Self,,,,,,,high,"[""SRC-0004"",""SRC-0005""]",Rohfeld: BonusHealth. Exposure-Basis: current_default_infobox_label. Wiki-Label: Bonus Health.
upgrade_endurance,eff_bonus_health_regen,healing,bonus_health_regen,2.5,hp_per_second,"Immer, solange das Item ausgerüstet ist.",equipped,Self,,,,,,,high,"[""SRC-0004"",""SRC-0005""]",Rohfeld: BonusHealthRegen. Exposure-Basis: current_default_infobox_label. Wiki-Label: Health Regen.
upgrade_endurance,eff_out_of_combat_health_regen,healing,out_of_combat_health_regen,1.5,hp_per_second,"Immer, solange das Item ausgerüstet ist.",equipped,Self,,,,,,,high,"[""SRC-0004"",""SRC-0005""]",Rohfeld: OutOfCombatHealthRegen. Exposure-Basis: current_default_infobox_label. Wiki-Label: Out of Combat Regen.
upgrade_improved_stamina,eff_stamina,movement,stamina,1,count,"Immer, solange das Item ausgerüstet ist.",equipped,Self,,,,,,,high,"[""SRC-0004"",""SRC-0005""]",Rohfeld: Stamina. Exposure-Basis: current_default_infobox_label. Wiki-Label: Stamina.
upgrade_improved_stamina,eff_stamina_cooldown_reduction,cooldown,stamina_cooldown_reduction,12,percent,"Immer, solange das Item ausgerüstet ist.",equipped,Self,,,,,,12,high,"[""SRC-0004"",""SRC-0005""]",Rohfeld: StaminaCooldownReduction. Exposure-Basis: current_default_infobox_label. Wiki-Label: Stamina Recovery.
upgrade_grit,eff_ability_cooldown,cooldown,ability_cooldown,60,seconds,Quellbedingung (englischer Tooltip): Gain a Barrier for a short duration.,item_activation,Self_or_source_defined,,,,,,60,medium,"[""SRC-0004"",""SRC-0005""]",Rohfeld: AbilityCooldown. Exposure-Basis: structured_timing_or_target_field. Wiki-Label: Cooldown.
upgrade_grit,eff_combat_barrier,defense,combat_barrier,200,damage,Quellbedingung (englischer Tooltip): Gain a Barrier for a short duration.,item_activation,Self_or_source_defined,,,,,,,high,"[""SRC-0004"",""SRC-0005""]",Rohfeld: CombatBarrier. Exposure-Basis: current_default_infobox_label. Wiki-Label: Barrier.
upgrade_grit,eff_out_of_combat_health_regen,healing,out_of_combat_health_regen,1,hp_per_second,"Immer, solange das Item ausgerüstet ist.",equipped,Self,,,,,,,high,"[""SRC-0004"",""SRC-0005""]",Rohfeld: OutOfCombatHealthRegen. Exposure-Basis: current_default_infobox_label. Wiki-Label: Out of Combat Regen.
upgrade_grit,eff_barrier_duration,duration,barrier_duration,4,seconds,Quellbedingung (englischer Tooltip): Gain a Barrier for a short duration.,item_activation,Self_or_source_defined,,,,,4,,high,"[""SRC-0004"",""SRC-0005""]",Rohfeld: BarrierDuration. Exposure-Basis: current_default_infobox_label. Wiki-Label: Barrier Duration.
upgrade_health_stimpak,eff_ability_cooldown,cooldown,ability_cooldown,70,seconds,Quellbedingung (englischer Tooltip): Grant Regen and Sprint Speed to the target. Gets dispelled if you take damage from enemy players or objectives. Can be self-cast.,item_activation,HeroFriendly,,,,,,70,medium,"[""SRC-0004"",""SRC-0005""]",Rohfeld: AbilityCooldown. Exposure-Basis: structured_timing_or_target_field. Wiki-Label: Cooldown.
upgrade_health_stimpak,eff_ability_cast_range,active,ability_cast_range,30,m,Quellbedingung (englischer Tooltip): Grant Regen and Sprint Speed to the target. Gets dispelled if you take damage from enemy players or objectives. Can be self-cast.,item_activation,HeroFriendly,,,,,,,high,"[""SRC-0004"",""SRC-0005""]",Rohfeld: AbilityCastRange. Exposure-Basis: current_default_infobox_label. Wiki-Label: Cast Range.
upgrade_health_stimpak,eff_ability_cast_delay,active,ability_cast_delay,0.2,seconds,Quellbedingung (englischer Tooltip): Grant Regen and Sprint Speed to the target. Gets dispelled if you take damage from enemy players or objectives. Can be self-cast.,item_activation,HeroFriendly,,,,,,,medium,"[""SRC-0004"",""SRC-0005""]",Rohfeld: AbilityCastDelay. Exposure-Basis: structured_timing_or_target_field. Wiki-Label: Cast Delay.
upgrade_health_stimpak,eff_total_health_regen,healing,total_health_regen,300,hp_per_second,Quellbedingung (englischer Tooltip): Grant Regen and Sprint Speed to the target. Gets dispelled if you take damage from enemy players or objectives. Can be self-cast.,item_activation,HeroFriendly,,,,,,,high,"[""SRC-0004"",""SRC-0005""]",Rohfeld: TotalHealthRegen. Exposure-Basis: current_default_infobox_label. Wiki-Label: Total HP Regen.
upgrade_health_stimpak,eff_total_health_regen_scaling,healing,total_health_regen_scaling,1.1,spirit_scaling_coefficient,Quellbedingung (englischer Tooltip): Grant Regen and Sprint Speed to the target. Gets dispelled if you take damage from enemy players or objectives. Can be self-cast.,item_activation,HeroFriendly,,,,,,,high,"[""SRC-0004"",""SRC-0005""]",Rohfeld: TotalHealthRegen. Exposure-Basis: current_default_infobox_label. Wiki-Label: Skalierung für TotalHealthRegen. Scale.Type: spirit.
upgrade_health_stimpak,eff_regen_duration,duration,regen_duration,20,seconds,Quellbedingung (englischer Tooltip): Grant Regen and Sprint Speed to the target. Gets dispelled if you take damage from enemy players or objectives. Can be self-cast.,item_activation,HeroFriendly,,,,,20,,high,"[""SRC-0004"",""SRC-0005""]",Rohfeld: RegenDuration. Exposure-Basis: current_default_infobox_label. Wiki-Label: Regen Duration.
upgrade_health_stimpak,eff_bonus_sprint_speed,movement,bonus_sprint_speed,2,m/s,"Immer, solange das Item ausgerüstet ist.",equipped,Self,,,,,,,high,"[""SRC-0004"",""SRC-0005""]",Rohfeld: BonusSprintSpeed. Exposure-Basis: current_default_infobox_label. Wiki-Label: Sprint Speed.
upgrade_lifestrike_gauntlets,eff_ability_cooldown,cooldown,ability_cooldown,8,seconds,Quellbedingung (englischer Tooltip): Your next Melee attack heals you. This heal is 30% effective vs non-heroes. Cooldown is 1.5x as long for Light Melee hits.,passive_proc_cooldown,AllEnemy,,,,,,8,high,"[""SRC-0004"",""SRC-0005""]",Rohfeld: AbilityCooldown. Exposure-Basis: current_default_infobox_label. Wiki-Label: Cooldown.
upgrade_lifestrike_gauntlets,eff_bonus_melee_damage_percent,damage,bonus_melee_damage_percent,12,percent,"Immer, solange das Item ausgerüstet ist.",equipped,Self,,,,,,,high,"[""SRC-0004"",""SRC-0005""]",Rohfeld: BonusMeleeDamagePercent. Exposure-Basis: current_default_infobox_label. Wiki-Label: Melee Damage.
upgrade_lifestrike_gauntlets,eff_lifestrike_heal,healing,lifestrike_heal,100,hp,Quellbedingung (englischer Tooltip): Your next Melee attack heals you. This heal is 30% effective vs non-heroes. Cooldown is 1.5x as long for Light Melee hits.,passive_item_rule,AllEnemy,,,,,,,high,"[""SRC-0004"",""SRC-0005""]",Rohfeld: LifestrikeHeal. Exposure-Basis: current_default_infobox_label. Wiki-Label: Heal on Melee Hit.
upgrade_melee_rebuttal,eff_bonus_health,healing,bonus_health,75,hp,"Immer, solange das Item ausgerüstet ist.",equipped,Self,,,,,,,high,"[""SRC-0004"",""SRC-0005""]",Rohfeld: BonusHealth. Exposure-Basis: current_default_infobox_label. Wiki-Label: Bonus Health.
upgrade_melee_rebuttal,eff_parry_cooldown_reduction,cooldown,parry_cooldown_reduction,1.75,seconds,"Quellbedingung (englischer Tooltip): On a successful Parry against an enemy Hero, Heal yourself for the damage parried and returns that damage to the target, and temporarily gain increased damage.",passive_item_rule,AllEnemy,,,,,,1.75,high,"[""SRC-0004"",""SRC-0005""]",Rohfeld: ParryCooldownReduction. Exposure-Basis: current_default_infobox_label. Wiki-Label: Parry Cooldown.
upgrade_melee_rebuttal,eff_buff_duration,duration,buff_duration,6,seconds,"Quellbedingung (englischer Tooltip): On a successful Parry against an enemy Hero, Heal yourself for the damage parried and returns that damage to the target, and temporarily gain increased damage.",passive_item_rule,AllEnemy,,,,,6,,high,"[""SRC-0004"",""SRC-0005""]",Rohfeld: BuffDuration. Exposure-Basis: current_default_infobox_label. Wiki-Label: Buff Duration.
upgrade_melee_rebuttal,eff_bonus_damage_percent,damage,bonus_damage_percent,30,percent,"Quellbedingung (englischer Tooltip): On a successful Parry against an enemy Hero, Heal yourself for the damage parried and returns that damage to the target, and temporarily gain increased damage.",passive_item_rule,AllEnemy,,,,,,,high,"[""SRC-0004"",""SRC-0005""]",Rohfeld: BonusDamagePercent. Exposure-Basis: current_default_infobox_label. Wiki-Label: Bonus Damage.
upgrade_melee_rebuttal,eff_melee_resist_percent,defense,melee_resist_percent,18,percent,"Immer, solange das Item ausgerüstet ist.",equipped,Self,,,,,,,high,"[""SRC-0004"",""SRC-0005""]",Rohfeld: MeleeResistPercent. Exposure-Basis: current_default_infobox_label. Wiki-Label: Melee Resist.
upgrade_sprint_booster,eff_bonus_sprint_speed,movement,bonus_sprint_speed,2,m/s,"Immer, solange das Item ausgerüstet ist.",equipped,Self,,,,,,,high,"[""SRC-0004"",""SRC-0005""]",Rohfeld: BonusSprintSpeed. Exposure-Basis: current_default_infobox_label. Wiki-Label: Sprint Speed.
upgrade_sprint_booster,eff_out_of_combat_health_regen,healing,out_of_combat_health_regen,2,hp_per_second,"Immer, solange das Item ausgerüstet ist.",equipped,Self,,,,,,,high,"[""SRC-0004"",""SRC-0005""]",Rohfeld: OutOfCombatHealthRegen. Exposure-Basis: current_default_infobox_label. Wiki-Label: Out of Combat Regen.
upgrade_regenerating_bullet_shield,eff_bullet_resist,defense,bullet_resist,18,percent,"Immer, solange das Item ausgerüstet ist.",equipped,Self,,,,,,,high,"[""SRC-0004"",""SRC-0005""]",Rohfeld: BulletResist. Exposure-Basis: current_default_infobox_label. Wiki-Label: Bullet Resist.
upgrade_regenerating_bullet_shield,eff_out_of_combat_health_regen,healing,out_of_combat_health_regen,3,hp_per_second,"Immer, solange das Item ausgerüstet ist.",equipped,Self,,,,,,,high,"[""SRC-0004"",""SRC-0005""]",Rohfeld: OutOfCombatHealthRegen. Exposure-Basis: current_default_infobox_label. Wiki-Label: Out of Combat Regen.
upgrade_regenerating_bullet_shield,eff_base_attack_damage_percent,damage,base_attack_damage_percent,18,percent,"Immer, solange das Item ausgerüstet ist.",equipped,Self,,,,,,,high,"[""SRC-0004"",""SRC-0005""]",Rohfeld: BaseAttackDamagePercent. Exposure-Basis: current_default_infobox_label. Wiki-Label: Weapon Damage.
upgrade_regenerating_bullet_shield,eff_bonus_fire_rate,weapon_operation,bonus_fire_rate,7,percent,"Immer, solange das Item ausgerüstet ist.",equipped,Self,,,,,,,high,"[""SRC-0004"",""SRC-0005""]",Rohfeld: BonusFireRate. Exposure-Basis: current_default_infobox_label. Wiki-Label: Fire Rate.
upgrade_vampire,eff_bullet_lifesteal_percent,healing,bullet_lifesteal_percent,13,percent,"Immer, solange das Item ausgerüstet ist.",equipped,Self,,,,,,,high,"[""SRC-0004"",""SRC-0005""]",Rohfeld: BulletLifestealPercent. Exposure-Basis: current_default_infobox_label. Wiki-Label: Bullet Lifesteal.
upgrade_debuff_reducer,eff_status_resistance_percent,defense,status_resistance_percent,25,percent,"Immer, solange das Item ausgerüstet ist.",equipped,Self,,,,,,,high,"[""SRC-0004"",""SRC-0005""]",Rohfeld: StatusResistancePercent. Exposure-Basis: current_default_infobox_label. Wiki-Label: Debuff Resist.
upgrade_debuff_reducer,eff_bonus_health,healing,bonus_health,90,hp,"Immer, solange das Item ausgerüstet ist.",equipped,Self,,,,,,,high,"[""SRC-0004"",""SRC-0005""]",Rohfeld: BonusHealth. Exposure-Basis: current_default_infobox_label. Wiki-Label: Bonus Health.
upgrade_magic_shield,eff_tech_power,passive,tech_power,15,spirit_power,"Immer, solange das Item ausgerüstet ist.",equipped,Self,,,,,,,high,"[""SRC-0004"",""SRC-0005""]",Rohfeld: TechPower. Exposure-Basis: current_default_infobox_label. Wiki-Label: Spirit Power.
upgrade_magic_shield,eff_tech_resist,defense,tech_resist,18,percent,"Immer, solange das Item ausgerüstet ist.",equipped,Self,,,,,,,high,"[""SRC-0004"",""SRC-0005""]",Rohfeld: TechResist. Exposure-Basis: current_default_infobox_label. Wiki-Label: Spirit Resist.
upgrade_magic_shield,eff_out_of_combat_health_regen,healing,out_of_combat_health_regen,2,hp_per_second,"Immer, solange das Item ausgerüstet ist.",equipped,Self,,,,,,,high,"[""SRC-0004"",""SRC-0005""]",Rohfeld: OutOfCombatHealthRegen. Exposure-Basis: current_default_infobox_label. Wiki-Label: Out of Combat Regen.
upgrade_magic_shield,eff_cooldown_reduction,cooldown,cooldown_reduction,5,percent,"Immer, solange das Item ausgerüstet ist.",equipped,Self,,,,,,5,high,"[""SRC-0004"",""SRC-0005""]",Rohfeld: CooldownReduction. Exposure-Basis: current_default_infobox_label. Wiki-Label: Ability Cooldown Reduction.
upgrade_cardio_calibrator,eff_bonus_move_speed,movement,bonus_move_speed,2,m/s,"Immer, solange das Item ausgerüstet ist.",equipped,Self,,,,,,,high,"[""SRC-0004"",""SRC-0005""]",Rohfeld: BonusMoveSpeed. Exposure-Basis: current_default_infobox_label. Wiki-Label: Move Speed.
upgrade_cardio_calibrator,eff_slow_resistance_percent,defense,slow_resistance_percent,25,percent,"Immer, solange das Item ausgerüstet ist.",equipped,Self,,,,,,,high,"[""SRC-0004"",""SRC-0005""]",Rohfeld: SlowResistancePercent. Exposure-Basis: current_default_infobox_label. Wiki-Label: Slow Resist.
upgrade_cardio_calibrator,eff_out_of_combat_health_regen,healing,out_of_combat_health_regen,2,hp_per_second,"Immer, solange das Item ausgerüstet ist.",equipped,Self,,,,,,,high,"[""SRC-0004"",""SRC-0005""]",Rohfeld: OutOfCombatHealthRegen. Exposure-Basis: current_default_infobox_label. Wiki-Label: Out of Combat Regen.
upgrade_guardian_ward,eff_ability_cooldown,cooldown,ability_cooldown,60,seconds,Quellbedingung (englischer Tooltip): Provide the target with a Barrier and temporary Move Speed. Can be self-cast.Cooldown is reduced by half when cast on someone else.,item_activation,HeroFriendly,,,,,,60,high,"[""SRC-0004"",""SRC-0005""]",Rohfeld: AbilityCooldown. Exposure-Basis: current_default_infobox_label. Wiki-Label: Cooldown.
upgrade_guardian_ward,eff_ability_cast_range,active,ability_cast_range,40,m,Quellbedingung (englischer Tooltip): Provide the target with a Barrier and temporary Move Speed. Can be self-cast.Cooldown is reduced by half when cast on someone else.,item_activation,HeroFriendly,,,,,,,high,"[""SRC-0004"",""SRC-0005""]",Rohfeld: AbilityCastRange. Exposure-Basis: current_default_infobox_label. Wiki-Label: Cast Range.
upgrade_guardian_ward,eff_ability_cast_delay,active,ability_cast_delay,0.2,seconds,Quellbedingung (englischer Tooltip): Provide the target with a Barrier and temporary Move Speed. Can be self-cast.Cooldown is reduced by half when cast on someone else.,item_activation,HeroFriendly,,,,,,,medium,"[""SRC-0004"",""SRC-0005""]",Rohfeld: AbilityCastDelay. Exposure-Basis: structured_timing_or_target_field. Wiki-Label: Cast Delay.
upgrade_guardian_ward,eff_out_of_combat_health_regen,healing,out_of_combat_health_regen,1.5,hp_per_second,"Immer, solange das Item ausgerüstet ist.",equipped,Self,,,,,,,high,"[""SRC-0004"",""SRC-0005""]",Rohfeld: OutOfCombatHealthRegen. Exposure-Basis: current_default_infobox_label. Wiki-Label: Out of Combat Regen.
upgrade_guardian_ward,eff_buff_duration,duration,buff_duration,6,seconds,Quellbedingung (englischer Tooltip): Provide the target with a Barrier and temporary Move Speed. Can be self-cast.Cooldown is reduced by half when cast on someone else.,item_activation,HeroFriendly,,,,,6,,high,"[""SRC-0004"",""SRC-0005""]",Rohfeld: BuffDuration. Exposure-Basis: current_default_infobox_label. Wiki-Label: Buff Duration.
upgrade_guardian_ward,eff_bonus_move_speed,movement,bonus_move_speed,2.75,m/s,"Immer, solange das Item ausgerüstet ist.",equipped,Self,,,,,,,high,"[""SRC-0004"",""SRC-0005""]",Rohfeld: BonusMoveSpeed. Exposure-Basis: current_default_infobox_label. Wiki-Label: Move Speed.
upgrade_guardian_ward,eff_tech_range_multiplier,active,tech_range_multiplier,8,percent,"Immer, solange das Item ausgerüstet ist.",equipped,Self,,,,,,,high,"[""SRC-0004"",""SRC-0005""]",Rohfeld: TechRangeMultiplier. Exposure-Basis: current_default_infobox_label. Wiki-Label: Ability Range.
upgrade_healbane,eff_ability_duration,duration,ability_duration,8,seconds,"Quellbedingung (englischer Tooltip): Your {g:citadel_inline_attribute:'SpiritDamage'} applies Healing Reduction. If an enemy hero dies under this effect, you receive a large heal.",passive_item_rule,AllEnemy,,,,,8,,high,"[""SRC-0004"",""SRC-0005""]",Rohfeld: AbilityDuration. Exposure-Basis: current_default_infobox_label. Wiki-Label: Duration.
upgrade_healbane,eff_tech_power,passive,tech_power,7,spirit_power,"Immer, solange das Item ausgerüstet ist.",equipped,Self,,,,,,,high,"[""SRC-0004"",""SRC-0005""]",Rohfeld: TechPower. Exposure-Basis: current_default_infobox_label. Wiki-Label: Spirit Power.
upgrade_healbane,eff_heal_amp_receive_penalty_percent,healing,heal_amp_receive_penalty_percent,-35,percent,"Quellbedingung (englischer Tooltip): Your {g:citadel_inline_attribute:'SpiritDamage'} applies Healing Reduction. If an enemy hero dies under this effect, you receive a large heal.",passive_item_rule,AllEnemy,,,,,,,high,"[""SRC-0004"",""SRC-0005""]",Rohfeld: HealAmpReceivePenaltyPercent. Exposure-Basis: current_default_infobox_label. Wiki-Label: Healing Reduction.
upgrade_healbane,eff_heal_amp_regen_penalty_percent,healing,heal_amp_regen_penalty_percent,-35,percent,"Quellbedingung (englischer Tooltip): Your {g:citadel_inline_attribute:'SpiritDamage'} applies Healing Reduction. If an enemy hero dies under this effect, you receive a large heal.",passive_item_rule,AllEnemy,,,,,,,high,"[""SRC-0004"",""SRC-0005""]",Rohfeld: HealAmpRegenPenaltyPercent. Exposure-Basis: current_default_infobox_label. Wiki-Label: Healing Reduction.
upgrade_healbane,eff_heal_on_kill,healing,heal_on_kill,275,hp,"Quellbedingung (englischer Tooltip): Your {g:citadel_inline_attribute:'SpiritDamage'} applies Healing Reduction. If an enemy hero dies under this effect, you receive a large heal.",kill,AllEnemy,,,,,,,high,"[""SRC-0004"",""SRC-0005""]",Rohfeld: HealOnKill. Exposure-Basis: current_default_infobox_label. Wiki-Label: Heal On Hero Kill.
upgrade_healing_booster,eff_heal_amp_cast_percent,healing,heal_amp_cast_percent,20,percent,Quellbedingung (englischer Tooltip): Increases the effectiveness of your healing.,passive_item_rule,Self_or_source_defined,,,,,,,high,"[""SRC-0004"",""SRC-0005""]",Rohfeld: HealAmpCastPercent. Exposure-Basis: current_default_infobox_label. Wiki-Label: Healing Effectiveness.
upgrade_healing_booster,eff_bonus_health_regen,healing,bonus_health_regen,3,hp_per_second,"Immer, solange das Item ausgerüstet ist.",equipped,Self,,,,,,,high,"[""SRC-0004"",""SRC-0005""]",Rohfeld: BonusHealthRegen. Exposure-Basis: current_default_infobox_label. Wiki-Label: Health Regen.
upgrade_healing_booster,eff_out_of_combat_health_regen,healing,out_of_combat_health_regen,1,hp_per_second,"Immer, solange das Item ausgerüstet ist.",equipped,Self,,,,,,,high,"[""SRC-0004"",""SRC-0005""]",Rohfeld: OutOfCombatHealthRegen. Exposure-Basis: current_default_infobox_label. Wiki-Label: Out of Combat Regen.
upgrade_vex_barrier,eff_ability_cooldown,cooldown,ability_cooldown,55,seconds,"Quellbedingung (englischer Tooltip): Gain a Barrier when you are Stunned, Chained, Immobilized, Slept or Silenced.",passive_proc_cooldown,Self_or_source_defined,,,,,,55,medium,"[""SRC-0004"",""SRC-0005""]",Rohfeld: AbilityCooldown. Exposure-Basis: structured_timing_or_target_field. Wiki-Label: Cooldown.
upgrade_vex_barrier,eff_ability_duration,duration,ability_duration,10,seconds,"Quellbedingung (englischer Tooltip): Gain a Barrier when you are Stunned, Chained, Immobilized, Slept or Silenced.",passive_item_rule,Self_or_source_defined,,,,,10,,high,"[""SRC-0004"",""SRC-0005""]",Rohfeld: AbilityDuration. Exposure-Basis: current_default_infobox_label. Wiki-Label: Duration.
upgrade_vex_barrier,eff_out_of_combat_health_regen,healing,out_of_combat_health_regen,1,hp_per_second,"Immer, solange das Item ausgerüstet ist.",equipped,Self,,,,,,,high,"[""SRC-0004"",""SRC-0005""]",Rohfeld: OutOfCombatHealthRegen. Exposure-Basis: current_default_infobox_label. Wiki-Label: Out of Combat Regen.
upgrade_restorative_locket,eff_ability_cooldown,cooldown,ability_cooldown,20,seconds,Item-spezifische Bedingung ist im strukturierten Datensatz nicht als eigenes Feld dokumentiert.,item_activation,HeroFriendly,,,,,,20,medium,"[""SRC-0004"",""SRC-0005""]",Rohfeld: AbilityCooldown. Exposure-Basis: structured_timing_or_target_field. Wiki-Label: Cooldown.
upgrade_restorative_locket,eff_ability_cast_range,active,ability_cast_range,35,m,Item-spezifische Bedingung ist im strukturierten Datensatz nicht als eigenes Feld dokumentiert.,item_activation,HeroFriendly,,,,,,,medium,"[""SRC-0004"",""SRC-0005""]",Rohfeld: AbilityCastRange. Exposure-Basis: structured_timing_or_target_field. Wiki-Label: Cast Range.
upgrade_restorative_locket,eff_ability_cast_delay,active,ability_cast_delay,0.1,seconds,Item-spezifische Bedingung ist im strukturierten Datensatz nicht als eigenes Feld dokumentiert.,item_activation,HeroFriendly,,,,,,,medium,"[""SRC-0004"",""SRC-0005""]",Rohfeld: AbilityCastDelay. Exposure-Basis: structured_timing_or_target_field. Wiki-Label: Cast Delay.
upgrade_restorative_locket,eff_tech_resist,defense,tech_resist,8,percent,"Immer, solange das Item ausgerüstet ist.",equipped,Self,,,,,,,high,"[""SRC-0004"",""SRC-0005""]",Rohfeld: TechResist. Exposure-Basis: current_default_infobox_label. Wiki-Label: Spirit Resist.
upgrade_restorative_locket,eff_heal_per_stack,healing,heal_per_stack,16,hp,Item-spezifische Bedingung ist im strukturierten Datensatz nicht als eigenes Feld dokumentiert.,stack_change,HeroFriendly,,,pro_stack,25,,,high,"[""SRC-0004"",""SRC-0005""]",Rohfeld: HealPerStack. Exposure-Basis: current_default_infobox_label. Wiki-Label: Heal Per Stack.
upgrade_restorative_locket,eff_heal_per_stack_scaling,healing,heal_per_stack_scaling,0.5,power_increase_scaling_coefficient,Item-spezifische Bedingung ist im strukturierten Datensatz nicht als eigenes Feld dokumentiert.,stack_change,HeroFriendly,,,pro_stack,25,,,high,"[""SRC-0004""]",Rohfeld: HealPerStack. Exposure-Basis: current_default_infobox_label. Wiki-Label: Skalierung für HealPerStack. Scale.Type: power_increase.
upgrade_restorative_locket,eff_max_stacks,stacking,max_stacks,25,count,Item-spezifische Bedingung ist im strukturierten Datensatz nicht als eigenes Feld dokumentiert.,stack_change,HeroFriendly,,,stack_limit,25,,,high,"[""SRC-0004"",""SRC-0005""]",Rohfeld: MaxStacks. Exposure-Basis: current_default_infobox_label. Wiki-Label: Max Stacks.
upgrade_restorative_locket,eff_max_stamina_restore,movement,max_stamina_restore,3,count,Item-spezifische Bedingung ist im strukturierten Datensatz nicht als eigenes Feld dokumentiert.,item_activation,HeroFriendly,,,,,,,high,"[""SRC-0004"",""SRC-0005""]",Rohfeld: MaxStaminaRestore. Exposure-Basis: current_default_infobox_label. Wiki-Label: Max Stamina Restore.
upgrade_return_fire,eff_ability_cooldown,cooldown,ability_cooldown,23,seconds,Quellbedingung (englischer Tooltip): Automatically fire a bullet towards any attacker who damages you with their abilities or weapon.,item_activation,Self_or_source_defined,,,,,,23,medium,"[""SRC-0004"",""SRC-0005""]",Rohfeld: AbilityCooldown. Exposure-Basis: structured_timing_or_target_field. Wiki-Label: Cooldown.
upgrade_return_fire,eff_ability_duration,duration,ability_duration,6.5,seconds,Quellbedingung (englischer Tooltip): Automatically fire a bullet towards any attacker who damages you with their abilities or weapon.,item_activation,Self_or_source_defined,,,,,6.5,,high,"[""SRC-0004"",""SRC-0005""]",Rohfeld: AbilityDuration. Exposure-Basis: current_default_infobox_label. Wiki-Label: Duration.
upgrade_return_fire,eff_bullet_damage_reflected_pct,damage,bullet_damage_reflected_pct,65,percent,Quellbedingung (englischer Tooltip): Automatically fire a bullet towards any attacker who damages you with their abilities or weapon.,item_activation,Self_or_source_defined,,,,,,,high,"[""SRC-0004"",""SRC-0005""]",Rohfeld: BulletDamageReflectedPct. Exposure-Basis: current_default_infobox_label. Wiki-Label: Bullet Damage Returned.
upgrade_return_fire,eff_spirit_damage_reflected_pct,damage,spirit_damage_reflected_pct,25,percent,Quellbedingung (englischer Tooltip): Automatically fire a bullet towards any attacker who damages you with their abilities or weapon.,item_activation,Self_or_source_defined,,,,,,,high,"[""SRC-0004"",""SRC-0005""]",Rohfeld: SpiritDamageReflectedPct. Exposure-Basis: current_default_infobox_label. Wiki-Label: Spirit Damage Returned.
upgrade_return_fire,eff_bullet_resist,defense,bullet_resist,10,percent,"Immer, solange das Item ausgerüstet ist.",equipped,Self,,,,,,,high,"[""SRC-0004"",""SRC-0005""]",Rohfeld: BulletResist. Exposure-Basis: current_default_infobox_label. Wiki-Label: Bullet Resist.
upgrade_health_stealing_magic,eff_ability_lifesteal_percent_hero,healing,ability_lifesteal_percent_hero,13,percent,"Immer, solange das Item ausgerüstet ist.",equipped,Self,,,,,,,high,"[""SRC-0004"",""SRC-0005""]",Rohfeld: AbilityLifestealPercentHero. Exposure-Basis: current_default_infobox_label. Wiki-Label: Spirit Lifesteal.
upgrade_spirit_bubble,eff_ability_cooldown,cooldown,ability_cooldown,45,seconds,Quellbedingung (englischer Tooltip): Gain a Barrier whenever you take significant {g:citadel_inline_attribute:'SpiritDamage'} from enemy Heroes in a small time frame.,passive_proc_cooldown,Self_or_source_defined,,,,,,45,medium,"[""SRC-0004"",""SRC-0005""]",Rohfeld: AbilityCooldown. Exposure-Basis: structured_timing_or_target_field. Wiki-Label: Cooldown.
upgrade_spirit_bubble,eff_damage_window,duration,damage_window,3.5,seconds,Quellbedingung (englischer Tooltip): Gain a Barrier whenever you take significant {g:citadel_inline_attribute:'SpiritDamage'} from enemy Heroes in a small time frame.,passive_item_rule,Self_or_source_defined,,,,,,,high,"[""SRC-0004"",""SRC-0005""]",Rohfeld: DamageWindow. Exposure-Basis: current_default_infobox_label. Wiki-Label: Time Frame.
upgrade_spirit_bubble,eff_damage_threshold,damage,damage_threshold,225,damage,Quellbedingung (englischer Tooltip): Gain a Barrier whenever you take significant {g:citadel_inline_attribute:'SpiritDamage'} from enemy Heroes in a small time frame.,passive_item_rule,Self_or_source_defined,,,,,,,high,"[""SRC-0004"",""SRC-0005""]",Rohfeld: DamageThreshold. Exposure-Basis: current_default_infobox_label. Wiki-Label: Damage Threshold.
upgrade_spirit_bubble,eff_combat_barrier,defense,combat_barrier,300,damage,Quellbedingung (englischer Tooltip): Gain a Barrier whenever you take significant {g:citadel_inline_attribute:'SpiritDamage'} from enemy Heroes in a small time frame.,passive_item_rule,Self_or_source_defined,,,,,,,high,"[""SRC-0004"",""SRC-0005""]",Rohfeld: CombatBarrier. Exposure-Basis: current_default_infobox_label. Wiki-Label: Barrier.
upgrade_spirit_bubble,eff_combat_barrier_scaling,defense,combat_barrier_scaling,5,power_increase_scaling_coefficient,Quellbedingung (englischer Tooltip): Gain a Barrier whenever you take significant {g:citadel_inline_attribute:'SpiritDamage'} from enemy Heroes in a small time frame.,passive_item_rule,Self_or_source_defined,,,,,,,high,"[""SRC-0004"",""SRC-0005""]",Rohfeld: CombatBarrier. Exposure-Basis: current_default_infobox_label. Wiki-Label: Skalierung für CombatBarrier. Scale.Type: power_increase.
upgrade_spirit_bubble,eff_out_of_combat_health_regen,healing,out_of_combat_health_regen,2.5,hp_per_second,"Immer, solange das Item ausgerüstet ist.",equipped,Self,,,,,,,high,"[""SRC-0004"",""SRC-0005""]",Rohfeld: OutOfCombatHealthRegen. Exposure-Basis: current_default_infobox_label. Wiki-Label: Out of Combat Regen.
upgrade_spirit_bubble,eff_barrier_duration,duration,barrier_duration,8,seconds,Quellbedingung (englischer Tooltip): Gain a Barrier whenever you take significant {g:citadel_inline_attribute:'SpiritDamage'} from enemy Heroes in a small time frame.,passive_item_rule,Self_or_source_defined,,,,,8,,high,"[""SRC-0004"",""SRC-0005""]",Rohfeld: BarrierDuration. Exposure-Basis: current_default_infobox_label. Wiki-Label: Barrier Duration.
upgrade_spirit_bubble,eff_tech_resist,defense,tech_resist,18,percent,"Immer, solange das Item ausgerüstet ist.",equipped,Self,,,,,,,high,"[""SRC-0004"",""SRC-0005""]",Rohfeld: TechResist. Exposure-Basis: current_default_infobox_label. Wiki-Label: Spirit Resist.
upgrade_trophy_collector,eff_bonus_sprint_speed,movement,bonus_sprint_speed,2,m/s,"Immer, solange das Item ausgerüstet ist.",equipped,Self,,,,,,,high,"[""SRC-0004"",""SRC-0005""]",Rohfeld: BonusSprintSpeed. Exposure-Basis: current_default_infobox_label. Wiki-Label: Sprint Speed.
upgrade_trophy_collector,eff_out_of_combat_health_regen,healing,out_of_combat_health_regen,2,hp_per_second,"Immer, solange das Item ausgerüstet ist.",equipped,Self,,,,,,,high,"[""SRC-0004"",""SRC-0005""]",Rohfeld: OutOfCombatHealthRegen. Exposure-Basis: current_default_infobox_label. Wiki-Label: Out of Combat Regen.
upgrade_trophy_collector,eff_stacking_gold_per_minute,stacking,stacking_gold_per_minute,18,souls,"Quellbedingung (englischer Tooltip): Whenever you score an assist or kill, gain extra sprint, ability range and passive soul generation. This effect stacks and persists through death.",stack_change,Self_or_source_defined,,,pro_stack,16,,,high,"[""SRC-0004"",""SRC-0005""]",Rohfeld: StackingGoldPerMinute. Exposure-Basis: current_default_infobox_label. Wiki-Label: Souls per Minute.
upgrade_trophy_collector,eff_max_stacks,stacking,max_stacks,16,count,"Quellbedingung (englischer Tooltip): Whenever you score an assist or kill, gain extra sprint, ability range and passive soul generation. This effect stacks and persists through death.",stack_change,Self_or_source_defined,,,stack_limit,16,,,high,"[""SRC-0004"",""SRC-0005""]",Rohfeld: MaxStacks. Exposure-Basis: current_default_infobox_label. Wiki-Label: Max Stacks.
upgrade_trophy_collector,eff_non_player_bonus_weapon_power,damage,non_player_bonus_weapon_power,-15,percent,"Quellbedingung (englischer Tooltip): Whenever you score an assist or kill, gain extra sprint, ability range and passive soul generation. This effect stacks and persists through death.",passive_item_rule,Self_or_source_defined,Expliziter Nicht-Hero-/NPC-Wert dieser Zeile.,,,,,,high,"[""SRC-0004"",""SRC-0005""]",Rohfeld: NonPlayerBonusWeaponPower. Exposure-Basis: current_default_infobox_label. Wiki-Label: Weapon Damage vs. NPCs.
upgrade_weapon_shielding,eff_ability_cooldown,cooldown,ability_cooldown,35,seconds,Quellbedingung (englischer Tooltip): Gain a Barrier whenever you take significant {g:citadel_inline_attribute:'WeaponDamage'} from enemy Heroes in a small time frame.,passive_proc_cooldown,Self_or_source_defined,,,,,,35,medium,"[""SRC-0004"",""SRC-0005""]",Rohfeld: AbilityCooldown. Exposure-Basis: structured_timing_or_target_field. Wiki-Label: Cooldown.
upgrade_weapon_shielding,eff_damage_window,duration,damage_window,4,seconds,Quellbedingung (englischer Tooltip): Gain a Barrier whenever you take significant {g:citadel_inline_attribute:'WeaponDamage'} from enemy Heroes in a small time frame.,passive_item_rule,Self_or_source_defined,,,,,,,high,"[""SRC-0004"",""SRC-0005""]",Rohfeld: DamageWindow. Exposure-Basis: current_default_infobox_label. Wiki-Label: Time Frame.
upgrade_weapon_shielding,eff_damage_threshold,damage,damage_threshold,250,damage,Quellbedingung (englischer Tooltip): Gain a Barrier whenever you take significant {g:citadel_inline_attribute:'WeaponDamage'} from enemy Heroes in a small time frame.,passive_item_rule,Self_or_source_defined,,,,,,,high,"[""SRC-0004"",""SRC-0005""]",Rohfeld: DamageThreshold. Exposure-Basis: current_default_infobox_label. Wiki-Label: Damage Threshold.
upgrade_weapon_shielding,eff_combat_barrier,defense,combat_barrier,300,damage,Quellbedingung (englischer Tooltip): Gain a Barrier whenever you take significant {g:citadel_inline_attribute:'WeaponDamage'} from enemy Heroes in a small time frame.,passive_item_rule,Self_or_source_defined,,,,,,,high,"[""SRC-0004"",""SRC-0005""]",Rohfeld: CombatBarrier. Exposure-Basis: current_default_infobox_label. Wiki-Label: Barrier.
upgrade_weapon_shielding,eff_combat_barrier_scaling,defense,combat_barrier_scaling,5,power_increase_scaling_coefficient,Quellbedingung (englischer Tooltip): Gain a Barrier whenever you take significant {g:citadel_inline_attribute:'WeaponDamage'} from enemy Heroes in a small time frame.,passive_item_rule,Self_or_source_defined,,,,,,,high,"[""SRC-0004"",""SRC-0005""]",Rohfeld: CombatBarrier. Exposure-Basis: current_default_infobox_label. Wiki-Label: Skalierung für CombatBarrier. Scale.Type: power_increase.
upgrade_weapon_shielding,eff_out_of_combat_health_regen,healing,out_of_combat_health_regen,2.5,hp_per_second,"Immer, solange das Item ausgerüstet ist.",equipped,Self,,,,,,,high,"[""SRC-0004"",""SRC-0005""]",Rohfeld: OutOfCombatHealthRegen. Exposure-Basis: current_default_infobox_label. Wiki-Label: Out of Combat Regen.
upgrade_weapon_shielding,eff_barrier_duration,duration,barrier_duration,8,seconds,Quellbedingung (englischer Tooltip): Gain a Barrier whenever you take significant {g:citadel_inline_attribute:'WeaponDamage'} from enemy Heroes in a small time frame.,passive_item_rule,Self_or_source_defined,,,,,8,,high,"[""SRC-0004"",""SRC-0005""]",Rohfeld: BarrierDuration. Exposure-Basis: current_default_infobox_label. Wiki-Label: Barrier Duration.
upgrade_weapon_shielding,eff_bullet_resist,defense,bullet_resist,18,percent,"Immer, solange das Item ausgerüstet ist.",equipped,Self,,,,,,,high,"[""SRC-0004"",""SRC-0005""]",Rohfeld: BulletResist. Exposure-Basis: current_default_infobox_label. Wiki-Label: Bullet Resist.
upgrade_improved_bullet_armor,eff_bullet_resist,defense,bullet_resist,30,percent,"Immer, solange das Item ausgerüstet ist.",equipped,Self,,,,,,,high,"[""SRC-0004"",""SRC-0005""]",Rohfeld: BulletResist. Exposure-Basis: current_default_infobox_label. Wiki-Label: Bullet Resist.
upgrade_improved_bullet_armor,eff_out_of_combat_health_regen,healing,out_of_combat_health_regen,3,hp_per_second,"Immer, solange das Item ausgerüstet ist.",equipped,Self,,,,,,,high,"[""SRC-0004"",""SRC-0005""]",Rohfeld: OutOfCombatHealthRegen. Exposure-Basis: current_default_infobox_label. Wiki-Label: Out of Combat Regen.
upgrade_counterspell,eff_ability_cooldown,cooldown,ability_cooldown,23,seconds,Quellbedingung (englischer Tooltip): Your next parry protects you from the damage and effects of enemy abilities and items. On a successful spell parry {g:citadel_inline_attribute:'Heal'} and gain {g:citadel_inline_attribute:'MoveSpeed'} and {g:citadel_inline_attribute:'Spirit'}.,passive_proc_cooldown,AllEnemy,,,,,,23,medium,"[""SRC-0004"",""SRC-0005""]",Rohfeld: AbilityCooldown. Exposure-Basis: structured_timing_or_target_field. Wiki-Label: Cooldown.
upgrade_counterspell,eff_spirit_power,passive,spirit_power,20,spirit_power,"Immer, solange das Item ausgerüstet ist.",equipped,Self,,,,,,,high,"[""SRC-0004"",""SRC-0005""]",Rohfeld: SpiritPower. Exposure-Basis: current_default_infobox_label. Wiki-Label: Spirit Power.
upgrade_counterspell,eff_bonus_move_speed,movement,bonus_move_speed,1.75,m/s,"Immer, solange das Item ausgerüstet ist.",equipped,Self,,,,,,,high,"[""SRC-0004"",""SRC-0005""]",Rohfeld: BonusMoveSpeed. Exposure-Basis: current_default_infobox_label. Wiki-Label: Move Speed.
upgrade_counterspell,eff_buff_duration,duration,buff_duration,6,seconds,Quellbedingung (englischer Tooltip): Your next parry protects you from the damage and effects of enemy abilities and items. On a successful spell parry {g:citadel_inline_attribute:'Heal'} and gain {g:citadel_inline_attribute:'MoveSpeed'} and {g:citadel_inline_attribute:'Spirit'}.,passive_item_rule,AllEnemy,,,,,6,,high,"[""SRC-0004"",""SRC-0005""]",Rohfeld: BuffDuration. Exposure-Basis: current_default_infobox_label. Wiki-Label: Buff Duration.
upgrade_counterspell,eff_spell_parry_duration,duration,spell_parry_duration,0.8,seconds,Quellbedingung (englischer Tooltip): Your next parry protects you from the damage and effects of enemy abilities and items. On a successful spell parry {g:citadel_inline_attribute:'Heal'} and gain {g:citadel_inline_attribute:'MoveSpeed'} and {g:citadel_inline_attribute:'Spirit'}.,passive_item_rule,AllEnemy,,,,,0.8,,high,"[""SRC-0004"",""SRC-0005""]",Rohfeld: SpellParryDuration. Exposure-Basis: current_default_infobox_label. Wiki-Label: Spell Parry Duration.
upgrade_counterspell,eff_bonus_health,healing,bonus_health,50,hp,"Immer, solange das Item ausgerüstet ist.",equipped,Self,,,,,,,high,"[""SRC-0004"",""SRC-0005""]",Rohfeld: BonusHealth. Exposure-Basis: current_default_infobox_label. Wiki-Label: Bonus Health.
upgrade_counterspell,eff_spirit_power_innate,passive,spirit_power_innate,5,spirit_power,Quellbedingung (englischer Tooltip): Your next parry protects you from the damage and effects of enemy abilities and items. On a successful spell parry {g:citadel_inline_attribute:'Heal'} and gain {g:citadel_inline_attribute:'MoveSpeed'} and {g:citadel_inline_attribute:'Spirit'}.,passive_item_rule,AllEnemy,,,,,,,high,"[""SRC-0004"",""SRC-0005""]",Rohfeld: SpiritPowerInnate. Exposure-Basis: current_default_infobox_label. Wiki-Label: Spirit Power.
upgrade_reduce_debuff_duration,eff_ability_cooldown,cooldown,ability_cooldown,45,seconds,Item-spezifische Bedingung ist im strukturierten Datensatz nicht als eigenes Feld dokumentiert.,item_activation,Self_or_source_defined,,,,,,45,medium,"[""SRC-0004"",""SRC-0005""]",Rohfeld: AbilityCooldown. Exposure-Basis: structured_timing_or_target_field. Wiki-Label: Cooldown.
upgrade_reduce_debuff_duration,eff_tech_resist,defense,tech_resist,10,percent,"Immer, solange das Item ausgerüstet ist.",equipped,Self,,,,,,,high,"[""SRC-0004"",""SRC-0005""]",Rohfeld: TechResist. Exposure-Basis: current_default_infobox_label. Wiki-Label: Spirit Resist.
upgrade_reduce_debuff_duration,eff_active_bonus_move_speed,movement,active_bonus_move_speed,2,m/s,Item-spezifische Bedingung ist im strukturierten Datensatz nicht als eigenes Feld dokumentiert.,item_activation,Self_or_source_defined,,,,,,,high,"[""SRC-0004"",""SRC-0005""]",Rohfeld: ActiveBonusMoveSpeed. Exposure-Basis: current_default_infobox_label. Wiki-Label: Move Speed.
upgrade_reduce_debuff_duration,eff_buff_duration,duration,buff_duration,3,seconds,Item-spezifische Bedingung ist im strukturierten Datensatz nicht als eigenes Feld dokumentiert.,item_activation,Self_or_source_defined,,,,,3,,high,"[""SRC-0004"",""SRC-0005""]",Rohfeld: BuffDuration. Exposure-Basis: current_default_infobox_label. Wiki-Label: Buff Duration.
upgrade_reduce_debuff_duration,eff_heal_on_activate,healing,heal_on_activate,250,hp,Item-spezifische Bedingung ist im strukturierten Datensatz nicht als eigenes Feld dokumentiert.,item_activation,Self_or_source_defined,,,,,,,high,"[""SRC-0004"",""SRC-0005""]",Rohfeld: HealOnActivate. Exposure-Basis: current_default_infobox_label. Wiki-Label: HP Healed On Activate.
upgrade_chonky,eff_restore_delay,passive,restore_delay,10,seconds,"Quellbedingung (englischer Tooltip): After not taking damage for a period, gain health regen.",passive_item_rule,Self_or_source_defined,,,,,,,high,"[""SRC-0004"",""SRC-0005""]",Rohfeld: RestoreDelay. Exposure-Basis: current_default_infobox_label. Wiki-Label: Restore Delay.
upgrade_chonky,eff_heal_life_percent_out_of_combat,healing,heal_life_percent_out_of_combat,2,percent,"Quellbedingung (englischer Tooltip): After not taking damage for a period, gain health regen.",passive_item_rule,Self_or_source_defined,,,,,,,high,"[""SRC-0004"",""SRC-0005""]",Rohfeld: HealLifePercentOutOfCombat. Exposure-Basis: current_default_infobox_label. Wiki-Label: Max Health Regen.
upgrade_chonky,eff_bonus_move_speed,movement,bonus_move_speed,1.5,m/s,"Immer, solange das Item ausgerüstet ist.",equipped,Self,,,,,,,high,"[""SRC-0004"",""SRC-0005""]",Rohfeld: BonusMoveSpeed. Exposure-Basis: current_default_infobox_label. Wiki-Label: Move Speed.
upgrade_chonky,eff_bonus_health,healing,bonus_health,375,hp,"Immer, solange das Item ausgerüstet ist.",equipped,Self,,,,,,,high,"[""SRC-0004"",""SRC-0005""]",Rohfeld: BonusHealth. Exposure-Basis: current_default_infobox_label. Wiki-Label: Bonus Health.
upgrade_fury_trance,eff_ability_cooldown,cooldown,ability_cooldown,18,seconds,Item-spezifische Bedingung ist im strukturierten Datensatz nicht als eigenes Feld dokumentiert.,item_activation,HeroFriendly,,,,,,18,medium,"[""SRC-0004"",""SRC-0005""]",Rohfeld: AbilityCooldown. Exposure-Basis: structured_timing_or_target_field. Wiki-Label: Cooldown.
upgrade_fury_trance,eff_ability_duration,duration,ability_duration,6.5,seconds,Item-spezifische Bedingung ist im strukturierten Datensatz nicht als eigenes Feld dokumentiert.,item_activation,HeroFriendly,,,,,6.5,,high,"[""SRC-0004"",""SRC-0005""]",Rohfeld: AbilityDuration. Exposure-Basis: current_default_infobox_label. Wiki-Label: Duration.
upgrade_fury_trance,eff_bullet_lifesteal_percent,healing,bullet_lifesteal_percent,14,percent,"Immer, solange das Item ausgerüstet ist.",equipped,Self,,,,,,,high,"[""SRC-0004"",""SRC-0005""]",Rohfeld: BulletLifestealPercent. Exposure-Basis: current_default_infobox_label. Wiki-Label: Bullet Lifesteal.
upgrade_fury_trance,eff_active_bonus_fire_rate,weapon_operation,active_bonus_fire_rate,32,percent,Item-spezifische Bedingung ist im strukturierten Datensatz nicht als eigenes Feld dokumentiert.,item_activation,HeroFriendly,,,,,,,high,"[""SRC-0004"",""SRC-0005""]",Rohfeld: ActiveBonusFireRate. Exposure-Basis: current_default_infobox_label. Wiki-Label: Fire Rate.
upgrade_fury_trance,eff_tech_resist,defense,tech_resist,40,percent,"Immer, solange das Item ausgerüstet ist.",equipped,Self,,,,,,,high,"[""SRC-0004"",""SRC-0005""]",Rohfeld: TechResist. Exposure-Basis: current_default_infobox_label. Wiki-Label: Spirit Resist.
upgrade_fury_trance,eff_bonus_health,healing,bonus_health,100,hp,"Immer, solange das Item ausgerüstet ist.",equipped,Self,,,,,,,high,"[""SRC-0004"",""SRC-0005""]",Rohfeld: BonusHealth. Exposure-Basis: current_default_infobox_label. Wiki-Label: Bonus Health.
upgrade_fury_trance,eff_base_attack_damage_percent,damage,base_attack_damage_percent,6,percent,"Immer, solange das Item ausgerüstet ist.",equipped,Self,,,,,,,high,"[""SRC-0004"",""SRC-0005""]",Rohfeld: BaseAttackDamagePercent. Exposure-Basis: current_default_infobox_label. Wiki-Label: Weapon Damage.
upgrade_fury_trance,eff_active_bonus_move_speed,movement,active_bonus_move_speed,1,m/s,Item-spezifische Bedingung ist im strukturierten Datensatz nicht als eigenes Feld dokumentiert.,item_activation,HeroFriendly,,,,,,,high,"[""SRC-0004"",""SRC-0005""]",Rohfeld: ActiveBonusMoveSpeed. Exposure-Basis: current_default_infobox_label. Wiki-Label: Move Speed.
upgrade_health_nova,eff_ability_cooldown,cooldown,ability_cooldown,60,seconds,Quellbedingung (englischer Tooltip): Heal yourself and nearby allies.,item_activation,HeroFriendly;TrooperFriendly;MinionFriendly,TargetTypes: HeroFriendly;TrooperFriendly;MinionFriendly.,,,,,60,medium,"[""SRC-0004"",""SRC-0005""]",Rohfeld: AbilityCooldown. Exposure-Basis: structured_timing_or_target_field. Wiki-Label: Cooldown.
upgrade_health_nova,eff_ability_cast_delay,active,ability_cast_delay,0.25,seconds,Quellbedingung (englischer Tooltip): Heal yourself and nearby allies.,item_activation,HeroFriendly;TrooperFriendly;MinionFriendly,TargetTypes: HeroFriendly;TrooperFriendly;MinionFriendly.,,,,,,medium,"[""SRC-0004"",""SRC-0005""]",Rohfeld: AbilityCastDelay. Exposure-Basis: structured_timing_or_target_field. Wiki-Label: Cast Delay.
upgrade_health_nova,eff_total_health_regen,healing,total_health_regen,325,hp_per_second,Quellbedingung (englischer Tooltip): Heal yourself and nearby allies.,item_activation,HeroFriendly;TrooperFriendly;MinionFriendly,TargetTypes: HeroFriendly;TrooperFriendly;MinionFriendly.,,,,,,high,"[""SRC-0004"",""SRC-0005""]",Rohfeld: TotalHealthRegen. Exposure-Basis: current_default_infobox_label. Wiki-Label: Total HP Regen.
upgrade_health_nova,eff_total_health_regen_scaling,healing,total_health_regen_scaling,6,power_increase_scaling_coefficient,Quellbedingung (englischer Tooltip): Heal yourself and nearby allies.,item_activation,HeroFriendly;TrooperFriendly;MinionFriendly,TargetTypes: HeroFriendly;TrooperFriendly;MinionFriendly.,,,,,,high,"[""SRC-0004"",""SRC-0005""]",Rohfeld: TotalHealthRegen. Exposure-Basis: current_default_infobox_label. Wiki-Label: Skalierung für TotalHealthRegen. Scale.Type: power_increase.
upgrade_health_nova,eff_regen_duration,duration,regen_duration,2,seconds,Quellbedingung (englischer Tooltip): Heal yourself and nearby allies.,item_activation,HeroFriendly;TrooperFriendly;MinionFriendly,TargetTypes: HeroFriendly;TrooperFriendly;MinionFriendly.,,,,2,,high,"[""SRC-0004"",""SRC-0005""]",Rohfeld: RegenDuration. Exposure-Basis: current_default_infobox_label. Wiki-Label: Regen Duration.
upgrade_health_nova,eff_aura_radius,active,aura_radius,18,m,Quellbedingung (englischer Tooltip): Heal yourself and nearby allies.,item_activation,HeroFriendly;TrooperFriendly;MinionFriendly,TargetTypes: HeroFriendly;TrooperFriendly;MinionFriendly.,,,,,,high,"[""SRC-0004"",""SRC-0005""]",Rohfeld: AuraRadius. Exposure-Basis: current_default_infobox_label. Wiki-Label: Aura Radius.
upgrade_health_nova,eff_spirit_power,active,spirit_power,8,spirit_power,"Immer, solange das Item ausgerüstet ist.",equipped,Self,TargetTypes: HeroFriendly;TrooperFriendly;MinionFriendly.,,,,,,high,"[""SRC-0004"",""SRC-0005""]",Rohfeld: SpiritPower. Exposure-Basis: current_default_infobox_label. Wiki-Label: Spirit Power.
upgrade_health_nova,eff_tech_range_multiplier,active,tech_range_multiplier,5,percent,"Immer, solange das Item ausgerüstet ist.",equipped,Self,TargetTypes: HeroFriendly;TrooperFriendly;MinionFriendly.,,,,,,high,"[""SRC-0004"",""SRC-0005""]",Rohfeld: TechRangeMultiplier. Exposure-Basis: current_default_infobox_label. Wiki-Label: Ability Range.
upgrade_health_nova,eff_tech_radius_multiplier,active,tech_radius_multiplier,5,percent,"Immer, solange das Item ausgerüstet ist.",equipped,Self,TargetTypes: HeroFriendly;TrooperFriendly;MinionFriendly.,,,,,,high,"[""SRC-0004"",""SRC-0005""]",Rohfeld: TechRadiusMultiplier. Exposure-Basis: current_default_infobox_label. Wiki-Label: Radius.
upgrade_boxing_glove,eff_ability_cooldown,cooldown,ability_cooldown,4,seconds,Quellbedingung (englischer Tooltip): Your Melee Attack applies Movement Slow and heals you for a percentage of the Melee Damage dealt plus a fixed amount. This heal is 40% effective vs non-heroes. Cooldown is 1.5x as long for Light Melee hits.,passive_proc_cooldown,AllEnemy,,,,,,4,high,"[""SRC-0004"",""SRC-0005""]",Rohfeld: AbilityCooldown. Exposure-Basis: current_default_infobox_label. Wiki-Label: Cooldown.
upgrade_boxing_glove,eff_slow_percent,passive,slow_percent,60,percent,Quellbedingung (englischer Tooltip): Your Melee Attack applies Movement Slow and heals you for a percentage of the Melee Damage dealt plus a fixed amount. This heal is 40% effective vs non-heroes. Cooldown is 1.5x as long for Light Melee hits.,passive_item_rule,AllEnemy,,,,,,,high,"[""SRC-0004"",""SRC-0005""]",Rohfeld: SlowPercent. Exposure-Basis: current_default_infobox_label. Wiki-Label: Move Speed.
upgrade_boxing_glove,eff_slow_duration,duration,slow_duration,2.5,seconds,Quellbedingung (englischer Tooltip): Your Melee Attack applies Movement Slow and heals you for a percentage of the Melee Damage dealt plus a fixed amount. This heal is 40% effective vs non-heroes. Cooldown is 1.5x as long for Light Melee hits.,passive_item_rule,AllEnemy,,,,,2.5,,high,"[""SRC-0004"",""SRC-0005""]",Rohfeld: SlowDuration. Exposure-Basis: current_default_infobox_label. Wiki-Label: Slow Duration.
upgrade_boxing_glove,eff_bonus_melee_damage_percent,damage,bonus_melee_damage_percent,16,percent,"Immer, solange das Item ausgerüstet ist.",equipped,Self,,,,,,,high,"[""SRC-0004"",""SRC-0005""]",Rohfeld: BonusMeleeDamagePercent. Exposure-Basis: current_default_infobox_label. Wiki-Label: Melee Damage.
upgrade_boxing_glove,eff_lifesteal_heal,healing,lifesteal_heal,100,hp,Quellbedingung (englischer Tooltip): Your Melee Attack applies Movement Slow and heals you for a percentage of the Melee Damage dealt plus a fixed amount. This heal is 40% effective vs non-heroes. Cooldown is 1.5x as long for Light Melee hits.,passive_item_rule,AllEnemy,,,,,,,high,"[""SRC-0004"",""SRC-0005""]",Rohfeld: LifestealHeal. Exposure-Basis: current_default_infobox_label. Wiki-Label: Heal on Melee Hit.
upgrade_boxing_glove,eff_lifesteal_heal_scaling,healing,lifesteal_heal_scaling,1.5,power_increase_scaling_coefficient,Quellbedingung (englischer Tooltip): Your Melee Attack applies Movement Slow and heals you for a percentage of the Melee Damage dealt plus a fixed amount. This heal is 40% effective vs non-heroes. Cooldown is 1.5x as long for Light Melee hits.,passive_item_rule,AllEnemy,,,,,,,high,"[""SRC-0004"",""SRC-0005""]",Rohfeld: LifestealHeal. Exposure-Basis: current_default_infobox_label. Wiki-Label: Skalierung für LifestealHeal. Scale.Type: power_increase.
upgrade_boxing_glove,eff_lifesteal_heal_percent,healing,lifesteal_heal_percent,30,percent,Quellbedingung (englischer Tooltip): Your Melee Attack applies Movement Slow and heals you for a percentage of the Melee Damage dealt plus a fixed amount. This heal is 40% effective vs non-heroes. Cooldown is 1.5x as long for Light Melee hits.,passive_item_rule,AllEnemy,,,,,,,high,"[""SRC-0004"",""SRC-0005""]",Rohfeld: LifestealHealPercent. Exposure-Basis: current_default_infobox_label. Wiki-Label: Melee Hit Heal.
upgrade_boxing_glove,eff_lifesteal_heal_percent_scaling,healing,lifesteal_heal_percent_scaling,0.5,power_increase_scaling_coefficient,Quellbedingung (englischer Tooltip): Your Melee Attack applies Movement Slow and heals you for a percentage of the Melee Damage dealt plus a fixed amount. This heal is 40% effective vs non-heroes. Cooldown is 1.5x as long for Light Melee hits.,passive_item_rule,AllEnemy,,,,,,,high,"[""SRC-0004"",""SRC-0005""]",Rohfeld: LifestealHealPercent. Exposure-Basis: current_default_infobox_label. Wiki-Label: Skalierung für LifestealHealPercent. Scale.Type: power_increase.
upgrade_boxing_glove,eff_bonus_health,healing,bonus_health,125,hp,"Immer, solange das Item ausgerüstet ist.",equipped,Self,,,,,,,high,"[""SRC-0004"",""SRC-0005""]",Rohfeld: BonusHealth. Exposure-Basis: current_default_infobox_label. Wiki-Label: Bonus Health.
upgrade_rocket_booster,eff_ability_cooldown,cooldown,ability_cooldown,45,seconds,"Quellbedingung (englischer Tooltip): Launch yourself high into the air and grant yourself a Barrier. While in the air, you can use the active again to drop down faster.Cannot be used for 5s if attacked by enemy Hero.",item_activation,AllEnemy,,,,,,45,high,"[""SRC-0004"",""SRC-0005""]",Rohfeld: AbilityCooldown. Exposure-Basis: current_default_infobox_label. Wiki-Label: Cooldown.
upgrade_rocket_booster,eff_interrupt_cooldown,cooldown,interrupt_cooldown,5,seconds,"Quellbedingung (englischer Tooltip): Launch yourself high into the air and grant yourself a Barrier. While in the air, you can use the active again to drop down faster.Cannot be used for 5s if attacked by enemy Hero.",item_activation,AllEnemy,,,,,,5,high,"[""SRC-0004"",""SRC-0005""]",Rohfeld: InterruptCooldown. Exposure-Basis: current_default_infobox_label. Wiki-Label: Interrupt Cooldown.
upgrade_rocket_booster,eff_air_control_percent,movement,air_control_percent,100,percent,"Quellbedingung (englischer Tooltip): Launch yourself high into the air and grant yourself a Barrier. While in the air, you can use the active again to drop down faster.Cannot be used for 5s if attacked by enemy Hero.",item_activation,AllEnemy,,,,,,,high,"[""SRC-0004"",""SRC-0005""]",Rohfeld: AirControlPercent. Exposure-Basis: current_default_infobox_label. Wiki-Label: Air Control.
upgrade_rocket_booster,eff_air_control_percent_barrier,defense,air_control_percent_barrier,50,percent,"Quellbedingung (englischer Tooltip): Launch yourself high into the air and grant yourself a Barrier. While in the air, you can use the active again to drop down faster.Cannot be used for 5s if attacked by enemy Hero.",item_activation,AllEnemy,,,,,,,high,"[""SRC-0004"",""SRC-0005""]",Rohfeld: AirControlPercentBarrier. Exposure-Basis: current_default_infobox_label. Wiki-Label: Air Control.
upgrade_rocket_booster,eff_combat_barrier,defense,combat_barrier,200,damage,"Quellbedingung (englischer Tooltip): Launch yourself high into the air and grant yourself a Barrier. While in the air, you can use the active again to drop down faster.Cannot be used for 5s if attacked by enemy Hero.",item_activation,AllEnemy,,,,,,,high,"[""SRC-0004"",""SRC-0005""]",Rohfeld: CombatBarrier. Exposure-Basis: current_default_infobox_label. Wiki-Label: Barrier.
upgrade_rocket_booster,eff_combat_barrier_scaling,defense,combat_barrier_scaling,12,power_increase_scaling_coefficient,"Quellbedingung (englischer Tooltip): Launch yourself high into the air and grant yourself a Barrier. While in the air, you can use the active again to drop down faster.Cannot be used for 5s if attacked by enemy Hero.",item_activation,AllEnemy,,,,,,,high,"[""SRC-0004"",""SRC-0005""]",Rohfeld: CombatBarrier. Exposure-Basis: current_default_infobox_label. Wiki-Label: Skalierung für CombatBarrier. Scale.Type: power_increase.
upgrade_rocket_booster,eff_barrier_duration,duration,barrier_duration,8,seconds,"Quellbedingung (englischer Tooltip): Launch yourself high into the air and grant yourself a Barrier. While in the air, you can use the active again to drop down faster.Cannot be used for 5s if attacked by enemy Hero.",item_activation,AllEnemy,,,,,8,,high,"[""SRC-0004"",""SRC-0005""]",Rohfeld: BarrierDuration. Exposure-Basis: current_default_infobox_label. Wiki-Label: Barrier Duration.
upgrade_metal_skin,eff_ability_cooldown,cooldown,ability_cooldown,24,seconds,Quellbedingung (englischer Tooltip): Become immune to bullets.,item_activation,Self_or_source_defined,,,,,,24,medium,"[""SRC-0004"",""SRC-0005""]",Rohfeld: AbilityCooldown. Exposure-Basis: structured_timing_or_target_field. Wiki-Label: Cooldown.
upgrade_metal_skin,eff_ability_duration,duration,ability_duration,5,seconds,Quellbedingung (englischer Tooltip): Become immune to bullets.,item_activation,Self_or_source_defined,,,,,5,,high,"[""SRC-0004"",""SRC-0005""]",Rohfeld: AbilityDuration. Exposure-Basis: current_default_infobox_label. Wiki-Label: Duration.
upgrade_metal_skin,eff_bullet_resist,defense,bullet_resist,12,percent,"Immer, solange das Item ausgerüstet ist.",equipped,Self,,,,,,,high,"[""SRC-0004"",""SRC-0005""]",Rohfeld: BulletResist. Exposure-Basis: current_default_infobox_label. Wiki-Label: Bullet Resist.
upgrade_metal_skin,eff_active_move_speed_penalty,movement,active_move_speed_penalty,-1.5,m/s,Quellbedingung (englischer Tooltip): Become immune to bullets.,item_activation,Self_or_source_defined,,,,,,,high,"[""SRC-0004"",""SRC-0005""]",Rohfeld: ActiveMoveSpeedPenalty. Exposure-Basis: current_default_infobox_label. Wiki-Label: Active Movespeed Penalty.
upgrade_metal_skin,eff_ground_dash_reduction_percent,movement,ground_dash_reduction_percent,-20,percent,"Immer, solange das Item ausgerüstet ist.",equipped,Self,,,,,,,high,"[""SRC-0004"",""SRC-0005""]",Rohfeld: GroundDashReductionPercent. Exposure-Basis: current_default_infobox_label. Wiki-Label: Dash Distance.
upgrade_rescue_beam,eff_ability_cooldown,cooldown,ability_cooldown,60,seconds,"Quellbedingung (englischer Tooltip): Heals a target allied hero and yourself for a percentage of Max Health. Once while healing, you can Pull the target towards you. Can be self-cast.",item_activation,HeroFriendly,,,,,,60,medium,"[""SRC-0004"",""SRC-0005""]",Rohfeld: AbilityCooldown. Exposure-Basis: structured_timing_or_target_field. Wiki-Label: Cooldown.
upgrade_rescue_beam,eff_ability_cast_range,active,ability_cast_range,35,m,"Quellbedingung (englischer Tooltip): Heals a target allied hero and yourself for a percentage of Max Health. Once while healing, you can Pull the target towards you. Can be self-cast.",item_activation,HeroFriendly,,,,,,,high,"[""SRC-0004"",""SRC-0005""]",Rohfeld: AbilityCastRange. Exposure-Basis: current_default_infobox_label. Wiki-Label: Cast Range.
upgrade_rescue_beam,eff_ability_channel_time,active,ability_channel_time,2.5,seconds,"Quellbedingung (englischer Tooltip): Heals a target allied hero and yourself for a percentage of Max Health. Once while healing, you can Pull the target towards you. Can be self-cast.",item_activation,HeroFriendly,,,,,,,high,"[""SRC-0004"",""SRC-0005""]",Rohfeld: AbilityChannelTime. Exposure-Basis: current_default_infobox_label. Wiki-Label: Channel Duration.
upgrade_rescue_beam,eff_heal_percent_amount,healing,heal_percent_amount,20,percent,"Quellbedingung (englischer Tooltip): Heals a target allied hero and yourself for a percentage of Max Health. Once while healing, you can Pull the target towards you. Can be self-cast.",item_activation,HeroFriendly,,,,,,,high,"[""SRC-0004"",""SRC-0005""]",Rohfeld: HealPercentAmount. Exposure-Basis: current_default_infobox_label. Wiki-Label: Heal Amount.
upgrade_rescue_beam,eff_bonus_sprint_speed,movement,bonus_sprint_speed,0.75,m/s,"Immer, solange das Item ausgerüstet ist.",equipped,Self,,,,,,,high,"[""SRC-0004"",""SRC-0005""]",Rohfeld: BonusSprintSpeed. Exposure-Basis: current_default_infobox_label. Wiki-Label: Sprint Speed.
upgrade_rescue_beam,eff_tech_range_multiplier,active,tech_range_multiplier,6,percent,"Immer, solange das Item ausgerüstet ist.",equipped,Self,,,,,,,high,"[""SRC-0004"",""SRC-0005""]",Rohfeld: TechRangeMultiplier. Exposure-Basis: current_default_infobox_label. Wiki-Label: Ability Range.
upgrade_tech_purge,eff_tech_resist,defense,tech_resist,30,percent,"Immer, solange das Item ausgerüstet ist.",equipped,Self,,,,,,,high,"[""SRC-0004"",""SRC-0005""]",Rohfeld: TechResist. Exposure-Basis: current_default_infobox_label. Wiki-Label: Spirit Resist.
upgrade_tech_purge,eff_out_of_combat_health_regen,healing,out_of_combat_health_regen,3,hp_per_second,"Immer, solange das Item ausgerüstet ist.",equipped,Self,,,,,,,high,"[""SRC-0004"",""SRC-0005""]",Rohfeld: OutOfCombatHealthRegen. Exposure-Basis: current_default_infobox_label. Wiki-Label: Out of Combat Regen.
upgrade_superior_stamina,eff_stamina,movement,stamina,2,count,"Immer, solange das Item ausgerüstet ist.",equipped,Self,,,,,,,high,"[""SRC-0004"",""SRC-0005""]",Rohfeld: Stamina. Exposure-Basis: current_default_infobox_label. Wiki-Label: Stamina.
upgrade_superior_stamina,eff_stamina_cooldown_reduction,cooldown,stamina_cooldown_reduction,18,percent,"Immer, solange das Item ausgerüstet ist.",equipped,Self,,,,,,18,high,"[""SRC-0004"",""SRC-0005""]",Rohfeld: StaminaCooldownReduction. Exposure-Basis: current_default_infobox_label. Wiki-Label: Stamina Recovery.
upgrade_superior_stamina,eff_air_move_increase_percent,movement,air_move_increase_percent,23,percent,Item-spezifische Bedingung ist im strukturierten Datensatz nicht als eigenes Feld dokumentiert.,passive_item_rule,Self_or_source_defined,,,,,,,high,"[""SRC-0004"",""SRC-0005""]",Rohfeld: AirMoveIncreasePercent. Exposure-Basis: current_default_infobox_label. Wiki-Label: Air Jump/Dash Distance.
upgrade_veil_walker,eff_ability_cooldown,cooldown,ability_cooldown,15,seconds,"Quellbedingung (englischer Tooltip): Walking through a cosmic veil grants you Stealth, Heal and increased Move Speed.",passive_proc_cooldown,Self_or_source_defined,,,,,,15,medium,"[""SRC-0004"",""SRC-0005""]",Rohfeld: AbilityCooldown. Exposure-Basis: structured_timing_or_target_field. Wiki-Label: Cooldown.
upgrade_veil_walker,eff_ability_duration,duration,ability_duration,16,seconds,"Quellbedingung (englischer Tooltip): Walking through a cosmic veil grants you Stealth, Heal and increased Move Speed.",passive_item_rule,Self_or_source_defined,,,,,16,,high,"[""SRC-0004"",""SRC-0005""]",Rohfeld: AbilityDuration. Exposure-Basis: current_default_infobox_label. Wiki-Label: Duration.
upgrade_veil_walker,eff_bonus_sprint_speed,movement,bonus_sprint_speed,2,m/s,"Immer, solange das Item ausgerüstet ist.",equipped,Self,,,,,,,high,"[""SRC-0004"",""SRC-0005""]",Rohfeld: BonusSprintSpeed. Exposure-Basis: current_default_infobox_label. Wiki-Label: Sprint Speed.
upgrade_veil_walker,eff_out_of_combat_health_regen,healing,out_of_combat_health_regen,2,hp_per_second,"Immer, solange das Item ausgerüstet ist.",equipped,Self,,,,,,,high,"[""SRC-0004"",""SRC-0005""]",Rohfeld: OutOfCombatHealthRegen. Exposure-Basis: current_default_infobox_label. Wiki-Label: Out of Combat Regen.
upgrade_veil_walker,eff_bonus_health,healing,bonus_health,125,hp,"Immer, solange das Item ausgerüstet ist.",equipped,Self,,,,,,,high,"[""SRC-0004"",""SRC-0005""]",Rohfeld: BonusHealth. Exposure-Basis: current_default_infobox_label. Wiki-Label: Bonus Health.
upgrade_veil_walker,eff_spirit_power,passive,spirit_power,10,spirit_power,"Immer, solange das Item ausgerüstet ist.",equipped,Self,,,,,,,high,"[""SRC-0004"",""SRC-0005""]",Rohfeld: SpiritPower. Exposure-Basis: current_default_infobox_label. Wiki-Label: Spirit Power.
upgrade_veil_walker,eff_invis_duration,duration,invis_duration,8,seconds,"Quellbedingung (englischer Tooltip): Walking through a cosmic veil grants you Stealth, Heal and increased Move Speed.",passive_item_rule,Self_or_source_defined,,,,,8,,high,"[""SRC-0004"",""SRC-0005""]",Rohfeld: InvisDuration. Exposure-Basis: current_default_infobox_label. Wiki-Label: Invisibility Duration.
upgrade_veil_walker,eff_bonus_move_speed,movement,bonus_move_speed,3.5,m/s,"Immer, solange das Item ausgerüstet ist.",equipped,Self,,,,,,,high,"[""SRC-0004"",""SRC-0005""]",Rohfeld: BonusMoveSpeed. Exposure-Basis: current_default_infobox_label. Wiki-Label: Move Speed.
upgrade_warp_stone,eff_ability_cooldown,cooldown,ability_cooldown,16,seconds,"Quellbedingung (englischer Tooltip): Teleport straight ahead, gaining Bullet Resist.",item_activation,Self_or_source_defined,,,,,,16,medium,"[""SRC-0004"",""SRC-0005""]",Rohfeld: AbilityCooldown. Exposure-Basis: structured_timing_or_target_field. Wiki-Label: Cooldown.
upgrade_warp_stone,eff_ability_cast_range,active,ability_cast_range,11,m,"Quellbedingung (englischer Tooltip): Teleport straight ahead, gaining Bullet Resist.",item_activation,Self_or_source_defined,,,,,,,medium,"[""SRC-0004"",""SRC-0005""]",Rohfeld: AbilityCastRange. Exposure-Basis: structured_timing_or_target_field. Wiki-Label: Cast Range.
upgrade_warp_stone,eff_bullet_resist,defense,bullet_resist,30,percent,"Immer, solange das Item ausgerüstet ist.",equipped,Self,,,,,,,high,"[""SRC-0004"",""SRC-0005""]",Rohfeld: BulletResist. Exposure-Basis: current_default_infobox_label. Wiki-Label: Bullet Resist.
upgrade_warp_stone,eff_caster_buff_duration,duration,caster_buff_duration,6,seconds,"Quellbedingung (englischer Tooltip): Teleport straight ahead, gaining Bullet Resist.",item_activation,Self_or_source_defined,,,,,6,,high,"[""SRC-0004"",""SRC-0005""]",Rohfeld: CasterBuffDuration. Exposure-Basis: current_default_infobox_label. Wiki-Label: Buff Duration.
upgrade_cheat_death,eff_ability_cooldown,cooldown,ability_cooldown,90,seconds,Item-spezifische Bedingung ist im strukturierten Datensatz nicht als eigenes Feld dokumentiert.,passive_proc_cooldown,AllEnemy,,,,,,90,medium,"[""SRC-0004"",""SRC-0005""]",Rohfeld: AbilityCooldown. Exposure-Basis: structured_timing_or_target_field. Wiki-Label: Cooldown.
upgrade_cheat_death,eff_death_immunity_duration,duration,death_immunity_duration,4.5,seconds,Item-spezifische Bedingung ist im strukturierten Datensatz nicht als eigenes Feld dokumentiert.,passive_item_rule,AllEnemy,,,,,4.5,,high,"[""SRC-0004"",""SRC-0005""]",Rohfeld: DeathImmunityDuration. Exposure-Basis: current_default_infobox_label. Wiki-Label: Death Immunity Duration.
upgrade_cheat_death,eff_bonus_health,healing,bonus_health,200,hp,"Immer, solange das Item ausgerüstet ist.",equipped,Self,,,,,,,high,"[""SRC-0004"",""SRC-0005""]",Rohfeld: BonusHealth. Exposure-Basis: current_default_infobox_label. Wiki-Label: Bonus Health.
upgrade_cheat_death,eff_bullet_resist,defense,bullet_resist,15,percent,"Immer, solange das Item ausgerüstet ist.",equipped,Self,,,,,,,high,"[""SRC-0004"",""SRC-0005""]",Rohfeld: BulletResist. Exposure-Basis: current_default_infobox_label. Wiki-Label: Bullet Resist.
upgrade_cheat_death,eff_death_immunity_damage_reduction,defense,death_immunity_damage_reduction,-60,percent,Item-spezifische Bedingung ist im strukturierten Datensatz nicht als eigenes Feld dokumentiert.,passive_item_rule,AllEnemy,,,,,,,high,"[""SRC-0004"",""SRC-0005""]",Rohfeld: DeathImmunityDamageReduction. Exposure-Basis: current_default_infobox_label. Wiki-Label: Damage Reduction.
upgrade_cheat_death,eff_heal_amp_receive_penalty_percent,healing,heal_amp_receive_penalty_percent,-60,percent,Item-spezifische Bedingung ist im strukturierten Datensatz nicht als eigenes Feld dokumentiert.,passive_item_rule,AllEnemy,,,,,,,high,"[""SRC-0004"",""SRC-0005""]",Rohfeld: HealAmpReceivePenaltyPercent. Exposure-Basis: current_default_infobox_label. Wiki-Label: Healing Reduction.
upgrade_cheat_death,eff_heal_amp_regen_penalty_percent,healing,heal_amp_regen_penalty_percent,-60,percent,Item-spezifische Bedingung ist im strukturierten Datensatz nicht als eigenes Feld dokumentiert.,passive_item_rule,AllEnemy,,,,,,,high,"[""SRC-0004"",""SRC-0005""]",Rohfeld: HealAmpRegenPenaltyPercent. Exposure-Basis: current_default_infobox_label. Wiki-Label: Healing Reduction.
upgrade_colossus,eff_ability_cooldown,cooldown,ability_cooldown,37,seconds,"Quellbedingung (englischer Tooltip): Grow larger in size, gaining {g:citadel_inline_attribute:'BulletResist'}, {g:citadel_inline_attribute:'SpiritResist'}, and {g:citadel_inline_attribute:'MeleeDamage'}. Nearby enemies suffer from {g:citadel_inline_attribute:'Slow'} and have reduced dash speed.",item_activation,Self_or_source_defined,,,,,,37,medium,"[""SRC-0004"",""SRC-0005""]",Rohfeld: AbilityCooldown. Exposure-Basis: structured_timing_or_target_field. Wiki-Label: Cooldown.
upgrade_colossus,eff_ability_duration,duration,ability_duration,7,seconds,"Quellbedingung (englischer Tooltip): Grow larger in size, gaining {g:citadel_inline_attribute:'BulletResist'}, {g:citadel_inline_attribute:'SpiritResist'}, and {g:citadel_inline_attribute:'MeleeDamage'}. Nearby enemies suffer from {g:citadel_inline_attribute:'Slow'} and have reduced dash speed.",item_activation,Self_or_source_defined,,,,,7,,high,"[""SRC-0004"",""SRC-0005""]",Rohfeld: AbilityDuration. Exposure-Basis: current_default_infobox_label. Wiki-Label: Duration.
upgrade_colossus,eff_bonus_base_health,healing,bonus_base_health,25,percent,"Immer, solange das Item ausgerüstet ist.",equipped,Self,,,,,,,high,"[""SRC-0004"",""SRC-0005""]",Rohfeld: BonusBaseHealth. Exposure-Basis: current_default_infobox_label. Wiki-Label: Base Health.
upgrade_colossus,eff_base_attack_damage_percent,damage,base_attack_damage_percent,15,percent,"Immer, solange das Item ausgerüstet ist.",equipped,Self,,,,,,,high,"[""SRC-0004"",""SRC-0005""]",Rohfeld: BaseAttackDamagePercent. Exposure-Basis: current_default_infobox_label. Wiki-Label: Weapon Damage.
upgrade_colossus,eff_buff_bullet_resist,defense,buff_bullet_resist,35,percent,"Quellbedingung (englischer Tooltip): Grow larger in size, gaining {g:citadel_inline_attribute:'BulletResist'}, {g:citadel_inline_attribute:'SpiritResist'}, and {g:citadel_inline_attribute:'MeleeDamage'}. Nearby enemies suffer from {g:citadel_inline_attribute:'Slow'} and have reduced dash speed.",item_activation,Self_or_source_defined,,,,,,,high,"[""SRC-0004"",""SRC-0005""]",Rohfeld: BuffBulletResist. Exposure-Basis: current_default_infobox_label. Wiki-Label: Bullet Resist.
upgrade_colossus,eff_buff_tech_resist,defense,buff_tech_resist,35,percent,"Quellbedingung (englischer Tooltip): Grow larger in size, gaining {g:citadel_inline_attribute:'BulletResist'}, {g:citadel_inline_attribute:'SpiritResist'}, and {g:citadel_inline_attribute:'MeleeDamage'}. Nearby enemies suffer from {g:citadel_inline_attribute:'Slow'} and have reduced dash speed.",item_activation,Self_or_source_defined,,,,,,,high,"[""SRC-0004"",""SRC-0005""]",Rohfeld: BuffTechResist. Exposure-Basis: current_default_infobox_label. Wiki-Label: Spirit Resist.
upgrade_colossus,eff_slow_percent,active,slow_percent,30,percent,"Quellbedingung (englischer Tooltip): Grow larger in size, gaining {g:citadel_inline_attribute:'BulletResist'}, {g:citadel_inline_attribute:'SpiritResist'}, and {g:citadel_inline_attribute:'MeleeDamage'}. Nearby enemies suffer from {g:citadel_inline_attribute:'Slow'} and have reduced dash speed.",item_activation,Self_or_source_defined,,,,,,,high,"[""SRC-0004"",""SRC-0005""]",Rohfeld: SlowPercent. Exposure-Basis: current_default_infobox_label. Wiki-Label: Move Speed.
upgrade_colossus,eff_radius,active,radius,14,m,"Quellbedingung (englischer Tooltip): Grow larger in size, gaining {g:citadel_inline_attribute:'BulletResist'}, {g:citadel_inline_attribute:'SpiritResist'}, and {g:citadel_inline_attribute:'MeleeDamage'}. Nearby enemies suffer from {g:citadel_inline_attribute:'Slow'} and have reduced dash speed.",item_activation,Self_or_source_defined,,,,,,,high,"[""SRC-0004"",""SRC-0005""]",Rohfeld: Radius. Exposure-Basis: current_default_infobox_label. Wiki-Label: Radius.
upgrade_colossus,eff_model_scale_growth_tooltip,active,model_scale_growth_tooltip,20,percent,"Quellbedingung (englischer Tooltip): Grow larger in size, gaining {g:citadel_inline_attribute:'BulletResist'}, {g:citadel_inline_attribute:'SpiritResist'}, and {g:citadel_inline_attribute:'MeleeDamage'}. Nearby enemies suffer from {g:citadel_inline_attribute:'Slow'} and have reduced dash speed.",item_activation,Self_or_source_defined,,,,,,,high,"[""SRC-0004"",""SRC-0005""]",Rohfeld: ModelScaleGrowthTooltip. Exposure-Basis: current_default_infobox_label. Wiki-Label: Model Scale.
upgrade_colossus,eff_bonus_melee_damage_percent,damage,bonus_melee_damage_percent,30,percent,"Immer, solange das Item ausgerüstet ist.",equipped,Self,,,,,,,high,"[""SRC-0004"",""SRC-0005""]",Rohfeld: BonusMeleeDamagePercent. Exposure-Basis: current_default_infobox_label. Wiki-Label: Melee Damage.
upgrade_divine_barrier,eff_ability_cooldown,cooldown,ability_cooldown,45,seconds,Quellbedingung (englischer Tooltip): Remove all non-stun debuffs from the target and provide them with a Barrier and Move Speed. Can be self-cast. Cooldown is reduced by half when cast on someone else.,item_activation,HeroFriendly,,,,,,45,high,"[""SRC-0004"",""SRC-0005""]",Rohfeld: AbilityCooldown. Exposure-Basis: current_default_infobox_label. Wiki-Label: Cooldown.
upgrade_divine_barrier,eff_ability_cast_range,active,ability_cast_range,40,m,Quellbedingung (englischer Tooltip): Remove all non-stun debuffs from the target and provide them with a Barrier and Move Speed. Can be self-cast. Cooldown is reduced by half when cast on someone else.,item_activation,HeroFriendly,,,,,,,high,"[""SRC-0004"",""SRC-0005""]",Rohfeld: AbilityCastRange. Exposure-Basis: current_default_infobox_label. Wiki-Label: Cast Range.
upgrade_divine_barrier,eff_ability_cast_delay,active,ability_cast_delay,0.2,seconds,Quellbedingung (englischer Tooltip): Remove all non-stun debuffs from the target and provide them with a Barrier and Move Speed. Can be self-cast. Cooldown is reduced by half when cast on someone else.,item_activation,HeroFriendly,,,,,,,medium,"[""SRC-0004"",""SRC-0005""]",Rohfeld: AbilityCastDelay. Exposure-Basis: structured_timing_or_target_field. Wiki-Label: Cast Delay.
upgrade_divine_barrier,eff_out_of_combat_health_regen,healing,out_of_combat_health_regen,1.5,hp_per_second,"Immer, solange das Item ausgerüstet ist.",equipped,Self,,,,,,,high,"[""SRC-0004"",""SRC-0005""]",Rohfeld: OutOfCombatHealthRegen. Exposure-Basis: current_default_infobox_label. Wiki-Label: Out of Combat Regen.
upgrade_divine_barrier,eff_buff_duration,duration,buff_duration,6,seconds,Quellbedingung (englischer Tooltip): Remove all non-stun debuffs from the target and provide them with a Barrier and Move Speed. Can be self-cast. Cooldown is reduced by half when cast on someone else.,item_activation,HeroFriendly,,,,,6,,high,"[""SRC-0004"",""SRC-0005""]",Rohfeld: BuffDuration. Exposure-Basis: current_default_infobox_label. Wiki-Label: Buff Duration.
upgrade_divine_barrier,eff_combat_barrier,defense,combat_barrier,600,damage,Quellbedingung (englischer Tooltip): Remove all non-stun debuffs from the target and provide them with a Barrier and Move Speed. Can be self-cast. Cooldown is reduced by half when cast on someone else.,item_activation,HeroFriendly,,,,,,,high,"[""SRC-0004"",""SRC-0005""]",Rohfeld: CombatBarrier. Exposure-Basis: current_default_infobox_label. Wiki-Label: Barrier.
upgrade_divine_barrier,eff_bonus_move_speed,movement,bonus_move_speed,2.75,m/s,"Immer, solange das Item ausgerüstet ist.",equipped,Self,,,,,,,high,"[""SRC-0004"",""SRC-0005""]",Rohfeld: BonusMoveSpeed. Exposure-Basis: current_default_infobox_label. Wiki-Label: Move Speed.
upgrade_divine_barrier,eff_tech_range_multiplier,active,tech_range_multiplier,10,percent,"Immer, solange das Item ausgerüstet ist.",equipped,Self,,,,,,,high,"[""SRC-0004"",""SRC-0005""]",Rohfeld: TechRangeMultiplier. Exposure-Basis: current_default_infobox_label. Wiki-Label: Ability Range.
upgrade_diviners_kevlar,eff_ability_cooldown,cooldown,ability_cooldown,40,seconds,Quellbedingung (englischer Tooltip): Upon casting an ultimate ability gain a Barrier and temporary Spirit Power.,passive_proc_cooldown,Self_or_source_defined,,,,,,40,medium,"[""SRC-0004"",""SRC-0005""]",Rohfeld: AbilityCooldown. Exposure-Basis: structured_timing_or_target_field. Wiki-Label: Cooldown.
upgrade_diviners_kevlar,eff_tech_power,passive,tech_power,40,spirit_power,"Immer, solange das Item ausgerüstet ist.",equipped,Self,,,,,,,high,"[""SRC-0004"",""SRC-0005""]",Rohfeld: TechPower. Exposure-Basis: current_default_infobox_label. Wiki-Label: Spirit Power.
upgrade_diviners_kevlar,eff_combat_barrier,defense,combat_barrier,1000,damage,Quellbedingung (englischer Tooltip): Upon casting an ultimate ability gain a Barrier and temporary Spirit Power.,passive_item_rule,Self_or_source_defined,,,,,,,high,"[""SRC-0004"",""SRC-0005""]",Rohfeld: CombatBarrier. Exposure-Basis: current_default_infobox_label. Wiki-Label: Barrier.
upgrade_diviners_kevlar,eff_buff_duration,duration,buff_duration,20,seconds,Quellbedingung (englischer Tooltip): Upon casting an ultimate ability gain a Barrier and temporary Spirit Power.,passive_item_rule,Self_or_source_defined,,,,,20,,high,"[""SRC-0004"",""SRC-0005""]",Rohfeld: BuffDuration. Exposure-Basis: current_default_infobox_label. Wiki-Label: Buff Duration.
upgrade_diviners_kevlar,eff_bonus_ability_duration_percent,duration,bonus_ability_duration_percent,15,percent,"Immer, solange das Item ausgerüstet ist.",equipped,Self,,,,,15,,high,"[""SRC-0004"",""SRC-0005""]",Rohfeld: BonusAbilityDurationPercent. Exposure-Basis: current_default_infobox_label. Wiki-Label: Ability Duration.
upgrade_healbuff,eff_ability_cooldown,cooldown,ability_cooldown,1,seconds,Quellbedingung (englischer Tooltip): Applying {g:citadel_inline_attribute:'Heal'} to yourself or an ally grants the target {g:citadel_inline_attribute:'BonusFireRate'} and {g:citadel_inline_attribute:'BonusMoveSpeed'}.Does not apply on innate Regen or passive Bullet/Spirit Lifesteals.,passive_proc_cooldown,Self_or_source_defined,,,,,,1,medium,"[""SRC-0004"",""SRC-0005""]",Rohfeld: AbilityCooldown. Exposure-Basis: structured_timing_or_target_field. Wiki-Label: Cooldown.
upgrade_healbuff,eff_bonus_fire_rate,weapon_operation,bonus_fire_rate,35,percent,"Immer, solange das Item ausgerüstet ist.",equipped,Self,,,,,,,high,"[""SRC-0004"",""SRC-0005""]",Rohfeld: BonusFireRate. Exposure-Basis: current_default_infobox_label. Wiki-Label: Fire Rate.
upgrade_healbuff,eff_buff_duration,duration,buff_duration,7,seconds,Quellbedingung (englischer Tooltip): Applying {g:citadel_inline_attribute:'Heal'} to yourself or an ally grants the target {g:citadel_inline_attribute:'BonusFireRate'} and {g:citadel_inline_attribute:'BonusMoveSpeed'}.Does not apply on innate Regen or passive Bullet/Spirit Lifesteals.,passive_item_rule,Self_or_source_defined,,,,,7,,high,"[""SRC-0004"",""SRC-0005""]",Rohfeld: BuffDuration. Exposure-Basis: current_default_infobox_label. Wiki-Label: Buff Duration.
upgrade_healbuff,eff_bonus_move_speed,movement,bonus_move_speed,1.25,m/s,"Immer, solange das Item ausgerüstet ist.",equipped,Self,,,,,,,high,"[""SRC-0004"",""SRC-0005""]",Rohfeld: BonusMoveSpeed. Exposure-Basis: current_default_infobox_label. Wiki-Label: Move Speed.
upgrade_healbuff,eff_tech_resist,defense,tech_resist,10,percent,"Immer, solange das Item ausgerüstet ist.",equipped,Self,,,,,,,high,"[""SRC-0004"",""SRC-0005""]",Rohfeld: TechResist. Exposure-Basis: current_default_infobox_label. Wiki-Label: Spirit Resist.
upgrade_healbuff,eff_bonus_health_regen,healing,bonus_health_regen,6,hp_per_second,"Immer, solange das Item ausgerüstet ist.",equipped,Self,,,,,,,high,"[""SRC-0004"",""SRC-0005""]",Rohfeld: BonusHealthRegen. Exposure-Basis: current_default_infobox_label. Wiki-Label: Health Regen.
upgrade_healbuff,eff_heal_amp_cast_percent,healing,heal_amp_cast_percent,25,percent,Quellbedingung (englischer Tooltip): Applying {g:citadel_inline_attribute:'Heal'} to yourself or an ally grants the target {g:citadel_inline_attribute:'BonusFireRate'} and {g:citadel_inline_attribute:'BonusMoveSpeed'}.Does not apply on innate Regen or passive Bullet/Spirit Lifesteals.,passive_item_rule,Self_or_source_defined,,,,,,,high,"[""SRC-0004"",""SRC-0005""]",Rohfeld: HealAmpCastPercent. Exposure-Basis: current_default_infobox_label. Wiki-Label: Healing Effectiveness.
upgrade_healbuff,eff_out_of_combat_health_regen,healing,out_of_combat_health_regen,4,hp_per_second,"Immer, solange das Item ausgerüstet ist.",equipped,Self,,,,,,,high,"[""SRC-0004"",""SRC-0005""]",Rohfeld: OutOfCombatHealthRegen. Exposure-Basis: current_default_infobox_label. Wiki-Label: Out of Combat Regen.
upgrade_auto_cleanse,eff_ability_cooldown,cooldown,ability_cooldown,55,seconds,Item-spezifische Bedingung ist im strukturierten Datensatz nicht als eigenes Feld dokumentiert.,passive_proc_cooldown,Self_or_source_defined,,,,,,55,high,"[""SRC-0004"",""SRC-0005""]",Rohfeld: AbilityCooldown. Exposure-Basis: current_default_infobox_label. Wiki-Label: Cooldown.
upgrade_auto_cleanse,eff_ability_duration,duration,ability_duration,10,seconds,Item-spezifische Bedingung ist im strukturierten Datensatz nicht als eigenes Feld dokumentiert.,passive_item_rule,Self_or_source_defined,,,,,10,,high,"[""SRC-0004"",""SRC-0005""]",Rohfeld: AbilityDuration. Exposure-Basis: current_default_infobox_label. Wiki-Label: Duration.
upgrade_auto_cleanse,eff_bullet_resist,defense,bullet_resist,10,percent,"Immer, solange das Item ausgerüstet ist.",equipped,Self,,,,,,,high,"[""SRC-0004"",""SRC-0005""]",Rohfeld: BulletResist. Exposure-Basis: current_default_infobox_label. Wiki-Label: Bullet Resist.
upgrade_auto_cleanse,eff_tech_resist,defense,tech_resist,10,percent,"Immer, solange das Item ausgerüstet ist.",equipped,Self,,,,,,,high,"[""SRC-0004"",""SRC-0005""]",Rohfeld: TechResist. Exposure-Basis: current_default_infobox_label. Wiki-Label: Spirit Resist.
upgrade_auto_cleanse,eff_out_of_combat_health_regen,healing,out_of_combat_health_regen,2,hp_per_second,"Immer, solange das Item ausgerüstet ist.",equipped,Self,,,,,,,high,"[""SRC-0004"",""SRC-0005""]",Rohfeld: OutOfCombatHealthRegen. Exposure-Basis: current_default_infobox_label. Wiki-Label: Out of Combat Regen.
upgrade_infuser,eff_ability_cooldown,cooldown,ability_cooldown,30,seconds,Quellbedingung (englischer Tooltip): Gain Spirit Lifesteal and Spirit Power.,item_activation,Self_or_source_defined,,,,,,30,medium,"[""SRC-0004"",""SRC-0005""]",Rohfeld: AbilityCooldown. Exposure-Basis: structured_timing_or_target_field. Wiki-Label: Cooldown.
upgrade_infuser,eff_ability_duration,duration,ability_duration,7,seconds,Quellbedingung (englischer Tooltip): Gain Spirit Lifesteal and Spirit Power.,item_activation,Self_or_source_defined,,,,,7,,high,"[""SRC-0004"",""SRC-0005""]",Rohfeld: AbilityDuration. Exposure-Basis: current_default_infobox_label. Wiki-Label: Duration.
upgrade_infuser,eff_tech_power,active,tech_power,6,spirit_power,"Immer, solange das Item ausgerüstet ist.",equipped,Self,,,,,,,high,"[""SRC-0004"",""SRC-0005""]",Rohfeld: TechPower. Exposure-Basis: current_default_infobox_label. Wiki-Label: Spirit Power.
upgrade_infuser,eff_bonus_health,healing,bonus_health,100,hp,"Immer, solange das Item ausgerüstet ist.",equipped,Self,,,,,,,high,"[""SRC-0004"",""SRC-0005""]",Rohfeld: BonusHealth. Exposure-Basis: current_default_infobox_label. Wiki-Label: Bonus Health.
upgrade_infuser,eff_bonus_spirit,active,bonus_spirit,30,spirit_power,"Immer, solange das Item ausgerüstet ist.",equipped,Self,,,,,,,high,"[""SRC-0004"",""SRC-0005""]",Rohfeld: BonusSpirit. Exposure-Basis: current_default_infobox_label. Wiki-Label: Spirit Power.
upgrade_infuser,eff_ability_lifesteal_percent_hero,healing,ability_lifesteal_percent_hero,70,percent,"Immer, solange das Item ausgerüstet ist.",equipped,Self,,,,,,,high,"[""SRC-0004"",""SRC-0005""]",Rohfeld: AbilityLifestealPercentHero. Exposure-Basis: current_default_infobox_label. Wiki-Label: Spirit Lifesteal.
upgrade_infuser,eff_tech_resist,defense,tech_resist,10,percent,"Immer, solange das Item ausgerüstet ist.",equipped,Self,,,,,,,high,"[""SRC-0004"",""SRC-0005""]",Rohfeld: TechResist. Exposure-Basis: current_default_infobox_label. Wiki-Label: Spirit Resist.
upgrade_infuser,eff_ability_lifesteal_percent_hero_passive,healing,ability_lifesteal_percent_hero_passive,13,percent,Quellbedingung (englischer Tooltip): Gain Spirit Lifesteal and Spirit Power.,item_activation,Self_or_source_defined,,,,,,,high,"[""SRC-0004"",""SRC-0005""]",Rohfeld: AbilityLifestealPercentHeroPassive. Exposure-Basis: current_default_infobox_label. Wiki-Label: Spirit Lifesteal.
upgrade_inhibitor,eff_bonus_health,healing,bonus_health,150,hp,"Immer, solange das Item ausgerüstet ist.",equipped,Self,,,,,,,high,"[""SRC-0004"",""SRC-0005""]",Rohfeld: BonusHealth. Exposure-Basis: current_default_infobox_label. Wiki-Label: Bonus Health.
upgrade_inhibitor,eff_debuff_duration,duration,debuff_duration,5,seconds,Quellbedingung (englischer Tooltip): Your bullets build up to reduce the target's outgoing damage and apply healing reduction.,passive_item_rule,AllEnemy,,,,,5,,high,"[""SRC-0004"",""SRC-0005""]",Rohfeld: DebuffDuration. Exposure-Basis: current_default_infobox_label. Wiki-Label: Debuff Duration.
upgrade_inhibitor,eff_outgoing_damage_penalty_percent,damage,outgoing_damage_penalty_percent,-30,percent,Quellbedingung (englischer Tooltip): Your bullets build up to reduce the target's outgoing damage and apply healing reduction.,passive_item_rule,AllEnemy,,,,,,,high,"[""SRC-0004"",""SRC-0005""]",Rohfeld: OutgoingDamagePenaltyPercent. Exposure-Basis: current_default_infobox_label. Wiki-Label: Damage Penalty.
upgrade_inhibitor,eff_base_attack_damage_percent,damage,base_attack_damage_percent,10,percent,"Immer, solange das Item ausgerüstet ist.",equipped,Self,,,,,,,high,"[""SRC-0004"",""SRC-0005""]",Rohfeld: BaseAttackDamagePercent. Exposure-Basis: current_default_infobox_label. Wiki-Label: Weapon Damage.
upgrade_inhibitor,eff_heal_amp_receive_penalty_percent,healing,heal_amp_receive_penalty_percent,-40,percent,Quellbedingung (englischer Tooltip): Your bullets build up to reduce the target's outgoing damage and apply healing reduction.,passive_item_rule,AllEnemy,,,,,,,high,"[""SRC-0004"",""SRC-0005""]",Rohfeld: HealAmpReceivePenaltyPercent. Exposure-Basis: current_default_infobox_label. Wiki-Label: Healing Reduction.
upgrade_inhibitor,eff_heal_amp_regen_penalty_percent,healing,heal_amp_regen_penalty_percent,-40,percent,Quellbedingung (englischer Tooltip): Your bullets build up to reduce the target's outgoing damage and apply healing reduction.,passive_item_rule,AllEnemy,,,,,,,high,"[""SRC-0004"",""SRC-0005""]",Rohfeld: HealAmpRegenPenaltyPercent. Exposure-Basis: current_default_infobox_label. Wiki-Label: Healing Reduction.
upgrade_juggernaut,eff_melee_resist_percent,defense,melee_resist_percent,25,percent,"Immer, solange das Item ausgerüstet ist.",equipped,Self,,,,,,,high,"[""SRC-0004"",""SRC-0005""]",Rohfeld: MeleeResistPercent. Exposure-Basis: current_default_infobox_label. Wiki-Label: Melee Resist.
upgrade_juggernaut,eff_slow_resistance_percent,defense,slow_resistance_percent,50,percent,"Immer, solange das Item ausgerüstet ist.",equipped,Self,,,,,,,high,"[""SRC-0004"",""SRC-0005""]",Rohfeld: SlowResistancePercent. Exposure-Basis: current_default_infobox_label. Wiki-Label: Slow Resist.
upgrade_juggernaut,eff_fire_rate_slow,weapon_operation,fire_rate_slow,40,percent,Item-spezifische Bedingung ist im strukturierten Datensatz nicht als eigenes Feld dokumentiert.,passive_item_rule,Self_or_source_defined,,,,,,,high,"[""SRC-0004"",""SRC-0005""]",Rohfeld: FireRateSlow. Exposure-Basis: current_default_infobox_label. Wiki-Label: Fire Rate.
upgrade_juggernaut,eff_bonus_health_regen,healing,bonus_health_regen,8,hp_per_second,"Immer, solange das Item ausgerüstet ist.",equipped,Self,,,,,,,high,"[""SRC-0004"",""SRC-0005""]",Rohfeld: BonusHealthRegen. Exposure-Basis: current_default_infobox_label. Wiki-Label: Health Regen.
upgrade_juggernaut,eff_bonus_move_speed,movement,bonus_move_speed,2.5,m/s,"Immer, solange das Item ausgerüstet ist.",equipped,Self,,,,,,,high,"[""SRC-0004"",""SRC-0005""]",Rohfeld: BonusMoveSpeed. Exposure-Basis: current_default_infobox_label. Wiki-Label: Move Speed.
upgrade_juggernaut,eff_fire_rate_slow_duration,duration,fire_rate_slow_duration,4,seconds,Item-spezifische Bedingung ist im strukturierten Datensatz nicht als eigenes Feld dokumentiert.,passive_item_rule,Self_or_source_defined,,,,,4,,high,"[""SRC-0004"",""SRC-0005""]",Rohfeld: FireRateSlowDuration. Exposure-Basis: current_default_infobox_label. Wiki-Label: Duration.
upgrade_damage_recycler,eff_tech_power,passive,tech_power,12,spirit_power,"Immer, solange das Item ausgerüstet ist.",equipped,Self,,,,,,,high,"[""SRC-0004"",""SRC-0005""]",Rohfeld: TechPower. Exposure-Basis: current_default_infobox_label. Wiki-Label: Spirit Power.
upgrade_damage_recycler,eff_ability_lifesteal_percent_hero,healing,ability_lifesteal_percent_hero,25,percent,"Immer, solange das Item ausgerüstet ist.",equipped,Self,,,,,,,high,"[""SRC-0004"",""SRC-0005""]",Rohfeld: AbilityLifestealPercentHero. Exposure-Basis: current_default_infobox_label. Wiki-Label: Spirit Lifesteal.
upgrade_damage_recycler,eff_bullet_lifesteal_percent,healing,bullet_lifesteal_percent,25,percent,"Immer, solange das Item ausgerüstet ist.",equipped,Self,,,,,,,high,"[""SRC-0004"",""SRC-0005""]",Rohfeld: BulletLifestealPercent. Exposure-Basis: current_default_infobox_label. Wiki-Label: Bullet Lifesteal.
upgrade_damage_recycler,eff_base_attack_damage_percent,damage,base_attack_damage_percent,12,percent,"Immer, solange das Item ausgerüstet ist.",equipped,Self,,,,,,,high,"[""SRC-0004"",""SRC-0005""]",Rohfeld: BaseAttackDamagePercent. Exposure-Basis: current_default_infobox_label. Wiki-Label: Weapon Damage.
upgrade_damage_recycler,eff_bonus_health,healing,bonus_health,180,hp,"Immer, solange das Item ausgerüstet ist.",equipped,Self,,,,,,,high,"[""SRC-0004"",""SRC-0005""]",Rohfeld: BonusHealth. Exposure-Basis: current_default_infobox_label. Wiki-Label: Bonus Health.
upgrade_phantom_strike,eff_ability_cooldown,cooldown,ability_cooldown,35,seconds,"Quellbedingung (englischer Tooltip): Teleport to an enemy target and pull them to the ground. Dealing damage, Move speed reduction and Disarm.",item_activation,HeroEnemy,,,,,,35,medium,"[""SRC-0004"",""SRC-0005""]",Rohfeld: AbilityCooldown. Exposure-Basis: structured_timing_or_target_field. Wiki-Label: Cooldown.
upgrade_phantom_strike,eff_ability_cast_range,active,ability_cast_range,25,m,"Quellbedingung (englischer Tooltip): Teleport to an enemy target and pull them to the ground. Dealing damage, Move speed reduction and Disarm.",item_activation,HeroEnemy,,,,,,,high,"[""SRC-0004"",""SRC-0005""]",Rohfeld: AbilityCastRange. Exposure-Basis: current_default_infobox_label. Wiki-Label: Cast Range.
upgrade_phantom_strike,eff_ability_cast_delay,active,ability_cast_delay,0.35,seconds,"Quellbedingung (englischer Tooltip): Teleport to an enemy target and pull them to the ground. Dealing damage, Move speed reduction and Disarm.",item_activation,HeroEnemy,,,,,,,medium,"[""SRC-0004"",""SRC-0005""]",Rohfeld: AbilityCastDelay. Exposure-Basis: structured_timing_or_target_field. Wiki-Label: Cast Delay.
upgrade_phantom_strike,eff_tech_power,active,tech_power,8,spirit_power,"Immer, solange das Item ausgerüstet ist.",equipped,Self,,,,,,,high,"[""SRC-0004"",""SRC-0005""]",Rohfeld: TechPower. Exposure-Basis: current_default_infobox_label. Wiki-Label: Spirit Power.
upgrade_phantom_strike,eff_base_attack_damage_percent,damage,base_attack_damage_percent,15,percent,"Immer, solange das Item ausgerüstet ist.",equipped,Self,,,,,,,high,"[""SRC-0004"",""SRC-0005""]",Rohfeld: BaseAttackDamagePercent. Exposure-Basis: current_default_infobox_label. Wiki-Label: Weapon Damage.
upgrade_phantom_strike,eff_slow_percent,active,slow_percent,50,percent,"Quellbedingung (englischer Tooltip): Teleport to an enemy target and pull them to the ground. Dealing damage, Move speed reduction and Disarm.",item_activation,HeroEnemy,,,,,,,high,"[""SRC-0004"",""SRC-0005""]",Rohfeld: SlowPercent. Exposure-Basis: current_default_infobox_label. Wiki-Label: Move Speed.
upgrade_phantom_strike,eff_impact_damage,damage,impact_damage,75,damage,"Quellbedingung (englischer Tooltip): Teleport to an enemy target and pull them to the ground. Dealing damage, Move speed reduction and Disarm.",item_activation,HeroEnemy,,,,,,,high,"[""SRC-0004"",""SRC-0005""]",Rohfeld: ImpactDamage. Exposure-Basis: current_default_infobox_label. Wiki-Label: Impact Damage.
upgrade_phantom_strike,eff_impact_damage_scaling,damage,impact_damage_scaling,0.93,spirit_scaling_coefficient,"Quellbedingung (englischer Tooltip): Teleport to an enemy target and pull them to the ground. Dealing damage, Move speed reduction and Disarm.",item_activation,HeroEnemy,,,,,,,high,"[""SRC-0004"",""SRC-0005""]",Rohfeld: ImpactDamage. Exposure-Basis: current_default_infobox_label. Wiki-Label: Skalierung für ImpactDamage. Scale.Type: spirit.
upgrade_deflecting_armor,eff_ability_cooldown,cooldown,ability_cooldown,1,seconds,"Quellbedingung (englischer Tooltip): Gain a chance to either deflect incoming bullets, preventing all {g:citadel_inline_attribute:'WeaponDamage'} or prevent all on-hit effects from bullets.",passive_proc_cooldown,Self_or_source_defined,,,,,,1,medium,"[""SRC-0004"",""SRC-0005""]",Rohfeld: AbilityCooldown. Exposure-Basis: structured_timing_or_target_field. Wiki-Label: Cooldown.
upgrade_deflecting_armor,eff_deflection_percent,defense,deflection_percent,30,percent,"Quellbedingung (englischer Tooltip): Gain a chance to either deflect incoming bullets, preventing all {g:citadel_inline_attribute:'WeaponDamage'} or prevent all on-hit effects from bullets.",passive_item_rule,Self_or_source_defined,,,,,,,high,"[""SRC-0004"",""SRC-0005""]",Rohfeld: DeflectionPercent. Exposure-Basis: current_default_infobox_label. Wiki-Label: Deflection Percent.
upgrade_deflecting_armor,eff_bullet_proc_deflection_percent,defense,bullet_proc_deflection_percent,50,percent,"Quellbedingung (englischer Tooltip): Gain a chance to either deflect incoming bullets, preventing all {g:citadel_inline_attribute:'WeaponDamage'} or prevent all on-hit effects from bullets.",proc,Self_or_source_defined,,,,,,,high,"[""SRC-0004"",""SRC-0005""]",Rohfeld: BulletProcDeflectionPercent. Exposure-Basis: current_default_infobox_label. Wiki-Label: On-Hit Prevention Percent.
upgrade_deflecting_armor,eff_bonus_health,healing,bonus_health,130,hp,"Immer, solange das Item ausgerüstet ist.",equipped,Self,,,,,,,high,"[""SRC-0004"",""SRC-0005""]",Rohfeld: BonusHealth. Exposure-Basis: current_default_infobox_label. Wiki-Label: Bonus Health.
upgrade_siphon_bullets,eff_base_attack_damage_percent,damage,base_attack_damage_percent,15,percent,"Immer, solange das Item ausgerüstet ist.",equipped,Self,,,,,,,high,"[""SRC-0004"",""SRC-0005""]",Rohfeld: BaseAttackDamagePercent. Exposure-Basis: current_default_infobox_label. Wiki-Label: Weapon Damage.
upgrade_siphon_bullets,eff_bullet_resist,defense,bullet_resist,10,percent,"Immer, solange das Item ausgerüstet ist.",equipped,Self,,,,,,,high,"[""SRC-0004"",""SRC-0005""]",Rohfeld: BulletResist. Exposure-Basis: current_default_infobox_label. Wiki-Label: Bullet Resist.
upgrade_siphon_bullets,eff_steal_duration,duration,steal_duration,17,seconds,Item-spezifische Bedingung ist im strukturierten Datensatz nicht als eigenes Feld dokumentiert.,passive_item_rule,HeroEnemy,,,,,17,,high,"[""SRC-0004"",""SRC-0005""]",Rohfeld: StealDuration. Exposure-Basis: current_default_infobox_label. Wiki-Label: Steal Duration.
upgrade_siphon_bullets,eff_proc_cooldown,cooldown,proc_cooldown,1.2,seconds,Item-spezifische Bedingung ist im strukturierten Datensatz nicht als eigenes Feld dokumentiert.,proc,HeroEnemy,,,,,,1.2,medium,"[""SRC-0004"",""SRC-0005""]",Rohfeld: ProcCooldown. Exposure-Basis: structured_timing_or_target_field. Wiki-Label: Max Frequency.
upgrade_spellbreaker,eff_ability_cooldown,cooldown,ability_cooldown,9,seconds,Quellbedingung (englischer Tooltip): The next instance of high {g:citadel_inline_attribute:'SpiritDamage'} you take is significantly reduced.,passive_proc_cooldown,Self_or_source_defined,,,,,,9,medium,"[""SRC-0004"",""SRC-0005""]",Rohfeld: AbilityCooldown. Exposure-Basis: structured_timing_or_target_field. Wiki-Label: Cooldown.
upgrade_spellbreaker,eff_tech_resist,defense,tech_resist,18,percent,"Immer, solange das Item ausgerüstet ist.",equipped,Self,,,,,,,high,"[""SRC-0004"",""SRC-0005""]",Rohfeld: TechResist. Exposure-Basis: current_default_infobox_label. Wiki-Label: Spirit Resist.
upgrade_spellbreaker,eff_status_resistance_percent,defense,status_resistance_percent,25,percent,"Immer, solange das Item ausgerüstet ist.",equipped,Self,,,,,,,high,"[""SRC-0004"",""SRC-0005""]",Rohfeld: StatusResistancePercent. Exposure-Basis: current_default_infobox_label. Wiki-Label: Debuff Resist.
upgrade_spellbreaker,eff_damage_threshold,damage,damage_threshold,175,damage,Quellbedingung (englischer Tooltip): The next instance of high {g:citadel_inline_attribute:'SpiritDamage'} you take is significantly reduced.,passive_item_rule,Self_or_source_defined,,,,,,,high,"[""SRC-0004"",""SRC-0005""]",Rohfeld: DamageThreshold. Exposure-Basis: current_default_infobox_label. Wiki-Label: Damage Threshold.
upgrade_spellbreaker,eff_spirit_damage_reduction_proc,damage,spirit_damage_reduction_proc,65,percent,Quellbedingung (englischer Tooltip): The next instance of high {g:citadel_inline_attribute:'SpiritDamage'} you take is significantly reduced.,proc,Self_or_source_defined,,,,,,,high,"[""SRC-0004"",""SRC-0005""]",Rohfeld: SpiritDamageReductionProc. Exposure-Basis: current_default_infobox_label. Wiki-Label: Spirit Damage Reduction.
upgrade_spellbreaker,eff_bonus_health,healing,bonus_health,90,hp,"Immer, solange das Item ausgerüstet ist.",equipped,Self,,,,,,,high,"[""SRC-0004"",""SRC-0005""]",Rohfeld: BonusHealth. Exposure-Basis: current_default_infobox_label. Wiki-Label: Bonus Health.
upgrade_unstoppable,eff_ability_cooldown,cooldown,ability_cooldown,60,seconds,"Quellbedingung (englischer Tooltip): Temporarily suppress negative status effects and become immune to Stun, Silence, Sleep, Root, and Disarm. Cannot be used while Stunned or Slept.",item_activation,Self_or_source_defined,,,,,,60,medium,"[""SRC-0004"",""SRC-0005""]",Rohfeld: AbilityCooldown. Exposure-Basis: structured_timing_or_target_field. Wiki-Label: Cooldown.
upgrade_unstoppable,eff_ability_duration,duration,ability_duration,5.5,seconds,"Quellbedingung (englischer Tooltip): Temporarily suppress negative status effects and become immune to Stun, Silence, Sleep, Root, and Disarm. Cannot be used while Stunned or Slept.",item_activation,Self_or_source_defined,,,,,5.5,,high,"[""SRC-0004"",""SRC-0005""]",Rohfeld: AbilityDuration. Exposure-Basis: current_default_infobox_label. Wiki-Label: Duration.
upgrade_unstoppable,eff_bonus_health,healing,bonus_health,125,hp,"Immer, solange das Item ausgerüstet ist.",equipped,Self,,,,,,,high,"[""SRC-0004"",""SRC-0005""]",Rohfeld: BonusHealth. Exposure-Basis: current_default_infobox_label. Wiki-Label: Bonus Health.
upgrade_unstoppable,eff_status_resistance_percent,defense,status_resistance_percent,25,percent,"Immer, solange das Item ausgerüstet ist.",equipped,Self,,,,,,,high,"[""SRC-0004"",""SRC-0005""]",Rohfeld: StatusResistancePercent. Exposure-Basis: current_default_infobox_label. Wiki-Label: Debuff Resist.
upgrade_surging_power,eff_ability_cooldown,cooldown,ability_cooldown,30,seconds,Item-spezifische Bedingung ist im strukturierten Datensatz nicht als eigenes Feld dokumentiert.,item_activation,HeroFriendly,,,,,,30,medium,"[""SRC-0004"",""SRC-0005""]",Rohfeld: AbilityCooldown. Exposure-Basis: structured_timing_or_target_field. Wiki-Label: Cooldown.
upgrade_surging_power,eff_ability_duration,duration,ability_duration,5,seconds,Item-spezifische Bedingung ist im strukturierten Datensatz nicht als eigenes Feld dokumentiert.,item_activation,HeroFriendly,,,,,5,,high,"[""SRC-0004"",""SRC-0005""]",Rohfeld: AbilityDuration. Exposure-Basis: current_default_infobox_label. Wiki-Label: Duration.
upgrade_surging_power,eff_active_bonus_fire_rate,weapon_operation,active_bonus_fire_rate,34,percent,Item-spezifische Bedingung ist im strukturierten Datensatz nicht als eigenes Feld dokumentiert.,item_activation,HeroFriendly,,,,,,,high,"[""SRC-0004"",""SRC-0005""]",Rohfeld: ActiveBonusFireRate. Exposure-Basis: current_default_infobox_label. Wiki-Label: Fire Rate.
upgrade_surging_power,eff_active_bonus_lifesteal,healing,active_bonus_lifesteal,70,percent,Item-spezifische Bedingung ist im strukturierten Datensatz nicht als eigenes Feld dokumentiert.,item_activation,HeroFriendly,,,,,,,high,"[""SRC-0004"",""SRC-0005""]",Rohfeld: ActiveBonusLifesteal. Exposure-Basis: current_default_infobox_label. Wiki-Label: Bullet Lifesteal.
upgrade_surging_power,eff_bonus_health,healing,bonus_health,100,hp,"Immer, solange das Item ausgerüstet ist.",equipped,Self,,,,,,,high,"[""SRC-0004"",""SRC-0005""]",Rohfeld: BonusHealth. Exposure-Basis: current_default_infobox_label. Wiki-Label: Bonus Health.
upgrade_surging_power,eff_active_reload_percent,weapon_operation,active_reload_percent,75,percent,Item-spezifische Bedingung ist im strukturierten Datensatz nicht als eigenes Feld dokumentiert.,item_activation,HeroFriendly,,,,,,,high,"[""SRC-0004"",""SRC-0005""]",Rohfeld: ActiveReloadPercent. Exposure-Basis: current_default_infobox_label. Wiki-Label: Ammo.
upgrade_surging_power,eff_bullet_resist,defense,bullet_resist,10,percent,"Immer, solange das Item ausgerüstet ist.",equipped,Self,,,,,,,high,"[""SRC-0004"",""SRC-0005""]",Rohfeld: BulletResist. Exposure-Basis: current_default_infobox_label. Wiki-Label: Bullet Resist.
upgrade_surging_power,eff_bullet_lifesteal_percent,healing,bullet_lifesteal_percent,13,percent,"Immer, solange das Item ausgerüstet ist.",equipped,Self,,,,,,,high,"[""SRC-0004"",""SRC-0005""]",Rohfeld: BulletLifestealPercent. Exposure-Basis: current_default_infobox_label. Wiki-Label: Bullet Lifesteal.
upgrade_surging_power,eff_base_attack_damage_percent,damage,base_attack_damage_percent,6,percent,"Immer, solange das Item ausgerüstet ist.",equipped,Self,,,,,,,high,"[""SRC-0004"",""SRC-0005""]",Rohfeld: BaseAttackDamagePercent. Exposure-Basis: current_default_infobox_label. Wiki-Label: Weapon Damage.
upgrade_absorbing_armor,eff_ability_cooldown,cooldown,ability_cooldown,1,seconds,Quellbedingung (englischer Tooltip): Taking heavy hits of {g:citadel_inline_attribute:'SpiritDamage'} from an enemy reduces a random ability cooldown.,passive_proc_cooldown,Self_or_source_defined,,,,,,1,high,"[""SRC-0004"",""SRC-0005""]",Rohfeld: AbilityCooldown. Exposure-Basis: current_default_infobox_label. Wiki-Label: Cooldown.
upgrade_absorbing_armor,eff_tech_power,passive,tech_power,14,spirit_power,"Immer, solange das Item ausgerüstet ist.",equipped,Self,,,,,,,high,"[""SRC-0004"",""SRC-0005""]",Rohfeld: TechPower. Exposure-Basis: current_default_infobox_label. Wiki-Label: Spirit Power.
upgrade_absorbing_armor,eff_tech_resist,defense,tech_resist,22,percent,"Immer, solange das Item ausgerüstet ist.",equipped,Self,,,,,,,high,"[""SRC-0004"",""SRC-0005""]",Rohfeld: TechResist. Exposure-Basis: current_default_infobox_label. Wiki-Label: Spirit Resist.
upgrade_absorbing_armor,eff_cooldown_reduction_per_hit,cooldown,cooldown_reduction_per_hit,4,seconds,Quellbedingung (englischer Tooltip): Taking heavy hits of {g:citadel_inline_attribute:'SpiritDamage'} from an enemy reduces a random ability cooldown.,hit,Self_or_source_defined,,,,,,4,high,"[""SRC-0004"",""SRC-0005""]",Rohfeld: CooldownReductionPerHit. Exposure-Basis: current_default_infobox_label. Wiki-Label: Cooldown Reduction per Hit.
upgrade_absorbing_armor,eff_damage_threshold,damage,damage_threshold,75,damage,Quellbedingung (englischer Tooltip): Taking heavy hits of {g:citadel_inline_attribute:'SpiritDamage'} from an enemy reduces a random ability cooldown.,passive_item_rule,Self_or_source_defined,,,,,,,high,"[""SRC-0004"",""SRC-0005""]",Rohfeld: DamageThreshold. Exposure-Basis: current_default_infobox_label. Wiki-Label: Damage Threshold.
upgrade_close_range,eff_close_range_bonus_weapon_power,damage,close_range_bonus_weapon_power,20,percent,Quellbedingung (englischer Tooltip): Deal additional Weapon Damage when in close range to your target.,passive_item_rule,Self_or_source_defined,,,,,,,high,"[""SRC-0004"",""SRC-0005""]",Rohfeld: CloseRangeBonusWeaponPower. Exposure-Basis: current_default_infobox_label. Wiki-Label: Weapon Damage.
upgrade_close_range,eff_close_range_bonus_damage_range,damage,close_range_bonus_damage_range,15,m,Quellbedingung (englischer Tooltip): Deal additional Weapon Damage when in close range to your target.,passive_item_rule,Self_or_source_defined,,,,,,,high,"[""SRC-0004"",""SRC-0005""]",Rohfeld: CloseRangeBonusDamageRange. Exposure-Basis: current_default_infobox_label. Wiki-Label: Close Range.
upgrade_close_range,eff_melee_resist_percent,defense,melee_resist_percent,20,percent,"Immer, solange das Item ausgerüstet ist.",equipped,Self,,,,,,,high,"[""SRC-0004"",""SRC-0005""]",Rohfeld: MeleeResistPercent. Exposure-Basis: current_default_infobox_label. Wiki-Label: Melee Resist.
upgrade_clip_size,eff_bonus_clip_size_percent,weapon_operation,bonus_clip_size_percent,30,percent,"Immer, solange das Item ausgerüstet ist.",equipped,Self,,,,,,,high,"[""SRC-0004"",""SRC-0005""]",Rohfeld: BonusClipSizePercent. Exposure-Basis: current_default_infobox_label. Wiki-Label: Max Ammo.
upgrade_clip_size,eff_base_attack_damage_percent,damage,base_attack_damage_percent,8,percent,"Immer, solange das Item ausgerüstet ist.",equipped,Self,,,,,,,high,"[""SRC-0004"",""SRC-0005""]",Rohfeld: BaseAttackDamagePercent. Exposure-Basis: current_default_infobox_label. Wiki-Label: Weapon Damage.
upgrade_headshot_booster,eff_ability_cooldown,cooldown,ability_cooldown,9,seconds,Quellbedingung (englischer Tooltip): Your next headshot against an enemy Hero deals {g:citadel_inline_attribute:'BonusWeaponDamage'}.,passive_proc_cooldown,Self_or_source_defined,,,,,,9,medium,"[""SRC-0004"",""SRC-0005""]",Rohfeld: AbilityCooldown. Exposure-Basis: structured_timing_or_target_field. Wiki-Label: Cooldown.
upgrade_headshot_booster,eff_head_shot_bonus_damage,damage,head_shot_bonus_damage,45,damage,Quellbedingung (englischer Tooltip): Your next headshot against an enemy Hero deals {g:citadel_inline_attribute:'BonusWeaponDamage'}.,headshot,Self_or_source_defined,,,,,,,high,"[""SRC-0004"",""SRC-0005""]",Rohfeld: HeadShotBonusDamage. Exposure-Basis: current_default_infobox_label. Wiki-Label: Head Shot Bonus Damage.
upgrade_headshot_booster,eff_bonus_health,healing,bonus_health,30,hp,"Immer, solange das Item ausgerüstet ist.",equipped,Self,,,,,,,high,"[""SRC-0004"",""SRC-0005""]",Rohfeld: BonusHealth. Exposure-Basis: current_default_infobox_label. Wiki-Label: Bonus Health.
upgrade_high_velocity_mag,eff_bonus_bullet_speed_percent,passive,bonus_bullet_speed_percent,60,percent,"Immer, solange das Item ausgerüstet ist.",equipped,Self,,,,,,,high,"[""SRC-0004"",""SRC-0005""]",Rohfeld: BonusBulletSpeedPercent. Exposure-Basis: current_default_infobox_label. Wiki-Label: Bullet Velocity.
upgrade_high_velocity_mag,eff_base_attack_damage_percent,damage,base_attack_damage_percent,8,percent,"Immer, solange das Item ausgerüstet ist.",equipped,Self,,,,,,,high,"[""SRC-0004"",""SRC-0005""]",Rohfeld: BaseAttackDamagePercent. Exposure-Basis: current_default_infobox_label. Wiki-Label: Weapon Damage.
upgrade_non_player_bonus,eff_non_player_bonus_weapon_power,damage,non_player_bonus_weapon_power,25,percent,Item-spezifische Bedingung ist im strukturierten Datensatz nicht als eigenes Feld dokumentiert.,passive_item_rule,Self_or_source_defined,Expliziter Nicht-Hero-/NPC-Wert dieser Zeile.,,,,,,high,"[""SRC-0004"",""SRC-0005""]",Rohfeld: NonPlayerBonusWeaponPower. Exposure-Basis: current_default_infobox_label. Wiki-Label: Weapon Damage vs. NPCs.
upgrade_non_player_bonus,eff_out_of_combat_health_regen,healing,out_of_combat_health_regen,1,hp_per_second,"Immer, solange das Item ausgerüstet ist.",equipped,Self,,,,,,,high,"[""SRC-0004"",""SRC-0005""]",Rohfeld: OutOfCombatHealthRegen. Exposure-Basis: current_default_infobox_label. Wiki-Label: Out of Combat Regen.
upgrade_non_player_bonus,eff_non_player_bullet_resist,defense,non_player_bullet_resist,25,percent,Item-spezifische Bedingung ist im strukturierten Datensatz nicht als eigenes Feld dokumentiert.,passive_item_rule,Self_or_source_defined,Expliziter Nicht-Hero-/NPC-Wert dieser Zeile.,,,,,,high,"[""SRC-0004"",""SRC-0005""]",Rohfeld: NonPlayerBulletResist. Exposure-Basis: current_default_infobox_label. Wiki-Label: Bullet Resist vs. NPCs.
upgrade_rapid_rounds,eff_bonus_fire_rate,weapon_operation,bonus_fire_rate,9,percent,"Immer, solange das Item ausgerüstet ist.",equipped,Self,,,,,,,high,"[""SRC-0004"",""SRC-0005""]",Rohfeld: BonusFireRate. Exposure-Basis: current_default_infobox_label. Wiki-Label: Fire Rate.
upgrade_medic_bullets,eff_ability_cooldown,cooldown,ability_cooldown,6,seconds,Quellbedingung (englischer Tooltip): Your next bullet will heal you based on what target you hit.,passive_proc_cooldown,AllEnemy,,,,,,6,medium,"[""SRC-0004"",""SRC-0005""]",Rohfeld: AbilityCooldown. Exposure-Basis: structured_timing_or_target_field. Wiki-Label: Cooldown.
upgrade_medic_bullets,eff_heal_from_hero,healing,heal_from_hero,50,hp,Quellbedingung (englischer Tooltip): Your next bullet will heal you based on what target you hit.,passive_item_rule,AllEnemy,,,,,,,high,"[""SRC-0004"",""SRC-0005""]",Rohfeld: HealFromHero. Exposure-Basis: current_default_infobox_label. Wiki-Label: Healing From Heroes.
upgrade_medic_bullets,eff_heal_from_npc,healing,heal_from_npc,20,hp,Quellbedingung (englischer Tooltip): Your next bullet will heal you based on what target you hit.,passive_item_rule,AllEnemy,Expliziter Nicht-Hero-/NPC-Wert dieser Zeile.,,,,,,high,"[""SRC-0004"",""SRC-0005""]",Rohfeld: HealFromNPC. Exposure-Basis: current_default_infobox_label. Wiki-Label: Healing From NPCs / Orbs.
upgrade_medic_bullets,eff_base_attack_damage_percent,damage,base_attack_damage_percent,6,percent,"Immer, solange das Item ausgerüstet ist.",equipped,Self,,,,,,,high,"[""SRC-0004"",""SRC-0005""]",Rohfeld: BaseAttackDamagePercent. Exposure-Basis: current_default_infobox_label. Wiki-Label: Weapon Damage.
upgrade_active_reload,eff_ability_cooldown,cooldown,ability_cooldown,12,seconds,"Quellbedingung (englischer Tooltip): While reloading, pressing {g:citadel_binding:'Reload'} during the highlighted portion will instantly finish your reload and grant you Fire Rate, Bullet Lifesteal and Move Speed.",passive_proc_cooldown,Self_or_source_defined,,,,,,12,medium,"[""SRC-0004"",""SRC-0005""]",Rohfeld: AbilityCooldown. Exposure-Basis: structured_timing_or_target_field. Wiki-Label: Cooldown.
upgrade_active_reload,eff_ability_duration,duration,ability_duration,7,seconds,"Quellbedingung (englischer Tooltip): While reloading, pressing {g:citadel_binding:'Reload'} during the highlighted portion will instantly finish your reload and grant you Fire Rate, Bullet Lifesteal and Move Speed.",passive_item_rule,Self_or_source_defined,,,,,7,,high,"[""SRC-0004"",""SRC-0005""]",Rohfeld: AbilityDuration. Exposure-Basis: current_default_infobox_label. Wiki-Label: Duration.
upgrade_active_reload,eff_bullet_lifesteal_percent,healing,bullet_lifesteal_percent,16,percent,"Immer, solange das Item ausgerüstet ist.",equipped,Self,,,,,,,high,"[""SRC-0004"",""SRC-0005""]",Rohfeld: BulletLifestealPercent. Exposure-Basis: current_default_infobox_label. Wiki-Label: Bullet Lifesteal.
upgrade_active_reload,eff_bonus_fire_rate,weapon_operation,bonus_fire_rate,25,percent,"Immer, solange das Item ausgerüstet ist.",equipped,Self,,,,,,,high,"[""SRC-0004"",""SRC-0005""]",Rohfeld: BonusFireRate. Exposure-Basis: current_default_infobox_label. Wiki-Label: Fire Rate.
upgrade_active_reload,eff_bonus_clip_size_percent,weapon_operation,bonus_clip_size_percent,20,percent,"Immer, solange das Item ausgerüstet ist.",equipped,Self,,,,,,,high,"[""SRC-0004"",""SRC-0005""]",Rohfeld: BonusClipSizePercent. Exposure-Basis: current_default_infobox_label. Wiki-Label: Max Ammo.
upgrade_active_reload,eff_bonus_move_speed,movement,bonus_move_speed,0.75,m/s,"Immer, solange das Item ausgerüstet ist.",equipped,Self,,,,,,,high,"[""SRC-0004"",""SRC-0005""]",Rohfeld: BonusMoveSpeed. Exposure-Basis: current_default_infobox_label. Wiki-Label: Move Speed.
upgrade_fleetfoot_boots,eff_ability_cooldown,cooldown,ability_cooldown,16,seconds,Item-spezifische Bedingung ist im strukturierten Datensatz nicht als eigenes Feld dokumentiert.,item_activation,Self_or_source_defined,,,,,,16,medium,"[""SRC-0004"",""SRC-0005""]",Rohfeld: AbilityCooldown. Exposure-Basis: structured_timing_or_target_field. Wiki-Label: Cooldown.
upgrade_fleetfoot_boots,eff_ability_duration,duration,ability_duration,5,seconds,Item-spezifische Bedingung ist im strukturierten Datensatz nicht als eigenes Feld dokumentiert.,item_activation,Self_or_source_defined,,,,,5,,high,"[""SRC-0004"",""SRC-0005""]",Rohfeld: AbilityDuration. Exposure-Basis: current_default_infobox_label. Wiki-Label: Duration.
upgrade_fleetfoot_boots,eff_active_bonus_move_speed,movement,active_bonus_move_speed,3,m/s,Item-spezifische Bedingung ist im strukturierten Datensatz nicht als eigenes Feld dokumentiert.,item_activation,Self_or_source_defined,,,,,,,high,"[""SRC-0004"",""SRC-0005""]",Rohfeld: ActiveBonusMoveSpeed. Exposure-Basis: current_default_infobox_label. Wiki-Label: Move Speed.
upgrade_fleetfoot_boots,eff_slide_scale,movement,slide_scale,35,percent,Item-spezifische Bedingung ist im strukturierten Datensatz nicht als eigenes Feld dokumentiert.,item_activation,Self_or_source_defined,,,,,,,high,"[""SRC-0004"",""SRC-0005""]",Rohfeld: SlideScale. Exposure-Basis: current_default_infobox_label. Wiki-Label: Slide Distance.
upgrade_fleetfoot_boots,eff_bullet_resist,defense,bullet_resist,6,percent,"Immer, solange das Item ausgerüstet ist.",equipped,Self,,,,,,,high,"[""SRC-0004"",""SRC-0005""]",Rohfeld: BulletResist. Exposure-Basis: current_default_infobox_label. Wiki-Label: Bullet Resist.
upgrade_fleetfoot_boots,eff_slow_resistance_percent,defense,slow_resistance_percent,40,percent,"Immer, solange das Item ausgerüstet ist.",equipped,Self,,,,,,,high,"[""SRC-0004"",""SRC-0005""]",Rohfeld: SlowResistancePercent. Exposure-Basis: current_default_infobox_label. Wiki-Label: Slow Resist.
upgrade_fleetfoot_boots,eff_base_attack_damage_percent,damage,base_attack_damage_percent,6,percent,"Immer, solange das Item ausgerüstet ist.",equipped,Self,,,,,,,high,"[""SRC-0004"",""SRC-0005""]",Rohfeld: BaseAttackDamagePercent. Exposure-Basis: current_default_infobox_label. Wiki-Label: Weapon Damage.
upgrade_intensifying_clip,eff_bonus_clip_size_percent,weapon_operation,bonus_clip_size_percent,20,percent,"Immer, solange das Item ausgerüstet ist.",equipped,Self,,,,,,,high,"[""SRC-0004"",""SRC-0005""]",Rohfeld: BonusClipSizePercent. Exposure-Basis: current_default_infobox_label. Wiki-Label: Max Ammo.
upgrade_intensifying_clip,eff_base_attack_damage_percent,damage,base_attack_damage_percent,,enum_or_text,"Immer, solange das Item ausgerüstet ist.",equipped,Self,,,,,,,high,"[""SRC-0004"",""SRC-0005""]",Rohfeld: BaseAttackDamagePercent. Exposure-Basis: current_default_infobox_label. Wiki-Label: Weapon Damage.
upgrade_intensifying_clip,eff_shoot_duration_for_max,duration,shoot_duration_for_max,2.5,seconds,Quellbedingung (englischer Tooltip): Increases Weapon Damage as you continuously fire your weapon.,passive_item_rule,Self_or_source_defined,,,,,2.5,,high,"[""SRC-0004"",""SRC-0005""]",Rohfeld: ShootDurationForMax. Exposure-Basis: current_default_infobox_label. Wiki-Label: Time for Max Damage.
upgrade_intensifying_clip,eff_base_attack_damage_percent_at_max_duration,duration,base_attack_damage_percent_at_max_duration,45,percent,Quellbedingung (englischer Tooltip): Increases Weapon Damage as you continuously fire your weapon.,passive_item_rule,Self_or_source_defined,,,,,45,,high,"[""SRC-0004"",""SRC-0005""]",Rohfeld: BaseAttackDamagePercentAtMaxDuration. Exposure-Basis: current_default_infobox_label. Wiki-Label: Max Weapon Damage.
upgrade_kinetic_sash,eff_ability_duration,duration,ability_duration,7,seconds,Quellbedingung (englischer Tooltip): When you Dash-Jump you gain Fire Rate and bonus Ammo until your next reload. Lasts up to 7s.,passive_item_rule,Self_or_source_defined,,,,,7,,high,"[""SRC-0004"",""SRC-0005""]",Rohfeld: AbilityDuration. Exposure-Basis: current_default_infobox_label. Wiki-Label: Duration.
upgrade_kinetic_sash,eff_bonus_fire_rate,weapon_operation,bonus_fire_rate,25,percent,"Immer, solange das Item ausgerüstet ist.",equipped,Self,,,,,,,high,"[""SRC-0004"",""SRC-0005""]",Rohfeld: BonusFireRate. Exposure-Basis: current_default_infobox_label. Wiki-Label: Fire Rate.
upgrade_kinetic_sash,eff_bonus_clip_size,weapon_operation,bonus_clip_size,6,count,"Immer, solange das Item ausgerüstet ist.",equipped,Self,,,,,,,high,"[""SRC-0004"",""SRC-0005""]",Rohfeld: BonusClipSize. Exposure-Basis: current_default_infobox_label. Wiki-Label: Ammo.
upgrade_kinetic_sash,eff_stamina,movement,stamina,1,count,"Immer, solange das Item ausgerüstet ist.",equipped,Self,,,,,,,high,"[""SRC-0004"",""SRC-0005""]",Rohfeld: Stamina. Exposure-Basis: current_default_infobox_label. Wiki-Label: Stamina.
upgrade_kinetic_sash,eff_stamina_cooldown_reduction,cooldown,stamina_cooldown_reduction,12,percent,"Immer, solange das Item ausgerüstet ist.",equipped,Self,,,,,,12,high,"[""SRC-0004"",""SRC-0005""]",Rohfeld: StaminaCooldownReduction. Exposure-Basis: current_default_infobox_label. Wiki-Label: Stamina Recovery.
upgrade_long_range,eff_long_range_bonus_weapon_power,damage,long_range_bonus_weapon_power,40,percent,Quellbedingung (englischer Tooltip): Deal additional Weapon Damage when beyond a minimum distance from your target.,passive_item_rule,Self_or_source_defined,,,,,,,high,"[""SRC-0004"",""SRC-0005""]",Rohfeld: LongRangeBonusWeaponPower. Exposure-Basis: current_default_infobox_label. Wiki-Label: Weapon Damage.
upgrade_long_range,eff_long_range_bonus_weapon_power_min_range,damage,long_range_bonus_weapon_power_min_range,15,m,Quellbedingung (englischer Tooltip): Deal additional Weapon Damage when beyond a minimum distance from your target.,passive_item_rule,Self_or_source_defined,,,,,,,high,"[""SRC-0004"",""SRC-0005""]",Rohfeld: LongRangeBonusWeaponPowerMinRange. Exposure-Basis: current_default_infobox_label. Wiki-Label: Min. Distance.
upgrade_long_range,eff_bonus_sprint_speed,movement,bonus_sprint_speed,0.75,m/s,"Immer, solange das Item ausgerüstet ist.",equipped,Self,,,,,,,high,"[""SRC-0004"",""SRC-0005""]",Rohfeld: BonusSprintSpeed. Exposure-Basis: current_default_infobox_label. Wiki-Label: Sprint Speed.
upgrade_long_range,eff_bonus_attack_range_percent,passive,bonus_attack_range_percent,8,percent,"Immer, solange das Item ausgerüstet ist.",equipped,Self,,,,,,,high,"[""SRC-0004"",""SRC-0005""]",Rohfeld: BonusAttackRangePercent. Exposure-Basis: current_default_infobox_label. Wiki-Label: Weapon Fall-off Range.
upgrade_melee_charge,eff_ability_cooldown,cooldown,ability_cooldown,5,seconds,Quellbedingung (englischer Tooltip): Your next Heavy Melee attack against an enemy deals increased damage.,passive_proc_cooldown,HeroEnemy;TrooperEnemy;MinionEnemy;Neutral,TargetTypes: HeroEnemy;TrooperEnemy;MinionEnemy;Neutral.,,,,,5,medium,"[""SRC-0004"",""SRC-0005""]",Rohfeld: AbilityCooldown. Exposure-Basis: structured_timing_or_target_field. Wiki-Label: Cooldown.
upgrade_melee_charge,eff_bullet_resist,defense,bullet_resist,6,percent,"Immer, solange das Item ausgerüstet ist.",equipped,Self,TargetTypes: HeroEnemy;TrooperEnemy;MinionEnemy;Neutral.,,,,,,high,"[""SRC-0004"",""SRC-0005""]",Rohfeld: BulletResist. Exposure-Basis: current_default_infobox_label. Wiki-Label: Bullet Resist.
upgrade_melee_charge,eff_bonus_melee_damage_percent,damage,bonus_melee_damage_percent,10,percent,"Immer, solange das Item ausgerüstet ist.",equipped,Self,TargetTypes: HeroEnemy;TrooperEnemy;MinionEnemy;Neutral.,,,,,,high,"[""SRC-0004"",""SRC-0005""]",Rohfeld: BonusMeleeDamagePercent. Exposure-Basis: current_default_infobox_label. Wiki-Label: Melee Damage.
upgrade_melee_charge,eff_melee_distance_scale,damage,melee_distance_scale,50,percent,Quellbedingung (englischer Tooltip): Your next Heavy Melee attack against an enemy deals increased damage.,passive_item_rule,HeroEnemy;TrooperEnemy;MinionEnemy;Neutral,TargetTypes: HeroEnemy;TrooperEnemy;MinionEnemy;Neutral.,,,,,,high,"[""SRC-0004"",""SRC-0005""]",Rohfeld: MeleeDistanceScale. Exposure-Basis: current_default_infobox_label. Wiki-Label: Heavy Melee Distance.
upgrade_melee_charge,eff_bonus_heavy_melee_damage,damage,bonus_heavy_melee_damage,25,percent,"Immer, solange das Item ausgerüstet ist.",equipped,Self,TargetTypes: HeroEnemy;TrooperEnemy;MinionEnemy;Neutral.,,,,,,high,"[""SRC-0004"",""SRC-0005""]",Rohfeld: BonusHeavyMeleeDamage. Exposure-Basis: current_default_infobox_label. Wiki-Label: Bonus Heavy Damage.
upgrade_crackshot,eff_ability_cooldown,cooldown,ability_cooldown,8,seconds,Quellbedingung (englischer Tooltip): Your next bullet deals bonus {g:citadel_inline_attribute:'SpiritDamage'}.,passive_proc_cooldown,AllEnemy,,,,,,8,medium,"[""SRC-0004"",""SRC-0005""]",Rohfeld: AbilityCooldown. Exposure-Basis: structured_timing_or_target_field. Wiki-Label: Cooldown.
upgrade_crackshot,eff_proc_cooldown,cooldown,proc_cooldown,1,seconds,Quellbedingung (englischer Tooltip): Your next bullet deals bonus {g:citadel_inline_attribute:'SpiritDamage'}.,proc,AllEnemy,,,,,,1,medium,"[""SRC-0004"",""SRC-0005""]",Rohfeld: ProcCooldown. Exposure-Basis: structured_timing_or_target_field. Wiki-Label: Max Frequency.
upgrade_crackshot,eff_proc_bonus_magic_damage,damage,proc_bonus_magic_damage,40,damage,Quellbedingung (englischer Tooltip): Your next bullet deals bonus {g:citadel_inline_attribute:'SpiritDamage'}.,proc,AllEnemy,,,,,,,high,"[""SRC-0004"",""SRC-0005""]",Rohfeld: ProcBonusMagicDamage. Exposure-Basis: current_default_infobox_label. Wiki-Label: Spirit Damage.
upgrade_crackshot,eff_proc_bonus_magic_damage_scaling,damage,proc_bonus_magic_damage_scaling,0.9,spirit_scaling_coefficient,Quellbedingung (englischer Tooltip): Your next bullet deals bonus {g:citadel_inline_attribute:'SpiritDamage'}.,proc,AllEnemy,,,,,,,high,"[""SRC-0004"",""SRC-0005""]",Rohfeld: ProcBonusMagicDamage. Exposure-Basis: current_default_infobox_label. Wiki-Label: Skalierung für ProcBonusMagicDamage. Scale.Type: spirit.
upgrade_crackshot,eff_spirit_power,passive,spirit_power,7,spirit_power,"Immer, solange das Item ausgerüstet ist.",equipped,Self,,,,,,,high,"[""SRC-0004"",""SRC-0005""]",Rohfeld: SpiritPower. Exposure-Basis: current_default_infobox_label. Wiki-Label: Spirit Power.
upgrade_pristine_emblem,eff_tech_power,passive,tech_power,7,spirit_power,"Immer, solange das Item ausgerüstet ist.",equipped,Self,,,,,,,high,"[""SRC-0004"",""SRC-0005""]",Rohfeld: TechPower. Exposure-Basis: current_default_infobox_label. Wiki-Label: Spirit Power.
upgrade_pristine_emblem,eff_bonus_bullet_speed_percent,passive,bonus_bullet_speed_percent,60,percent,"Immer, solange das Item ausgerüstet ist.",equipped,Self,,,,,,,high,"[""SRC-0004"",""SRC-0005""]",Rohfeld: BonusBulletSpeedPercent. Exposure-Basis: current_default_infobox_label. Wiki-Label: Bullet Velocity.
upgrade_pristine_emblem,eff_base_attack_damage_percent,damage,base_attack_damage_percent,8,percent,"Immer, solange das Item ausgerüstet ist.",equipped,Self,,,,,,,high,"[""SRC-0004"",""SRC-0005""]",Rohfeld: BaseAttackDamagePercent. Exposure-Basis: current_default_infobox_label. Wiki-Label: Weapon Damage.
upgrade_pristine_emblem,eff_base_attack_damage_percent_bonus,damage,base_attack_damage_percent_bonus,25,percent,Quellbedingung (englischer Tooltip): Your attacks have additional Weapon Damage against enemies above 50% health.,passive_item_rule,AllEnemy,,,,,,,high,"[""SRC-0004"",""SRC-0005""]",Rohfeld: BaseAttackDamagePercentBonus. Exposure-Basis: current_default_infobox_label. Wiki-Label: Weapon Damage.
upgrade_rechargingbullets,eff_ability_cooldown,cooldown,ability_cooldown,25,seconds,Quellbedingung (englischer Tooltip): Dealing significant {g:citadel_inline_attribute:'WeaponDamage'} replenishes a charge for each of your charged abilities.,passive_proc_cooldown,Self_or_source_defined,,,,,,25,medium,"[""SRC-0004"",""SRC-0005""]",Rohfeld: AbilityCooldown. Exposure-Basis: structured_timing_or_target_field. Wiki-Label: Cooldown.
upgrade_rechargingbullets,eff_bonus_clip_size_percent,weapon_operation,bonus_clip_size_percent,20,percent,"Immer, solange das Item ausgerüstet ist.",equipped,Self,,,,,,,high,"[""SRC-0004"",""SRC-0005""]",Rohfeld: BonusClipSizePercent. Exposure-Basis: current_default_infobox_label. Wiki-Label: Max Ammo.
upgrade_rechargingbullets,eff_base_attack_damage_percent,damage,base_attack_damage_percent,10,percent,"Immer, solange das Item ausgerüstet ist.",equipped,Self,,,,,,,high,"[""SRC-0004"",""SRC-0005""]",Rohfeld: BaseAttackDamagePercent. Exposure-Basis: current_default_infobox_label. Wiki-Label: Weapon Damage.
upgrade_rechargingbullets,eff_damage_threshold,damage,damage_threshold,200,damage,Quellbedingung (englischer Tooltip): Dealing significant {g:citadel_inline_attribute:'WeaponDamage'} replenishes a charge for each of your charged abilities.,passive_item_rule,Self_or_source_defined,,,,,,,high,"[""SRC-0004"",""SRC-0005""]",Rohfeld: DamageThreshold. Exposure-Basis: current_default_infobox_label. Wiki-Label: Damage Threshold.
upgrade_rechargingbullets,eff_damage_window,duration,damage_window,3.5,seconds,Quellbedingung (englischer Tooltip): Dealing significant {g:citadel_inline_attribute:'WeaponDamage'} replenishes a charge for each of your charged abilities.,passive_item_rule,Self_or_source_defined,,,,,,,high,"[""SRC-0004"",""SRC-0005""]",Rohfeld: DamageWindow. Exposure-Basis: current_default_infobox_label. Wiki-Label: Time Frame.
upgrade_slowing_bullets,eff_slow_percent,passive,slow_percent,30,percent,Quellbedingung (englischer Tooltip): Your bullets build up a Movement Slow on enemies.,passive_item_rule,HeroEnemy,,,,,,,high,"[""SRC-0004"",""SRC-0005""]",Rohfeld: SlowPercent. Exposure-Basis: current_default_infobox_label. Wiki-Label: Move Speed.
upgrade_slowing_bullets,eff_ground_dash_reduction_percent,movement,ground_dash_reduction_percent,-22,percent,"Immer, solange das Item ausgerüstet ist.",equipped,Self,,,,,,,high,"[""SRC-0004"",""SRC-0005""]",Rohfeld: GroundDashReductionPercent. Exposure-Basis: current_default_infobox_label. Wiki-Label: Dash Distance.
upgrade_slowing_bullets,eff_slow_duration,duration,slow_duration,3.5,seconds,Quellbedingung (englischer Tooltip): Your bullets build up a Movement Slow on enemies.,passive_item_rule,HeroEnemy,,,,,3.5,,high,"[""SRC-0004"",""SRC-0005""]",Rohfeld: SlowDuration. Exposure-Basis: current_default_infobox_label. Wiki-Label: Slow Duration.
upgrade_tech_defense_shredders,eff_tech_armor_damage_reduction,defense,tech_armor_damage_reduction,-8,percent,Quellbedingung (englischer Tooltip): Your bullets apply a debuff that reduces the Spirit Resist of the target and grants you and your allies Spirit Lifesteal against them.,passive_item_rule,AllEnemy,,,,,,,high,"[""SRC-0004"",""SRC-0005""]",Rohfeld: TechArmorDamageReduction. Exposure-Basis: current_default_infobox_label. Wiki-Label: Spirit Resist.
upgrade_tech_defense_shredders,eff_debuff_duration,duration,debuff_duration,8,seconds,Quellbedingung (englischer Tooltip): Your bullets apply a debuff that reduces the Spirit Resist of the target and grants you and your allies Spirit Lifesteal against them.,passive_item_rule,AllEnemy,,,,,8,,high,"[""SRC-0004"",""SRC-0005""]",Rohfeld: DebuffDuration. Exposure-Basis: current_default_infobox_label. Wiki-Label: Debuff Duration.
upgrade_tech_defense_shredders,eff_ability_lifesteal_percent_hero,healing,ability_lifesteal_percent_hero,10,percent,"Immer, solange das Item ausgerüstet ist.",equipped,Self,,,,,,,high,"[""SRC-0004"",""SRC-0005""]",Rohfeld: AbilityLifestealPercentHero. Exposure-Basis: current_default_infobox_label. Wiki-Label: Spirit Lifesteal.
upgrade_split_shot,eff_ability_cooldown,cooldown,ability_cooldown,27,seconds,Quellbedingung (englischer Tooltip): Make your weapon fire multishot. Hitting more than one Hero per attack will grant a stacking weapon damage bonus. Targets can only be hit once per multishot.,item_activation,Self_or_source_defined,,,,,,27,medium,"[""SRC-0004"",""SRC-0005""]",Rohfeld: AbilityCooldown. Exposure-Basis: structured_timing_or_target_field. Wiki-Label: Cooldown.
upgrade_split_shot,eff_bullet_split_shot,active,bullet_split_shot,5,count,Quellbedingung (englischer Tooltip): Make your weapon fire multishot. Hitting more than one Hero per attack will grant a stacking weapon damage bonus. Targets can only be hit once per multishot.,item_activation,Self_or_source_defined,,,,,,,high,"[""SRC-0004"",""SRC-0005""]",Rohfeld: BulletSplitShot. Exposure-Basis: current_default_infobox_label. Wiki-Label: Weapon Multishot.
upgrade_split_shot,eff_weapon_damage_per_stack,damage,weapon_damage_per_stack,8,percent,Quellbedingung (englischer Tooltip): Make your weapon fire multishot. Hitting more than one Hero per attack will grant a stacking weapon damage bonus. Targets can only be hit once per multishot.,stack_change,Self_or_source_defined,,,pro_stack,5,,,high,"[""SRC-0004"",""SRC-0005""]",Rohfeld: WeaponDamagePerStack. Exposure-Basis: current_default_infobox_label. Wiki-Label: Weapon Damage per Stack.
upgrade_split_shot,eff_max_stacks,stacking,max_stacks,5,count,Quellbedingung (englischer Tooltip): Make your weapon fire multishot. Hitting more than one Hero per attack will grant a stacking weapon damage bonus. Targets can only be hit once per multishot.,stack_change,Self_or_source_defined,,,stack_limit,5,,,high,"[""SRC-0004"",""SRC-0005""]",Rohfeld: MaxStacks. Exposure-Basis: current_default_infobox_label. Wiki-Label: Max Stacks.
upgrade_weapon_backstabber,eff_ability_cooldown,cooldown,ability_cooldown,6,seconds,"Quellbedingung (englischer Tooltip): Dealing {g:citadel_inline_attribute:'WeaponDamage'} at close range opens a wound and grants you {g:citadel_inline_attribute:'BonusMoveSpeed'}. Wounded enemies take {g:citadel_inline_attribute:'SpiritDPS'}, have reduced {g:citadel_inline_attribute:'BulletResist'}, and are revealed through walls.",passive_proc_cooldown,Self_or_source_defined,,,,,,6,medium,"[""SRC-0004"",""SRC-0005""]",Rohfeld: AbilityCooldown. Exposure-Basis: structured_timing_or_target_field. Wiki-Label: Cooldown.
upgrade_weapon_backstabber,eff_ability_duration,duration,ability_duration,5,seconds,"Quellbedingung (englischer Tooltip): Dealing {g:citadel_inline_attribute:'WeaponDamage'} at close range opens a wound and grants you {g:citadel_inline_attribute:'BonusMoveSpeed'}. Wounded enemies take {g:citadel_inline_attribute:'SpiritDPS'}, have reduced {g:citadel_inline_attribute:'BulletResist'}, and are revealed through walls.",passive_item_rule,Self_or_source_defined,,,,,5,,high,"[""SRC-0004"",""SRC-0005""]",Rohfeld: AbilityDuration. Exposure-Basis: current_default_infobox_label. Wiki-Label: Duration.
upgrade_weapon_backstabber,eff_bonus_health,healing,bonus_health,50,hp,"Immer, solange das Item ausgerüstet ist.",equipped,Self,,,,,,,high,"[""SRC-0004"",""SRC-0005""]",Rohfeld: BonusHealth. Exposure-Basis: current_default_infobox_label. Wiki-Label: Bonus Health.
upgrade_weapon_backstabber,eff_dps,damage,dps,17,damage,"Quellbedingung (englischer Tooltip): Dealing {g:citadel_inline_attribute:'WeaponDamage'} at close range opens a wound and grants you {g:citadel_inline_attribute:'BonusMoveSpeed'}. Wounded enemies take {g:citadel_inline_attribute:'SpiritDPS'}, have reduced {g:citadel_inline_attribute:'BulletResist'}, and are revealed through walls.",passive_item_rule,Self_or_source_defined,,,,,,,high,"[""SRC-0004"",""SRC-0005""]",Rohfeld: DPS. Exposure-Basis: current_default_infobox_label. Wiki-Label: Damage Per Second.
upgrade_weapon_backstabber,eff_proc_radius,passive,proc_radius,8,m,"Quellbedingung (englischer Tooltip): Dealing {g:citadel_inline_attribute:'WeaponDamage'} at close range opens a wound and grants you {g:citadel_inline_attribute:'BonusMoveSpeed'}. Wounded enemies take {g:citadel_inline_attribute:'SpiritDPS'}, have reduced {g:citadel_inline_attribute:'BulletResist'}, and are revealed through walls.",proc,Self_or_source_defined,,,,,,,high,"[""SRC-0004"",""SRC-0005""]",Rohfeld: ProcRadius. Exposure-Basis: current_default_infobox_label. Wiki-Label: Close Range.
upgrade_weapon_backstabber,eff_bullet_resist_reduction,defense,bullet_resist_reduction,-6,percent,"Quellbedingung (englischer Tooltip): Dealing {g:citadel_inline_attribute:'WeaponDamage'} at close range opens a wound and grants you {g:citadel_inline_attribute:'BonusMoveSpeed'}. Wounded enemies take {g:citadel_inline_attribute:'SpiritDPS'}, have reduced {g:citadel_inline_attribute:'BulletResist'}, and are revealed through walls.",passive_item_rule,Self_or_source_defined,,,,,,,high,"[""SRC-0004"",""SRC-0005""]",Rohfeld: BulletResistReduction. Exposure-Basis: current_default_infobox_label. Wiki-Label: Bullet Resist.
upgrade_weapon_backstabber,eff_debuff_duration,duration,debuff_duration,5,seconds,"Quellbedingung (englischer Tooltip): Dealing {g:citadel_inline_attribute:'WeaponDamage'} at close range opens a wound and grants you {g:citadel_inline_attribute:'BonusMoveSpeed'}. Wounded enemies take {g:citadel_inline_attribute:'SpiritDPS'}, have reduced {g:citadel_inline_attribute:'BulletResist'}, and are revealed through walls.",passive_item_rule,Self_or_source_defined,,,,,5,,high,"[""SRC-0004"",""SRC-0005""]",Rohfeld: DebuffDuration. Exposure-Basis: current_default_infobox_label. Wiki-Label: Debuff Duration.
upgrade_weapon_backstabber,eff_bonus_move_speed,movement,bonus_move_speed,1.5,m/s,"Immer, solange das Item ausgerüstet ist.",equipped,Self,,,,,,,high,"[""SRC-0004"",""SRC-0005""]",Rohfeld: BonusMoveSpeed. Exposure-Basis: current_default_infobox_label. Wiki-Label: Move Speed.
upgrade_weapon_backstabber,eff_reduce_footstep_sound,passive,reduce_footstep_sound,-50,percent,"Quellbedingung (englischer Tooltip): Dealing {g:citadel_inline_attribute:'WeaponDamage'} at close range opens a wound and grants you {g:citadel_inline_attribute:'BonusMoveSpeed'}. Wounded enemies take {g:citadel_inline_attribute:'SpiritDPS'}, have reduced {g:citadel_inline_attribute:'BulletResist'}, and are revealed through walls.",passive_item_rule,Self_or_source_defined,,,,,,,high,"[""SRC-0004"",""SRC-0005""]",Rohfeld: ReduceFootstepSound. Exposure-Basis: current_default_infobox_label. Wiki-Label: Footstep Sound Distance.
upgrade_blitz_bullets,eff_bonus_fire_rate,weapon_operation,bonus_fire_rate,20,percent,"Immer, solange das Item ausgerüstet ist.",equipped,Self,,,,,,,high,"[""SRC-0004"",""SRC-0005""]",Rohfeld: BonusFireRate. Exposure-Basis: current_default_infobox_label. Wiki-Label: Fire Rate.
upgrade_blitz_bullets,eff_bonus_sprint_speed,movement,bonus_sprint_speed,0.75,m/s,"Immer, solange das Item ausgerüstet ist.",equipped,Self,,,,,,,high,"[""SRC-0004"",""SRC-0005""]",Rohfeld: BonusSprintSpeed. Exposure-Basis: current_default_infobox_label. Wiki-Label: Sprint Speed.
upgrade_titan_round,eff_bonus_clip_size_percent,weapon_operation,bonus_clip_size_percent,100,percent,"Immer, solange das Item ausgerüstet ist.",equipped,Self,,,,,,,high,"[""SRC-0004"",""SRC-0005""]",Rohfeld: BonusClipSizePercent. Exposure-Basis: current_default_infobox_label. Wiki-Label: Max Ammo.
upgrade_titan_round,eff_base_attack_damage_percent,damage,base_attack_damage_percent,14,percent,"Immer, solange das Item ausgerüstet ist.",equipped,Self,,,,,,,high,"[""SRC-0004"",""SRC-0005""]",Rohfeld: BaseAttackDamagePercent. Exposure-Basis: current_default_infobox_label. Wiki-Label: Weapon Damage.
upgrade_headshot_booster2,eff_bullet_resist_reduction,defense,bullet_resist_reduction,-13,percent,Quellbedingung (englischer Tooltip): Landing a Headshot reduces their Bullet Resist.,passive_item_rule,Self_or_source_defined,,,,,,,high,"[""SRC-0004"",""SRC-0005""]",Rohfeld: BulletResistReduction. Exposure-Basis: current_default_infobox_label. Wiki-Label: Bullet Resist.
upgrade_headshot_booster2,eff_debuff_duration,duration,debuff_duration,12,seconds,Quellbedingung (englischer Tooltip): Landing a Headshot reduces their Bullet Resist.,passive_item_rule,Self_or_source_defined,,,,,12,,high,"[""SRC-0004"",""SRC-0005""]",Rohfeld: DebuffDuration. Exposure-Basis: current_default_infobox_label. Wiki-Label: Debuff Duration.
upgrade_headshot_booster2,eff_bonus_health,healing,bonus_health,60,hp,"Immer, solange das Item ausgerüstet ist.",equipped,Self,,,,,,,high,"[""SRC-0004"",""SRC-0005""]",Rohfeld: BonusHealth. Exposure-Basis: current_default_infobox_label. Wiki-Label: Bonus Health.
upgrade_thermal_detonator,eff_ability_cooldown,cooldown,ability_cooldown,30,seconds,"Quellbedingung (englischer Tooltip): Throw a flask that explodes on contact, creating an area that does increasing {g:citadel_inline_attribute:'SpiritDamage'} per second and reduces enemy Bullet Resist.50% less effective vs non-heroes.",item_activation,AllEnemy,,,,,,30,medium,"[""SRC-0004"",""SRC-0005""]",Rohfeld: AbilityCooldown. Exposure-Basis: structured_timing_or_target_field. Wiki-Label: Cooldown.
upgrade_thermal_detonator,eff_ability_duration,duration,ability_duration,5,seconds,"Quellbedingung (englischer Tooltip): Throw a flask that explodes on contact, creating an area that does increasing {g:citadel_inline_attribute:'SpiritDamage'} per second and reduces enemy Bullet Resist.50% less effective vs non-heroes.",item_activation,AllEnemy,,,,,5,,high,"[""SRC-0004"",""SRC-0005""]",Rohfeld: AbilityDuration. Exposure-Basis: current_default_infobox_label. Wiki-Label: Duration.
upgrade_thermal_detonator,eff_ability_cast_delay,active,ability_cast_delay,0.2,seconds,"Quellbedingung (englischer Tooltip): Throw a flask that explodes on contact, creating an area that does increasing {g:citadel_inline_attribute:'SpiritDamage'} per second and reduces enemy Bullet Resist.50% less effective vs non-heroes.",item_activation,AllEnemy,,,,,,,medium,"[""SRC-0004"",""SRC-0005""]",Rohfeld: AbilityCastDelay. Exposure-Basis: structured_timing_or_target_field. Wiki-Label: Cast Delay.
upgrade_thermal_detonator,eff_dps,damage,dps,45,damage,"Quellbedingung (englischer Tooltip): Throw a flask that explodes on contact, creating an area that does increasing {g:citadel_inline_attribute:'SpiritDamage'} per second and reduces enemy Bullet Resist.50% less effective vs non-heroes.",item_activation,AllEnemy,,,,,,,high,"[""SRC-0004"",""SRC-0005""]",Rohfeld: DPS. Exposure-Basis: current_default_infobox_label. Wiki-Label: Damage Per Second.
upgrade_thermal_detonator,eff_dpsscaling,damage,dpsscaling,0.2,spirit_scaling_coefficient,"Quellbedingung (englischer Tooltip): Throw a flask that explodes on contact, creating an area that does increasing {g:citadel_inline_attribute:'SpiritDamage'} per second and reduces enemy Bullet Resist.50% less effective vs non-heroes.",item_activation,AllEnemy,,,,,,,high,"[""SRC-0004"",""SRC-0005""]",Rohfeld: DPS. Exposure-Basis: current_default_infobox_label. Wiki-Label: Skalierung für DPS. Scale.Type: spirit.
upgrade_thermal_detonator,eff_dpsmax,damage,dpsmax,95,damage,"Quellbedingung (englischer Tooltip): Throw a flask that explodes on contact, creating an area that does increasing {g:citadel_inline_attribute:'SpiritDamage'} per second and reduces enemy Bullet Resist.50% less effective vs non-heroes.",item_activation,AllEnemy,,,,,,,high,"[""SRC-0004"",""SRC-0005""]",Rohfeld: DPSMax. Exposure-Basis: current_default_infobox_label. Wiki-Label: Max DPS.
upgrade_thermal_detonator,eff_dpsmax_scaling,damage,dpsmax_scaling,0.4,spirit_scaling_coefficient,"Quellbedingung (englischer Tooltip): Throw a flask that explodes on contact, creating an area that does increasing {g:citadel_inline_attribute:'SpiritDamage'} per second and reduces enemy Bullet Resist.50% less effective vs non-heroes.",item_activation,AllEnemy,,,,,,,high,"[""SRC-0004"",""SRC-0005""]",Rohfeld: DPSMax. Exposure-Basis: current_default_infobox_label. Wiki-Label: Skalierung für DPSMax. Scale.Type: spirit.
upgrade_thermal_detonator,eff_radius,active,radius,10,m,"Quellbedingung (englischer Tooltip): Throw a flask that explodes on contact, creating an area that does increasing {g:citadel_inline_attribute:'SpiritDamage'} per second and reduces enemy Bullet Resist.50% less effective vs non-heroes.",item_activation,AllEnemy,,,,,,,high,"[""SRC-0004"",""SRC-0005""]",Rohfeld: Radius. Exposure-Basis: current_default_infobox_label. Wiki-Label: Radius.
upgrade_thermal_detonator,eff_bullet_armor_reduction,defense,bullet_armor_reduction,-7,percent,"Quellbedingung (englischer Tooltip): Throw a flask that explodes on contact, creating an area that does increasing {g:citadel_inline_attribute:'SpiritDamage'} per second and reduces enemy Bullet Resist.50% less effective vs non-heroes.",item_activation,AllEnemy,,,,,,,high,"[""SRC-0004"",""SRC-0005""]",Rohfeld: BulletArmorReduction. Exposure-Basis: current_default_infobox_label. Wiki-Label: Bullet Resist.
upgrade_thermal_detonator,eff_bullet_armor_reduction_scaling,defense,bullet_armor_reduction_scaling,-0.055,spirit_scaling_coefficient,"Quellbedingung (englischer Tooltip): Throw a flask that explodes on contact, creating an area that does increasing {g:citadel_inline_attribute:'SpiritDamage'} per second and reduces enemy Bullet Resist.50% less effective vs non-heroes.",item_activation,AllEnemy,,,,,,,high,"[""SRC-0004"",""SRC-0005""]",Rohfeld: BulletArmorReduction. Exposure-Basis: current_default_infobox_label. Wiki-Label: Skalierung für BulletArmorReduction. Scale.Type: spirit.
upgrade_thermal_detonator,eff_spirit_power,active,spirit_power,10,spirit_power,"Immer, solange das Item ausgerüstet ist.",equipped,Self,,,,,,,high,"[""SRC-0004"",""SRC-0005""]",Rohfeld: SpiritPower. Exposure-Basis: current_default_infobox_label. Wiki-Label: Spirit Power.
upgrade_bulletshredimbue,eff_ability_duration,duration,ability_duration,14,seconds,Quellbedingung (englischer Tooltip): Imbue an ability with increased range. Dealing damage with that ability grants you increased weapon damage per unique hero hit. Has reduced effect on non-heroes.,passive_item_rule,AllEnemy,,,,,14,,high,"[""SRC-0004"",""SRC-0005""]",Rohfeld: AbilityDuration. Exposure-Basis: current_default_infobox_label. Wiki-Label: Duration.
upgrade_bulletshredimbue,eff_tech_range_multiplier,passive,tech_range_multiplier,22,percent,"Immer, solange das Item ausgerüstet ist.",equipped,Self,,,,,,,high,"[""SRC-0004"",""SRC-0005""]",Rohfeld: TechRangeMultiplier. Exposure-Basis: current_default_infobox_label. Wiki-Label: Ability Range.
upgrade_bulletshredimbue,eff_weapon_power_per_stack,damage,weapon_power_per_stack,20,percent,Quellbedingung (englischer Tooltip): Imbue an ability with increased range. Dealing damage with that ability grants you increased weapon damage per unique hero hit. Has reduced effect on non-heroes.,stack_change,AllEnemy,,,pro_stack,,,,high,"[""SRC-0004"",""SRC-0005""]",Rohfeld: WeaponPowerPerStack. Exposure-Basis: current_default_infobox_label. Wiki-Label: Weapon Damage per Stack.
upgrade_bulletshredimbue,eff_weapon_power_per_stack_non_hero,damage,weapon_power_per_stack_non_hero,5,percent,Quellbedingung (englischer Tooltip): Imbue an ability with increased range. Dealing damage with that ability grants you increased weapon damage per unique hero hit. Has reduced effect on non-heroes.,stack_change,AllEnemy,Expliziter Nicht-Hero-/NPC-Wert dieser Zeile.,,pro_stack,,,,high,"[""SRC-0004"",""SRC-0005""]",Rohfeld: WeaponPowerPerStackNonHero. Exposure-Basis: current_default_infobox_label. Wiki-Label: Non-Hero Weapon Damage.
upgrade_bulletshredimbue,eff_non_hero_stack_limit,stacking,non_hero_stack_limit,8,count,Quellbedingung (englischer Tooltip): Imbue an ability with increased range. Dealing damage with that ability grants you increased weapon damage per unique hero hit. Has reduced effect on non-heroes.,stack_change,AllEnemy,Expliziter Nicht-Hero-/NPC-Wert dieser Zeile.,,,,,,high,"[""SRC-0004"",""SRC-0005""]",Rohfeld: NonHeroStackLimit. Exposure-Basis: current_default_infobox_label. Wiki-Label: Non-Hero Stack Limit.
upgrade_berserker,eff_damage_duration,duration,damage_duration,10,seconds,Quellbedingung (englischer Tooltip): Your Weapon Damage increases as you take sustained damage.,passive_item_rule,Self_or_source_defined,,,,,10,,high,"[""SRC-0004"",""SRC-0005""]",Rohfeld: DamageDuration. Exposure-Basis: current_default_infobox_label. Wiki-Label: Duration.
upgrade_berserker,eff_damage_to_stack,damage,damage_to_stack,120,damage,Quellbedingung (englischer Tooltip): Your Weapon Damage increases as you take sustained damage.,stack_change,Self_or_source_defined,,,item_stack_limit_applies,10,,,high,"[""SRC-0004"",""SRC-0005""]",Rohfeld: DamageToStack. Exposure-Basis: current_default_infobox_label. Wiki-Label: Damage taken to Stack.
upgrade_berserker,eff_weapon_power_per_stack,damage,weapon_power_per_stack,7,percent,Quellbedingung (englischer Tooltip): Your Weapon Damage increases as you take sustained damage.,stack_change,Self_or_source_defined,,,pro_stack,10,,,high,"[""SRC-0004"",""SRC-0005""]",Rohfeld: WeaponPowerPerStack. Exposure-Basis: current_default_infobox_label. Wiki-Label: Weapon Damage per Stack.
upgrade_berserker,eff_max_stacks,stacking,max_stacks,10,count,Quellbedingung (englischer Tooltip): Your Weapon Damage increases as you take sustained damage.,stack_change,Self_or_source_defined,,,stack_limit,10,,,high,"[""SRC-0004"",""SRC-0005""]",Rohfeld: MaxStacks. Exposure-Basis: current_default_infobox_label. Wiki-Label: Max Stacks.
upgrade_berserker,eff_bullet_resist,defense,bullet_resist,8,percent,"Immer, solange das Item ausgerüstet ist.",equipped,Self,,,,,,,high,"[""SRC-0004"",""SRC-0005""]",Rohfeld: BulletResist. Exposure-Basis: current_default_infobox_label. Wiki-Label: Bullet Resist.
upgrade_blood_tribute,eff_tech_resist,defense,tech_resist,8,percent,"Immer, solange das Item ausgerüstet ist.",equipped,Self,,,,,,,high,"[""SRC-0004"",""SRC-0005""]",Rohfeld: TechResist. Exposure-Basis: current_default_infobox_label. Wiki-Label: Spirit Resist.
upgrade_blood_tribute,eff_health_drained_per_second,healing,health_drained_per_second,50,/s,"Quellbedingung (englischer Tooltip): Toggle: Continually sacrifice Health to improve {g:citadel_inline_attribute:'FireRate'}, Debuff Resistance and Move Speed.",item_activation,Self_or_source_defined,,,,,,,high,"[""SRC-0004"",""SRC-0005""]",Rohfeld: HealthDrainedPerSecond. Exposure-Basis: current_default_infobox_label. Wiki-Label: Health Drain.
upgrade_blood_tribute,eff_bonus_fire_rate,weapon_operation,bonus_fire_rate,35,percent,"Immer, solange das Item ausgerüstet ist.",equipped,Self,,,,,,,high,"[""SRC-0004"",""SRC-0005""]",Rohfeld: BonusFireRate. Exposure-Basis: current_default_infobox_label. Wiki-Label: Fire Rate.
upgrade_blood_tribute,eff_status_resistance_percent,defense,status_resistance_percent,35,percent,"Immer, solange das Item ausgerüstet ist.",equipped,Self,,,,,,,high,"[""SRC-0004"",""SRC-0005""]",Rohfeld: StatusResistancePercent. Exposure-Basis: current_default_infobox_label. Wiki-Label: Debuff Resist.
upgrade_blood_tribute,eff_innate_status_resistance_percent,defense,innate_status_resistance_percent,8,percent,"Quellbedingung (englischer Tooltip): Toggle: Continually sacrifice Health to improve {g:citadel_inline_attribute:'FireRate'}, Debuff Resistance and Move Speed.",item_activation,Self_or_source_defined,,,,,,,high,"[""SRC-0004"",""SRC-0005""]",Rohfeld: InnateStatusResistancePercent. Exposure-Basis: current_default_infobox_label. Wiki-Label: Debuff Resist.
upgrade_blood_tribute,eff_bonus_move_speed,movement,bonus_move_speed,2,m/s,"Immer, solange das Item ausgerüstet ist.",equipped,Self,,,,,,,high,"[""SRC-0004"",""SRC-0005""]",Rohfeld: BonusMoveSpeed. Exposure-Basis: current_default_infobox_label. Wiki-Label: Move Speed.
upgrade_blood_tribute,eff_out_of_combat_health_regen,healing,out_of_combat_health_regen,4,hp_per_second,"Immer, solange das Item ausgerüstet ist.",equipped,Self,,,,,,,high,"[""SRC-0004"",""SRC-0005""]",Rohfeld: OutOfCombatHealthRegen. Exposure-Basis: current_default_infobox_label. Wiki-Label: Out of Combat Regen.
upgrade_burst_fire,eff_ability_cooldown,cooldown,ability_cooldown,9,seconds,Quellbedingung (englischer Tooltip): Briefly gain Fire Rate and Move Speed when one of your bullets hits an enemy hero.,passive_proc_cooldown,Self_or_source_defined,,,,,,9,medium,"[""SRC-0004"",""SRC-0005""]",Rohfeld: AbilityCooldown. Exposure-Basis: structured_timing_or_target_field. Wiki-Label: Cooldown.
upgrade_burst_fire,eff_ability_duration,duration,ability_duration,4.5,seconds,Quellbedingung (englischer Tooltip): Briefly gain Fire Rate and Move Speed when one of your bullets hits an enemy hero.,passive_item_rule,Self_or_source_defined,,,,,4.5,,high,"[""SRC-0004"",""SRC-0005""]",Rohfeld: AbilityDuration. Exposure-Basis: current_default_infobox_label. Wiki-Label: Duration.
upgrade_burst_fire,eff_bonus_fire_rate,weapon_operation,bonus_fire_rate,10,percent,"Immer, solange das Item ausgerüstet ist.",equipped,Self,,,,,,,high,"[""SRC-0004"",""SRC-0005""]",Rohfeld: BonusFireRate. Exposure-Basis: current_default_infobox_label. Wiki-Label: Fire Rate.
upgrade_burst_fire,eff_activated_fire_rate,weapon_operation,activated_fire_rate,32,percent,Quellbedingung (englischer Tooltip): Briefly gain Fire Rate and Move Speed when one of your bullets hits an enemy hero.,passive_item_rule,Self_or_source_defined,,,,,,,high,"[""SRC-0004"",""SRC-0005""]",Rohfeld: ActivatedFireRate. Exposure-Basis: current_default_infobox_label. Wiki-Label: Fire Rate.
upgrade_burst_fire,eff_slide_scale,movement,slide_scale,50,percent,Quellbedingung (englischer Tooltip): Briefly gain Fire Rate and Move Speed when one of your bullets hits an enemy hero.,passive_item_rule,Self_or_source_defined,,,,,,,high,"[""SRC-0004"",""SRC-0005""]",Rohfeld: SlideScale. Exposure-Basis: current_default_infobox_label. Wiki-Label: Slide Distance.
upgrade_burst_fire,eff_bonus_move_speed,movement,bonus_move_speed,1.25,m/s,"Immer, solange das Item ausgerüstet ist.",equipped,Self,,,,,,,high,"[""SRC-0004"",""SRC-0005""]",Rohfeld: BonusMoveSpeed. Exposure-Basis: current_default_infobox_label. Wiki-Label: Move Speed.
upgrade_non_player_bonus_sacrifice,eff_ability_cooldown,cooldown,ability_cooldown,270,seconds,Quellbedingung (englischer Tooltip): Target an enemy NPC and consume it for 180% Bonus Souls and grants a powerful long lasting buff.,item_activation,TrooperEnemy;Neutral;MinionEnemy,TargetTypes: TrooperEnemy;Neutral;MinionEnemy.,,,,,270,medium,"[""SRC-0004"",""SRC-0005""]",Rohfeld: AbilityCooldown. Exposure-Basis: structured_timing_or_target_field. Wiki-Label: Cooldown.
upgrade_non_player_bonus_sacrifice,eff_ability_duration,duration,ability_duration,160,seconds,Quellbedingung (englischer Tooltip): Target an enemy NPC and consume it for 180% Bonus Souls and grants a powerful long lasting buff.,item_activation,TrooperEnemy;Neutral;MinionEnemy,TargetTypes: TrooperEnemy;Neutral;MinionEnemy.,,,,160,,high,"[""SRC-0004"",""SRC-0005""]",Rohfeld: AbilityDuration. Exposure-Basis: current_default_infobox_label. Wiki-Label: Duration.
upgrade_non_player_bonus_sacrifice,eff_ability_cast_range,active,ability_cast_range,7,m,Quellbedingung (englischer Tooltip): Target an enemy NPC and consume it for 180% Bonus Souls and grants a powerful long lasting buff.,item_activation,TrooperEnemy;Neutral;MinionEnemy,TargetTypes: TrooperEnemy;Neutral;MinionEnemy.,,,,,,medium,"[""SRC-0004"",""SRC-0005""]",Rohfeld: AbilityCastRange. Exposure-Basis: structured_timing_or_target_field. Wiki-Label: Cast Range.
upgrade_non_player_bonus_sacrifice,eff_non_player_bonus_weapon_power,damage,non_player_bonus_weapon_power,30,percent,Quellbedingung (englischer Tooltip): Target an enemy NPC and consume it for 180% Bonus Souls and grants a powerful long lasting buff.,item_activation,TrooperEnemy;Neutral;MinionEnemy,Expliziter Nicht-Hero-/NPC-Wert dieser Zeile.,,,,,,high,"[""SRC-0004"",""SRC-0005""]",Rohfeld: NonPlayerBonusWeaponPower. Exposure-Basis: current_default_infobox_label. Wiki-Label: Weapon Damage vs. NPCs.
upgrade_non_player_bonus_sacrifice,eff_out_of_combat_health_regen,healing,out_of_combat_health_regen,2,hp_per_second,"Immer, solange das Item ausgerüstet ist.",equipped,Self,TargetTypes: TrooperEnemy;Neutral;MinionEnemy.,,,,,,high,"[""SRC-0004"",""SRC-0005""]",Rohfeld: OutOfCombatHealthRegen. Exposure-Basis: current_default_infobox_label. Wiki-Label: Out of Combat Regen.
upgrade_non_player_bonus_sacrifice,eff_non_player_bullet_resist,defense,non_player_bullet_resist,30,percent,Quellbedingung (englischer Tooltip): Target an enemy NPC and consume it for 180% Bonus Souls and grants a powerful long lasting buff.,item_activation,TrooperEnemy;Neutral;MinionEnemy,Expliziter Nicht-Hero-/NPC-Wert dieser Zeile.,,,,,,high,"[""SRC-0004"",""SRC-0005""]",Rohfeld: NonPlayerBulletResist. Exposure-Basis: current_default_infobox_label. Wiki-Label: Bullet Resist vs. NPCs.
upgrade_non_player_bonus_sacrifice,eff_bonus_souls_pct,active,bonus_souls_pct,180,percent,Quellbedingung (englischer Tooltip): Target an enemy NPC and consume it for 180% Bonus Souls and grants a powerful long lasting buff.,item_activation,TrooperEnemy;Neutral;MinionEnemy,TargetTypes: TrooperEnemy;Neutral;MinionEnemy.,,,,,,high,"[""SRC-0004"",""SRC-0005""]",Rohfeld: BonusSoulsPct. Exposure-Basis: current_default_infobox_label. Wiki-Label: Bonus Souls.
upgrade_non_player_bonus_sacrifice,eff_bonus_health,healing,bonus_health,50,hp,"Immer, solange das Item ausgerüstet ist.",equipped,Self,TargetTypes: TrooperEnemy;Neutral;MinionEnemy.,,,,,,high,"[""SRC-0004"",""SRC-0005""]",Rohfeld: BonusHealth. Exposure-Basis: current_default_infobox_label. Wiki-Label: Bonus Health.
upgrade_non_player_bonus_sacrifice,eff_bonus_health_scaling,healing,bonus_health_scaling,4,power_increase_scaling_coefficient,"Immer, solange das Item ausgerüstet ist.",equipped,Self,TargetTypes: TrooperEnemy;Neutral;MinionEnemy.,,,,,,high,"[""SRC-0004"",""SRC-0005""]",Rohfeld: BonusHealth. Exposure-Basis: current_default_infobox_label. Wiki-Label: Skalierung für BonusHealth. Scale.Type: power_increase.
upgrade_non_player_bonus_sacrifice,eff_base_attack_damage_percent,damage,base_attack_damage_percent,10,percent,"Immer, solange das Item ausgerüstet ist.",equipped,Self,TargetTypes: TrooperEnemy;Neutral;MinionEnemy.,,,,,,high,"[""SRC-0004"",""SRC-0005""]",Rohfeld: BaseAttackDamagePercent. Exposure-Basis: current_default_infobox_label. Wiki-Label: Weapon Damage.
upgrade_non_player_bonus_sacrifice,eff_base_attack_damage_percent_scaling,damage,base_attack_damage_percent_scaling,0.8,power_increase_scaling_coefficient,"Immer, solange das Item ausgerüstet ist.",equipped,Self,TargetTypes: TrooperEnemy;Neutral;MinionEnemy.,,,,,,high,"[""SRC-0004"",""SRC-0005""]",Rohfeld: BaseAttackDamagePercent. Exposure-Basis: current_default_infobox_label. Wiki-Label: Skalierung für BaseAttackDamagePercent. Scale.Type: power_increase.
upgrade_non_player_bonus_sacrifice,eff_tech_range_multiplier,active,tech_range_multiplier,12,percent,"Immer, solange das Item ausgerüstet ist.",equipped,Self,TargetTypes: TrooperEnemy;Neutral;MinionEnemy.,,,,,,high,"[""SRC-0004"",""SRC-0005""]",Rohfeld: TechRangeMultiplier. Exposure-Basis: current_default_infobox_label. Wiki-Label: Ability Range.
upgrade_reinforcing_casings,eff_max_armor_stacks,defense,max_armor_stacks,30,percent,Quellbedingung (englischer Tooltip): Grants Bullet Resist when your bullets hit an enemy hero. Each shot can only grant one stack.,stack_change,Self_or_source_defined,,,,,,,high,"[""SRC-0004"",""SRC-0005""]",Rohfeld: MaxArmorStacks. Exposure-Basis: current_default_infobox_label. Wiki-Label: Max Bullet Resist.
upgrade_reinforcing_casings,eff_bullet_resist_per_stack,defense,bullet_resist_per_stack,2,percent,Quellbedingung (englischer Tooltip): Grants Bullet Resist when your bullets hit an enemy hero. Each shot can only grant one stack.,stack_change,Self_or_source_defined,,,pro_stack,,,,high,"[""SRC-0004"",""SRC-0005""]",Rohfeld: BulletResistPerStack. Exposure-Basis: current_default_infobox_label. Wiki-Label: Bullet Resist per Stack.
upgrade_reinforcing_casings,eff_bullet_resist_duration,duration,bullet_resist_duration,24,seconds,Quellbedingung (englischer Tooltip): Grants Bullet Resist when your bullets hit an enemy hero. Each shot can only grant one stack.,passive_item_rule,Self_or_source_defined,,,,,24,,high,"[""SRC-0004"",""SRC-0005""]",Rohfeld: BulletResistDuration. Exposure-Basis: current_default_infobox_label. Wiki-Label: Stack Duration.
upgrade_reinforcing_casings,eff_base_attack_damage_percent,damage,base_attack_damage_percent,18,percent,"Immer, solange das Item ausgerüstet ist.",equipped,Self,,,,,,,high,"[""SRC-0004"",""SRC-0005""]",Rohfeld: BaseAttackDamagePercent. Exposure-Basis: current_default_infobox_label. Wiki-Label: Weapon Damage.
upgrade_reinforcing_casings,eff_bonus_health,healing,bonus_health,75,hp,"Immer, solange das Item ausgerüstet ist.",equipped,Self,,,,,,,high,"[""SRC-0004"",""SRC-0005""]",Rohfeld: BonusHealth. Exposure-Basis: current_default_infobox_label. Wiki-Label: Bonus Health.
upgrade_reinforcing_casings,eff_bonus_clip_size_percent,weapon_operation,bonus_clip_size_percent,35,percent,"Immer, solange das Item ausgerüstet ist.",equipped,Self,,,,,,,high,"[""SRC-0004"",""SRC-0005""]",Rohfeld: BonusClipSizePercent. Exposure-Basis: current_default_infobox_label. Wiki-Label: Max Ammo.
upgrade_express_shot,eff_ability_cooldown,cooldown,ability_cooldown,8,seconds,Quellbedingung (englischer Tooltip): Your next attack will fire twice in quick succession with increased damage and velocity. This attack consumes extra ammo.,passive_proc_cooldown,Self_or_source_defined,,,,,,8,medium,"[""SRC-0004"",""SRC-0005""]",Rohfeld: AbilityCooldown. Exposure-Basis: structured_timing_or_target_field. Wiki-Label: Cooldown.
upgrade_express_shot,eff_bonus_bullet_speed_percent,passive,bonus_bullet_speed_percent,60,percent,"Immer, solange das Item ausgerüstet ist.",equipped,Self,,,,,,,high,"[""SRC-0004"",""SRC-0005""]",Rohfeld: BonusBulletSpeedPercent. Exposure-Basis: current_default_infobox_label. Wiki-Label: Bullet Velocity.
upgrade_express_shot,eff_base_attack_damage_percent,damage,base_attack_damage_percent,8,percent,"Immer, solange das Item ausgerüstet ist.",equipped,Self,,,,,,,high,"[""SRC-0004"",""SRC-0005""]",Rohfeld: BaseAttackDamagePercent. Exposure-Basis: current_default_infobox_label. Wiki-Label: Weapon Damage.
upgrade_express_shot,eff_proc_ammo_consumed,weapon_operation,proc_ammo_consumed,2,count,Quellbedingung (englischer Tooltip): Your next attack will fire twice in quick succession with increased damage and velocity. This attack consumes extra ammo.,proc,Self_or_source_defined,,,,,,,high,"[""SRC-0004"",""SRC-0005""]",Rohfeld: ProcAmmoConsumed. Exposure-Basis: current_default_infobox_label. Wiki-Label: Extra Ammo Consumed.
upgrade_headhunter,eff_ability_cooldown,cooldown,ability_cooldown,8,seconds,"Quellbedingung (englischer Tooltip): Your next headshot against an enemy Hero deals {g:citadel_inline_attribute:'BonusWeaponDamage'}, {g:citadel_inline_attribute:'Heal'} you, and briefly grants {g:citadel_inline_attribute:'BonusMoveSpeed'}.",passive_proc_cooldown,Self_or_source_defined,,,,,,8,medium,"[""SRC-0004"",""SRC-0005""]",Rohfeld: AbilityCooldown. Exposure-Basis: structured_timing_or_target_field. Wiki-Label: Cooldown.
upgrade_headhunter,eff_head_shot_bonus_damage,damage,head_shot_bonus_damage,75,damage,"Quellbedingung (englischer Tooltip): Your next headshot against an enemy Hero deals {g:citadel_inline_attribute:'BonusWeaponDamage'}, {g:citadel_inline_attribute:'Heal'} you, and briefly grants {g:citadel_inline_attribute:'BonusMoveSpeed'}.",headshot,Self_or_source_defined,,,,,,,high,"[""SRC-0004"",""SRC-0005""]",Rohfeld: HeadShotBonusDamage. Exposure-Basis: current_default_infobox_label. Wiki-Label: Head Shot Bonus Damage.
upgrade_headhunter,eff_head_shot_bonus_damage_scaling,damage,head_shot_bonus_damage_scaling,4,power_increase_scaling_coefficient,"Quellbedingung (englischer Tooltip): Your next headshot against an enemy Hero deals {g:citadel_inline_attribute:'BonusWeaponDamage'}, {g:citadel_inline_attribute:'Heal'} you, and briefly grants {g:citadel_inline_attribute:'BonusMoveSpeed'}.",headshot,Self_or_source_defined,,,,,,,high,"[""SRC-0004"",""SRC-0005""]",Rohfeld: HeadShotBonusDamage. Exposure-Basis: current_default_infobox_label. Wiki-Label: Skalierung für HeadShotBonusDamage. Scale.Type: power_increase.
upgrade_headhunter,eff_base_attack_damage_percent,damage,base_attack_damage_percent,5,percent,"Immer, solange das Item ausgerüstet ist.",equipped,Self,,,,,,,high,"[""SRC-0004"",""SRC-0005""]",Rohfeld: BaseAttackDamagePercent. Exposure-Basis: current_default_infobox_label. Wiki-Label: Weapon Damage.
upgrade_headhunter,eff_bonus_health,healing,bonus_health,50,hp,"Immer, solange das Item ausgerüstet ist.",equipped,Self,,,,,,,high,"[""SRC-0004"",""SRC-0005""]",Rohfeld: BonusHealth. Exposure-Basis: current_default_infobox_label. Wiki-Label: Bonus Health.
upgrade_headhunter,eff_heal_percent_per_headshot,healing,heal_percent_per_headshot,4,percent,"Quellbedingung (englischer Tooltip): Your next headshot against an enemy Hero deals {g:citadel_inline_attribute:'BonusWeaponDamage'}, {g:citadel_inline_attribute:'Heal'} you, and briefly grants {g:citadel_inline_attribute:'BonusMoveSpeed'}.",headshot,Self_or_source_defined,,,,,,,high,"[""SRC-0004"",""SRC-0005""]",Rohfeld: HealPercentPerHeadshot. Exposure-Basis: current_default_infobox_label. Wiki-Label: Heal Per Headshot.
upgrade_headhunter,eff_heal_percent_per_headshot_scaling,healing,heal_percent_per_headshot_scaling,0.06,power_increase_scaling_coefficient,"Quellbedingung (englischer Tooltip): Your next headshot against an enemy Hero deals {g:citadel_inline_attribute:'BonusWeaponDamage'}, {g:citadel_inline_attribute:'Heal'} you, and briefly grants {g:citadel_inline_attribute:'BonusMoveSpeed'}.",headshot,Self_or_source_defined,,,,,,,high,"[""SRC-0004"",""SRC-0005""]",Rohfeld: HealPercentPerHeadshot. Exposure-Basis: current_default_infobox_label. Wiki-Label: Skalierung für HealPercentPerHeadshot. Scale.Type: power_increase.
upgrade_headhunter,eff_bonus_move_speed,movement,bonus_move_speed,1.75,m/s,"Immer, solange das Item ausgerüstet ist.",equipped,Self,,,,,,,high,"[""SRC-0004"",""SRC-0005""]",Rohfeld: BonusMoveSpeed. Exposure-Basis: current_default_infobox_label. Wiki-Label: Move Speed.
upgrade_headhunter,eff_movement_speed_bonus_duration,duration,movement_speed_bonus_duration,3,seconds,"Quellbedingung (englischer Tooltip): Your next headshot against an enemy Hero deals {g:citadel_inline_attribute:'BonusWeaponDamage'}, {g:citadel_inline_attribute:'Heal'} you, and briefly grants {g:citadel_inline_attribute:'BonusMoveSpeed'}.",passive_item_rule,Self_or_source_defined,,,,,3,,high,"[""SRC-0004"",""SRC-0005""]",Rohfeld: MovementSpeedBonusDuration. Exposure-Basis: current_default_infobox_label. Wiki-Label: Move Speed Duration.
upgrade_dps_aura,eff_ability_cooldown,cooldown,ability_cooldown,22,seconds,Quellbedingung (englischer Tooltip): Provides Bullet Resist to nearby friendly units.,item_activation,AllFriendly,,,,,,22,medium,"[""SRC-0004"",""SRC-0005""]",Rohfeld: AbilityCooldown. Exposure-Basis: structured_timing_or_target_field. Wiki-Label: Cooldown.
upgrade_dps_aura,eff_ability_duration,duration,ability_duration,7,seconds,Quellbedingung (englischer Tooltip): Provides Bullet Resist to nearby friendly units.,item_activation,AllFriendly,,,,,7,,high,"[""SRC-0004"",""SRC-0005""]",Rohfeld: AbilityDuration. Exposure-Basis: current_default_infobox_label. Wiki-Label: Duration.
upgrade_dps_aura,eff_bonus_fire_rate,weapon_operation,bonus_fire_rate,26,percent,"Immer, solange das Item ausgerüstet ist.",equipped,Self,,,,,,,high,"[""SRC-0004"",""SRC-0005""]",Rohfeld: BonusFireRate. Exposure-Basis: current_default_infobox_label. Wiki-Label: Fire Rate.
upgrade_dps_aura,eff_radius,active,radius,35,m,Quellbedingung (englischer Tooltip): Provides Bullet Resist to nearby friendly units.,item_activation,AllFriendly,,,,,,,high,"[""SRC-0004"",""SRC-0005""]",Rohfeld: Radius. Exposure-Basis: current_default_infobox_label. Wiki-Label: Radius.
upgrade_dps_aura,eff_active_radius,active,active_radius,35,m,Quellbedingung (englischer Tooltip): Provides Bullet Resist to nearby friendly units.,item_activation,AllFriendly,,,,,,,high,"[""SRC-0004"",""SRC-0005""]",Rohfeld: ActiveRadius. Exposure-Basis: current_default_infobox_label. Wiki-Label: Active Radius.
upgrade_dps_aura,eff_active_bonus_move_speed,movement,active_bonus_move_speed,2.25,m/s,Quellbedingung (englischer Tooltip): Provides Bullet Resist to nearby friendly units.,item_activation,AllFriendly,,,,,,,high,"[""SRC-0004"",""SRC-0005""]",Rohfeld: ActiveBonusMoveSpeed. Exposure-Basis: current_default_infobox_label. Wiki-Label: Move Speed.
upgrade_dps_aura,eff_bullet_resist,defense,bullet_resist,17,percent,"Immer, solange das Item ausgerüstet ist.",equipped,Self,,,,,,,high,"[""SRC-0004"",""SRC-0005""]",Rohfeld: BulletResist. Exposure-Basis: current_default_infobox_label. Wiki-Label: Bullet Resist.
upgrade_dps_aura,eff_bonus_sprint_speed,movement,bonus_sprint_speed,1.5,m/s,"Immer, solange das Item ausgerüstet ist.",equipped,Self,,,,,,,high,"[""SRC-0004"",""SRC-0005""]",Rohfeld: BonusSprintSpeed. Exposure-Basis: current_default_infobox_label. Wiki-Label: Sprint Speed.
upgrade_hollow_point_rounds,eff_base_attack_damage_percent,damage,base_attack_damage_percent,35,percent,"Immer, solange das Item ausgerüstet ist.",equipped,Self,,,,,,,high,"[""SRC-0004"",""SRC-0005""]",Rohfeld: BaseAttackDamagePercent. Exposure-Basis: current_default_infobox_label. Wiki-Label: Weapon Damage.
upgrade_hollow_point_rounds,eff_out_of_combat_health_regen,healing,out_of_combat_health_regen,4.5,hp_per_second,"Immer, solange das Item ausgerüstet ist.",equipped,Self,,,,,,,high,"[""SRC-0004"",""SRC-0005""]",Rohfeld: OutOfCombatHealthRegen. Exposure-Basis: current_default_infobox_label. Wiki-Label: Out of Combat Regen.
upgrade_hollow_point_rounds,eff_bonus_health,healing,bonus_health,125,hp,"Immer, solange das Item ausgerüstet ist.",equipped,Self,,,,,,,high,"[""SRC-0004"",""SRC-0005""]",Rohfeld: BonusHealth. Exposure-Basis: current_default_infobox_label. Wiki-Label: Bonus Health.
upgrade_hollow_point_rounds,eff_bullet_armor_reduction,defense,bullet_armor_reduction,-9,percent,"Quellbedingung (englischer Tooltip): When you are above 65% health, deal additional Weapon Damage and your bullets reduce enemy Bullet Resist.",passive_item_rule,AllEnemy,,,,,,,high,"[""SRC-0004"",""SRC-0005""]",Rohfeld: BulletArmorReduction. Exposure-Basis: current_default_infobox_label. Wiki-Label: Bullet Resist.
upgrade_hollow_point_rounds,eff_debuff_duration,duration,debuff_duration,8,seconds,"Quellbedingung (englischer Tooltip): When you are above 65% health, deal additional Weapon Damage and your bullets reduce enemy Bullet Resist.",passive_item_rule,AllEnemy,,,,,8,,high,"[""SRC-0004"",""SRC-0005""]",Rohfeld: DebuffDuration. Exposure-Basis: current_default_infobox_label. Wiki-Label: Debuff Duration.
upgrade_bullet_armor_reduction_aura,eff_bonus_health,healing,bonus_health,100,hp,"Immer, solange das Item ausgerüstet ist.",equipped,Self,,,,,,,high,"[""SRC-0004"",""SRC-0005""]",Rohfeld: BonusHealth. Exposure-Basis: current_default_infobox_label. Wiki-Label: Bonus Health.
upgrade_bullet_armor_reduction_aura,eff_radius,passive,radius,15,m,"Quellbedingung (englischer Tooltip): Reduces nearby enemies' Bullet Resist and Fire Rate. If there is only one enemy hero nearby, this effect is doubled.",passive_item_rule,HeroEnemy;CreepEnemy;MinionEnemy,,,,,,,high,"[""SRC-0004"",""SRC-0005""]",Rohfeld: Radius. Exposure-Basis: current_default_infobox_label. Wiki-Label: Radius.
upgrade_bullet_armor_reduction_aura,eff_bullet_armor_reduction,defense,bullet_armor_reduction,-10,percent,"Quellbedingung (englischer Tooltip): Reduces nearby enemies' Bullet Resist and Fire Rate. If there is only one enemy hero nearby, this effect is doubled.",passive_item_rule,HeroEnemy;CreepEnemy;MinionEnemy,,,,,,,high,"[""SRC-0004"",""SRC-0005""]",Rohfeld: BulletArmorReduction. Exposure-Basis: current_default_infobox_label. Wiki-Label: Bullet Resist.
upgrade_bullet_armor_reduction_aura,eff_fire_rate_slow,weapon_operation,fire_rate_slow,15,percent,"Quellbedingung (englischer Tooltip): Reduces nearby enemies' Bullet Resist and Fire Rate. If there is only one enemy hero nearby, this effect is doubled.",passive_item_rule,HeroEnemy;CreepEnemy;MinionEnemy,,,,,,,high,"[""SRC-0004"",""SRC-0005""]",Rohfeld: FireRateSlow. Exposure-Basis: current_default_infobox_label. Wiki-Label: Fire Rate.
upgrade_bullet_armor_reduction_aura,eff_bonus_sprint_speed,movement,bonus_sprint_speed,0.75,m/s,"Immer, solange das Item ausgerüstet ist.",equipped,Self,,,,,,,high,"[""SRC-0004"",""SRC-0005""]",Rohfeld: BonusSprintSpeed. Exposure-Basis: current_default_infobox_label. Wiki-Label: Sprint Speed.
upgrade_close_quarter_combat,eff_close_range_bonus_weapon_power,damage,close_range_bonus_weapon_power,50,percent,"Quellbedingung (englischer Tooltip): When in close range to your target, gain Weapon Damage and your bullets apply a Movement Slow.",passive_item_rule,HeroEnemy,,,,,,,high,"[""SRC-0004"",""SRC-0005""]",Rohfeld: CloseRangeBonusWeaponPower. Exposure-Basis: current_default_infobox_label. Wiki-Label: Weapon Damage.
upgrade_close_quarter_combat,eff_slow_percent,passive,slow_percent,25,percent,"Quellbedingung (englischer Tooltip): When in close range to your target, gain Weapon Damage and your bullets apply a Movement Slow.",passive_item_rule,HeroEnemy,,,,,,,high,"[""SRC-0004"",""SRC-0005""]",Rohfeld: SlowPercent. Exposure-Basis: current_default_infobox_label. Wiki-Label: Move Speed.
upgrade_close_quarter_combat,eff_slow_duration,duration,slow_duration,2,seconds,"Quellbedingung (englischer Tooltip): When in close range to your target, gain Weapon Damage and your bullets apply a Movement Slow.",passive_item_rule,HeroEnemy,,,,,2,,high,"[""SRC-0004"",""SRC-0005""]",Rohfeld: SlowDuration. Exposure-Basis: current_default_infobox_label. Wiki-Label: Slow Duration.
upgrade_close_quarter_combat,eff_close_range_bonus_damage_range,damage,close_range_bonus_damage_range,15,m,"Quellbedingung (englischer Tooltip): When in close range to your target, gain Weapon Damage and your bullets apply a Movement Slow.",passive_item_rule,HeroEnemy,,,,,,,high,"[""SRC-0004"",""SRC-0005""]",Rohfeld: CloseRangeBonusDamageRange. Exposure-Basis: current_default_infobox_label. Wiki-Label: Close Range.
upgrade_close_quarter_combat,eff_melee_resist_percent,defense,melee_resist_percent,30,percent,"Immer, solange das Item ausgerüstet ist.",equipped,Self,,,,,,,high,"[""SRC-0004"",""SRC-0005""]",Rohfeld: MeleeResistPercent. Exposure-Basis: current_default_infobox_label. Wiki-Label: Melee Resist.
upgrade_close_quarter_combat,eff_bonus_health,healing,bonus_health,75,hp,"Immer, solange das Item ausgerüstet ist.",equipped,Self,,,,,,,high,"[""SRC-0004"",""SRC-0005""]",Rohfeld: BonusHealth. Exposure-Basis: current_default_infobox_label. Wiki-Label: Bonus Health.
upgrade_cloaking_device_active,eff_ability_cooldown,cooldown,ability_cooldown,45,seconds,Quellbedingung (englischer Tooltip): Become Stealthed. Whenever you take damage while Stealthed you get briefly revealed.,item_activation,Self_or_source_defined,,,,,,45,medium,"[""SRC-0004"",""SRC-0005""]",Rohfeld: AbilityCooldown. Exposure-Basis: structured_timing_or_target_field. Wiki-Label: Cooldown.
upgrade_cloaking_device_active,eff_ability_duration,duration,ability_duration,13,seconds,Quellbedingung (englischer Tooltip): Become Stealthed. Whenever you take damage while Stealthed you get briefly revealed.,item_activation,Self_or_source_defined,,,,,13,,high,"[""SRC-0004"",""SRC-0005""]",Rohfeld: AbilityDuration. Exposure-Basis: current_default_infobox_label. Wiki-Label: Duration.
upgrade_cloaking_device_active,eff_invis_move_speed_mod,movement,invis_move_speed_mod,5,m/s,Quellbedingung (englischer Tooltip): Become Stealthed. Whenever you take damage while Stealthed you get briefly revealed.,item_activation,Self_or_source_defined,,,,,,,high,"[""SRC-0004"",""SRC-0005""]",Rohfeld: InvisMoveSpeedMod. Exposure-Basis: current_default_infobox_label. Wiki-Label: Invis Sprint Speed.
upgrade_cloaking_device_active,eff_spotted_radius,active,spotted_radius,20,m,Quellbedingung (englischer Tooltip): Become Stealthed. Whenever you take damage while Stealthed you get briefly revealed.,item_activation,Self_or_source_defined,,,,,,,high,"[""SRC-0004"",""SRC-0005""]",Rohfeld: SpottedRadius. Exposure-Basis: current_default_infobox_label. Wiki-Label: Spot Radius.
upgrade_cloaking_device_active,eff_ambush_duration,duration,ambush_duration,5,seconds,Quellbedingung (englischer Tooltip): Become Stealthed. Whenever you take damage while Stealthed you get briefly revealed.,item_activation,Self_or_source_defined,,,,,5,,high,"[""SRC-0004"",""SRC-0005""]",Rohfeld: AmbushDuration. Exposure-Basis: current_default_infobox_label. Wiki-Label: Ambush Duration.
upgrade_cloaking_device_active,eff_ambush_bonus_fire_rate,weapon_operation,ambush_bonus_fire_rate,25,percent,Quellbedingung (englischer Tooltip): Become Stealthed. Whenever you take damage while Stealthed you get briefly revealed.,item_activation,Self_or_source_defined,,,,,,,high,"[""SRC-0004"",""SRC-0005""]",Rohfeld: AmbushBonusFireRate. Exposure-Basis: current_default_infobox_label. Wiki-Label: Ambush Fire Rate.
upgrade_cloaking_device_active,eff_ambush_bonus_tech_power,active,ambush_bonus_tech_power,25,spirit_power,Quellbedingung (englischer Tooltip): Become Stealthed. Whenever you take damage while Stealthed you get briefly revealed.,item_activation,Self_or_source_defined,,,,,,,high,"[""SRC-0004"",""SRC-0005""]",Rohfeld: AmbushBonusTechPower. Exposure-Basis: current_default_infobox_label. Wiki-Label: Ambush Spirit Power.
upgrade_cloaking_device_active,eff_ambush_bonus_melee_damage,damage,ambush_bonus_melee_damage,25,percent,Quellbedingung (englischer Tooltip): Become Stealthed. Whenever you take damage while Stealthed you get briefly revealed.,item_activation,Self_or_source_defined,,,,,,,high,"[""SRC-0004"",""SRC-0005""]",Rohfeld: AmbushBonusMeleeDamage. Exposure-Basis: current_default_infobox_label. Wiki-Label: Ambush Melee Damage.
upgrade_cloaking_device_active,eff_out_of_combat_health_regen,healing,out_of_combat_health_regen,5,hp_per_second,"Immer, solange das Item ausgerüstet ist.",equipped,Self,,,,,,,high,"[""SRC-0004"",""SRC-0005""]",Rohfeld: OutOfCombatHealthRegen. Exposure-Basis: current_default_infobox_label. Wiki-Label: Out of Combat Regen.
upgrade_cloaking_device_active,eff_bonus_sprint_speed,movement,bonus_sprint_speed,1.5,m/s,"Immer, solange das Item ausgerüstet ist.",equipped,Self,,,,,,,high,"[""SRC-0004"",""SRC-0005""]",Rohfeld: BonusSprintSpeed. Exposure-Basis: current_default_infobox_label. Wiki-Label: Sprint Speed.
upgrade_sharpshooter,eff_base_attack_damage_percent,damage,base_attack_damage_percent,10,percent,"Immer, solange das Item ausgerüstet ist.",equipped,Self,,,,,,,high,"[""SRC-0004"",""SRC-0005""]",Rohfeld: BaseAttackDamagePercent. Exposure-Basis: current_default_infobox_label. Wiki-Label: Weapon Damage.
upgrade_sharpshooter,eff_long_range_bonus_weapon_power,damage,long_range_bonus_weapon_power,60,percent,Quellbedingung (englischer Tooltip): Deal additional Weapon Damage when beyond a minimum distance from your target.,passive_item_rule,Self_or_source_defined,,,,,,,high,"[""SRC-0004"",""SRC-0005""]",Rohfeld: LongRangeBonusWeaponPower. Exposure-Basis: current_default_infobox_label. Wiki-Label: Weapon Damage.
upgrade_sharpshooter,eff_long_range_bonus_weapon_power_min_range,damage,long_range_bonus_weapon_power_min_range,15,m,Quellbedingung (englischer Tooltip): Deal additional Weapon Damage when beyond a minimum distance from your target.,passive_item_rule,Self_or_source_defined,,,,,,,high,"[""SRC-0004"",""SRC-0005""]",Rohfeld: LongRangeBonusWeaponPowerMinRange. Exposure-Basis: current_default_infobox_label. Wiki-Label: Min. Distance.
upgrade_sharpshooter,eff_bonus_attack_range_percent,passive,bonus_attack_range_percent,20,percent,"Immer, solange das Item ausgerüstet ist.",equipped,Self,,,,,,,high,"[""SRC-0004"",""SRC-0005""]",Rohfeld: BonusAttackRangePercent. Exposure-Basis: current_default_infobox_label. Wiki-Label: Weapon Fall-off Range.
upgrade_sharpshooter,eff_bonus_zoom_percent,weapon_operation,bonus_zoom_percent,25,percent,Quellbedingung (englischer Tooltip): Deal additional Weapon Damage when beyond a minimum distance from your target.,passive_item_rule,Self_or_source_defined,,,,,,,high,"[""SRC-0004"",""SRC-0005""]",Rohfeld: BonusZoomPercent. Exposure-Basis: current_default_infobox_label. Wiki-Label: Weapon Zoom.
upgrade_sharpshooter,eff_bonus_move_speed,movement,bonus_move_speed,-0.7,m/s,"Immer, solange das Item ausgerüstet ist.",equipped,Self,,,,,,,high,"[""SRC-0004"",""SRC-0005""]",Rohfeld: BonusMoveSpeed. Exposure-Basis: current_default_infobox_label. Wiki-Label: Move Speed.
upgrade_sharpshooter,eff_bonus_sprint_speed,movement,bonus_sprint_speed,1,m/s,"Immer, solange das Item ausgerüstet ist.",equipped,Self,,,,,,,high,"[""SRC-0004"",""SRC-0005""]",Rohfeld: BonusSprintSpeed. Exposure-Basis: current_default_infobox_label. Wiki-Label: Sprint Speed.
upgrade_sharpshooter,eff_bonus_bullet_speed_percent,passive,bonus_bullet_speed_percent,60,percent,"Immer, solange das Item ausgerüstet ist.",equipped,Self,,,,,,,high,"[""SRC-0004"",""SRC-0005""]",Rohfeld: BonusBulletSpeedPercent. Exposure-Basis: current_default_infobox_label. Wiki-Label: Bullet Velocity.
upgrade_spellslinger_headshots,eff_proc_cooldown,cooldown,proc_cooldown,2,seconds,Item-spezifische Bedingung ist im strukturierten Datensatz nicht als eigenes Feld dokumentiert.,proc,AllEnemy,,,,,,2,medium,"[""SRC-0004"",""SRC-0005""]",Rohfeld: ProcCooldown. Exposure-Basis: structured_timing_or_target_field. Wiki-Label: Max Frequency.
upgrade_spellslinger_headshots,eff_bonus_health,healing,bonus_health,75,hp,"Immer, solange das Item ausgerüstet ist.",equipped,Self,,,,,,,high,"[""SRC-0004"",""SRC-0005""]",Rohfeld: BonusHealth. Exposure-Basis: current_default_infobox_label. Wiki-Label: Bonus Health.
upgrade_spellslinger_headshots,eff_max_stacks,stacking,max_stacks,4,count,Item-spezifische Bedingung ist im strukturierten Datensatz nicht als eigenes Feld dokumentiert.,stack_change,AllEnemy,,,stack_limit,4,,,high,"[""SRC-0004"",""SRC-0005""]",Rohfeld: MaxStacks. Exposure-Basis: current_default_infobox_label. Wiki-Label: Max Stacks.
upgrade_spellslinger_headshots,eff_ability_lifesteal_percent_hero,healing,ability_lifesteal_percent_hero,10,percent,"Immer, solange das Item ausgerüstet ist.",equipped,Self,,,,,,,high,"[""SRC-0004"",""SRC-0005""]",Rohfeld: AbilityLifestealPercentHero. Exposure-Basis: current_default_infobox_label. Wiki-Label: Spirit Lifesteal.
upgrade_spellslinger_headshots,eff_magic_resist_reduction,defense,magic_resist_reduction,-7,percent,Item-spezifische Bedingung ist im strukturierten Datensatz nicht als eigenes Feld dokumentiert.,passive_item_rule,AllEnemy,,,,,,,high,"[""SRC-0004"",""SRC-0005""]",Rohfeld: MagicResistReduction. Exposure-Basis: current_default_infobox_label. Wiki-Label: Spirit Resist.
upgrade_spellslinger_headshots,eff_tech_armor_damage_reduction,defense,tech_armor_damage_reduction,-8,percent,Item-spezifische Bedingung ist im strukturierten Datensatz nicht als eigenes Feld dokumentiert.,passive_item_rule,AllEnemy,,,,,,,high,"[""SRC-0004"",""SRC-0005""]",Rohfeld: TechArmorDamageReduction. Exposure-Basis: current_default_infobox_label. Wiki-Label: Spirit Resist.
upgrade_spellslinger_headshots,eff_debuff_duration,duration,debuff_duration,8,seconds,Item-spezifische Bedingung ist im strukturierten Datensatz nicht als eigenes Feld dokumentiert.,passive_item_rule,AllEnemy,,,,,8,,high,"[""SRC-0004"",""SRC-0005""]",Rohfeld: DebuffDuration. Exposure-Basis: current_default_infobox_label. Wiki-Label: Debuff Duration.
upgrade_chain_lightning,eff_proc_cooldown,cooldown,proc_cooldown,0.2,seconds,Quellbedingung (englischer Tooltip): Your bullets have a chance to shock your target. The shock will jump to a nearby enemy.,proc,AllEnemy,,,,,,0.2,medium,"[""SRC-0004"",""SRC-0005""]",Rohfeld: ProcCooldown. Exposure-Basis: structured_timing_or_target_field. Wiki-Label: Max Frequency.
upgrade_chain_lightning,eff_damage_per_chain,damage,damage_per_chain,33,damage,Quellbedingung (englischer Tooltip): Your bullets have a chance to shock your target. The shock will jump to a nearby enemy.,passive_item_rule,AllEnemy,,,,,,,high,"[""SRC-0004"",""SRC-0005""]",Rohfeld: DamagePerChain. Exposure-Basis: current_default_infobox_label. Wiki-Label: Shock Damage.
upgrade_chain_lightning,eff_damage_per_chain_scaling,damage,damage_per_chain_scaling,0.19,spirit_scaling_coefficient,Quellbedingung (englischer Tooltip): Your bullets have a chance to shock your target. The shock will jump to a nearby enemy.,passive_item_rule,AllEnemy,,,,,,,high,"[""SRC-0004"",""SRC-0005""]",Rohfeld: DamagePerChain. Exposure-Basis: current_default_infobox_label. Wiki-Label: Skalierung für DamagePerChain. Scale.Type: spirit.
upgrade_chain_lightning,eff_chain_radius,passive,chain_radius,8,m,Quellbedingung (englischer Tooltip): Your bullets have a chance to shock your target. The shock will jump to a nearby enemy.,passive_item_rule,AllEnemy,,,,,,,high,"[""SRC-0004"",""SRC-0005""]",Rohfeld: ChainRadius. Exposure-Basis: current_default_infobox_label. Wiki-Label: Jump Radius.
upgrade_chain_lightning,eff_proc_chance,passive,proc_chance,15,percent,Quellbedingung (englischer Tooltip): Your bullets have a chance to shock your target. The shock will jump to a nearby enemy.,proc,AllEnemy,,,,,,,high,"[""SRC-0004"",""SRC-0005""]",Rohfeld: ProcChance. Exposure-Basis: current_default_infobox_label. Wiki-Label: Proc Chance.
upgrade_chain_lightning,eff_chain_count,passive,chain_count,4,count,Quellbedingung (englischer Tooltip): Your bullets have a chance to shock your target. The shock will jump to a nearby enemy.,passive_item_rule,AllEnemy,,,,,,,high,"[""SRC-0004"",""SRC-0005""]",Rohfeld: ChainCount. Exposure-Basis: current_default_infobox_label. Wiki-Label: Max Jumps.
upgrade_toxic_bullets,eff_dot_health_percent,healing,dot_health_percent,1.9,%/sec,"Quellbedingung (englischer Tooltip): Your bullets build up a Bleed on enemies, causing them to lose a percentage of their Max Health over time. Also applies Healing Reduction on the bleeding target.",passive_item_rule,HeroEnemy;CreepEnemy;MinionEnemy,,,,,,,high,"[""SRC-0004"",""SRC-0005""]",Rohfeld: DotHealthPercent. Exposure-Basis: current_default_infobox_label. Wiki-Label: Bleed Damage.
upgrade_toxic_bullets,eff_dot_health_percent_scaling,healing,dot_health_percent_scaling,0.005,spirit_scaling_coefficient,"Quellbedingung (englischer Tooltip): Your bullets build up a Bleed on enemies, causing them to lose a percentage of their Max Health over time. Also applies Healing Reduction on the bleeding target.",passive_item_rule,HeroEnemy;CreepEnemy;MinionEnemy,,,,,,,high,"[""SRC-0004"",""SRC-0005""]",Rohfeld: DotHealthPercent. Exposure-Basis: current_default_infobox_label. Wiki-Label: Skalierung für DotHealthPercent. Scale.Type: spirit.
upgrade_toxic_bullets,eff_dot_duration,duration,dot_duration,4,seconds,"Quellbedingung (englischer Tooltip): Your bullets build up a Bleed on enemies, causing them to lose a percentage of their Max Health over time. Also applies Healing Reduction on the bleeding target.",passive_item_rule,HeroEnemy;CreepEnemy;MinionEnemy,,,,,4,,high,"[""SRC-0004"",""SRC-0005""]",Rohfeld: DotDuration. Exposure-Basis: current_default_infobox_label. Wiki-Label: Duration.
upgrade_toxic_bullets,eff_heal_amp_receive_penalty_percent,healing,heal_amp_receive_penalty_percent,-35,percent,"Quellbedingung (englischer Tooltip): Your bullets build up a Bleed on enemies, causing them to lose a percentage of their Max Health over time. Also applies Healing Reduction on the bleeding target.",passive_item_rule,HeroEnemy;CreepEnemy;MinionEnemy,,,,,,,high,"[""SRC-0004"",""SRC-0005""]",Rohfeld: HealAmpReceivePenaltyPercent. Exposure-Basis: current_default_infobox_label. Wiki-Label: Healing Reduction.
upgrade_toxic_bullets,eff_heal_amp_regen_penalty_percent,healing,heal_amp_regen_penalty_percent,-35,percent,"Quellbedingung (englischer Tooltip): Your bullets build up a Bleed on enemies, causing them to lose a percentage of their Max Health over time. Also applies Healing Reduction on the bleeding target.",passive_item_rule,HeroEnemy;CreepEnemy;MinionEnemy,,,,,,,high,"[""SRC-0004"",""SRC-0005""]",Rohfeld: HealAmpRegenPenaltyPercent. Exposure-Basis: current_default_infobox_label. Wiki-Label: Healing Reduction.
upgrade_weighted_shots,eff_base_attack_damage_percent,damage,base_attack_damage_percent,30,percent,"Immer, solange das Item ausgerüstet ist.",equipped,Self,,,,,,,high,"[""SRC-0004"",""SRC-0005""]",Rohfeld: BaseAttackDamagePercent. Exposure-Basis: current_default_infobox_label. Wiki-Label: Weapon Damage.
upgrade_weighted_shots,eff_status_resistance_percent,defense,status_resistance_percent,22,percent,"Immer, solange das Item ausgerüstet ist.",equipped,Self,,,,,,,high,"[""SRC-0004"",""SRC-0005""]",Rohfeld: StatusResistancePercent. Exposure-Basis: current_default_infobox_label. Wiki-Label: Debuff Resist.
upgrade_weighted_shots,eff_stamina_cooldown_reduction,cooldown,stamina_cooldown_reduction,-14,percent,"Immer, solange das Item ausgerüstet ist.",equipped,Self,,,,,,-14,high,"[""SRC-0004"",""SRC-0005""]",Rohfeld: StaminaCooldownReduction. Exposure-Basis: current_default_infobox_label. Wiki-Label: Stamina Recovery.
upgrade_weighted_shots,eff_slow_percent,passive,slow_percent,30,percent,Quellbedingung (englischer Tooltip): Your bullets build up a Movement Slow on enemies.,passive_item_rule,HeroEnemy,,,,,,,high,"[""SRC-0004"",""SRC-0005""]",Rohfeld: SlowPercent. Exposure-Basis: current_default_infobox_label. Wiki-Label: Move Speed.
upgrade_weighted_shots,eff_ground_dash_reduction_percent,movement,ground_dash_reduction_percent,-22,percent,"Immer, solange das Item ausgerüstet ist.",equipped,Self,,,,,,,high,"[""SRC-0004"",""SRC-0005""]",Rohfeld: GroundDashReductionPercent. Exposure-Basis: current_default_infobox_label. Wiki-Label: Dash Distance.
upgrade_weighted_shots,eff_slow_duration,duration,slow_duration,3.5,seconds,Quellbedingung (englischer Tooltip): Your bullets build up a Movement Slow on enemies.,passive_item_rule,HeroEnemy,,,,,3.5,,high,"[""SRC-0004"",""SRC-0005""]",Rohfeld: SlowDuration. Exposure-Basis: current_default_infobox_label. Wiki-Label: Slow Duration.
upgrade_weighted_shots,eff_bonus_move_speed,movement,bonus_move_speed,-0.5,m/s,"Immer, solange das Item ausgerüstet ist.",equipped,Self,,,,,,,high,"[""SRC-0004"",""SRC-0005""]",Rohfeld: BonusMoveSpeed. Exposure-Basis: current_default_infobox_label. Wiki-Label: Move Speed.
upgrade_aprounds,eff_bonus_bullet_speed_percent,passive,bonus_bullet_speed_percent,60,percent,"Immer, solange das Item ausgerüstet ist.",equipped,Self,,,,,,,high,"[""SRC-0004"",""SRC-0005""]",Rohfeld: BonusBulletSpeedPercent. Exposure-Basis: current_default_infobox_label. Wiki-Label: Bullet Velocity.
upgrade_aprounds,eff_proc_chance,passive,proc_chance,55,percent,"Quellbedingung (englischer Tooltip): Your Bullets have a chance to become unavoidable, piercing through enemies and ignoring their Bullet Resistance.",proc,Self_or_source_defined,,,,,,,high,"[""SRC-0004"",""SRC-0005""]",Rohfeld: ProcChance. Exposure-Basis: current_default_infobox_label. Wiki-Label: Proc Chance.
upgrade_aprounds,eff_base_attack_damage_percent,damage,base_attack_damage_percent,8,percent,"Immer, solange das Item ausgerüstet ist.",equipped,Self,,,,,,,high,"[""SRC-0004"",""SRC-0005""]",Rohfeld: BaseAttackDamagePercent. Exposure-Basis: current_default_infobox_label. Wiki-Label: Weapon Damage.
upgrade_capacitor,eff_ability_cooldown,cooldown,ability_cooldown,40,seconds,"Quellbedingung (englischer Tooltip): Launch a projectile that deals {g:citadel_inline_attribute:'SpiritIcon'}damage, applies a strong slow that recovers over time, prevents Stamina usage and Silences their movement-based items and abilities.",item_activation,HeroEnemy;CreepEnemy;BossEnemy;MinionEnemy,,"TargetTypes enthält BossEnemy; welche konkreten Map-Objectives diese Engine-Klasse umfasst, bleibt offen (UNC-0005).",,,,40,medium,"[""SRC-0004"",""SRC-0005""]",Rohfeld: AbilityCooldown. Exposure-Basis: structured_timing_or_target_field. Wiki-Label: Cooldown.
upgrade_capacitor,eff_ability_cast_delay,active,ability_cast_delay,0.2,seconds,"Quellbedingung (englischer Tooltip): Launch a projectile that deals {g:citadel_inline_attribute:'SpiritIcon'}damage, applies a strong slow that recovers over time, prevents Stamina usage and Silences their movement-based items and abilities.",item_activation,HeroEnemy;CreepEnemy;BossEnemy;MinionEnemy,,"TargetTypes enthält BossEnemy; welche konkreten Map-Objectives diese Engine-Klasse umfasst, bleibt offen (UNC-0005).",,,,,medium,"[""SRC-0004"",""SRC-0005""]",Rohfeld: AbilityCastDelay. Exposure-Basis: structured_timing_or_target_field. Wiki-Label: Cast Delay.
upgrade_capacitor,eff_proc_cooldown,cooldown,proc_cooldown,0.2,seconds,"Quellbedingung (englischer Tooltip): Launch a projectile that deals {g:citadel_inline_attribute:'SpiritIcon'}damage, applies a strong slow that recovers over time, prevents Stamina usage and Silences their movement-based items and abilities.",proc,HeroEnemy;CreepEnemy;BossEnemy;MinionEnemy,,"TargetTypes enthält BossEnemy; welche konkreten Map-Objectives diese Engine-Klasse umfasst, bleibt offen (UNC-0005).",,,,0.2,medium,"[""SRC-0004"",""SRC-0005""]",Rohfeld: ProcCooldown. Exposure-Basis: structured_timing_or_target_field. Wiki-Label: Max Frequency.
upgrade_capacitor,eff_damage_per_chain,damage,damage_per_chain,43,damage,"Quellbedingung (englischer Tooltip): Launch a projectile that deals {g:citadel_inline_attribute:'SpiritIcon'}damage, applies a strong slow that recovers over time, prevents Stamina usage and Silences their movement-based items and abilities.",item_activation,HeroEnemy;CreepEnemy;BossEnemy;MinionEnemy,,"TargetTypes enthält BossEnemy; welche konkreten Map-Objectives diese Engine-Klasse umfasst, bleibt offen (UNC-0005).",,,,,high,"[""SRC-0004"",""SRC-0005""]",Rohfeld: DamagePerChain. Exposure-Basis: current_default_infobox_label. Wiki-Label: Shock Damage.
upgrade_capacitor,eff_damage_per_chain_scaling,damage,damage_per_chain_scaling,0.19,spirit_scaling_coefficient,"Quellbedingung (englischer Tooltip): Launch a projectile that deals {g:citadel_inline_attribute:'SpiritIcon'}damage, applies a strong slow that recovers over time, prevents Stamina usage and Silences their movement-based items and abilities.",item_activation,HeroEnemy;CreepEnemy;BossEnemy;MinionEnemy,,"TargetTypes enthält BossEnemy; welche konkreten Map-Objectives diese Engine-Klasse umfasst, bleibt offen (UNC-0005).",,,,,high,"[""SRC-0004"",""SRC-0005""]",Rohfeld: DamagePerChain. Exposure-Basis: current_default_infobox_label. Wiki-Label: Skalierung für DamagePerChain. Scale.Type: spirit.
upgrade_capacitor,eff_chain_radius,active,chain_radius,10,m,"Quellbedingung (englischer Tooltip): Launch a projectile that deals {g:citadel_inline_attribute:'SpiritIcon'}damage, applies a strong slow that recovers over time, prevents Stamina usage and Silences their movement-based items and abilities.",item_activation,HeroEnemy;CreepEnemy;BossEnemy;MinionEnemy,,"TargetTypes enthält BossEnemy; welche konkreten Map-Objectives diese Engine-Klasse umfasst, bleibt offen (UNC-0005).",,,,,high,"[""SRC-0004"",""SRC-0005""]",Rohfeld: ChainRadius. Exposure-Basis: current_default_infobox_label. Wiki-Label: Jump Radius.
upgrade_capacitor,eff_proc_chance,active,proc_chance,20,percent,"Quellbedingung (englischer Tooltip): Launch a projectile that deals {g:citadel_inline_attribute:'SpiritIcon'}damage, applies a strong slow that recovers over time, prevents Stamina usage and Silences their movement-based items and abilities.",proc,HeroEnemy;CreepEnemy;BossEnemy;MinionEnemy,,"TargetTypes enthält BossEnemy; welche konkreten Map-Objectives diese Engine-Klasse umfasst, bleibt offen (UNC-0005).",,,,,high,"[""SRC-0004"",""SRC-0005""]",Rohfeld: ProcChance. Exposure-Basis: current_default_infobox_label. Wiki-Label: Proc Chance.
upgrade_capacitor,eff_chain_count,active,chain_count,6,count,"Quellbedingung (englischer Tooltip): Launch a projectile that deals {g:citadel_inline_attribute:'SpiritIcon'}damage, applies a strong slow that recovers over time, prevents Stamina usage and Silences their movement-based items and abilities.",item_activation,HeroEnemy;CreepEnemy;BossEnemy;MinionEnemy,,"TargetTypes enthält BossEnemy; welche konkreten Map-Objectives diese Engine-Klasse umfasst, bleibt offen (UNC-0005).",,,,,high,"[""SRC-0004"",""SRC-0005""]",Rohfeld: ChainCount. Exposure-Basis: current_default_infobox_label. Wiki-Label: Max Jumps.
upgrade_capacitor,eff_damage,damage,damage,100,damage,"Quellbedingung (englischer Tooltip): Launch a projectile that deals {g:citadel_inline_attribute:'SpiritIcon'}damage, applies a strong slow that recovers over time, prevents Stamina usage and Silences their movement-based items and abilities.",item_activation,HeroEnemy;CreepEnemy;BossEnemy;MinionEnemy,,"TargetTypes enthält BossEnemy; welche konkreten Map-Objectives diese Engine-Klasse umfasst, bleibt offen (UNC-0005).",,,,,high,"[""SRC-0004"",""SRC-0005""]",Rohfeld: Damage. Exposure-Basis: current_default_infobox_label. Wiki-Label: Damage.
upgrade_capacitor,eff_max_slow_percent,active,max_slow_percent,75,percent,"Quellbedingung (englischer Tooltip): Launch a projectile that deals {g:citadel_inline_attribute:'SpiritIcon'}damage, applies a strong slow that recovers over time, prevents Stamina usage and Silences their movement-based items and abilities.",item_activation,HeroEnemy;CreepEnemy;BossEnemy;MinionEnemy,,"TargetTypes enthält BossEnemy; welche konkreten Map-Objectives diese Engine-Klasse umfasst, bleibt offen (UNC-0005).",,,,,high,"[""SRC-0004"",""SRC-0005""]",Rohfeld: MaxSlowPercent. Exposure-Basis: current_default_infobox_label. Wiki-Label: Max Move Speed.
upgrade_capacitor,eff_slow_duration,duration,slow_duration,3,seconds,"Quellbedingung (englischer Tooltip): Launch a projectile that deals {g:citadel_inline_attribute:'SpiritIcon'}damage, applies a strong slow that recovers over time, prevents Stamina usage and Silences their movement-based items and abilities.",item_activation,HeroEnemy;CreepEnemy;BossEnemy;MinionEnemy,,"TargetTypes enthält BossEnemy; welche konkreten Map-Objectives diese Engine-Klasse umfasst, bleibt offen (UNC-0005).",,,3,,high,"[""SRC-0004"",""SRC-0005""]",Rohfeld: SlowDuration. Exposure-Basis: current_default_infobox_label. Wiki-Label: Slow Duration.
upgrade_capacitor,eff_bonus_fire_rate,weapon_operation,bonus_fire_rate,5,percent,"Immer, solange das Item ausgerüstet ist.",equipped,Self,,"TargetTypes enthält BossEnemy; welche konkreten Map-Objectives diese Engine-Klasse umfasst, bleibt offen (UNC-0005).",,,,,high,"[""SRC-0004"",""SRC-0005""]",Rohfeld: BonusFireRate. Exposure-Basis: current_default_infobox_label. Wiki-Label: Fire Rate.
upgrade_banshee_slugs,eff_bonus_health,healing,bonus_health,125,hp,"Immer, solange das Item ausgerüstet ist.",equipped,Self,,,,,,,high,"[""SRC-0004"",""SRC-0005""]",Rohfeld: BonusHealth. Exposure-Basis: current_default_infobox_label. Wiki-Label: Bonus Health.
upgrade_banshee_slugs,eff_bullet_resist_reduction,defense,bullet_resist_reduction,-16,percent,Item-spezifische Bedingung ist im strukturierten Datensatz nicht als eigenes Feld dokumentiert.,passive_item_rule,Self_or_source_defined,,,,,,,high,"[""SRC-0004"",""SRC-0005""]",Rohfeld: BulletResistReduction. Exposure-Basis: current_default_infobox_label. Wiki-Label: Bullet Resist.
upgrade_banshee_slugs,eff_magic_resist_reduction,defense,magic_resist_reduction,-16,percent,Item-spezifische Bedingung ist im strukturierten Datensatz nicht als eigenes Feld dokumentiert.,passive_item_rule,Self_or_source_defined,,,,,,,high,"[""SRC-0004"",""SRC-0005""]",Rohfeld: MagicResistReduction. Exposure-Basis: current_default_infobox_label. Wiki-Label: Spirit Resist.
upgrade_banshee_slugs,eff_heal_amp_receive_penalty_percent,healing,heal_amp_receive_penalty_percent,-35,percent,Item-spezifische Bedingung ist im strukturierten Datensatz nicht als eigenes Feld dokumentiert.,passive_item_rule,Self_or_source_defined,,,,,,,high,"[""SRC-0004"",""SRC-0005""]",Rohfeld: HealAmpReceivePenaltyPercent. Exposure-Basis: current_default_infobox_label. Wiki-Label: Healing Reduction.
upgrade_banshee_slugs,eff_heal_amp_regen_penalty_percent,healing,heal_amp_regen_penalty_percent,-35,percent,Item-spezifische Bedingung ist im strukturierten Datensatz nicht als eigenes Feld dokumentiert.,passive_item_rule,Self_or_source_defined,,,,,,,high,"[""SRC-0004"",""SRC-0005""]",Rohfeld: HealAmpRegenPenaltyPercent. Exposure-Basis: current_default_infobox_label. Wiki-Label: Healing Reduction.
upgrade_banshee_slugs,eff_debuff_duration,duration,debuff_duration,12,seconds,Item-spezifische Bedingung ist im strukturierten Datensatz nicht als eigenes Feld dokumentiert.,passive_item_rule,Self_or_source_defined,,,,,12,,high,"[""SRC-0004"",""SRC-0005""]",Rohfeld: DebuffDuration. Exposure-Basis: current_default_infobox_label. Wiki-Label: Debuff Duration.
upgrade_crushing_fists,eff_ability_cooldown,cooldown,ability_cooldown,5,seconds,"Quellbedingung (englischer Tooltip): Your {g:citadel_inline_attribute:'MeleeDamage'} will restore ammo and apply a stacking bullet resist debuff on enemies. Heavy melee applies 2 stacks. If the target reaches max stacks, they will be stunned.",passive_proc_cooldown,HeroEnemy;TrooperEnemy;MinionEnemy;Neutral,TargetTypes: HeroEnemy;TrooperEnemy;MinionEnemy;Neutral.,,,,,5,medium,"[""SRC-0004"",""SRC-0005""]",Rohfeld: AbilityCooldown. Exposure-Basis: structured_timing_or_target_field. Wiki-Label: Cooldown.
upgrade_crushing_fists,eff_bullet_resist,defense,bullet_resist,12,percent,"Immer, solange das Item ausgerüstet ist.",equipped,Self,TargetTypes: HeroEnemy;TrooperEnemy;MinionEnemy;Neutral.,,,,,,high,"[""SRC-0004"",""SRC-0005""]",Rohfeld: BulletResist. Exposure-Basis: current_default_infobox_label. Wiki-Label: Bullet Resist.
upgrade_crushing_fists,eff_bonus_melee_damage_percent,damage,bonus_melee_damage_percent,22,percent,"Immer, solange das Item ausgerüstet ist.",equipped,Self,TargetTypes: HeroEnemy;TrooperEnemy;MinionEnemy;Neutral.,,,,,,high,"[""SRC-0004"",""SRC-0005""]",Rohfeld: BonusMeleeDamagePercent. Exposure-Basis: current_default_infobox_label. Wiki-Label: Melee Damage.
upgrade_crushing_fists,eff_melee_distance_scale,damage,melee_distance_scale,60,percent,"Quellbedingung (englischer Tooltip): Your {g:citadel_inline_attribute:'MeleeDamage'} will restore ammo and apply a stacking bullet resist debuff on enemies. Heavy melee applies 2 stacks. If the target reaches max stacks, they will be stunned.",passive_item_rule,HeroEnemy;TrooperEnemy;MinionEnemy;Neutral,TargetTypes: HeroEnemy;TrooperEnemy;MinionEnemy;Neutral.,,,,,,high,"[""SRC-0004"",""SRC-0005""]",Rohfeld: MeleeDistanceScale. Exposure-Basis: current_default_infobox_label. Wiki-Label: Heavy Melee Distance.
upgrade_crushing_fists,eff_bonus_heavy_melee_damage,damage,bonus_heavy_melee_damage,25,percent,"Immer, solange das Item ausgerüstet ist.",equipped,Self,TargetTypes: HeroEnemy;TrooperEnemy;MinionEnemy;Neutral.,,,,,,high,"[""SRC-0004"",""SRC-0005""]",Rohfeld: BonusHeavyMeleeDamage. Exposure-Basis: current_default_infobox_label. Wiki-Label: Bonus Heavy Damage.
upgrade_crushing_fists,eff_max_stacks,stacking,max_stacks,6,count,"Quellbedingung (englischer Tooltip): Your {g:citadel_inline_attribute:'MeleeDamage'} will restore ammo and apply a stacking bullet resist debuff on enemies. Heavy melee applies 2 stacks. If the target reaches max stacks, they will be stunned.",stack_change,HeroEnemy;TrooperEnemy;MinionEnemy;Neutral,TargetTypes: HeroEnemy;TrooperEnemy;MinionEnemy;Neutral.,,stack_limit,6,,,high,"[""SRC-0004"",""SRC-0005""]",Rohfeld: MaxStacks. Exposure-Basis: current_default_infobox_label. Wiki-Label: Max Stacks.
upgrade_crushing_fists,eff_debuff_duration,duration,debuff_duration,8,seconds,"Quellbedingung (englischer Tooltip): Your {g:citadel_inline_attribute:'MeleeDamage'} will restore ammo and apply a stacking bullet resist debuff on enemies. Heavy melee applies 2 stacks. If the target reaches max stacks, they will be stunned.",passive_item_rule,HeroEnemy;TrooperEnemy;MinionEnemy;Neutral,TargetTypes: HeroEnemy;TrooperEnemy;MinionEnemy;Neutral.,,,,8,,high,"[""SRC-0004"",""SRC-0005""]",Rohfeld: DebuffDuration. Exposure-Basis: current_default_infobox_label. Wiki-Label: Debuff Duration.
upgrade_crushing_fists,eff_stun_duration,duration,stun_duration,0.75,seconds,"Quellbedingung (englischer Tooltip): Your {g:citadel_inline_attribute:'MeleeDamage'} will restore ammo and apply a stacking bullet resist debuff on enemies. Heavy melee applies 2 stacks. If the target reaches max stacks, they will be stunned.",passive_item_rule,HeroEnemy;TrooperEnemy;MinionEnemy;Neutral,TargetTypes: HeroEnemy;TrooperEnemy;MinionEnemy;Neutral.,,,,0.75,,high,"[""SRC-0004"",""SRC-0005""]",Rohfeld: StunDuration. Exposure-Basis: current_default_infobox_label. Wiki-Label: Stun Duration.
upgrade_crushing_fists,eff_light_melee_ammo,weapon_operation,light_melee_ammo,15,percent,"Quellbedingung (englischer Tooltip): Your {g:citadel_inline_attribute:'MeleeDamage'} will restore ammo and apply a stacking bullet resist debuff on enemies. Heavy melee applies 2 stacks. If the target reaches max stacks, they will be stunned.",passive_item_rule,HeroEnemy;TrooperEnemy;MinionEnemy;Neutral,TargetTypes: HeroEnemy;TrooperEnemy;MinionEnemy;Neutral.,,,,,,high,"[""SRC-0004"",""SRC-0005""]",Rohfeld: LightMeleeAmmo. Exposure-Basis: current_default_infobox_label. Wiki-Label: Ammo.
upgrade_crushing_fists,eff_bullet_resist_reduction,defense,bullet_resist_reduction,-5,percent,"Quellbedingung (englischer Tooltip): Your {g:citadel_inline_attribute:'MeleeDamage'} will restore ammo and apply a stacking bullet resist debuff on enemies. Heavy melee applies 2 stacks. If the target reaches max stacks, they will be stunned.",passive_item_rule,HeroEnemy;TrooperEnemy;MinionEnemy;Neutral,TargetTypes: HeroEnemy;TrooperEnemy;MinionEnemy;Neutral.,,,,,,high,"[""SRC-0004"",""SRC-0005""]",Rohfeld: BulletResistReduction. Exposure-Basis: current_default_infobox_label. Wiki-Label: Bullet Resist.
upgrade_fervor,eff_ability_cooldown,cooldown,ability_cooldown,16,seconds,Item-spezifische Bedingung ist im strukturierten Datensatz nicht als eigenes Feld dokumentiert.,passive_proc_cooldown,Self_or_source_defined,,,,,,16,medium,"[""SRC-0004"",""SRC-0005""]",Rohfeld: AbilityCooldown. Exposure-Basis: structured_timing_or_target_field. Wiki-Label: Cooldown.
upgrade_fervor,eff_ability_duration,duration,ability_duration,10,seconds,Item-spezifische Bedingung ist im strukturierten Datensatz nicht als eigenes Feld dokumentiert.,passive_item_rule,Self_or_source_defined,,,,,10,,high,"[""SRC-0004"",""SRC-0005""]",Rohfeld: AbilityDuration. Exposure-Basis: current_default_infobox_label. Wiki-Label: Duration.
upgrade_fervor,eff_bonus_health,healing,bonus_health,160,hp,"Immer, solange das Item ausgerüstet ist.",equipped,Self,,,,,,,high,"[""SRC-0004"",""SRC-0005""]",Rohfeld: BonusHealth. Exposure-Basis: current_default_infobox_label. Wiki-Label: Bonus Health.
upgrade_fervor,eff_bonus_fire_rate,weapon_operation,bonus_fire_rate,15,percent,"Immer, solange das Item ausgerüstet ist.",equipped,Self,,,,,,,high,"[""SRC-0004"",""SRC-0005""]",Rohfeld: BonusFireRate. Exposure-Basis: current_default_infobox_label. Wiki-Label: Fire Rate.
upgrade_fervor,eff_bullet_lifesteal_percent,healing,bullet_lifesteal_percent,10,percent,"Immer, solange das Item ausgerüstet ist.",equipped,Self,,,,,,,high,"[""SRC-0004"",""SRC-0005""]",Rohfeld: BulletLifestealPercent. Exposure-Basis: current_default_infobox_label. Wiki-Label: Bullet Lifesteal.
upgrade_fervor,eff_fervor_movespeed,movement,fervor_movespeed,4,m/s,Item-spezifische Bedingung ist im strukturierten Datensatz nicht als eigenes Feld dokumentiert.,passive_item_rule,Self_or_source_defined,,,,,,,high,"[""SRC-0004"",""SRC-0005""]",Rohfeld: FervorMovespeed. Exposure-Basis: current_default_infobox_label. Wiki-Label: Move Speed.
upgrade_fervor,eff_fervor_fire_rate,weapon_operation,fervor_fire_rate,40,percent,Item-spezifische Bedingung ist im strukturierten Datensatz nicht als eigenes Feld dokumentiert.,passive_item_rule,Self_or_source_defined,,,,,,,high,"[""SRC-0004"",""SRC-0005""]",Rohfeld: FervorFireRate. Exposure-Basis: current_default_infobox_label. Wiki-Label: Fire Rate.
upgrade_fervor,eff_fervor_status_resistance_percent,defense,fervor_status_resistance_percent,40,percent,Item-spezifische Bedingung ist im strukturierten Datensatz nicht als eigenes Feld dokumentiert.,passive_item_rule,Self_or_source_defined,,,,,,,high,"[""SRC-0004"",""SRC-0005""]",Rohfeld: FervorStatusResistancePercent. Exposure-Basis: current_default_infobox_label. Wiki-Label: Debuff Resist.
upgrade_glass_cannon,eff_base_attack_damage_percent,damage,base_attack_damage_percent,80,percent,"Immer, solange das Item ausgerüstet ist.",equipped,Self,,,,,,,high,"[""SRC-0004"",""SRC-0005""]",Rohfeld: BaseAttackDamagePercent. Exposure-Basis: current_default_infobox_label. Wiki-Label: Weapon Damage.
upgrade_glass_cannon,eff_max_health_loss_percent,healing,max_health_loss_percent,-13,percent,Quellbedingung (englischer Tooltip): Each hero kill grants permanent Fire Rate (up to a max of 8 times). Death results in the loss of 1 stack.,passive_item_rule,HeroEnemy,,,,,,,high,"[""SRC-0004"",""SRC-0005""]",Rohfeld: MaxHealthLossPercent. Exposure-Basis: current_default_infobox_label. Wiki-Label: Max Health.
upgrade_glass_cannon,eff_fire_rate_per_kill,weapon_operation,fire_rate_per_kill,7,percent,Quellbedingung (englischer Tooltip): Each hero kill grants permanent Fire Rate (up to a max of 8 times). Death results in the loss of 1 stack.,kill,HeroEnemy,,,item_stack_limit_applies,8,,,high,"[""SRC-0004"",""SRC-0005""]",Rohfeld: FireRatePerKill. Exposure-Basis: current_default_infobox_label. Wiki-Label: Fire Rate per Kill.
upgrade_critshot,eff_proc_chance,passive,proc_chance,25,percent,"Quellbedingung (englischer Tooltip): Your bullets have a chance to be empowered, causing them to deal bonus weapon damage on hit.Bonus damage cannot Crit.",proc,AllEnemy,,,,,,,high,"[""SRC-0004"",""SRC-0005""]",Rohfeld: ProcChance. Exposure-Basis: current_default_infobox_label. Wiki-Label: Proc Chance.
upgrade_critshot,eff_crit_damage_percent,damage,crit_damage_percent,100,percent,"Quellbedingung (englischer Tooltip): Your bullets have a chance to be empowered, causing them to deal bonus weapon damage on hit.Bonus damage cannot Crit.",passive_item_rule,AllEnemy,,,,,,,high,"[""SRC-0004"",""SRC-0005""]",Rohfeld: CritDamagePercent. Exposure-Basis: current_default_infobox_label. Wiki-Label: Bonus Weapon Damage.
upgrade_critshot,eff_bonus_clip_size_percent,weapon_operation,bonus_clip_size_percent,30,percent,"Immer, solange das Item ausgerüstet ist.",equipped,Self,,,,,,,high,"[""SRC-0004"",""SRC-0005""]",Rohfeld: BonusClipSizePercent. Exposure-Basis: current_default_infobox_label. Wiki-Label: Max Ammo.
upgrade_ricochet,eff_ricochet_damage_percent,damage,ricochet_damage_percent,65,percent,"Quellbedingung (englischer Tooltip): Your bullets will ricochet on enemies near your target, applying any bullet procs and dealing a percentage of the original damage.",passive_item_rule,HeroEnemy;BossEnemy;TrooperEnemy;PropEnemy;MinionEnemy;Neutral,TargetTypes: HeroEnemy;BossEnemy;TrooperEnemy;PropEnemy;MinionEnemy;Neutral.,"TargetTypes enthält BossEnemy; welche konkreten Map-Objectives diese Engine-Klasse umfasst, bleibt offen (UNC-0005).",,,,,high,"[""SRC-0004"",""SRC-0005""]",Rohfeld: RicochetDamagePercent. Exposure-Basis: current_default_infobox_label. Wiki-Label: Ricochet Damage.
upgrade_ricochet,eff_ricochet_radius,passive,ricochet_radius,13,m,"Quellbedingung (englischer Tooltip): Your bullets will ricochet on enemies near your target, applying any bullet procs and dealing a percentage of the original damage.",passive_item_rule,HeroEnemy;BossEnemy;TrooperEnemy;PropEnemy;MinionEnemy;Neutral,TargetTypes: HeroEnemy;BossEnemy;TrooperEnemy;PropEnemy;MinionEnemy;Neutral.,"TargetTypes enthält BossEnemy; welche konkreten Map-Objectives diese Engine-Klasse umfasst, bleibt offen (UNC-0005).",,,,,high,"[""SRC-0004"",""SRC-0005""]",Rohfeld: RicochetRadius. Exposure-Basis: current_default_infobox_label. Wiki-Label: Ricochet Range.
upgrade_ricochet,eff_ricochet_targets_tooltip_only,passive,ricochet_targets_tooltip_only,2,count,"Quellbedingung (englischer Tooltip): Your bullets will ricochet on enemies near your target, applying any bullet procs and dealing a percentage of the original damage.",passive_item_rule,HeroEnemy;BossEnemy;TrooperEnemy;PropEnemy;MinionEnemy;Neutral,TargetTypes: HeroEnemy;BossEnemy;TrooperEnemy;PropEnemy;MinionEnemy;Neutral.,"TargetTypes enthält BossEnemy; welche konkreten Map-Objectives diese Engine-Klasse umfasst, bleibt offen (UNC-0005).",,,,,high,"[""SRC-0004"",""SRC-0005""]",Rohfeld: RicochetTargetsTooltipOnly. Exposure-Basis: current_default_infobox_label. Wiki-Label: Ricochet Targets.
upgrade_ricochet,eff_bonus_fire_rate,weapon_operation,bonus_fire_rate,18,percent,"Immer, solange das Item ausgerüstet ist.",equipped,Self,TargetTypes: HeroEnemy;BossEnemy;TrooperEnemy;PropEnemy;MinionEnemy;Neutral.,"TargetTypes enthält BossEnemy; welche konkreten Map-Objectives diese Engine-Klasse umfasst, bleibt offen (UNC-0005).",,,,,high,"[""SRC-0004"",""SRC-0005""]",Rohfeld: BonusFireRate. Exposure-Basis: current_default_infobox_label. Wiki-Label: Fire Rate.
upgrade_proc_silence,eff_tech_resist,defense,tech_resist,12,percent,"Immer, solange das Item ausgerüstet ist.",equipped,Self,,,,,,,high,"[""SRC-0004"",""SRC-0005""]",Rohfeld: TechResist. Exposure-Basis: current_default_infobox_label. Wiki-Label: Spirit Resist.
upgrade_proc_silence,eff_tech_damage_reduction,damage,tech_damage_reduction,-25,percent,Quellbedingung (englischer Tooltip): Your bullets build up to a Silence. Victims are immune to the build up for 10s after silence expires.,passive_item_rule,HeroEnemy,,,,,,,high,"[""SRC-0004"",""SRC-0005""]",Rohfeld: TechDamageReduction. Exposure-Basis: current_default_infobox_label. Wiki-Label: Spirit Damage Reduction.
upgrade_proc_silence,eff_silence_duration,duration,silence_duration,2.5,seconds,Quellbedingung (englischer Tooltip): Your bullets build up to a Silence. Victims are immune to the build up for 10s after silence expires.,passive_item_rule,HeroEnemy,,,,,2.5,,high,"[""SRC-0004"",""SRC-0005""]",Rohfeld: SilenceDuration. Exposure-Basis: current_default_infobox_label. Wiki-Label: Silence Duration.
upgrade_proc_silence,eff_debuff_duration,duration,debuff_duration,6,seconds,Quellbedingung (englischer Tooltip): Your bullets build up to a Silence. Victims are immune to the build up for 10s after silence expires.,passive_item_rule,HeroEnemy,,,,,6,,high,"[""SRC-0004"",""SRC-0005""]",Rohfeld: DebuffDuration. Exposure-Basis: current_default_infobox_label. Wiki-Label: Debuff Duration.
upgrade_proc_silence,eff_immunity_duration,duration,immunity_duration,10,seconds,Quellbedingung (englischer Tooltip): Your bullets build up to a Silence. Victims are immune to the build up for 10s after silence expires.,passive_item_rule,HeroEnemy,,,,,10,,high,"[""SRC-0004"",""SRC-0005""]",Rohfeld: ImmunityDuration. Exposure-Basis: current_default_infobox_label. Wiki-Label: Immunity Duration.
upgrade_enchanted_holsters,eff_cooldown_reduction,cooldown,cooldown_reduction,5,percent,"Immer, solange das Item ausgerüstet ist.",equipped,Self,,,,,,5,high,"[""SRC-0004"",""SRC-0005""]",Rohfeld: CooldownReduction. Exposure-Basis: current_default_infobox_label. Wiki-Label: Ability Cooldown Reduction.
upgrade_enchanted_holsters,eff_bonus_fire_rate,weapon_operation,bonus_fire_rate,11,percent,"Immer, solange das Item ausgerüstet ist.",equipped,Self,,,,,,,high,"[""SRC-0004"",""SRC-0005""]",Rohfeld: BonusFireRate. Exposure-Basis: current_default_infobox_label. Wiki-Label: Fire Rate.
upgrade_enchanted_holsters,eff_reload_speed_multipler,weapon_operation,reload_speed_multipler,-10,percent,"Quellbedingung (englischer Tooltip): While in-combat whenever you cast an ability or item, gain a stacking buff that improves fire rate and reload speed. Each stack refreshes the duration.",passive_item_rule,Self_or_source_defined,,,,,,,high,"[""SRC-0004"",""SRC-0005""]",Rohfeld: ReloadSpeedMultipler. Exposure-Basis: current_default_infobox_label. Wiki-Label: Reload Time.
upgrade_enchanted_holsters,eff_buff_duration,duration,buff_duration,18,seconds,"Quellbedingung (englischer Tooltip): While in-combat whenever you cast an ability or item, gain a stacking buff that improves fire rate and reload speed. Each stack refreshes the duration.",passive_item_rule,Self_or_source_defined,,,,,18,,high,"[""SRC-0004"",""SRC-0005""]",Rohfeld: BuffDuration. Exposure-Basis: current_default_infobox_label. Wiki-Label: Buff Duration.
upgrade_enchanted_holsters,eff_max_stacks,stacking,max_stacks,6,count,"Quellbedingung (englischer Tooltip): While in-combat whenever you cast an ability or item, gain a stacking buff that improves fire rate and reload speed. Each stack refreshes the duration.",stack_change,Self_or_source_defined,,,stack_limit,6,,,high,"[""SRC-0004"",""SRC-0005""]",Rohfeld: MaxStacks. Exposure-Basis: current_default_infobox_label. Wiki-Label: Max Stacks.
upgrade_tech_overflow,eff_ability_duration,duration,ability_duration,15,seconds,"Quellbedingung (englischer Tooltip): Gain bonus Fire Rate, Spirit Power and Spirit Lifesteal by charging up when shooting enemy heroes.",passive_item_rule,HeroEnemy,,,,,15,,high,"[""SRC-0004"",""SRC-0005""]",Rohfeld: AbilityDuration. Exposure-Basis: current_default_infobox_label. Wiki-Label: Duration.
upgrade_tech_overflow,eff_tech_power,passive,tech_power,6,spirit_power,"Immer, solange das Item ausgerüstet ist.",equipped,Self,,,,,,,high,"[""SRC-0004"",""SRC-0005""]",Rohfeld: TechPower. Exposure-Basis: current_default_infobox_label. Wiki-Label: Spirit Power.
upgrade_tech_overflow,eff_ability_lifesteal_percent_hero,healing,ability_lifesteal_percent_hero,13,percent,"Immer, solange das Item ausgerüstet ist.",equipped,Self,,,,,,,high,"[""SRC-0004"",""SRC-0005""]",Rohfeld: AbilityLifestealPercentHero. Exposure-Basis: current_default_infobox_label. Wiki-Label: Spirit Lifesteal.
upgrade_tech_overflow,eff_bonus_health,healing,bonus_health,90,hp,"Immer, solange das Item ausgerüstet ist.",equipped,Self,,,,,,,high,"[""SRC-0004"",""SRC-0005""]",Rohfeld: BonusHealth. Exposure-Basis: current_default_infobox_label. Wiki-Label: Bonus Health.
upgrade_tech_overflow,eff_bonus_fire_rate,weapon_operation,bonus_fire_rate,30,percent,"Immer, solange das Item ausgerüstet ist.",equipped,Self,,,,,,,high,"[""SRC-0004"",""SRC-0005""]",Rohfeld: BonusFireRate. Exposure-Basis: current_default_infobox_label. Wiki-Label: Fire Rate.
upgrade_tech_overflow,eff_bonus_spirit,passive,bonus_spirit,40,spirit_power,"Immer, solange das Item ausgerüstet ist.",equipped,Self,,,,,,,high,"[""SRC-0004"",""SRC-0005""]",Rohfeld: BonusSpirit. Exposure-Basis: current_default_infobox_label. Wiki-Label: Spirit Power.
upgrade_tech_overflow,eff_bonus_spirit_lifesteal,healing,bonus_spirit_lifesteal,10,percent,"Quellbedingung (englischer Tooltip): Gain bonus Fire Rate, Spirit Power and Spirit Lifesteal by charging up when shooting enemy heroes.",passive_item_rule,HeroEnemy,,,,,,,high,"[""SRC-0004"",""SRC-0005""]",Rohfeld: BonusSpiritLifesteal. Exposure-Basis: current_default_infobox_label. Wiki-Label: Spirit Lifesteal.
upgrade_tech_overflow,eff_bonus_ability_duration_percent,duration,bonus_ability_duration_percent,13,percent,"Immer, solange das Item ausgerüstet ist.",equipped,Self,,,,,13,,high,"[""SRC-0004"",""SRC-0005""]",Rohfeld: BonusAbilityDurationPercent. Exposure-Basis: current_default_infobox_label. Wiki-Label: Ability Duration.
