ability_id,effect_id,effect_type,mechanic,value,unit,scaling_attribute,scaling_coefficient,calculation_rule,condition,trigger,target_scope,nonhero_behavior,objective_behavior,stacking,max_stacks,duration,cooldown,charge_up_time,tick_interval,confidence,source_ids,notes
abrams_siphon_life,ability_cooldown,cooldown,ability_cooldown,42,seconds,cooldown,1,,base ability state,,ability-defined,,,,,,42,,,high,"[""HSRC-0004"",""HSRC-0008""]",
abrams_siphon_life,ability_duration,stat,ability_duration,4,seconds,duration,1,,base ability state,,ability-defined,,,,,4,,,,high,"[""HSRC-0004"",""HSRC-0008""]",
abrams_siphon_life,ability_unit_target_limit,targeting,ability_unit_target_limit,1,count,,,,base ability state,,ability-defined,,,,,,,,,high,"[""HSRC-0004"",""HSRC-0008""]",
abrams_siphon_life,aura_modifier,special_rule,aura_modifier,BullHealAura,identifier,,,,base ability state,,ability-defined,,,,,,,,,medium,"[""HSRC-0004"",""HSRC-0008""]",Strukturierter Modifier-Verweis; die Modifier-Klasse selbst wurde nicht als ausformulierte Spielregel interpretiert.
abrams_siphon_life,aura_modifier_aura_radius,targeting,aura_modifier_aura_radius,0,meters,,,,base ability state,,ability-defined,,,,,,,,,high,"[""HSRC-0004"",""HSRC-0008""]",
abrams_siphon_life,dps,damage,dps,22,damage_per_second,spirit,0.6,value = 22 + 0.6 * spirit,base ability state,,ability-defined,,,,,,,,,high,"[""HSRC-0004"",""HSRC-0008""]",
abrams_siphon_life,healing_factor,healing,healing_factor,70,percent,healing,1,,base ability state,,ability-defined,,,,,,,,,high,"[""HSRC-0004"",""HSRC-0008""]",
abrams_siphon_life,non_hero_healing_factor,healing,non_hero_healing_factor,35,percent,healing,1,,base ability state,,nonhero_unit,Explicit structured field: 35 percent.,,,,,,,,high,"[""HSRC-0004"",""HSRC-0008""]",
abrams_siphon_life,radius,targeting,radius,8,meters,radius,1,,base ability state,,ability-defined,,,,,,,,,high,"[""HSRC-0004"",""HSRC-0008""]",
abrams_siphon_life,tick_rate,stat,tick_rate,0.25,seconds,,,,base ability state,,ability-defined,,,,,,,,0.25,high,"[""HSRC-0004"",""HSRC-0008""]",
abrams_shoulder_charge,ability_cooldown,cooldown,ability_cooldown,33,seconds,cooldown,1,,base ability state,,ability-defined,,,,,,33,,,high,"[""HSRC-0004"",""HSRC-0008""]",
abrams_shoulder_charge,ability_duration,stat,ability_duration,1.4,seconds,duration,1,,base ability state,,ability-defined,,,,,1.4,,,,high,"[""HSRC-0004"",""HSRC-0008""]",
abrams_shoulder_charge,ability_unit_target_limit,targeting,ability_unit_target_limit,1,count,,,,base ability state,,ability-defined,,,,,,,,,high,"[""HSRC-0004"",""HSRC-0008""]",
abrams_shoulder_charge,charge_drag_vertical_offset,charge,charge_drag_vertical_offset,30,charges,,,,base ability state,,ability-defined,,,,,,,,,high,"[""HSRC-0004"",""HSRC-0008""]",
abrams_shoulder_charge,charge_radius,charge,charge_radius,2.2,meters,,,,base ability state,,ability-defined,,,,,,,,,high,"[""HSRC-0004"",""HSRC-0008""]",
abrams_shoulder_charge,charge_speed_max,charge,charge_speed_max,30,units_per_second,,,,base ability state,,ability-defined,,,,,,,,,high,"[""HSRC-0004"",""HSRC-0008""]",
abrams_shoulder_charge,collide_players_stop_time,stat,collide_players_stop_time,0.3,seconds,,,,base ability state,,ability-defined,,,,,,,,,high,"[""HSRC-0004"",""HSRC-0008""]",
abrams_shoulder_charge,damage,damage,damage,30,damage,spirit,1.4,value = 30 + 1.4 * spirit,base ability state,,ability-defined,,,,,,,,,high,"[""HSRC-0004"",""HSRC-0008""]",
abrams_shoulder_charge,modifier_bull_charging,special_rule,modifier_bull_charging,CitadelBullCharging,identifier,,,,base ability state,,ability-defined,,,,,,,,,medium,"[""HSRC-0004"",""HSRC-0008""]",Strukturierter Modifier-Verweis; die Modifier-Klasse selbst wurde nicht als ausformulierte Spielregel interpretiert.
abrams_shoulder_charge,modifier_bull_charging_enabled_state_mask_1,stat,modifier_bull_charging_enabled_state_mask_1,AbilityMovement,identifier,,,,base ability state,,ability-defined,,,,,,,,,high,"[""HSRC-0004"",""HSRC-0008""]",
abrams_shoulder_charge,modifier_bull_charging_enabled_state_mask_2,stat,modifier_bull_charging_enabled_state_mask_2,MantleDisabled,identifier,,,,base ability state,,ability-defined,,,,,,,,,high,"[""HSRC-0004"",""HSRC-0008""]",
abrams_shoulder_charge,modifier_bull_charging_enabled_state_mask_3,stat,modifier_bull_charging_enabled_state_mask_3,MeleeDisabled,identifier,,,,base ability state,,ability-defined,,,,,,,,,high,"[""HSRC-0004"",""HSRC-0008""]",
abrams_shoulder_charge,modifier_bull_charging_enabled_state_mask_4,stat,modifier_bull_charging_enabled_state_mask_4,SlidingDisabled,identifier,,,,base ability state,,ability-defined,,,,,,,,,high,"[""HSRC-0004"",""HSRC-0008""]",
abrams_shoulder_charge,modifier_bull_charging_enabled_state_mask_5,stat,modifier_bull_charging_enabled_state_mask_5,DuckingDisabled,identifier,,,,base ability state,,ability-defined,,,,,,,,,high,"[""HSRC-0004"",""HSRC-0008""]",
abrams_shoulder_charge,modifier_bull_charging_enabled_state_mask_6,stat,modifier_bull_charging_enabled_state_mask_6,ForceCanParry,identifier,,,,base ability state,,ability-defined,,,,,,,,,high,"[""HSRC-0004"",""HSRC-0008""]",
abrams_shoulder_charge,modifier_charge_drag_enemy,charge,modifier_charge_drag_enemy,ChargeDragEnemy,identifier,,,,base ability state,,ability-defined,,,,,,,,,medium,"[""HSRC-0004"",""HSRC-0008""]",Strukturierter Modifier-Verweis; die Modifier-Klasse selbst wurde nicht als ausformulierte Spielregel interpretiert.
abrams_shoulder_charge,modifier_charge_drag_enemy_enabled_state_mask_1,charge,modifier_charge_drag_enemy_enabled_state_mask_1,AbilityMovementDebuff,identifier,,,,base ability state,,ability-defined,,,,,,,,,high,"[""HSRC-0004"",""HSRC-0008""]",
abrams_shoulder_charge,modifier_charge_drag_enemy_enabled_state_mask_2,charge,modifier_charge_drag_enemy_enabled_state_mask_2,IgnorePortals,identifier,,,,base ability state,,ability-defined,,,,,,,,,high,"[""HSRC-0004"",""HSRC-0008""]",
abrams_shoulder_charge,modifier_charge_drag_enemy_vertical_offset,charge,modifier_charge_drag_enemy_vertical_offset,30,charges,,,,base ability state,,ability-defined,,,,,,,,,high,"[""HSRC-0004"",""HSRC-0008""]",
abrams_shoulder_charge,modifier_charge_drag_enemy_forward_offset,charge,modifier_charge_drag_enemy_forward_offset,120,charges,,,,base ability state,,ability-defined,,,,,,,,,high,"[""HSRC-0004"",""HSRC-0008""]",
abrams_shoulder_charge,modifier_toss_air_control_lockout,movement,modifier_toss_air_control_lockout,AirControlLockout,identifier,,,,base ability state,,ability-defined,,,,,,,,,medium,"[""HSRC-0004"",""HSRC-0008""]",Strukturierter Modifier-Verweis; die Modifier-Klasse selbst wurde nicht als ausformulierte Spielregel interpretiert.
abrams_shoulder_charge,modifier_toss_air_control_lockout_duration,movement,modifier_toss_air_control_lockout_duration,1,seconds,,,,base ability state,,ability-defined,,,,,1,,,,high,"[""HSRC-0004"",""HSRC-0008""]",
abrams_shoulder_charge,modifier_toss_air_control_lockout_enabled_state_mask_1,movement,modifier_toss_air_control_lockout_enabled_state_mask_1,MovementAbilityRestricted,identifier,,,,base ability state,,ability-defined,,,,,,,,,high,"[""HSRC-0004"",""HSRC-0008""]",
abrams_shoulder_charge,modifier_weapon_power_increase,special_rule,modifier_weapon_power_increase,ShoulderChargeBuff,identifier,,,,base ability state,,ability-defined,,,,,,,,,medium,"[""HSRC-0004"",""HSRC-0008""]",Strukturierter Modifier-Verweis; die Modifier-Klasse selbst wurde nicht als ausformulierte Spielregel interpretiert.
abrams_shoulder_charge,side_move_speed_reduction,movement,side_move_speed_reduction,-65,percent,,,,base ability state,,ability-defined,,,,,,,,,high,"[""HSRC-0004"",""HSRC-0008""]",
abrams_shoulder_charge,slow_modifier,crowd_control,slow_modifier,WallSlamSlow,identifier,,,,base ability state,,ability-defined,,,,,,,,,medium,"[""HSRC-0004"",""HSRC-0008""]",Strukturierter Modifier-Verweis; die Modifier-Klasse selbst wurde nicht als ausformulierte Spielregel interpretiert.
abrams_shoulder_charge,speed_initial,movement,speed_initial,18.75,units_per_second,,,,base ability state,,ability-defined,,,,,,,,,high,"[""HSRC-0004"",""HSRC-0008""]",
abrams_shoulder_charge,stun_duration,crowd_control,stun_duration,0.3,seconds,duration,1,,base ability state,,ability-defined,,,,,0.3,,,,high,"[""HSRC-0004"",""HSRC-0008""]",
abrams_shoulder_charge,toss_up_magnitude,movement,toss_up_magnitude,0.5,flat,,,,base ability state,,ability-defined,,,,,,,,,high,"[""HSRC-0004"",""HSRC-0008""]",
abrams_shoulder_charge,turn_rate_max,stat,turn_rate_max,140,flat,,,,base ability state,,ability-defined,,,,,,,,,high,"[""HSRC-0004"",""HSRC-0008""]",
abrams_infernal_resilience,ability_unit_target_limit,targeting,ability_unit_target_limit,1,count,,,,base ability state,,ability-defined,,,,,,,,,high,"[""HSRC-0004"",""HSRC-0008""]",
abrams_infernal_resilience,auto_intrinsic_modifiers_1,special_rule,auto_intrinsic_modifiers_1,InfernalResilienceMelee,identifier,,,,base ability state,,ability-defined,,,,,,,,,medium,"[""HSRC-0004"",""HSRC-0008""]",Strukturierter Modifier-Verweis; die Modifier-Klasse selbst wurde nicht als ausformulierte Spielregel interpretiert.
abrams_infernal_resilience,auto_intrinsic_modifiers_2,special_rule,auto_intrinsic_modifiers_2,IntrinsicBase,identifier,,,,base ability state,,ability-defined,,,,,,,,,medium,"[""HSRC-0004"",""HSRC-0008""]",Strukturierter Modifier-Verweis; die Modifier-Klasse selbst wurde nicht als ausformulierte Spielregel interpretiert.
abrams_infernal_resilience,bonus_health_regen,healing,bonus_health_regen,1,health,,,,base ability state,,ability-defined,,,,,,,,,high,"[""HSRC-0004"",""HSRC-0008""]",
abrams_infernal_resilience,non_hero_heal_pct,healing,non_hero_heal_pct,40,percent,,,,base ability state,,nonhero_unit,Explicit structured field: 40 percent.,,,,,,,,high,"[""HSRC-0004"",""HSRC-0008""]",
abrams_infernal_resilience,regen_damage_interval,damage,regen_damage_interval,1,seconds,,,,base ability state,,ability-defined,,,,,,,,1,high,"[""HSRC-0004"",""HSRC-0008""]",
abrams_infernal_resilience,regen_incoming_damage_duration,damage,regen_incoming_damage_duration,20,seconds,,,,base ability state,,ability-defined,,,,,20,,,,high,"[""HSRC-0004"",""HSRC-0008""]",
abrams_infernal_resilience,regen_incoming_damage_percent,damage,regen_incoming_damage_percent,13,percent,healing,1,,base ability state,,ability-defined,,,,,,,,,high,"[""HSRC-0004"",""HSRC-0008""]",
abrams_seismic_impact,ability_cooldown,cooldown,ability_cooldown,215,seconds,cooldown,1,,base ability state,,ability-defined,,,,,,215,,,high,"[""HSRC-0004"",""HSRC-0008""]",
abrams_seismic_impact,ability_unit_target_limit,targeting,ability_unit_target_limit,1,count,,,,base ability state,,ability-defined,,,,,,,,,high,"[""HSRC-0004"",""HSRC-0008""]",
abrams_seismic_impact,active_modifier,special_rule,active_modifier,LeapActive,identifier,,,,base ability state,,ability-defined,,,,,,,,,medium,"[""HSRC-0004"",""HSRC-0008""]",Strukturierter Modifier-Verweis; die Modifier-Klasse selbst wurde nicht als ausformulierte Spielregel interpretiert.
abrams_seismic_impact,boost_modifier,special_rule,boost_modifier,CitadelBullLeapBoosting,identifier,,,,base ability state,,ability-defined,,,,,,,,,medium,"[""HSRC-0004"",""HSRC-0008""]",Strukturierter Modifier-Verweis; die Modifier-Klasse selbst wurde nicht als ausformulierte Spielregel interpretiert.
abrams_seismic_impact,crash_modifier,special_rule,crash_modifier,CitadelBullLeapBoostingCrash,identifier,,,,base ability state,,ability-defined,,,,,,,,,medium,"[""HSRC-0004"",""HSRC-0008""]",Strukturierter Modifier-Verweis; die Modifier-Klasse selbst wurde nicht als ausformulierte Spielregel interpretiert.
abrams_seismic_impact,damage,damage,damage,100,damage,spirit,2.325,value = 100 + 2.325 * spirit,base ability state,,ability-defined,,,,,,,,,high,"[""HSRC-0004"",""HSRC-0008""]",
abrams_seismic_impact,drag_modifier,movement,drag_modifier,ChargeDragEnemy,identifier,,,,base ability state,,ability-defined,,,,,,,,,medium,"[""HSRC-0004"",""HSRC-0008""]",Strukturierter Modifier-Verweis; die Modifier-Klasse selbst wurde nicht als ausformulierte Spielregel interpretiert.
abrams_seismic_impact,drag_modifier_forward_offset,movement,drag_modifier_forward_offset,200,flat,,,,base ability state,,ability-defined,,,,,,,,,high,"[""HSRC-0004"",""HSRC-0008""]",
abrams_seismic_impact,drag_modifier_vertical_offset,movement,drag_modifier_vertical_offset,0,flat,,,,base ability state,,ability-defined,,,,,,,,,high,"[""HSRC-0004"",""HSRC-0008""]",
abrams_seismic_impact,immunity_modifier,defense,immunity_modifier,Unstoppable,identifier,,,,base ability state,,ability-defined,,,,,,,,,medium,"[""HSRC-0004"",""HSRC-0008""]",Strukturierter Modifier-Verweis; die Modifier-Klasse selbst wurde nicht als ausformulierte Spielregel interpretiert.
abrams_seismic_impact,immunity_modifier_enabled_state_mask_1,defense,immunity_modifier_enabled_state_mask_1,StatusImmune,identifier,,,,base ability state,,ability-defined,,,,,,,,,high,"[""HSRC-0004"",""HSRC-0008""]",
abrams_seismic_impact,immunity_modifier_enabled_state_mask_2,defense,immunity_modifier_enabled_state_mask_2,SlowImmune,identifier,,,,base ability state,,ability-defined,,,,,,,,,high,"[""HSRC-0004"",""HSRC-0008""]",
abrams_seismic_impact,immunity_modifier_enabled_state_mask_3,defense,immunity_modifier_enabled_state_mask_3,KnockdownImmune,identifier,,,,base ability state,,ability-defined,,,,,,,,,high,"[""HSRC-0004"",""HSRC-0008""]",
abrams_seismic_impact,immunity_modifier_enabled_state_mask_4,defense,immunity_modifier_enabled_state_mask_4,Unstoppable,identifier,,,,base ability state,,ability-defined,,,,,,,,,high,"[""HSRC-0004"",""HSRC-0008""]",
abrams_seismic_impact,immunity_modifier_disabled_state_mask_1,defense,immunity_modifier_disabled_state_mask_1,Disarmed,identifier,,,,base ability state,,ability-defined,,,,,,,,,high,"[""HSRC-0004"",""HSRC-0008""]",
abrams_seismic_impact,immunity_modifier_disabled_state_mask_2,defense,immunity_modifier_disabled_state_mask_2,Muted,identifier,,,,base ability state,,ability-defined,,,,,,,,,high,"[""HSRC-0004"",""HSRC-0008""]",
abrams_seismic_impact,immunity_modifier_disabled_state_mask_3,defense,immunity_modifier_disabled_state_mask_3,Silenced,identifier,,,,base ability state,,ability-defined,,,,,,,,,high,"[""HSRC-0004"",""HSRC-0008""]",
abrams_seismic_impact,immunity_modifier_disabled_state_mask_4,defense,immunity_modifier_disabled_state_mask_4,SilenceMovementAbilites,identifier,,,,base ability state,,ability-defined,,,,,,,,,high,"[""HSRC-0004"",""HSRC-0008""]",
abrams_seismic_impact,immunity_modifier_disabled_state_mask_5,defense,immunity_modifier_disabled_state_mask_5,Slowed,identifier,,,,base ability state,,ability-defined,,,,,,,,,high,"[""HSRC-0004"",""HSRC-0008""]",
abrams_seismic_impact,immunity_modifier_disabled_state_mask_6,defense,immunity_modifier_disabled_state_mask_6,Glitched,identifier,,,,base ability state,,ability-defined,,,,,,,,,high,"[""HSRC-0004"",""HSRC-0008""]",
abrams_seismic_impact,immunity_modifier_disabled_state_mask_7,defense,immunity_modifier_disabled_state_mask_7,MeleeDisabledDebuff,identifier,,,,base ability state,,ability-defined,,,,,,,,,high,"[""HSRC-0004"",""HSRC-0008""]",
abrams_seismic_impact,immunity_modifier_disabled_state_mask_8,defense,immunity_modifier_disabled_state_mask_8,DashDisabledDebuff,identifier,,,,base ability state,,ability-defined,,,,,,,,,high,"[""HSRC-0004"",""HSRC-0008""]",
abrams_seismic_impact,impact_height,damage,impact_height,6,meters,radius,1,,base ability state,,ability-defined,,,,,,,,,high,"[""HSRC-0004"",""HSRC-0008""]",
abrams_seismic_impact,impact_radius,damage,impact_radius,9,meters,radius,1,,base ability state,,ability-defined,,,,,,,,,high,"[""HSRC-0004"",""HSRC-0008""]",
abrams_seismic_impact,landing_bonuses_modifier,special_rule,landing_bonuses_modifier,CitadelBullLeapLandingBonuses,identifier,,,,base ability state,,ability-defined,,,,,,,,,medium,"[""HSRC-0004"",""HSRC-0008""]",Strukturierter Modifier-Verweis; die Modifier-Klasse selbst wurde nicht als ausformulierte Spielregel interpretiert.
abrams_seismic_impact,stun_duration,crowd_control,stun_duration,1.6,seconds,duration,1,,base ability state,,ability-defined,,,,,1.6,,,,high,"[""HSRC-0004"",""HSRC-0008""]",
abrams_seismic_impact,toss_speed,movement,toss_speed,450,units_per_second,,,,base ability state,,ability-defined,,,,,,,,,high,"[""HSRC-0004"",""HSRC-0008""]",
apollo_disengaging_sigil,ability_cast_delay,stat,ability_cast_delay,0.5,seconds,,,,base ability state,,ability-defined,,,,,,,,,high,"[""HSRC-0004"",""HSRC-0008""]",
apollo_disengaging_sigil,ability_cooldown,cooldown,ability_cooldown,12,seconds,cooldown,1,,base ability state,,ability-defined,,,,,,12,,,high,"[""HSRC-0004"",""HSRC-0008""]",
apollo_disengaging_sigil,ability_unit_target_limit,targeting,ability_unit_target_limit,1,count,,,,base ability state,,ability-defined,,,,,,,,,high,"[""HSRC-0004"",""HSRC-0008""]",
apollo_disengaging_sigil,air_drag,movement,air_drag,2,flat,,,,base ability state,,ability-defined,,,,,,,,,high,"[""HSRC-0004"",""HSRC-0008""]",
apollo_disengaging_sigil,air_speed_max,movement,air_speed_max,70,units_per_second,,,,base ability state,,ability-defined,,,,,,,,,high,"[""HSRC-0004"",""HSRC-0008""]",
apollo_disengaging_sigil,buff_modifier,special_rule,buff_modifier,FencerSigilBuff,identifier,,,,base ability state,,ability-defined,,,,,,,,,medium,"[""HSRC-0004"",""HSRC-0008""]",Strukturierter Modifier-Verweis; die Modifier-Klasse selbst wurde nicht als ausformulierte Spielregel interpretiert.
apollo_disengaging_sigil,channel_move_speed,movement,channel_move_speed,1.3,units_per_second,,,,base ability state,,ability-defined,,,,,,,,,high,"[""HSRC-0004"",""HSRC-0008""]",
apollo_disengaging_sigil,damage,damage,damage,85,damage,spirit,1.3,value = 85 + 1.3 * spirit,base ability state,,ability-defined,,,,,,,,,high,"[""HSRC-0004"",""HSRC-0008""]",
apollo_disengaging_sigil,debuff_modifier,crowd_control,debuff_modifier,FencerSigilSlow,identifier,,,,base ability state,,ability-defined,,,,,,,,,medium,"[""HSRC-0004"",""HSRC-0008""]",Strukturierter Modifier-Verweis; die Modifier-Klasse selbst wurde nicht als ausformulierte Spielregel interpretiert.
apollo_disengaging_sigil,disarm_modifier,crowd_control,disarm_modifier,UpgradeGreaterWitheringWhipDebuff,identifier,,,,base ability state,,ability-defined,,,,,,,,,medium,"[""HSRC-0004"",""HSRC-0008""]",Strukturierter Modifier-Verweis; die Modifier-Klasse selbst wurde nicht als ausformulierte Spielregel interpretiert.
apollo_disengaging_sigil,disarm_modifier_enabled_state_mask_1,crowd_control,disarm_modifier_enabled_state_mask_1,Disarmed,identifier,,,,base ability state,,ability-defined,,,,,,,,,high,"[""HSRC-0004"",""HSRC-0008""]",
apollo_disengaging_sigil,fall_speed_max,movement,fall_speed_max,1,units_per_second,,,,base ability state,,ability-defined,,,,,,,,,high,"[""HSRC-0004"",""HSRC-0008""]",
apollo_disengaging_sigil,jump_velocity_hidden,movement,jump_velocity_hidden,16,units_per_second,,,,base ability state,,ability-defined,,,,,,,,,high,"[""HSRC-0004"",""HSRC-0008""]",
apollo_disengaging_sigil,sigil_radius,targeting,sigil_radius,6.5,meters,range,1,,base ability state,,ability-defined,,,,,,,,,high,"[""HSRC-0004"",""HSRC-0008""]",
apollo_disengaging_sigil,slow_duration,crowd_control,slow_duration,4,seconds,duration,1,,base ability state,,ability-defined,,,,,4,,,,high,"[""HSRC-0004"",""HSRC-0008""]",
apollo_disengaging_sigil,slow_percent,crowd_control,slow_percent,30,percent,,,,base ability state,,ability-defined,,,,,,,,,high,"[""HSRC-0004"",""HSRC-0008""]",
apollo_disengaging_sigil,trace_to_ground_distance,stat,trace_to_ground_distance,1000,meters,,,,base ability state,,ability-defined,,,,,,,,,high,"[""HSRC-0004"",""HSRC-0008""]",
apollo_riposte,ability_channel_time,stat,ability_channel_time,0.8,seconds,duration,1,,base ability state,,ability-defined,,,,,,,,,high,"[""HSRC-0004"",""HSRC-0008""]",
apollo_riposte,ability_cooldown,cooldown,ability_cooldown,22,seconds,cooldown,1,,base ability state,,ability-defined,,,,,,22,,,high,"[""HSRC-0004"",""HSRC-0008""]",
apollo_riposte,ability_lifesteal_percent_hero,healing,ability_lifesteal_percent_hero,50,percent,healing,1,,base ability state,,ability-defined,,,,,,,,,high,"[""HSRC-0004"",""HSRC-0008""]",
apollo_riposte,ability_unit_target_limit,targeting,ability_unit_target_limit,1,count,,,,base ability state,,ability-defined,,,,,,,,,high,"[""HSRC-0004"",""HSRC-0008""]",
apollo_riposte,auto_channel_modifier,special_rule,auto_channel_modifier,RiposteCastModifier,identifier,,,,base ability state,,ability-defined,,,,,,,,,medium,"[""HSRC-0004"",""HSRC-0008""]",Strukturierter Modifier-Verweis; die Modifier-Klasse selbst wurde nicht als ausformulierte Spielregel interpretiert.
apollo_riposte,counterattack_anti_mash_delay,stat,counterattack_anti_mash_delay,0.2,seconds,,,,base ability state,,ability-defined,,,,,,,,,high,"[""HSRC-0004"",""HSRC-0008""]",
apollo_riposte,damage_threshold,damage,damage_threshold,60,damage,power_increase,4,,base ability state,,ability-defined,,,,,,,,,high,"[""HSRC-0004"",""HSRC-0008""]",
apollo_riposte,damping_factor,stat,damping_factor,0.5,multiplier,,,,base ability state,,ability-defined,,,,,,,,,high,"[""HSRC-0004"",""HSRC-0008""]",
apollo_riposte,dash_grace_window,movement,dash_grace_window,1.3,seconds,,,,base ability state,,ability-defined,,,,,,,,,high,"[""HSRC-0004"",""HSRC-0008""]",
apollo_riposte,dash_radius,movement,dash_radius,2.2,meters,,,,base ability state,,ability-defined,,,,,,,,,high,"[""HSRC-0004"",""HSRC-0008""]",
apollo_riposte,dash_range,movement,dash_range,35,meters,range,1,,base ability state,,ability-defined,,,,,,,,,high,"[""HSRC-0004"",""HSRC-0008""]",
apollo_riposte,dash_speed,movement,dash_speed,76.2,units_per_second,,,,base ability state,,ability-defined,,,,,,,,,high,"[""HSRC-0004"",""HSRC-0008""]",
apollo_riposte,debuff_modifier,crowd_control,debuff_modifier,FencerRiposteAttackDebuff,identifier,,,,base ability state,,ability-defined,,,,,,,,,medium,"[""HSRC-0004"",""HSRC-0008""]",Strukturierter Modifier-Verweis; die Modifier-Klasse selbst wurde nicht als ausformulierte Spielregel interpretiert.
apollo_riposte,lift_height,stat,lift_height,240,meters,,,,base ability state,,ability-defined,,,,,,,,,high,"[""HSRC-0004"",""HSRC-0008""]",
apollo_riposte,melee_resist_reduction,defense,melee_resist_reduction,-25,percent,,,,base ability state,,ability-defined,,,,,,,,,high,"[""HSRC-0004"",""HSRC-0008""]",
apollo_riposte,melee_resist_reduction_duration,defense,melee_resist_reduction_duration,3,percent,duration,1,,base ability state,,ability-defined,,,,,,,,,high,"[""HSRC-0004"",""HSRC-0008""]",
apollo_riposte,move_speed_max,movement,move_speed_max,4,units_per_second,,,,base ability state,,ability-defined,,,,,,,,,high,"[""HSRC-0004"",""HSRC-0008""]",
apollo_riposte,parry_window,stat,parry_window,0.3,seconds,,,,base ability state,,ability-defined,,,,,,,,,high,"[""HSRC-0004"",""HSRC-0008""]",
apollo_riposte,side_move_speed,movement,side_move_speed,-100,units_per_second,,,,base ability state,,ability-defined,,,,,,,,,high,"[""HSRC-0004"",""HSRC-0008""]",
apollo_riposte,slash_cone_angle,targeting,slash_cone_angle,90,degrees,,,,base ability state,,ability-defined,,,,,,,,,high,"[""HSRC-0004"",""HSRC-0008""]",
apollo_riposte,slash_half_width,stat,slash_half_width,1,meters,,,,base ability state,,ability-defined,,,,,,,,,high,"[""HSRC-0004"",""HSRC-0008""]",
apollo_riposte,slash_radius,targeting,slash_radius,6,meters,,,,base ability state,,ability-defined,,,,,,,,,high,"[""HSRC-0004"",""HSRC-0008""]",
apollo_riposte,slow_duration,crowd_control,slow_duration,4,seconds,duration,1,,base ability state,,ability-defined,,,,,4,,,,high,"[""HSRC-0004"",""HSRC-0008""]",
apollo_riposte,slow_percent,crowd_control,slow_percent,40,percent,,,,base ability state,,ability-defined,,,,,,,,,high,"[""HSRC-0004"",""HSRC-0008""]",
apollo_riposte,stun_duration,crowd_control,stun_duration,0.8,seconds,duration,1,,base ability state,,ability-defined,,,,,0.8,,,,high,"[""HSRC-0004"",""HSRC-0008""]",
apollo_riposte,target_lifesteal_modifier,healing,target_lifesteal_modifier,FencerRiposteTargetLifesteal,identifier,,,,base ability state,,ability-defined,,,,,,,,,medium,"[""HSRC-0004"",""HSRC-0008""]",Strukturierter Modifier-Verweis; die Modifier-Klasse selbst wurde nicht als ausformulierte Spielregel interpretiert.
apollo_riposte,turn_rate_max,stat,turn_rate_max,10,flat,,,,base ability state,,ability-defined,,,,,,,,,high,"[""HSRC-0004"",""HSRC-0008""]",
apollo_flawless_advance,ability_cast_delay,stat,ability_cast_delay,0.1,seconds,,,,base ability state,,ability-defined,,,,,,,,,high,"[""HSRC-0004"",""HSRC-0008""]",
apollo_flawless_advance,ability_cooldown,cooldown,ability_cooldown,26,seconds,cooldown,1,,base ability state,,ability-defined,,,,,,26,,,high,"[""HSRC-0004"",""HSRC-0008""]",
apollo_flawless_advance,ability_duration,stat,ability_duration,8,seconds,duration,1,,base ability state,,ability-defined,,,,,8,,,,high,"[""HSRC-0004"",""HSRC-0008""]",
apollo_flawless_advance,ability_post_cast_duration,stat,ability_post_cast_duration,0.2,seconds,,,,base ability state,,ability-defined,,,,,0.2,,,,high,"[""HSRC-0004"",""HSRC-0008""]",
apollo_flawless_advance,ability_unit_target_limit,targeting,ability_unit_target_limit,1,count,,,,base ability state,,ability-defined,,,,,,,,,high,"[""HSRC-0004"",""HSRC-0008""]",
apollo_flawless_advance,attack_dash_range,movement,attack_dash_range,3,meters,range,1,,base ability state,,ability-defined,,,,,,,,,high,"[""HSRC-0004"",""HSRC-0008""]",
apollo_flawless_advance,attacking_dash_speed,movement,attacking_dash_speed,55.88,units_per_second,,,,base ability state,,ability-defined,,,,,,,,,high,"[""HSRC-0004"",""HSRC-0008""]",
apollo_flawless_advance,base_damage,damage,base_damage,25,damage,spirit,0.55,value = 25 + 0.55 * spirit,base ability state,,ability-defined,,,,,,,,,high,"[""HSRC-0004"",""HSRC-0008""]",
apollo_flawless_advance,dash_angle_threshold,movement,dash_angle_threshold,89,degrees,,,,base ability state,,ability-defined,,,,,,,,,high,"[""HSRC-0004"",""HSRC-0008""]",
apollo_flawless_advance,dash_buff_modifier,movement,dash_buff_modifier,Dashmodifier,identifier,,,,base ability state,,ability-defined,,,,,,,,,medium,"[""HSRC-0004"",""HSRC-0008""]",Strukturierter Modifier-Verweis; die Modifier-Klasse selbst wurde nicht als ausformulierte Spielregel interpretiert.
apollo_flawless_advance,dash_radius,movement,dash_radius,1.85,meters,,,,base ability state,,ability-defined,,,,,,,,,high,"[""HSRC-0004"",""HSRC-0008""]",
apollo_flawless_advance,dash_range,movement,dash_range,5,meters,range,1,,base ability state,,ability-defined,,,,,,,,,high,"[""HSRC-0004"",""HSRC-0008""]",
apollo_flawless_advance,dash_speed,movement,dash_speed,27.94,units_per_second,,,,base ability state,,ability-defined,,,,,,,,,high,"[""HSRC-0004"",""HSRC-0008""]",
apollo_flawless_advance,heal_fixed_health,healing,heal_fixed_health,0,health,spirit,0,,base ability state,,ability-defined,,,,,,,,,high,"[""HSRC-0004"",""HSRC-0008""]",
apollo_flawless_advance,hold_duration_max,stat,hold_duration_max,1.1,seconds,,,,base ability state,,ability-defined,,,,,1.1,,,,high,"[""HSRC-0004"",""HSRC-0008""]",
apollo_flawless_advance,hold_duration_min,stat,hold_duration_min,0.25,seconds,,,,base ability state,,ability-defined,,,,,0.25,,,,high,"[""HSRC-0004"",""HSRC-0008""]",
apollo_flawless_advance,max_damage_before_perfect,damage,max_damage_before_perfect,40,damage,spirit,0.9,value = 40 + 0.9 * spirit,base ability state,,ability-defined,,,,,,,,,high,"[""HSRC-0004"",""HSRC-0008""]",
apollo_flawless_advance,max_proc_bleed_damage_percent,damage,max_proc_bleed_damage_percent,50,percent,,,,base ability state,,ability-defined,,,,,,,,,high,"[""HSRC-0004"",""HSRC-0008""]",
apollo_flawless_advance,max_stabs,stat,max_stabs,3,flat,,,,base ability state,,ability-defined,,,,,,,,,high,"[""HSRC-0004"",""HSRC-0008""]",
apollo_flawless_advance,max_stacks,passive_proc,max_stacks,2,stacks,,,,base ability state,,ability-defined,,,,2,,,,,high,"[""HSRC-0004"",""HSRC-0008""]",
apollo_flawless_advance,parry_cooldown_reduction,cooldown,parry_cooldown_reduction,5,percent,,,,base ability state,,ability-defined,,,,,,5,,,high,"[""HSRC-0004"",""HSRC-0008""]",
apollo_flawless_advance,pct_travel_distance_to_damage_in,damage,pct_travel_distance_to_damage_in,80,meters,,,,base ability state,,ability-defined,,,,,,,,,high,"[""HSRC-0004"",""HSRC-0008""]",
apollo_flawless_advance,perfect_damage,damage,perfect_damage,65,damage,spirit,1.55,value = 65 + 1.55 * spirit,base ability state,,ability-defined,,,,,,,,,high,"[""HSRC-0004"",""HSRC-0008""]",
apollo_flawless_advance,perfect_hold_time_start,stat,perfect_hold_time_start,0.525,seconds,,,,base ability state,,ability-defined,,,,,,,,,high,"[""HSRC-0004"",""HSRC-0008""]",
apollo_flawless_advance,perfect_window_duration,stat,perfect_window_duration,0.25,seconds,,,,base ability state,,ability-defined,,,,,0.25,,,,high,"[""HSRC-0004"",""HSRC-0008""]",
apollo_flawless_advance,recast_time,stat,recast_time,5,seconds,,,,base ability state,,ability-defined,,,,,,,,,high,"[""HSRC-0004"",""HSRC-0008""]",
apollo_flawless_advance,slash_collision_radius,targeting,slash_collision_radius,4.05,meters,,,,base ability state,,ability-defined,,,,,,,,,high,"[""HSRC-0004"",""HSRC-0008""]",
apollo_flawless_advance,slash_length,stat,slash_length,13,meters,range,1,,base ability state,,ability-defined,,,,,,,,,high,"[""HSRC-0004"",""HSRC-0008""]",
apollo_flawless_advance,slash_radius,targeting,slash_radius,1.6,meters,,,,base ability state,,ability-defined,,,,,,,,,high,"[""HSRC-0004"",""HSRC-0008""]",
apollo_itani_lo_sahn,ability_cast_delay,stat,ability_cast_delay,1.5,seconds,,,,base ability state,,ability-defined,,,,,,,,,high,"[""HSRC-0004"",""HSRC-0008""]",
apollo_itani_lo_sahn,ability_channel_time,stat,ability_channel_time,9999,seconds,duration,1,,base ability state,,ability-defined,,,,,,,,,high,"[""HSRC-0004"",""HSRC-0008""]",
apollo_itani_lo_sahn,ability_cooldown,cooldown,ability_cooldown,145,seconds,cooldown,1,,base ability state,,ability-defined,,,,,,145,,,high,"[""HSRC-0004"",""HSRC-0008""]",
apollo_itani_lo_sahn,ability_post_cast_duration,stat,ability_post_cast_duration,0.2,seconds,,,,base ability state,,ability-defined,,,,,0.2,,,,high,"[""HSRC-0004"",""HSRC-0008""]",
apollo_itani_lo_sahn,ability_unit_target_limit,targeting,ability_unit_target_limit,1,count,,,,base ability state,,ability-defined,,,,,,,,,high,"[""HSRC-0004"",""HSRC-0008""]",
apollo_itani_lo_sahn,air_speed_max,movement,air_speed_max,70,units_per_second,,,,base ability state,,ability-defined,,,,,,,,,high,"[""HSRC-0004"",""HSRC-0008""]",
apollo_itani_lo_sahn,auto_cast_delay_modifier,special_rule,auto_cast_delay_modifier,FencerUltCastDelay,identifier,,,,base ability state,,ability-defined,,,,,,,,,medium,"[""HSRC-0004"",""HSRC-0008""]",Strukturierter Modifier-Verweis; die Modifier-Klasse selbst wurde nicht als ausformulierte Spielregel interpretiert.
apollo_itani_lo_sahn,bonus_damage_percent,damage,bonus_damage_percent,60,percent,,,,base ability state,,ability-defined,,,,,,,,,high,"[""HSRC-0004"",""HSRC-0008""]",
apollo_itani_lo_sahn,caster_arrival_modifier,special_rule,caster_arrival_modifier,FencerUltimateCasterArrival,identifier,,,,base ability state,,ability-defined,,,,,,,,,medium,"[""HSRC-0004"",""HSRC-0008""]",Strukturierter Modifier-Verweis; die Modifier-Klasse selbst wurde nicht als ausformulierte Spielregel interpretiert.
apollo_itani_lo_sahn,caster_arrival_modifier_enabled_state_mask_1,stat,caster_arrival_modifier_enabled_state_mask_1,SinclairTaxUltActive,identifier,,,,base ability state,,ability-defined,,,,,,,,,high,"[""HSRC-0004"",""HSRC-0008""]",
apollo_itani_lo_sahn,caster_arrival_modifier_enabled_state_mask_2,stat,caster_arrival_modifier_enabled_state_mask_2,HideCrosshair,identifier,,,,base ability state,,ability-defined,,,,,,,,,high,"[""HSRC-0004"",""HSRC-0008""]",
apollo_itani_lo_sahn,caster_arrival_modifier_enabled_state_mask_3,stat,caster_arrival_modifier_enabled_state_mask_3,HideStamina,identifier,,,,base ability state,,ability-defined,,,,,,,,,high,"[""HSRC-0004"",""HSRC-0008""]",
apollo_itani_lo_sahn,caster_arrival_modifier_enabled_state_mask_4,stat,caster_arrival_modifier_enabled_state_mask_4,HideAmmo,identifier,,,,base ability state,,ability-defined,,,,,,,,,high,"[""HSRC-0004"",""HSRC-0008""]",
apollo_itani_lo_sahn,caster_arrival_modifier_enabled_state_mask_5,stat,caster_arrival_modifier_enabled_state_mask_5,CameraTransitionAlways,identifier,,,,base ability state,,ability-defined,,,,,,,,,high,"[""HSRC-0004"",""HSRC-0008""]",
apollo_itani_lo_sahn,caster_lock_duration,stat,caster_lock_duration,1.8,seconds,,,,base ability state,,ability-defined,,,,,1.8,,,,high,"[""HSRC-0004"",""HSRC-0008""]",
apollo_itani_lo_sahn,caster_modifier,special_rule,caster_modifier,FencerUltimateCaster,identifier,,,,base ability state,,ability-defined,,,,,,,,,medium,"[""HSRC-0004"",""HSRC-0008""]",Strukturierter Modifier-Verweis; die Modifier-Klasse selbst wurde nicht als ausformulierte Spielregel interpretiert.
apollo_itani_lo_sahn,caster_modifier_enabled_state_mask_1,stat,caster_modifier_enabled_state_mask_1,SinclairTaxUltActive,identifier,,,,base ability state,,ability-defined,,,,,,,,,high,"[""HSRC-0004"",""HSRC-0008""]",
apollo_itani_lo_sahn,caster_modifier_enabled_state_mask_2,stat,caster_modifier_enabled_state_mask_2,HideCrosshair,identifier,,,,base ability state,,ability-defined,,,,,,,,,high,"[""HSRC-0004"",""HSRC-0008""]",
apollo_itani_lo_sahn,caster_modifier_enabled_state_mask_3,stat,caster_modifier_enabled_state_mask_3,HideStamina,identifier,,,,base ability state,,ability-defined,,,,,,,,,high,"[""HSRC-0004"",""HSRC-0008""]",
apollo_itani_lo_sahn,caster_modifier_enabled_state_mask_4,stat,caster_modifier_enabled_state_mask_4,HideAmmo,identifier,,,,base ability state,,ability-defined,,,,,,,,,high,"[""HSRC-0004"",""HSRC-0008""]",
apollo_itani_lo_sahn,caster_modifier_enabled_state_mask_5,stat,caster_modifier_enabled_state_mask_5,CameraTransitionAlways,identifier,,,,base ability state,,ability-defined,,,,,,,,,high,"[""HSRC-0004"",""HSRC-0008""]",
apollo_itani_lo_sahn,dash_angle_threshold,movement,dash_angle_threshold,89,degrees,,,,base ability state,,ability-defined,,,,,,,,,high,"[""HSRC-0004"",""HSRC-0008""]",
apollo_itani_lo_sahn,dash_radius,movement,dash_radius,7,meters,,,,base ability state,,ability-defined,,,,,,,,,high,"[""HSRC-0004"",""HSRC-0008""]",
apollo_itani_lo_sahn,dash_range,movement,dash_range,27,meters,range,1,,base ability state,,ability-defined,,,,,,,,,high,"[""HSRC-0004"",""HSRC-0008""]",
apollo_itani_lo_sahn,dash_speed,movement,dash_speed,254,units_per_second,,,,base ability state,,ability-defined,,,,,,,,,high,"[""HSRC-0004"",""HSRC-0008""]",
apollo_itani_lo_sahn,debuff_duration,crowd_control,debuff_duration,1.8,seconds,,,,base ability state,,ability-defined,,,,,1.8,,,,high,"[""HSRC-0004"",""HSRC-0008""]",
apollo_itani_lo_sahn,delayed_damage,damage,delayed_damage,200,seconds,spirit,2.6,value = 200 + 2.6 * spirit,base ability state,,ability-defined,,,,,,,,,high,"[""HSRC-0004"",""HSRC-0008""]",
apollo_itani_lo_sahn,fall_speed_max,movement,fall_speed_max,1,units_per_second,,,,base ability state,,ability-defined,,,,,,,,,high,"[""HSRC-0004"",""HSRC-0008""]",
apollo_itani_lo_sahn,gap_distance_to_wall,stat,gap_distance_to_wall,180,meters,,,,base ability state,,ability-defined,,,,,,,,,high,"[""HSRC-0004"",""HSRC-0008""]",
apollo_itani_lo_sahn,ground_dash_reduction_percent,movement,ground_dash_reduction_percent,-30,percent,,,,base ability state,,ability-defined,,,,,,,,,high,"[""HSRC-0004"",""HSRC-0008""]",
apollo_itani_lo_sahn,impact_damage,damage,impact_damage,70,damage,spirit,0.77,value = 70 + 0.77 * spirit,base ability state,,ability-defined,,,,,,,,,high,"[""HSRC-0004"",""HSRC-0008""]",
apollo_itani_lo_sahn,incoming_damage_reduction_percent,damage,incoming_damage_reduction_percent,70,percent,,,,base ability state,,ability-defined,,,,,,,,,high,"[""HSRC-0004"",""HSRC-0008""]",
apollo_itani_lo_sahn,low_health_enemy_threshold_pct,healing,low_health_enemy_threshold_pct,50,percent,,,,base ability state,,ability-defined,,,,,,,,,high,"[""HSRC-0004"",""HSRC-0008""]",
apollo_itani_lo_sahn,move_speed_penalty_max_speed,movement,move_speed_penalty_max_speed,200,units_per_second,,,,base ability state,,ability-defined,,,,,,,,,high,"[""HSRC-0004"",""HSRC-0008""]",
apollo_itani_lo_sahn,side_move_speed_reduction,movement,side_move_speed_reduction,-100,percent,,,,base ability state,,ability-defined,,,,,,,,,high,"[""HSRC-0004"",""HSRC-0008""]",
apollo_itani_lo_sahn,target_modifier,targeting,target_modifier,Cursed,identifier,,,,base ability state,,ability-defined,,,,,,,,,medium,"[""HSRC-0004"",""HSRC-0008""]",Strukturierter Modifier-Verweis; die Modifier-Klasse selbst wurde nicht als ausformulierte Spielregel interpretiert.
apollo_itani_lo_sahn,target_modifier_enabled_state_mask_1,targeting,target_modifier_enabled_state_mask_1,ModNoCleanse,identifier,,,,base ability state,,ability-defined,,,,,,,,,high,"[""HSRC-0004"",""HSRC-0008""]",
apollo_itani_lo_sahn,target_modifier_enabled_state_mask_2,targeting,target_modifier_enabled_state_mask_2,HealingDisabled,identifier,,,,base ability state,,ability-defined,,,,,,,,,high,"[""HSRC-0004"",""HSRC-0008""]",
apollo_itani_lo_sahn,target_modifier_enabled_state_mask_3,targeting,target_modifier_enabled_state_mask_3,Disarmed,identifier,,,,base ability state,,ability-defined,,,,,,,,,high,"[""HSRC-0004"",""HSRC-0008""]",
apollo_itani_lo_sahn,target_modifier_enabled_state_mask_4,targeting,target_modifier_enabled_state_mask_4,Silenced,identifier,,,,base ability state,,ability-defined,,,,,,,,,high,"[""HSRC-0004"",""HSRC-0008""]",
apollo_itani_lo_sahn,target_modifier_enabled_state_mask_5,targeting,target_modifier_enabled_state_mask_5,Muted,identifier,,,,base ability state,,ability-defined,,,,,,,,,high,"[""HSRC-0004"",""HSRC-0008""]",
apollo_itani_lo_sahn,target_modifier_enabled_state_mask_6,targeting,target_modifier_enabled_state_mask_6,DashDisabledDebuff,identifier,,,,base ability state,,ability-defined,,,,,,,,,high,"[""HSRC-0004"",""HSRC-0008""]",
apollo_itani_lo_sahn,target_modifier_enabled_state_mask_7,targeting,target_modifier_enabled_state_mask_7,SilenceMovementAbilites,identifier,,,,base ability state,,ability-defined,,,,,,,,,high,"[""HSRC-0004"",""HSRC-0008""]",
apollo_itani_lo_sahn,target_modifier_end_time_scale_for_flinch,targeting,target_modifier_end_time_scale_for_flinch,0.9,seconds,,,,base ability state,,ability-defined,,,,,,,,,high,"[""HSRC-0004"",""HSRC-0008""]",
apollo_itani_lo_sahn,target_modifier_damage_time_offset,damage,target_modifier_damage_time_offset,0.3,seconds,,,,base ability state,,ability-defined,,,,,,,,,high,"[""HSRC-0004"",""HSRC-0008""]",
apollo_itani_lo_sahn,target_non_hero_modifier,targeting,target_non_hero_modifier,CursedNonHero,identifier,,,,base ability state,,nonhero_unit,Explicit structured field: CursedNonHero identifier.,,,,,,,,medium,"[""HSRC-0004"",""HSRC-0008""]",Strukturierter Modifier-Verweis; die Modifier-Klasse selbst wurde nicht als ausformulierte Spielregel interpretiert.
apollo_itani_lo_sahn,target_non_hero_modifier_enabled_state_mask_1,targeting,target_non_hero_modifier_enabled_state_mask_1,HealingDisabled,identifier,,,,base ability state,,nonhero_unit,Explicit structured field: HealingDisabled identifier.,,,,,,,,high,"[""HSRC-0004"",""HSRC-0008""]",
apollo_itani_lo_sahn,target_non_hero_modifier_enabled_state_mask_2,targeting,target_non_hero_modifier_enabled_state_mask_2,Disarmed,identifier,,,,base ability state,,nonhero_unit,Explicit structured field: Disarmed identifier.,,,,,,,,high,"[""HSRC-0004"",""HSRC-0008""]",
apollo_itani_lo_sahn,target_non_hero_modifier_enabled_state_mask_3,targeting,target_non_hero_modifier_enabled_state_mask_3,Silenced,identifier,,,,base ability state,,nonhero_unit,Explicit structured field: Silenced identifier.,,,,,,,,high,"[""HSRC-0004"",""HSRC-0008""]",
apollo_itani_lo_sahn,target_non_hero_modifier_enabled_state_mask_4,targeting,target_non_hero_modifier_enabled_state_mask_4,Muted,identifier,,,,base ability state,,nonhero_unit,Explicit structured field: Muted identifier.,,,,,,,,high,"[""HSRC-0004"",""HSRC-0008""]",
apollo_itani_lo_sahn,target_non_hero_modifier_enabled_state_mask_5,targeting,target_non_hero_modifier_enabled_state_mask_5,DashDisabledDebuff,identifier,,,,base ability state,,nonhero_unit,Explicit structured field: DashDisabledDebuff identifier.,,,,,,,,high,"[""HSRC-0004"",""HSRC-0008""]",
apollo_itani_lo_sahn,target_non_hero_modifier_enabled_state_mask_6,targeting,target_non_hero_modifier_enabled_state_mask_6,SilenceMovementAbilites,identifier,,,,base ability state,,nonhero_unit,Explicit structured field: SilenceMovementAbilites identifier.,,,,,,,,high,"[""HSRC-0004"",""HSRC-0008""]",
apollo_itani_lo_sahn,target_non_hero_modifier_end_time_scale_for_flinch,targeting,target_non_hero_modifier_end_time_scale_for_flinch,0.9,seconds,,,,base ability state,,nonhero_unit,Explicit structured field: 0.9 seconds.,,,,,,,,high,"[""HSRC-0004"",""HSRC-0008""]",
apollo_itani_lo_sahn,target_non_hero_modifier_damage_time_offset,damage,target_non_hero_modifier_damage_time_offset,0.3,seconds,,,,base ability state,,nonhero_unit,Explicit structured field: 0.3 seconds.,,,,,,,,high,"[""HSRC-0004"",""HSRC-0008""]",
apollo_itani_lo_sahn,tech_cleave_expire_time,stat,tech_cleave_expire_time,0.35,seconds,,,,base ability state,,ability-defined,,,,,,,,,high,"[""HSRC-0004"",""HSRC-0008""]",
apollo_itani_lo_sahn,time_scale_debuff,crowd_control,time_scale_debuff,70,seconds,,,,base ability state,,ability-defined,,,,,,,,,high,"[""HSRC-0004"",""HSRC-0008""]",
apollo_itani_lo_sahn,travel_dist_pct_before_wall_gap_check,stat,travel_dist_pct_before_wall_gap_check,70,percent,,,,base ability state,,ability-defined,,,,,,,,,high,"[""HSRC-0004"",""HSRC-0008""]",
apollo_itani_lo_sahn,turn_rate_max_during_cast,stat,turn_rate_max_during_cast,999,flat,,,,base ability state,,ability-defined,,,,,,,,,high,"[""HSRC-0004"",""HSRC-0008""]",
apollo_itani_lo_sahn,vacuum_speed,movement,vacuum_speed,10.16,units_per_second,,,,base ability state,,ability-defined,,,,,,,,,high,"[""HSRC-0004"",""HSRC-0008""]",
bebop_exploding_uppercut,ability_cooldown,cooldown,ability_cooldown,22,seconds,cooldown,1,,base ability state,,ability-defined,,,,,,22,,,high,"[""HSRC-0004"",""HSRC-0008""]",
bebop_exploding_uppercut,ability_unit_target_limit,targeting,ability_unit_target_limit,1,count,,,,base ability state,,ability-defined,,,,,,,,,high,"[""HSRC-0004"",""HSRC-0008""]",
bebop_exploding_uppercut,bonus_fire_rate,stat,bonus_fire_rate,-14,percent,spirit,-0.186,value = -14 + -0.186 * spirit,base ability state,,ability-defined,,,,,,,,,high,"[""HSRC-0004"",""HSRC-0008""]",
bebop_exploding_uppercut,buff_gun_range_percent,targeting,buff_gun_range_percent,100,percent,,,,base ability state,,ability-defined,,,,,,,,,high,"[""HSRC-0004"",""HSRC-0008""]",
bebop_exploding_uppercut,buff_modifier,special_rule,buff_modifier,UppercutBuff,identifier,,,,base ability state,,ability-defined,,,,,,,,,medium,"[""HSRC-0004"",""HSRC-0008""]",Strukturierter Modifier-Verweis; die Modifier-Klasse selbst wurde nicht als ausformulierte Spielregel interpretiert.
bebop_exploding_uppercut,buff_modifier_enabled_state_mask_1,stat,buff_modifier_enabled_state_mask_1,NoWindup,identifier,,,,base ability state,,ability-defined,,,,,,,,,high,"[""HSRC-0004"",""HSRC-0008""]",
bebop_exploding_uppercut,clip_modifier,special_rule,clip_modifier,UppercutClipsize,identifier,,,,base ability state,,ability-defined,,,,,,,,,medium,"[""HSRC-0004"",""HSRC-0008""]",Strukturierter Modifier-Verweis; die Modifier-Klasse selbst wurde nicht als ausformulierte Spielregel interpretiert.
bebop_exploding_uppercut,enemy_hero_toss_velocity,movement,enemy_hero_toss_velocity,20,units_per_second,,,,base ability state,,ability-defined,,,,,,,,,high,"[""HSRC-0004"",""HSRC-0008""]",
bebop_exploding_uppercut,explode_debuff_duration,damage,explode_debuff_duration,5,seconds,duration,1,,base ability state,,ability-defined,,,,,5,,,,high,"[""HSRC-0004"",""HSRC-0008""]",
bebop_exploding_uppercut,force_reduction_on_angle_down,targeting,force_reduction_on_angle_down,0.75,percent,,,,base ability state,,ability-defined,,,,,,,,,high,"[""HSRC-0004"",""HSRC-0008""]",
bebop_exploding_uppercut,landing_damage,damage,landing_damage,75,damage,spirit,0.6,value = 75 + 0.6 * spirit,base ability state,,ability-defined,,,,,,,,,high,"[""HSRC-0004"",""HSRC-0008""]",
bebop_exploding_uppercut,melee_attack_length,stat,melee_attack_length,6,meters,,,,base ability state,,ability-defined,,,,,,,,,high,"[""HSRC-0004"",""HSRC-0008""]",
bebop_exploding_uppercut,melee_half_angle,targeting,melee_half_angle,60,degrees,,,,base ability state,,ability-defined,,,,,,,,,high,"[""HSRC-0004"",""HSRC-0008""]",
bebop_exploding_uppercut,melee_radius,targeting,melee_radius,2.5,meters,,,,base ability state,,ability-defined,,,,,,,,,high,"[""HSRC-0004"",""HSRC-0008""]",
bebop_exploding_uppercut,on_land_damage_radius,damage,on_land_damage_radius,14,meters,radius,1,,base ability state,,ability-defined,,,,,,,,,high,"[""HSRC-0004"",""HSRC-0008""]",
bebop_exploding_uppercut,toss_duration,movement,toss_duration,0.5,seconds,,,,base ability state,,ability-defined,,,,,0.5,,,,high,"[""HSRC-0004"",""HSRC-0008""]",
bebop_exploding_uppercut,toss_duration_friendly,movement,toss_duration_friendly,0.3,seconds,,,,base ability state,,ability-defined,,,,,0.3,,,,high,"[""HSRC-0004"",""HSRC-0008""]",
bebop_exploding_uppercut,toss_velocity,movement,toss_velocity,25,units_per_second,,,,base ability state,,ability-defined,,,,,,,,,high,"[""HSRC-0004"",""HSRC-0008""]",
bebop_exploding_uppercut,uppercut_damage,damage,uppercut_damage,0.01,damage,melee,1,,base ability state,,ability-defined,,,,,,,,,high,"[""HSRC-0004"",""HSRC-0008""]",
bebop_exploding_uppercut,uppercut_modifier,special_rule,uppercut_modifier,CitadelUppercutted,identifier,,,,base ability state,,ability-defined,,,,,,,,,medium,"[""HSRC-0004"",""HSRC-0008""]",Strukturierter Modifier-Verweis; die Modifier-Klasse selbst wurde nicht als ausformulierte Spielregel interpretiert.
bebop_exploding_uppercut,uppercut_modifier_no_explode_modifier,damage,uppercut_modifier_no_explode_modifier,NoUppercutExplosionDamage,identifier,,,,base ability state,,ability-defined,,,,,,,,,medium,"[""HSRC-0004"",""HSRC-0008""]",Strukturierter Modifier-Verweis; die Modifier-Klasse selbst wurde nicht als ausformulierte Spielregel interpretiert.
bebop_exploding_uppercut,uppercut_modifier_explode_debuff_modifier,damage,uppercut_modifier_explode_debuff_modifier,UppercutDebuff,identifier,,,,base ability state,,ability-defined,,,,,,,,,medium,"[""HSRC-0004"",""HSRC-0008""]",Strukturierter Modifier-Verweis; die Modifier-Klasse selbst wurde nicht als ausformulierte Spielregel interpretiert.
bebop_sticky_bomb,ability_cast_range,targeting,ability_cast_range,6,meters,range,1,,base ability state,,ability-defined,,,,,,,,,high,"[""HSRC-0004"",""HSRC-0008""]",
bebop_sticky_bomb,ability_cooldown,cooldown,ability_cooldown,18,seconds,cooldown,1,,base ability state,,ability-defined,,,,,,18,,,high,"[""HSRC-0004"",""HSRC-0008""]",
bebop_sticky_bomb,ability_duration,stat,ability_duration,3.5,seconds,duration,1,,base ability state,,ability-defined,,,,,3.5,,,,high,"[""HSRC-0004"",""HSRC-0008""]",
bebop_sticky_bomb,ability_unit_target_limit,targeting,ability_unit_target_limit,1,count,,,,base ability state,,ability-defined,,,,,,,,,high,"[""HSRC-0004"",""HSRC-0008""]",
bebop_sticky_bomb,bomb_attached_modifier,special_rule,bomb_attached_modifier,CitadelStickyBombAttached,identifier,,,,base ability state,,ability-defined,,,,,,,,,medium,"[""HSRC-0004"",""HSRC-0008""]",Strukturierter Modifier-Verweis; die Modifier-Klasse selbst wurde nicht als ausformulierte Spielregel interpretiert.
bebop_sticky_bomb,bomb_attached_modifier_on_ground_modifier,special_rule,bomb_attached_modifier_on_ground_modifier,CitadelStickyBombOnGround,identifier,,,,base ability state,,ability-defined,,,,,,,,,medium,"[""HSRC-0004"",""HSRC-0008""]",Strukturierter Modifier-Verweis; die Modifier-Klasse selbst wurde nicht als ausformulierte Spielregel interpretiert.
bebop_sticky_bomb,bomb_attached_modifier_on_ground_modifier_on_ground_modifier,special_rule,bomb_attached_modifier_on_ground_modifier_on_ground_modifier,Empty,identifier,,,,base ability state,,ability-defined,,,,,,,,,medium,"[""HSRC-0004"",""HSRC-0008""]",Strukturierter Modifier-Verweis; die Modifier-Klasse selbst wurde nicht als ausformulierte Spielregel interpretiert.
bebop_sticky_bomb,bonus_damage_pct_per_player_hit,damage,bonus_damage_pct_per_player_hit,1,percent,spirit,0.0015,value = 1 + 0.0015 * spirit,base ability state,,ability-defined,,,,,,,,,high,"[""HSRC-0004"",""HSRC-0008""]",
bebop_sticky_bomb,bonus_damage_pct_per_player_killed,damage,bonus_damage_pct_per_player_killed,2.5,percent,spirit,0.01,value = 2.5 + 0.01 * spirit,base ability state,,ability-defined,,,,,,,,,high,"[""HSRC-0004"",""HSRC-0008""]",
bebop_sticky_bomb,damage,damage,damage,85,damage,spirit,1.5,value = 85 + 1.5 * spirit,base ability state,,ability-defined,,,,,,,,,high,"[""HSRC-0004"",""HSRC-0008""]",
bebop_sticky_bomb,fuse_time,stat,fuse_time,3.5,seconds,,,,base ability state,,ability-defined,,,,,,,,,high,"[""HSRC-0004"",""HSRC-0008""]",
bebop_sticky_bomb,kill_check_modifier,special_rule,kill_check_modifier,KillcheckModifier,identifier,,,,base ability state,,ability-defined,,,,,,,,,medium,"[""HSRC-0004"",""HSRC-0008""]",Strukturierter Modifier-Verweis; die Modifier-Klasse selbst wurde nicht als ausformulierte Spielregel interpretiert.
bebop_sticky_bomb,kill_check_window,stat,kill_check_window,10,seconds,,,,base ability state,,ability-defined,,,,,,,,,high,"[""HSRC-0004"",""HSRC-0008""]",
bebop_sticky_bomb,on_hit_diminish,stat,on_hit_diminish,60,flat,,,,base ability state,,ability-defined,,,,,,,,,high,"[""HSRC-0004"",""HSRC-0008""]",
bebop_sticky_bomb,on_kill_diminish,stat,on_kill_diminish,7,flat,,,,base ability state,,ability-defined,,,,,,,,,high,"[""HSRC-0004"",""HSRC-0008""]",
bebop_sticky_bomb,radius,targeting,radius,8,meters,radius,1,,base ability state,,ability-defined,,,,,,,,,high,"[""HSRC-0004"",""HSRC-0008""]",
bebop_sticky_bomb,self_buff_modifier,special_rule,self_buff_modifier,CitadelStickyBombSelfBuff,identifier,,,,base ability state,,ability-defined,,,,,,,,,medium,"[""HSRC-0004"",""HSRC-0008""]",Strukturierter Modifier-Verweis; die Modifier-Klasse selbst wurde nicht als ausformulierte Spielregel interpretiert.
bebop_sticky_bomb,self_damage_percent,damage,self_damage_percent,20,percent,,,,base ability state,,ability-defined,,,,,,,,,high,"[""HSRC-0004"",""HSRC-0008""]",
bebop_grapple_arm,ability_cast_delay,stat,ability_cast_delay,0.1,seconds,,,,base ability state,,ability-defined,,,,,,,,,high,"[""HSRC-0004"",""HSRC-0008""]",
bebop_grapple_arm,ability_cast_range,targeting,ability_cast_range,30,meters,range,1,,base ability state,,ability-defined,,,,,,,,,high,"[""HSRC-0004"",""HSRC-0008""]",
bebop_grapple_arm,ability_cooldown,cooldown,ability_cooldown,23,seconds,cooldown,1,,base ability state,,ability-defined,,,,,,23,,,high,"[""HSRC-0004"",""HSRC-0008""]",
bebop_grapple_arm,ability_post_cast_duration,stat,ability_post_cast_duration,0.2,seconds,,,,base ability state,,ability-defined,,,,,0.2,,,,high,"[""HSRC-0004"",""HSRC-0008""]",
bebop_grapple_arm,ability_unit_target_limit,targeting,ability_unit_target_limit,1,count,,,,base ability state,,ability-defined,,,,,,,,,high,"[""HSRC-0004"",""HSRC-0008""]",
bebop_grapple_arm,bullet_amp_modifier,special_rule,bullet_amp_modifier,BebopHookBulletAmp,identifier,,,,base ability state,,ability-defined,,,,,,,,,medium,"[""HSRC-0004"",""HSRC-0008""]",Strukturierter Modifier-Verweis; die Modifier-Klasse selbst wurde nicht als ausformulierte Spielregel interpretiert.
bebop_grapple_arm,cancel_hook_duration,stat,cancel_hook_duration,0.2,seconds,,,,base ability state,,ability-defined,,,,,0.2,,,,high,"[""HSRC-0004"",""HSRC-0008""]",
bebop_grapple_arm,damage,damage,damage,0,damage,melee,0.7,,base ability state,,ability-defined,,,,,,,,,high,"[""HSRC-0004"",""HSRC-0008""]",
bebop_grapple_arm,friendly_hook_ignore_range,targeting,friendly_hook_ignore_range,8,meters,,,,base ability state,,ability-defined,,,,,,,,,high,"[""HSRC-0004"",""HSRC-0008""]",
bebop_grapple_arm,hook_impact_delay,damage,hook_impact_delay,0.5,seconds,,,,base ability state,,ability-defined,,,,,,,,,high,"[""HSRC-0004"",""HSRC-0008""]",
bebop_grapple_arm,hooking_slow_speed_limit,crowd_control,hooking_slow_speed_limit,5,units_per_second,,,,base ability state,,ability-defined,,,,,,,,,high,"[""HSRC-0004"",""HSRC-0008""]",
bebop_grapple_arm,restriction_duration,stat,restriction_duration,0.5,seconds,,,,base ability state,,ability-defined,,,,,0.5,,,,high,"[""HSRC-0004"",""HSRC-0008""]",
bebop_grapple_arm,self_modifier,special_rule,self_modifier,CitadelHookself,identifier,,,,base ability state,,ability-defined,,,,,,,,,medium,"[""HSRC-0004"",""HSRC-0008""]",Strukturierter Modifier-Verweis; die Modifier-Klasse selbst wurde nicht als ausformulierte Spielregel interpretiert.
bebop_grapple_arm,self_modifier_enabled_state_mask_1,stat,self_modifier_enabled_state_mask_1,CastingHook,identifier,,,,base ability state,,ability-defined,,,,,,,,,high,"[""HSRC-0004"",""HSRC-0008""]",
bebop_grapple_arm,slow_percent,crowd_control,slow_percent,90,percent,,,,base ability state,,ability-defined,,,,,,,,,high,"[""HSRC-0004"",""HSRC-0008""]",
bebop_grapple_arm,target_modifier,targeting,target_modifier,CitadelHooktarget,identifier,,,,base ability state,,ability-defined,,,,,,,,,medium,"[""HSRC-0004"",""HSRC-0008""]",Strukturierter Modifier-Verweis; die Modifier-Klasse selbst wurde nicht als ausformulierte Spielregel interpretiert.
bebop_grapple_arm,target_modifier_restriction_modifier,targeting,target_modifier_restriction_modifier,SlowBases,identifier,,,,base ability state,,ability-defined,,,,,,,,,medium,"[""HSRC-0004"",""HSRC-0008""]",Strukturierter Modifier-Verweis; die Modifier-Klasse selbst wurde nicht als ausformulierte Spielregel interpretiert.
bebop_grapple_arm,target_modifier_restriction_modifier_enabled_state_mask_1,targeting,target_modifier_restriction_modifier_enabled_state_mask_1,SilenceMovementAbilites,identifier,,,,base ability state,,ability-defined,,,,,,,,,high,"[""HSRC-0004"",""HSRC-0008""]",
bebop_grapple_arm,target_modifier_restriction_modifier_enabled_state_mask_2,targeting,target_modifier_restriction_modifier_enabled_state_mask_2,MovementAbilityRestricted,identifier,,,,base ability state,,ability-defined,,,,,,,,,high,"[""HSRC-0004"",""HSRC-0008""]",
bebop_grapple_arm,target_modifier_restriction_modifier_enabled_state_mask_3,targeting,target_modifier_restriction_modifier_enabled_state_mask_3,DashDisabled,identifier,,,,base ability state,,ability-defined,,,,,,,,,high,"[""HSRC-0004"",""HSRC-0008""]",
bebop_grapple_arm,target_modifier_restriction_modifier_enabled_state_mask_4,targeting,target_modifier_restriction_modifier_enabled_state_mask_4,Slowed,identifier,,,,base ability state,,ability-defined,,,,,,,,,high,"[""HSRC-0004"",""HSRC-0008""]",
bebop_grapple_arm,target_modifier_toss_up_speed,movement,target_modifier_toss_up_speed,0,units_per_second,,,,base ability state,,ability-defined,,,,,,,,,high,"[""HSRC-0004"",""HSRC-0008""]",
bebop_grapple_arm,target_modifier_return_speed,movement,target_modifier_return_speed,2000,units_per_second,,,,base ability state,,ability-defined,,,,,,,,,high,"[""HSRC-0004"",""HSRC-0008""]",
bebop_grapple_arm,target_modifier_return_position_forward_offset,targeting,target_modifier_return_position_forward_offset,100,flat,,,,base ability state,,ability-defined,,,,,,,,,high,"[""HSRC-0004"",""HSRC-0008""]",
bebop_grapple_arm,target_modifier_close_enough_distance,targeting,target_modifier_close_enough_distance,30,meters,,,,base ability state,,ability-defined,,,,,,,,,high,"[""HSRC-0004"",""HSRC-0008""]",
bebop_grapple_arm,target_modifier_fail_safe_duration_mult,targeting,target_modifier_fail_safe_duration_mult,2,multiplier,,,,base ability state,,ability-defined,,,,,,,,,high,"[""HSRC-0004"",""HSRC-0008""]",
bebop_grapple_arm,target_modifier_fail_safe_min_time,targeting,target_modifier_fail_safe_min_time,1,seconds,,,,base ability state,,ability-defined,,,,,,,,,high,"[""HSRC-0004"",""HSRC-0008""]",
bebop_grapple_arm,target_modifier_return_speed_fail,movement,target_modifier_return_speed_fail,100,units_per_second,,,,base ability state,,ability-defined,,,,,,,,,high,"[""HSRC-0004"",""HSRC-0008""]",
bebop_grapple_arm,target_modifier_return_stuck_time,targeting,target_modifier_return_stuck_time,0.2,seconds,,,,base ability state,,ability-defined,,,,,,,,,high,"[""HSRC-0004"",""HSRC-0008""]",
bebop_hyper_beam,ability_cast_delay,stat,ability_cast_delay,1,seconds,,,,base ability state,,ability-defined,,,,,,,,,high,"[""HSRC-0004"",""HSRC-0008""]",
bebop_hyper_beam,ability_channel_time,stat,ability_channel_time,11,seconds,duration,1,,base ability state,,ability-defined,,,,,,,,,high,"[""HSRC-0004"",""HSRC-0008""]",
bebop_hyper_beam,ability_cooldown,cooldown,ability_cooldown,120,seconds,cooldown,1,,base ability state,,ability-defined,,,,,,120,,,high,"[""HSRC-0004"",""HSRC-0008""]",
bebop_hyper_beam,ability_unit_target_limit,targeting,ability_unit_target_limit,1,count,,,,base ability state,,ability-defined,,,,,,,,,high,"[""HSRC-0004"",""HSRC-0008""]",
bebop_hyper_beam,air_speed_max,movement,air_speed_max,70,units_per_second,,,,base ability state,,ability-defined,,,,,,,,,high,"[""HSRC-0004"",""HSRC-0008""]",
bebop_hyper_beam,beam_close_damage_percent,damage,beam_close_damage_percent,75,percent,,,,base ability state,,ability-defined,,,,,,,,,high,"[""HSRC-0004"",""HSRC-0008""]",
bebop_hyper_beam,beam_close_radius,targeting,beam_close_radius,5,meters,range,1,,base ability state,,ability-defined,,,,,,,,,high,"[""HSRC-0004"",""HSRC-0008""]",
bebop_hyper_beam,beam_end_radius,targeting,beam_end_radius,4,meters,range,1,,base ability state,,ability-defined,,,,,,,,,high,"[""HSRC-0004"",""HSRC-0008""]",
bebop_hyper_beam,beam_length,stat,beam_length,70,meters,range,1,,base ability state,,ability-defined,,,,,,,,,high,"[""HSRC-0004"",""HSRC-0008""]",
bebop_hyper_beam,beam_width,stat,beam_width,2.9,meters,,,,base ability state,,ability-defined,,,,,,,,,high,"[""HSRC-0004"",""HSRC-0008""]",
bebop_hyper_beam,channel_move_speed,movement,channel_move_speed,1.8,units_per_second,,,,base ability state,,ability-defined,,,,,,,,,high,"[""HSRC-0004"",""HSRC-0008""]",
bebop_hyper_beam,dps,damage,dps,160,damage_per_second,spirit,2.511,value = 160 + 2.511 * spirit,base ability state,,ability-defined,,,,,,,,,high,"[""HSRC-0004"",""HSRC-0008""]",
bebop_hyper_beam,fall_speed_max,movement,fall_speed_max,1,units_per_second,,,,base ability state,,ability-defined,,,,,,,,,high,"[""HSRC-0004"",""HSRC-0008""]",
bebop_hyper_beam,ground_dash_reduction_percent,movement,ground_dash_reduction_percent,-40,percent,,,,base ability state,,ability-defined,,,,,,,,,high,"[""HSRC-0004"",""HSRC-0008""]",
bebop_hyper_beam,interval,stat,interval,0.1,seconds,,,,base ability state,,ability-defined,,,,,,,,,high,"[""HSRC-0004"",""HSRC-0008""]",
bebop_hyper_beam,restriction_modifier,special_rule,restriction_modifier,BebopLaserSlow,identifier,,,,base ability state,,ability-defined,,,,,,,,,medium,"[""HSRC-0004"",""HSRC-0008""]",Strukturierter Modifier-Verweis; die Modifier-Klasse selbst wurde nicht als ausformulierte Spielregel interpretiert.
bebop_hyper_beam,slow_percent,crowd_control,slow_percent,25,percent,,,,base ability state,,ability-defined,,,,,,,,,high,"[""HSRC-0004"",""HSRC-0008""]",
bebop_hyper_beam,slow_target_duration,crowd_control,slow_target_duration,0.5,seconds,,,,base ability state,,ability-defined,,,,,0.5,,,,high,"[""HSRC-0004"",""HSRC-0008""]",
bebop_hyper_beam,tracking_speed,movement,tracking_speed,55,units_per_second,,,,base ability state,,ability-defined,,,,,,,,,high,"[""HSRC-0004"",""HSRC-0008""]",
bebop_hyper_beam,zoom_bias,stat,zoom_bias,0.5,flat,,,,base ability state,,ability-defined,,,,,,,,,high,"[""HSRC-0004"",""HSRC-0008""]",
bebop_hyper_beam,zoom_time,stat,zoom_time,0.1,seconds,,,,base ability state,,ability-defined,,,,,,,,,high,"[""HSRC-0004"",""HSRC-0008""]",
billy_bashdown,ability_cast_range,targeting,ability_cast_range,4,meters,range,1,,base ability state,,ability-defined,,,,,,,,,high,"[""HSRC-0004"",""HSRC-0008""]",
billy_bashdown,ability_channel_time,stat,ability_channel_time,0.3,seconds,,,,base ability state,,ability-defined,,,,,,,,,high,"[""HSRC-0004"",""HSRC-0008""]",
billy_bashdown,ability_charges,charge,ability_charges,1,charges,max_charges,1,,base ability state,,ability-defined,,,,,,,,,high,"[""HSRC-0004"",""HSRC-0008""]",
billy_bashdown,ability_cooldown,cooldown,ability_cooldown,35,seconds,cooldown,1,,base ability state,,ability-defined,,,,,,35,,,high,"[""HSRC-0004"",""HSRC-0008""]",
billy_bashdown,ability_cooldown_between_charge,cooldown,ability_cooldown_between_charge,8,seconds,charge_cooldown,1,,base ability state,,ability-defined,,,,,,8,,,high,"[""HSRC-0004"",""HSRC-0008""]",
billy_bashdown,ability_post_cast_duration,stat,ability_post_cast_duration,0.3,seconds,,,,base ability state,,ability-defined,,,,,0.3,,,,high,"[""HSRC-0004"",""HSRC-0008""]",
billy_bashdown,ability_unit_target_limit,targeting,ability_unit_target_limit,1,count,,,,base ability state,,ability-defined,,,,,,,,,high,"[""HSRC-0004"",""HSRC-0008""]",
billy_bashdown,channel_move_speed,movement,channel_move_speed,4.826,units_per_second,,,,base ability state,,ability-defined,,,,,,,,,high,"[""HSRC-0004"",""HSRC-0008""]",
billy_bashdown,counts_as_light_melee,stat,counts_as_light_melee,1,count,,,,base ability state,,ability-defined,,,,,,,,,high,"[""HSRC-0004"",""HSRC-0008""]",
billy_bashdown,damage,damage,damage,35,damage,spirit,1.1,value = 35 + 1.1 * spirit,base ability state,,ability-defined,,,,,,,,,high,"[""HSRC-0004"",""HSRC-0008""]",
billy_bashdown,diminishing_slow_modifier,crowd_control,diminishing_slow_modifier,Slow,identifier,,,,base ability state,,ability-defined,,,,,,,,,medium,"[""HSRC-0004"",""HSRC-0008""]",Strukturierter Modifier-Verweis; die Modifier-Klasse selbst wurde nicht als ausformulierte Spielregel interpretiert.
billy_bashdown,explode_delay,damage,explode_delay,0.5,seconds,,,,base ability state,,ability-defined,,,,,,,,,high,"[""HSRC-0004"",""HSRC-0008""]",
billy_bashdown,fire_rate_modifier,special_rule,fire_rate_modifier,SlamFirerateSlow,identifier,,,,base ability state,,ability-defined,,,,,,,,,medium,"[""HSRC-0004"",""HSRC-0008""]",Strukturierter Modifier-Verweis; die Modifier-Klasse selbst wurde nicht als ausformulierte Spielregel interpretiert.
billy_bashdown,ground_aura_modifier,special_rule,ground_aura_modifier,SigilAura,identifier,,,,base ability state,,ability-defined,,,,,,,,,medium,"[""HSRC-0004"",""HSRC-0008""]",Strukturierter Modifier-Verweis; die Modifier-Klasse selbst wurde nicht als ausformulierte Spielregel interpretiert.
billy_bashdown,ground_aura_modifier_height,stat,ground_aura_modifier_height,100,meters,,,,base ability state,,ability-defined,,,,,,,,,high,"[""HSRC-0004"",""HSRC-0008""]",
billy_bashdown,heavy_melee_damage,damage,heavy_melee_damage,0,damage,heavy_melee,0,,base ability state,,ability-defined,,,,,,,,,high,"[""HSRC-0004"",""HSRC-0008""]",
billy_bashdown,melee_damage,damage,melee_damage,0,damage,melee,0.9,,base ability state,,ability-defined,,,,,,,,,high,"[""HSRC-0004"",""HSRC-0008""]",
billy_bashdown,place_distance_in_front_of_caster,stat,place_distance_in_front_of_caster,6.2,meters,,,,base ability state,,ability-defined,,,,,,,,,high,"[""HSRC-0004"",""HSRC-0008""]",
billy_bashdown,pull_down_duration,movement,pull_down_duration,0.75,seconds,,,,base ability state,,ability-defined,,,,,0.75,,,,high,"[""HSRC-0004"",""HSRC-0008""]",
billy_bashdown,pull_down_range,movement,pull_down_range,3,meters,,,,base ability state,,ability-defined,,,,,,,,,high,"[""HSRC-0004"",""HSRC-0008""]",
billy_bashdown,pull_to_ground_modifier,movement,pull_to_ground_modifier,ChargeDragEnemy,identifier,,,,base ability state,,ability-defined,,,,,,,,,medium,"[""HSRC-0004"",""HSRC-0008""]",Strukturierter Modifier-Verweis; die Modifier-Klasse selbst wurde nicht als ausformulierte Spielregel interpretiert.
billy_bashdown,pull_to_ground_modifier_forward_offset,movement,pull_to_ground_modifier_forward_offset,200,flat,,,,base ability state,,ability-defined,,,,,,,,,high,"[""HSRC-0004"",""HSRC-0008""]",
billy_bashdown,pull_to_ground_modifier_vertical_offset,movement,pull_to_ground_modifier_vertical_offset,0,flat,,,,base ability state,,ability-defined,,,,,,,,,high,"[""HSRC-0004"",""HSRC-0008""]",
billy_bashdown,pull_to_ground_modifier_force_dist_scale,movement,pull_to_ground_modifier_force_dist_scale,11,multiplier,,,,base ability state,,ability-defined,,,,,,,,,high,"[""HSRC-0004"",""HSRC-0008""]",
billy_bashdown,toss_duration,movement,toss_duration,0.4,seconds,,,,base ability state,,ability-defined,,,,,0.4,,,,high,"[""HSRC-0004"",""HSRC-0008""]",
billy_bashdown,toss_force,movement,toss_force,350,flat,,,,base ability state,,ability-defined,,,,,,,,,high,"[""HSRC-0004"",""HSRC-0008""]",
billy_bashdown,wave_end_radius,targeting,wave_end_radius,8,meters,range,1,,base ability state,,ability-defined,,,,,,,,,high,"[""HSRC-0004"",""HSRC-0008""]",
billy_bashdown,wave_start_radius,targeting,wave_start_radius,0.5,meters,,,,base ability state,,ability-defined,,,,,,,,,high,"[""HSRC-0004"",""HSRC-0008""]",
billy_bashdown,wave_thickness,stat,wave_thickness,1,flat,,,,base ability state,,ability-defined,,,,,,,,,high,"[""HSRC-0004"",""HSRC-0008""]",
billy_rising_ram,ability_cast_delay,stat,ability_cast_delay,0.35,seconds,,,,base ability state,,ability-defined,,,,,,,,,high,"[""HSRC-0004"",""HSRC-0008""]",
billy_rising_ram,ability_cooldown,cooldown,ability_cooldown,32,seconds,cooldown,1,,base ability state,,ability-defined,,,,,,32,,,high,"[""HSRC-0004"",""HSRC-0008""]",
billy_rising_ram,ability_duration,stat,ability_duration,0.3,seconds,duration,1,,base ability state,,ability-defined,,,,,0.3,,,,high,"[""HSRC-0004"",""HSRC-0008""]",
billy_rising_ram,ability_unit_target_limit,targeting,ability_unit_target_limit,1,count,,,,base ability state,,ability-defined,,,,,,,,,high,"[""HSRC-0004"",""HSRC-0008""]",
billy_rising_ram,air_control_accel_percent,stat,air_control_accel_percent,50,percent,,,,base ability state,,ability-defined,,,,,,,,,high,"[""HSRC-0004"",""HSRC-0008""]",
billy_rising_ram,air_control_dash_reduction_pct,movement,air_control_dash_reduction_pct,-70,percent,,,,base ability state,,nonhero_unit,Explicit structured field: -70 percent.,,,,,,,,high,"[""HSRC-0004"",""HSRC-0008""]",
billy_rising_ram,air_control_debuff_duration,crowd_control,air_control_debuff_duration,1.5,seconds,,,,base ability state,,ability-defined,,,,,1.5,,,,high,"[""HSRC-0004"",""HSRC-0008""]",
billy_rising_ram,air_control_percent,stat,air_control_percent,50,percent,,,,base ability state,,ability-defined,,,,,,,,,high,"[""HSRC-0004"",""HSRC-0008""]",
billy_rising_ram,allow_ram_multiple,stat,allow_ram_multiple,1,multiplier,,,,base ability state,,ability-defined,,,,,,,,,high,"[""HSRC-0004"",""HSRC-0008""]",
billy_rising_ram,charge_multi_hit_radius,charge,charge_multi_hit_radius,1.5,multiplier,,,,base ability state,,ability-defined,,,,,,,,,high,"[""HSRC-0004"",""HSRC-0008""]",
billy_rising_ram,charge_radius,charge,charge_radius,2.54,meters,,,,base ability state,,ability-defined,,,,,,,,,high,"[""HSRC-0004"",""HSRC-0008""]",
billy_rising_ram,charge_speed,charge,charge_speed,1200,units_per_second,,,,base ability state,,ability-defined,,,,,,,,,high,"[""HSRC-0004"",""HSRC-0008""]",
billy_rising_ram,charge_strike_distance,charge,charge_strike_distance,165,meters,,,,base ability state,,ability-defined,,,,,,,,,high,"[""HSRC-0004"",""HSRC-0008""]",
billy_rising_ram,damage,damage,damage,40,damage,spirit,1.9,value = 40 + 1.9 * spirit,base ability state,,ability-defined,,,,,,,,,high,"[""HSRC-0004"",""HSRC-0008""]",
billy_rising_ram,deal_max_health_damage_pct,damage,deal_max_health_damage_pct,0,percent,spirit,0,,base ability state,,ability-defined,,,,,,,,,high,"[""HSRC-0004"",""HSRC-0008""]",
billy_rising_ram,going_back_away_speed,movement,going_back_away_speed,-100,units_per_second,,,,base ability state,,ability-defined,,,,,,,,,high,"[""HSRC-0004"",""HSRC-0008""]",
billy_rising_ram,going_up_distance,stat,going_up_distance,3.1,meters,,,,base ability state,,ability-defined,,,,,,,,,high,"[""HSRC-0004"",""HSRC-0008""]",
billy_rising_ram,going_up_enemy_distance_percent,stat,going_up_enemy_distance_percent,95,percent,,,,base ability state,,ability-defined,,,,,,,,,high,"[""HSRC-0004"",""HSRC-0008""]",
billy_rising_ram,going_up_speed,movement,going_up_speed,430,units_per_second,,,,base ability state,,ability-defined,,,,,,,,,high,"[""HSRC-0004"",""HSRC-0008""]",
billy_rising_ram,hover_gravity_scale,stat,hover_gravity_scale,0.75,multiplier,,,,base ability state,,ability-defined,,,,,,,,,high,"[""HSRC-0004"",""HSRC-0008""]",
billy_rising_ram,knock_away_speed,crowd_control,knock_away_speed,170,units_per_second,,,,base ability state,,ability-defined,,,,,,,,,high,"[""HSRC-0004"",""HSRC-0008""]",
billy_rising_ram,nearby_hero_kill_distance,stat,nearby_hero_kill_distance,10,meters,,,,base ability state,,ability-defined,,,,,,,,,high,"[""HSRC-0004"",""HSRC-0008""]",
billy_rising_ram,reduce_cooldown_on_hit_pct,cooldown,reduce_cooldown_on_hit_pct,50,percent,,,,base ability state,,ability-defined,,,,,,50,,,high,"[""HSRC-0004"",""HSRC-0008""]",
billy_rising_ram,time_before_go_up_for_lag_comp,stat,time_before_go_up_for_lag_comp,0.1,seconds,,,,base ability state,,ability-defined,,,,,,,,,high,"[""HSRC-0004"",""HSRC-0008""]",
billy_rising_ram,time_going_up_enemy,stat,time_going_up_enemy,0.2,seconds,,,,base ability state,,ability-defined,,,,,,,,,high,"[""HSRC-0004"",""HSRC-0008""]",
billy_rising_ram,world_impact_radius,damage,world_impact_radius,25,meters,,,,base ability state,,ability-defined,,,,,,,,,high,"[""HSRC-0004"",""HSRC-0008""]",
billy_blasted,ability_cast_delay,stat,ability_cast_delay,0.28,seconds,,,,base ability state,,ability-defined,,,,,,,,,high,"[""HSRC-0004"",""HSRC-0008""]",
billy_blasted,ability_cooldown,cooldown,ability_cooldown,27,seconds,cooldown,1,,base ability state,,ability-defined,,,,,,27,,,high,"[""HSRC-0004"",""HSRC-0008""]",
billy_blasted,ability_duration,stat,ability_duration,8,seconds,duration,1,,base ability state,,ability-defined,,,,,8,,,,high,"[""HSRC-0004"",""HSRC-0008""]",
billy_blasted,ability_unit_target_limit,targeting,ability_unit_target_limit,1,count,,,,base ability state,,ability-defined,,,,,,,,,high,"[""HSRC-0004"",""HSRC-0008""]",
billy_blasted,auto_intrinsic_modifiers_1,special_rule,auto_intrinsic_modifiers_1,Blastedhealthwatcher,identifier,,,,base ability state,,ability-defined,,,,,,,,,medium,"[""HSRC-0004"",""HSRC-0008""]",Strukturierter Modifier-Verweis; die Modifier-Klasse selbst wurde nicht als ausformulierte Spielregel interpretiert.
billy_blasted,blasted_modifier,special_rule,blasted_modifier,Blastedactive,identifier,,,,base ability state,,ability-defined,,,,,,,,,medium,"[""HSRC-0004"",""HSRC-0008""]",Strukturierter Modifier-Verweis; die Modifier-Klasse selbst wurde nicht als ausformulierte Spielregel interpretiert.
billy_blasted,blasted_passive_modifier,special_rule,blasted_passive_modifier,Blasted,identifier,,,,base ability state,,ability-defined,,,,,,,,,medium,"[""HSRC-0004"",""HSRC-0008""]",Strukturierter Modifier-Verweis; die Modifier-Klasse selbst wurde nicht als ausformulierte Spielregel interpretiert.
billy_blasted,blasted_rate_on_bullet_pct,stat,blasted_rate_on_bullet_pct,50,percent,,,,base ability state,,ability-defined,,,,,,,,,high,"[""HSRC-0004"",""HSRC-0008""]",
billy_blasted,bullet_damage_amp,damage,bullet_damage_amp,10,percent,,,,base ability state,,ability-defined,,,,,,,,,high,"[""HSRC-0004"",""HSRC-0008""]",
billy_blasted,bullet_damage_amp_duration,damage,bullet_damage_amp_duration,7,seconds,,,,base ability state,,ability-defined,,,,,7,,,,high,"[""HSRC-0004"",""HSRC-0008""]",
billy_blasted,bullets_reloaded_per_heavy_melee_pct,stat,bullets_reloaded_per_heavy_melee_pct,100,percent,,,,base ability state,,ability-defined,,,,,,,,,high,"[""HSRC-0004"",""HSRC-0008""]",
billy_blasted,bullets_reloaded_per_light_melee_pct,stat,bullets_reloaded_per_light_melee_pct,35,percent,,,,base ability state,,ability-defined,,,,,,,,,high,"[""HSRC-0004"",""HSRC-0008""]",
billy_blasted,duration_per_heavy_melee,stat,duration_per_heavy_melee,4.5,seconds,duration,1,,base ability state,,ability-defined,,,,,4.5,,,,high,"[""HSRC-0004"",""HSRC-0008""]",
billy_blasted,duration_per_light_melee,stat,duration_per_light_melee,2.8,seconds,duration,1,,base ability state,,ability-defined,,,,,2.8,,,,high,"[""HSRC-0004"",""HSRC-0008""]",
billy_blasted,health_boost_duration,healing,health_boost_duration,11,seconds,duration,1,,base ability state,,ability-defined,,,,,11,,,,high,"[""HSRC-0004"",""HSRC-0008""]",
billy_blasted,health_display_modifier,healing,health_display_modifier,Blastedhealthdisplay,identifier,,,,base ability state,,ability-defined,,,,,,,,,medium,"[""HSRC-0004"",""HSRC-0008""]",Strukturierter Modifier-Verweis; die Modifier-Klasse selbst wurde nicht als ausformulierte Spielregel interpretiert.
billy_blasted,health_modifier,healing,health_modifier,Blastedhealth,identifier,,,,base ability state,,ability-defined,,,,,,,,,medium,"[""HSRC-0004"",""HSRC-0008""]",Strukturierter Modifier-Verweis; die Modifier-Klasse selbst wurde nicht als ausformulierte Spielregel interpretiert.
billy_blasted,light_melee_scale_pct,stat,light_melee_scale_pct,40,percent,,,,base ability state,,ability-defined,,,,,,,,,high,"[""HSRC-0004"",""HSRC-0008""]",
billy_blasted,max_duration,stat,max_duration,35,seconds,,,,base ability state,,ability-defined,,,,,35,,,,high,"[""HSRC-0004"",""HSRC-0008""]",
billy_blasted,max_health_melee,healing,max_health_melee,70,health,spirit,0.6,value = 70 + 0.6 * spirit,base ability state,,ability-defined,,,,,,,,,high,"[""HSRC-0004"",""HSRC-0008""]",
billy_blasted,non_player_resource_scale_pct,resource,non_player_resource_scale_pct,25,percent,,,,base ability state,,nonhero_unit,Explicit structured field: 25 percent.,,,,,,,,high,"[""HSRC-0004"",""HSRC-0008""]",
billy_blasted,shred_modifier,special_rule,shred_modifier,Blastedshred,identifier,,,,base ability state,,ability-defined,,,,,,,,,medium,"[""HSRC-0004"",""HSRC-0008""]",Strukturierter Modifier-Verweis; die Modifier-Klasse selbst wurde nicht als ausformulierte Spielregel interpretiert.
billy_chain_gang,ability_cast_range,targeting,ability_cast_range,12,meters,range,1,,base ability state,,ability-defined,,,,,,,,,high,"[""HSRC-0004"",""HSRC-0008""]",
billy_chain_gang,ability_cooldown,cooldown,ability_cooldown,175,seconds,cooldown,1,,base ability state,,ability-defined,,,,,,175,,,high,"[""HSRC-0004"",""HSRC-0008""]",
billy_chain_gang,ability_duration,stat,ability_duration,2.8,seconds,,,,base ability state,,ability-defined,,,,,2.8,,,,high,"[""HSRC-0004"",""HSRC-0008""]",
billy_chain_gang,ability_post_cast_duration,stat,ability_post_cast_duration,0.2,seconds,,,,base ability state,,ability-defined,,,,,0.2,,,,high,"[""HSRC-0004"",""HSRC-0008""]",
billy_chain_gang,ability_unit_target_limit,targeting,ability_unit_target_limit,1,count,,,,base ability state,,ability-defined,,,,,,,,,high,"[""HSRC-0004"",""HSRC-0008""]",
billy_chain_gang,dps,damage,dps,45,damage_per_second,spirit,0.9,value = 45 + 0.9 * spirit,base ability state,,ability-defined,,,,,,,,,high,"[""HSRC-0004"",""HSRC-0008""]",
billy_chain_gang,damage,damage,damage,120,damage,spirit,0.7,value = 120 + 0.7 * spirit,base ability state,,ability-defined,,,,,,,,,high,"[""HSRC-0004"",""HSRC-0008""]",
billy_chain_gang,damage_increase_pct,damage,damage_increase_pct,0,percent,spirit,0,,base ability state,,ability-defined,,,,,,,,,high,"[""HSRC-0004"",""HSRC-0008""]",
billy_chain_gang,fire_rate_slow_modifier,crowd_control,fire_rate_slow_modifier,TetherFirerateSlow,identifier,,,,base ability state,,ability-defined,,,,,,,,,medium,"[""HSRC-0004"",""HSRC-0008""]",Strukturierter Modifier-Verweis; die Modifier-Klasse selbst wurde nicht als ausformulierte Spielregel interpretiert.
billy_chain_gang,move_speed_slow_max_pct,crowd_control,move_speed_slow_max_pct,35,percent,,,,base ability state,,ability-defined,,,,,,,,,high,"[""HSRC-0004"",""HSRC-0008""]",
billy_chain_gang,move_speed_slow_min_pct,crowd_control,move_speed_slow_min_pct,25,percent,,,,base ability state,,nonhero_unit,Explicit structured field: 25 percent.,,,,,,,,high,"[""HSRC-0004"",""HSRC-0008""]",
billy_chain_gang,pull_distance,movement,pull_distance,4,meters,,,,base ability state,,ability-defined,,,,,,,,,high,"[""HSRC-0004"",""HSRC-0008""]",
billy_chain_gang,pull_duration,movement,pull_duration,0.8,seconds,,,,base ability state,,ability-defined,,,,,0.8,,,,high,"[""HSRC-0004"",""HSRC-0008""]",
billy_chain_gang,pull_force_max,movement,pull_force_max,2000,flat,,,,base ability state,,ability-defined,,,,,,,,,high,"[""HSRC-0004"",""HSRC-0008""]",
billy_chain_gang,pull_modifier,movement,pull_modifier,Pull,identifier,,,,base ability state,,ability-defined,,,,,,,,,medium,"[""HSRC-0004"",""HSRC-0008""]",Strukturierter Modifier-Verweis; die Modifier-Klasse selbst wurde nicht als ausformulierte Spielregel interpretiert.
billy_chain_gang,pull_track_caster_duration,movement,pull_track_caster_duration,0.5,seconds,,,,base ability state,,ability-defined,,,,,0.5,,,,high,"[""HSRC-0004"",""HSRC-0008""]",
billy_chain_gang,rope_length,stat,rope_length,2,meters,,,,base ability state,,ability-defined,,,,,,,,,high,"[""HSRC-0004"",""HSRC-0008""]",
billy_chain_gang,rope_snap_distance,stat,rope_snap_distance,45,meters,,,,base ability state,,ability-defined,,,,,,,,,high,"[""HSRC-0004"",""HSRC-0008""]",
billy_chain_gang,rope_snap_no_los_duration,stat,rope_snap_no_los_duration,0.5,seconds,,,,base ability state,,ability-defined,,,,,0.5,,,,high,"[""HSRC-0004"",""HSRC-0008""]",
billy_chain_gang,rope_soft_edge_length,stat,rope_soft_edge_length,4.5,meters,,,,base ability state,,ability-defined,,,,,,,,,high,"[""HSRC-0004"",""HSRC-0008""]",
billy_chain_gang,tethered_modifier,crowd_control,tethered_modifier,Tether,identifier,,,,base ability state,,ability-defined,,,,,,,,,medium,"[""HSRC-0004"",""HSRC-0008""]",Strukturierter Modifier-Verweis; die Modifier-Klasse selbst wurde nicht als ausformulierte Spielregel interpretiert.
billy_chain_gang,tick_rate,stat,tick_rate,0.25,seconds,,,,base ability state,,ability-defined,,,,,,,,0.25,high,"[""HSRC-0004"",""HSRC-0008""]",
billy_chain_gang,unstoppable_modifier,defense,unstoppable_modifier,Unstoppable,identifier,,,,base ability state,,ability-defined,,,,,,,,,medium,"[""HSRC-0004"",""HSRC-0008""]",Strukturierter Modifier-Verweis; die Modifier-Klasse selbst wurde nicht als ausformulierte Spielregel interpretiert.
billy_chain_gang,unstoppable_modifier_enabled_state_mask_1,defense,unstoppable_modifier_enabled_state_mask_1,StatusImmune,identifier,,,,base ability state,,ability-defined,,,,,,,,,high,"[""HSRC-0004"",""HSRC-0008""]",
billy_chain_gang,unstoppable_modifier_enabled_state_mask_2,defense,unstoppable_modifier_enabled_state_mask_2,SlowImmune,identifier,,,,base ability state,,ability-defined,,,,,,,,,high,"[""HSRC-0004"",""HSRC-0008""]",
billy_chain_gang,unstoppable_modifier_enabled_state_mask_3,defense,unstoppable_modifier_enabled_state_mask_3,KnockdownImmune,identifier,,,,base ability state,,ability-defined,,,,,,,,,high,"[""HSRC-0004"",""HSRC-0008""]",
billy_chain_gang,unstoppable_modifier_enabled_state_mask_4,defense,unstoppable_modifier_enabled_state_mask_4,Unstoppable,identifier,,,,base ability state,,ability-defined,,,,,,,,,high,"[""HSRC-0004"",""HSRC-0008""]",
billy_chain_gang,unstoppable_modifier_disabled_state_mask_1,defense,unstoppable_modifier_disabled_state_mask_1,Disarmed,identifier,,,,base ability state,,ability-defined,,,,,,,,,high,"[""HSRC-0004"",""HSRC-0008""]",
billy_chain_gang,unstoppable_modifier_disabled_state_mask_2,defense,unstoppable_modifier_disabled_state_mask_2,Muted,identifier,,,,base ability state,,ability-defined,,,,,,,,,high,"[""HSRC-0004"",""HSRC-0008""]",
billy_chain_gang,unstoppable_modifier_disabled_state_mask_3,defense,unstoppable_modifier_disabled_state_mask_3,Silenced,identifier,,,,base ability state,,ability-defined,,,,,,,,,high,"[""HSRC-0004"",""HSRC-0008""]",
billy_chain_gang,unstoppable_modifier_disabled_state_mask_4,defense,unstoppable_modifier_disabled_state_mask_4,SilenceMovementAbilites,identifier,,,,base ability state,,ability-defined,,,,,,,,,high,"[""HSRC-0004"",""HSRC-0008""]",
billy_chain_gang,unstoppable_modifier_disabled_state_mask_5,defense,unstoppable_modifier_disabled_state_mask_5,Slowed,identifier,,,,base ability state,,ability-defined,,,,,,,,,high,"[""HSRC-0004"",""HSRC-0008""]",
billy_chain_gang,unstoppable_modifier_disabled_state_mask_6,defense,unstoppable_modifier_disabled_state_mask_6,Glitched,identifier,,,,base ability state,,ability-defined,,,,,,,,,high,"[""HSRC-0004"",""HSRC-0008""]",
billy_chain_gang,unstoppable_modifier_disabled_state_mask_7,defense,unstoppable_modifier_disabled_state_mask_7,MeleeDisabledDebuff,identifier,,,,base ability state,,ability-defined,,,,,,,,,high,"[""HSRC-0004"",""HSRC-0008""]",
billy_chain_gang,unstoppable_modifier_disabled_state_mask_8,defense,unstoppable_modifier_disabled_state_mask_8,DashDisabledDebuff,identifier,,,,base ability state,,ability-defined,,,,,,,,,high,"[""HSRC-0004"",""HSRC-0008""]",
billy_chain_gang,waiting_to_pull_modifier,movement,waiting_to_pull_modifier,WaitingForPull,identifier,,,,base ability state,,ability-defined,,,,,,,,,medium,"[""HSRC-0004"",""HSRC-0008""]",Strukturierter Modifier-Verweis; die Modifier-Klasse selbst wurde nicht als ausformulierte Spielregel interpretiert.
billy_innate,light_melee_recovery_modified,stat,light_melee_recovery_modified,true,boolean,,,,base ability state,,ability-defined,,,,,,,,,high,"[""HSRC-0013"",""HSRC-0003""]",
billy_innate,light_melee_movement_slow_reduced,crowd_control,light_melee_movement_slow_reduced,true,boolean,,,,base ability state,,ability-defined,,,,,,,,,high,"[""HSRC-0013"",""HSRC-0003""]",
billy_innate,light_melee_does_not_interrupt_reload,stat,light_melee_does_not_interrupt_reload,true,boolean,,,,base ability state,,ability-defined,,,,,,,,,high,"[""HSRC-0013"",""HSRC-0003""]",
calico_gloom_bombs,ability_cast_delay,stat,ability_cast_delay,0.15,seconds,,,,base ability state,,ability-defined,,,,,,,,,high,"[""HSRC-0004"",""HSRC-0008""]",
calico_gloom_bombs,ability_cooldown,cooldown,ability_cooldown,14,seconds,cooldown,1,,base ability state,,ability-defined,,,,,,14,,,high,"[""HSRC-0004"",""HSRC-0008""]",
calico_gloom_bombs,ability_unit_target_limit,targeting,ability_unit_target_limit,1,count,,,,base ability state,,ability-defined,,,,,,,,,high,"[""HSRC-0004"",""HSRC-0008""]",
calico_gloom_bombs,damage,damage,damage,45,damage,spirit,0.644,value = 45 + 0.644 * spirit,base ability state,,ability-defined,,,,,,,,,high,"[""HSRC-0004"",""HSRC-0008""]",
calico_gloom_bombs,debuff_modifier,crowd_control,debuff_modifier,NanoClusterGrenadeDebuff,identifier,,,,base ability state,,ability-defined,,,,,,,,,medium,"[""HSRC-0004"",""HSRC-0008""]",Strukturierter Modifier-Verweis; die Modifier-Klasse selbst wurde nicht als ausformulierte Spielregel interpretiert.
calico_gloom_bombs,grenade_angle_variance,targeting,grenade_angle_variance,0.08,degrees,,,,base ability state,,ability-defined,,,,,,,,,high,"[""HSRC-0004"",""HSRC-0008""]",
calico_gloom_bombs,grenade_count,stat,grenade_count,4,count,,,,base ability state,,ability-defined,,,,,,,,,high,"[""HSRC-0004"",""HSRC-0008""]",
calico_gloom_bombs,lifetime,stat,lifetime,0.75,seconds,,,,base ability state,,ability-defined,,,,,,,,,high,"[""HSRC-0004"",""HSRC-0008""]",
calico_gloom_bombs,modifier_drag_enemy,movement,modifier_drag_enemy,PerchedPredatorDrag,identifier,,,,base ability state,,ability-defined,,,,,,,,,medium,"[""HSRC-0004"",""HSRC-0008""]",Strukturierter Modifier-Verweis; die Modifier-Klasse selbst wurde nicht als ausformulierte Spielregel interpretiert.
calico_gloom_bombs,multi_hit_penalty_percentage,stat,multi_hit_penalty_percentage,65,percent,,,,base ability state,,ability-defined,,,,,,,,,high,"[""HSRC-0004"",""HSRC-0008""]",
calico_gloom_bombs,radius,targeting,radius,3,meters,radius,1,,base ability state,,ability-defined,,,,,,,,,high,"[""HSRC-0004"",""HSRC-0008""]",
calico_gloom_bombs,time_between_grenades,stat,time_between_grenades,0.05,seconds,,,,base ability state,,ability-defined,,,,,,,,,high,"[""HSRC-0004"",""HSRC-0008""]",
calico_gloom_bombs,toss_speed,movement,toss_speed,400,units_per_second,,,,base ability state,,ability-defined,,,,,,,,,high,"[""HSRC-0004"",""HSRC-0008""]",
calico_leaping_slash,ability_cast_delay,stat,ability_cast_delay,0.1,seconds,,,,base ability state,,ability-defined,,,,,,,,,high,"[""HSRC-0004"",""HSRC-0008""]",
calico_leaping_slash,ability_cast_range,targeting,ability_cast_range,9,meters,range,1,,base ability state,,ability-defined,,,,,,,,,high,"[""HSRC-0004"",""HSRC-0008""]",
calico_leaping_slash,ability_cooldown,cooldown,ability_cooldown,13,seconds,cooldown,1,,base ability state,,ability-defined,,,,,,13,,,high,"[""HSRC-0004"",""HSRC-0008""]",
calico_leaping_slash,ability_unit_target_limit,targeting,ability_unit_target_limit,1,count,,,,base ability state,,ability-defined,,,,,,,,,high,"[""HSRC-0004"",""HSRC-0008""]",
calico_leaping_slash,bounty_modifier,special_rule,bounty_modifier,Bounty,identifier,,,,base ability state,,ability-defined,,,,,,,,,medium,"[""HSRC-0004"",""HSRC-0008""]",Strukturierter Modifier-Verweis; die Modifier-Klasse selbst wurde nicht als ausformulierte Spielregel interpretiert.
calico_leaping_slash,dash_angle_threshold,movement,dash_angle_threshold,89,degrees,,,,base ability state,,ability-defined,,,,,,,,,high,"[""HSRC-0004"",""HSRC-0008""]",
calico_leaping_slash,dash_modifier,movement,dash_modifier,CitadelShivDash,identifier,,,,base ability state,,ability-defined,,,,,,,,,medium,"[""HSRC-0004"",""HSRC-0008""]",Strukturierter Modifier-Verweis; die Modifier-Klasse selbst wurde nicht als ausformulierte Spielregel interpretiert.
calico_leaping_slash,dash_radius,movement,dash_radius,2,meters,,,,base ability state,,ability-defined,,,,,,,,,high,"[""HSRC-0004"",""HSRC-0008""]",
calico_leaping_slash,dash_speed,movement,dash_speed,60.96,units_per_second,,,,base ability state,,ability-defined,,,,,,,,,high,"[""HSRC-0004"",""HSRC-0008""]",
calico_leaping_slash,heal_amount,healing,heal_amount,40,health,spirit,1.4,value = 40 + 1.4 * spirit,base ability state,,ability-defined,,,,,,,,,high,"[""HSRC-0004"",""HSRC-0008""]",
calico_leaping_slash,impact_damage,damage,impact_damage,10,damage,melee,0.8,,base ability state,,ability-defined,,,,,,,,,high,"[""HSRC-0004"",""HSRC-0008""]",
calico_leaping_slash,move_speed_penalty_max_speed,movement,move_speed_penalty_max_speed,200,units_per_second,,,,base ability state,,ability-defined,,,,,,,,,high,"[""HSRC-0004"",""HSRC-0008""]",
calico_leaping_slash,post_dash_maintained_velocity_ratio,movement,post_dash_maintained_velocity_ratio,0.15,multiplier,,,,base ability state,,ability-defined,,,,,,,,,high,"[""HSRC-0004"",""HSRC-0008""]",
calico_leaping_slash,side_move_speed_reduction,movement,side_move_speed_reduction,-90,percent,,,,base ability state,,ability-defined,,,,,,,,,high,"[""HSRC-0004"",""HSRC-0008""]",
calico_leaping_slash,slash_forward_offset,stat,slash_forward_offset,1.5,flat,,,,base ability state,,ability-defined,,,,,,,,,high,"[""HSRC-0004"",""HSRC-0008""]",
calico_leaping_slash,slash_height,stat,slash_height,2.5,meters,,,,base ability state,,ability-defined,,,,,,,,,high,"[""HSRC-0004"",""HSRC-0008""]",
calico_leaping_slash,slash_radius,targeting,slash_radius,4,meters,range,1,,base ability state,,ability-defined,,,,,,,,,high,"[""HSRC-0004"",""HSRC-0008""]",
calico_ava,ability_cooldown,cooldown,ability_cooldown,30,seconds,cooldown,1,,base ability state,,ability-defined,,,,,,30,,,high,"[""HSRC-0004"",""HSRC-0008""]",
calico_ava,ability_unit_target_limit,targeting,ability_unit_target_limit,1,count,,,,base ability state,,ability-defined,,,,,,,,,high,"[""HSRC-0004"",""HSRC-0008""]",
calico_ava,buff_duration,stat,buff_duration,15,seconds,duration,1,,base ability state,,ability-defined,,,,,15,,,,high,"[""HSRC-0004"",""HSRC-0008""]",
calico_ava,buff_modifier,special_rule,buff_modifier,Catform,identifier,,,,base ability state,,ability-defined,,,,,,,,,medium,"[""HSRC-0004"",""HSRC-0008""]",Strukturierter Modifier-Verweis; die Modifier-Klasse selbst wurde nicht als ausformulierte Spielregel interpretiert.
calico_ava,buff_modifier_enabled_state_mask_1,stat,buff_modifier_enabled_state_mask_1,IsTinyCharacter,identifier,,,,base ability state,,ability-defined,,,,,,,,,high,"[""HSRC-0004"",""HSRC-0008""]",
calico_ava,buff_modifier_model_scale,stat,buff_modifier_model_scale,1,multiplier,,,,base ability state,,ability-defined,,,,,,,,,high,"[""HSRC-0004"",""HSRC-0008""]",
calico_ava,cat_form_damage_dealt_reduction,damage,cat_form_damage_dealt_reduction,-100,percent,,,,base ability state,,ability-defined,,,,,,,,,high,"[""HSRC-0004"",""HSRC-0008""]",
calico_ava,damage_amp_modifier,damage,damage_amp_modifier,Damageamp,identifier,,,,base ability state,,ability-defined,,,,,,,,,medium,"[""HSRC-0004"",""HSRC-0008""]",Strukturierter Modifier-Verweis; die Modifier-Klasse selbst wurde nicht als ausformulierte Spielregel interpretiert.
calico_ava,enemy_damage_speed_penalty,damage,enemy_damage_speed_penalty,65,units_per_second,,,,base ability state,,ability-defined,,,,,,,,,high,"[""HSRC-0004"",""HSRC-0008""]",
calico_ava,interrupt_cooldown,cooldown,interrupt_cooldown,6,seconds,,,,base ability state,,ability-defined,,,,,,6,,,high,"[""HSRC-0004"",""HSRC-0008""]",
calico_ava,max_bonus_move_speed_percent,movement,max_bonus_move_speed_percent,65,percent,,,,base ability state,,ability-defined,,,,,,,,,high,"[""HSRC-0004"",""HSRC-0008""]",
calico_ava,min_bonus_move_speed_percent,movement,min_bonus_move_speed_percent,30,percent,,,,base ability state,,ability-defined,,,,,,,,,high,"[""HSRC-0004"",""HSRC-0008""]",
calico_ava,speed_build_duration,movement,speed_build_duration,4,seconds,,,,base ability state,,ability-defined,,,,,4,,,,high,"[""HSRC-0004"",""HSRC-0008""]",
calico_return_to_shadows,ability_channel_time,stat,ability_channel_time,3,seconds,duration,1,,base ability state,,ability-defined,,,,,,,,,high,"[""HSRC-0004"",""HSRC-0008""]",
calico_return_to_shadows,ability_cooldown,cooldown,ability_cooldown,115,seconds,cooldown,1,,base ability state,,ability-defined,,,,,,115,,,high,"[""HSRC-0004"",""HSRC-0008""]",
calico_return_to_shadows,ability_unit_target_limit,targeting,ability_unit_target_limit,1,count,,,,base ability state,,ability-defined,,,,,,,,,high,"[""HSRC-0004"",""HSRC-0008""]",
calico_return_to_shadows,air_drag,movement,air_drag,4,flat,,,,base ability state,,ability-defined,,,,,,,,,high,"[""HSRC-0004"",""HSRC-0008""]",
calico_return_to_shadows,air_speed_max,movement,air_speed_max,100,units_per_second,,,,base ability state,,ability-defined,,,,,,,,,high,"[""HSRC-0004"",""HSRC-0008""]",
calico_return_to_shadows,auto_channel_modifier,special_rule,auto_channel_modifier,Channeling,identifier,,,,base ability state,,ability-defined,,,,,,,,,medium,"[""HSRC-0004"",""HSRC-0008""]",Strukturierter Modifier-Verweis; die Modifier-Klasse selbst wurde nicht als ausformulierte Spielregel interpretiert.
calico_return_to_shadows,auto_channel_modifier_enabled_state_mask_1,stat,auto_channel_modifier_enabled_state_mask_1,DoNotDrawModel,identifier,,,,base ability state,,ability-defined,,,,,,,,,high,"[""HSRC-0004"",""HSRC-0008""]",
calico_return_to_shadows,bonus_move_speed_percent,movement,bonus_move_speed_percent,20,percent,,,,base ability state,,ability-defined,,,,,,,,,high,"[""HSRC-0004"",""HSRC-0008""]",
calico_return_to_shadows,damage,damage,damage,150,damage,spirit,0.609336,value = 150 + 0.609336 * spirit,base ability state,,ability-defined,,,,,,,,,high,"[""HSRC-0004"",""HSRC-0008""]",
calico_return_to_shadows,debuff_modifier,crowd_control,debuff_modifier,Buff,identifier,,,,base ability state,,ability-defined,,,,,,,,,medium,"[""HSRC-0004"",""HSRC-0008""]",Strukturierter Modifier-Verweis; die Modifier-Klasse selbst wurde nicht als ausformulierte Spielregel interpretiert.
calico_return_to_shadows,fall_speed_max,movement,fall_speed_max,0.254,units_per_second,,,,base ability state,,ability-defined,,,,,,,,,high,"[""HSRC-0004"",""HSRC-0008""]",
calico_return_to_shadows,radius,targeting,radius,7.5,meters,range,1,,base ability state,,ability-defined,,,,,,,,,high,"[""HSRC-0004"",""HSRC-0008""]",
calico_return_to_shadows,z_acceleration,stat,z_acceleration,800,flat,,,,base ability state,,ability-defined,,,,,,,,,high,"[""HSRC-0004"",""HSRC-0008""]",
celeste_light_eater,ability_cast_delay,stat,ability_cast_delay,0.3,seconds,,,,base ability state,,ability-defined,,,,,,,,,high,"[""HSRC-0004"",""HSRC-0008""]",
celeste_light_eater,ability_cast_range,targeting,ability_cast_range,10,meters,range,1,,base ability state,,ability-defined,,,,,,,,,high,"[""HSRC-0004"",""HSRC-0008""]",
celeste_light_eater,ability_cooldown,cooldown,ability_cooldown,20,seconds,cooldown,1,,base ability state,,ability-defined,,,,,,20,,,high,"[""HSRC-0004"",""HSRC-0008""]",
celeste_light_eater,ability_duration,stat,ability_duration,8,seconds,,,,base ability state,,ability-defined,,,,,8,,,,high,"[""HSRC-0004"",""HSRC-0008""]",
celeste_light_eater,ability_lifesteal_percent_hero,healing,ability_lifesteal_percent_hero,20,percent,healing,1,,base ability state,,ability-defined,,,,,,,,,high,"[""HSRC-0004"",""HSRC-0008""]",
celeste_light_eater,ability_unit_target_limit,targeting,ability_unit_target_limit,100,count,,,,base ability state,,ability-defined,,,,,,,,,high,"[""HSRC-0004"",""HSRC-0008""]",
celeste_light_eater,damage,damage,damage,15,damage,spirit,0.34,value = 15 + 0.34 * spirit,base ability state,,ability-defined,,,,,,,,,high,"[""HSRC-0004"",""HSRC-0008""]",
celeste_light_eater,debuff_modifier,crowd_control,debuff_modifier,UnicornRadiantblastDebuff,identifier,,,,base ability state,,ability-defined,,,,,,,,,medium,"[""HSRC-0004"",""HSRC-0008""]",Strukturierter Modifier-Verweis; die Modifier-Klasse selbst wurde nicht als ausformulierte Spielregel interpretiert.
celeste_light_eater,extra_sweep_radius,targeting,extra_sweep_radius,2,meters,,,,base ability state,,ability-defined,,,,,,,,,high,"[""HSRC-0004"",""HSRC-0008""]",
celeste_light_eater,flare_damage,damage,flare_damage,40,damage,spirit,0.47,value = 40 + 0.47 * spirit,base ability state,,ability-defined,,,,,,,,,high,"[""HSRC-0004"",""HSRC-0008""]",
celeste_light_eater,targeting_cone_angle,targeting,targeting_cone_angle,70,degrees,,,,base ability state,,ability-defined,,,,,,,,,high,"[""HSRC-0004"",""HSRC-0008""]",
celeste_light_eater,tick_rate,stat,tick_rate,0.5,seconds,,,,base ability state,,ability-defined,,,,,,,,0.5,high,"[""HSRC-0004"",""HSRC-0008""]",
celeste_dazzling_trick,ability_cooldown,cooldown,ability_cooldown,34,seconds,cooldown,1,,base ability state,,ability-defined,,,,,,34,,,high,"[""HSRC-0004"",""HSRC-0008""]",
celeste_dazzling_trick,ability_unit_target_limit,targeting,ability_unit_target_limit,1,count,,,,base ability state,,ability-defined,,,,,,,,,high,"[""HSRC-0004"",""HSRC-0008""]",
celeste_dazzling_trick,barrier_damage_percentage,damage,barrier_damage_percentage,50,percent,,,,base ability state,,ability-defined,,,,,,,,,high,"[""HSRC-0004"",""HSRC-0008""]",
celeste_dazzling_trick,buff_duration,stat,buff_duration,4,seconds,duration,1,,base ability state,,ability-defined,,,,,4,,,,high,"[""HSRC-0004"",""HSRC-0008""]",
celeste_dazzling_trick,buff_modifier,special_rule,buff_modifier,UnicornPrismaticGuardBuff,identifier,,,,base ability state,,ability-defined,,,,,,,,,medium,"[""HSRC-0004"",""HSRC-0008""]",Strukturierter Modifier-Verweis; die Modifier-Klasse selbst wurde nicht als ausformulierte Spielregel interpretiert.
celeste_dazzling_trick,buff_modifier_vertical_boost,stat,buff_modifier_vertical_boost,0.5,flat,,,,base ability state,,ability-defined,,,,,,,,,high,"[""HSRC-0004"",""HSRC-0008""]",
celeste_dazzling_trick,combat_barrier,summon,combat_barrier,100,health,spirit,0.8,value = 100 + 0.8 * spirit,base ability state,,ability-defined,,,,,,,,,high,"[""HSRC-0004"",""HSRC-0008""]",
celeste_dazzling_trick,debuff_duration,crowd_control,debuff_duration,1.75,seconds,duration,1,,base ability state,,ability-defined,,,,,1.75,,,,high,"[""HSRC-0004"",""HSRC-0008""]",
celeste_dazzling_trick,debuff_modifier,crowd_control,debuff_modifier,UnicornPrismaticGuardDebuff,identifier,,,,base ability state,,ability-defined,,,,,,,,,medium,"[""HSRC-0004"",""HSRC-0008""]",Strukturierter Modifier-Verweis; die Modifier-Klasse selbst wurde nicht als ausformulierte Spielregel interpretiert.
celeste_dazzling_trick,debuff_modifier_enabled_state_mask_1,crowd_control,debuff_modifier_enabled_state_mask_1,Silenced,identifier,,,,base ability state,,ability-defined,,,,,,,,,high,"[""HSRC-0004"",""HSRC-0008""]",
celeste_dazzling_trick,explode_radius,damage,explode_radius,14,meters,range,1,,base ability state,,ability-defined,,,,,,,,,high,"[""HSRC-0004"",""HSRC-0008""]",
celeste_dazzling_trick,max_lifetime,stat,max_lifetime,4,seconds,,,,base ability state,,ability-defined,,,,,,,,,high,"[""HSRC-0004"",""HSRC-0008""]",
celeste_radiant_daggers,ability_cast_delay,stat,ability_cast_delay,0.2,seconds,,,,base ability state,,ability-defined,,,,,,,,,high,"[""HSRC-0004"",""HSRC-0008""]",
celeste_radiant_daggers,ability_cast_range,targeting,ability_cast_range,30,meters,range,1,,base ability state,,ability-defined,,,,,,,,,high,"[""HSRC-0004"",""HSRC-0008""]",
celeste_radiant_daggers,ability_charges,charge,ability_charges,1,charges,max_charges,1,,base ability state,,ability-defined,,,,,,,,,high,"[""HSRC-0004"",""HSRC-0008""]",
celeste_radiant_daggers,ability_cooldown,cooldown,ability_cooldown,33,seconds,cooldown,1,,base ability state,,ability-defined,,,,,,33,,,high,"[""HSRC-0004"",""HSRC-0008""]",
celeste_radiant_daggers,ability_cooldown_between_charge,cooldown,ability_cooldown_between_charge,2,seconds,charge_cooldown,1,,base ability state,,ability-defined,,,,,,2,,,high,"[""HSRC-0004"",""HSRC-0008""]",
celeste_radiant_daggers,ability_unit_target_limit,targeting,ability_unit_target_limit,1,count,,,,base ability state,,ability-defined,,,,,,,,,high,"[""HSRC-0004"",""HSRC-0008""]",
celeste_radiant_daggers,buff_delay,stat,buff_delay,0.75,seconds,,,,base ability state,,ability-defined,,,,,,,,,high,"[""HSRC-0004"",""HSRC-0008""]",
celeste_radiant_daggers,buff_duration,stat,buff_duration,30,seconds,duration,1,,base ability state,,ability-defined,,,,,30,,,,high,"[""HSRC-0004"",""HSRC-0008""]",
celeste_radiant_daggers,buff_max_stacks,passive_proc,buff_max_stacks,6,stacks,,,,base ability state,,ability-defined,,,,6,,,,,high,"[""HSRC-0004"",""HSRC-0008""]",
celeste_radiant_daggers,buff_modifier,special_rule,buff_modifier,LuminousStrikeBuff,identifier,,,,base ability state,,ability-defined,,,,,,,,,medium,"[""HSRC-0004"",""HSRC-0008""]",Strukturierter Modifier-Verweis; die Modifier-Klasse selbst wurde nicht als ausformulierte Spielregel interpretiert.
celeste_radiant_daggers,climb_height,stat,climb_height,50,meters,,,,base ability state,,ability-defined,,,,,,,,,high,"[""HSRC-0004"",""HSRC-0008""]",
celeste_radiant_daggers,explosion_interval,stat,explosion_interval,0.7,seconds,,,,base ability state,,ability-defined,,,,,,,,,high,"[""HSRC-0004"",""HSRC-0008""]",
celeste_radiant_daggers,explosion_radius,targeting,explosion_radius,8,meters,range,1,,base ability state,,ability-defined,,,,,,,,,high,"[""HSRC-0004"",""HSRC-0008""]",
celeste_radiant_daggers,impact_damage,damage,impact_damage,55,damage,spirit,0.63,value = 55 + 0.63 * spirit,base ability state,,ability-defined,,,,,,,,,high,"[""HSRC-0004"",""HSRC-0008""]",
celeste_radiant_daggers,magic_increase_per_stack,passive_proc,magic_increase_per_stack,7,percent,,,,base ability state,,ability-defined,,,,,,,,,high,"[""HSRC-0004"",""HSRC-0008""]",
celeste_radiant_daggers,post_explosion_duration,stat,post_explosion_duration,0.8,seconds,,,,base ability state,,ability-defined,,,,,0.8,,,,high,"[""HSRC-0004"",""HSRC-0008""]",
celeste_radiant_daggers,pre_explosion_duration,stat,pre_explosion_duration,1.4,seconds,,,,base ability state,,ability-defined,,,,,1.4,,,,high,"[""HSRC-0004"",""HSRC-0008""]",
celeste_radiant_daggers,tick_rate,stat,tick_rate,0.5,seconds,,,,base ability state,,ability-defined,,,,,,,,0.5,high,"[""HSRC-0004"",""HSRC-0008""]",
celeste_shining_wonder,ability_cast_delay,stat,ability_cast_delay,0.75,seconds,,,,base ability state,,ability-defined,,,,,,,,,high,"[""HSRC-0004"",""HSRC-0008""]",
celeste_shining_wonder,ability_channel_time,stat,ability_channel_time,9999,seconds,duration,1,,base ability state,,ability-defined,,,,,,,,,high,"[""HSRC-0004"",""HSRC-0008""]",
celeste_shining_wonder,ability_cooldown,cooldown,ability_cooldown,160,seconds,cooldown,1,,base ability state,,ability-defined,,,,,,160,,,high,"[""HSRC-0004"",""HSRC-0008""]",
celeste_shining_wonder,ability_unit_target_limit,targeting,ability_unit_target_limit,1,count,,,,base ability state,,ability-defined,,,,,,,,,high,"[""HSRC-0004"",""HSRC-0008""]",
celeste_shining_wonder,bounce_grace,stat,bounce_grace,3.25,seconds,,,,base ability state,,ability-defined,,,,,,,,,high,"[""HSRC-0004"",""HSRC-0008""]",
celeste_shining_wonder,bounce_radius,targeting,bounce_radius,16.5,meters,range,1,,base ability state,,ability-defined,,,,,,,,,high,"[""HSRC-0004"",""HSRC-0008""]",
celeste_shining_wonder,damage,damage,damage,140,damage,spirit,0.6,value = 140 + 0.6 * spirit,base ability state,,ability-defined,,,,,,,,,high,"[""HSRC-0004"",""HSRC-0008""]",
celeste_shining_wonder,ground_dash_reduction_percent,movement,ground_dash_reduction_percent,-25,percent,,,,base ability state,,ability-defined,,,,,,,,,high,"[""HSRC-0004"",""HSRC-0008""]",
celeste_shining_wonder,max_bounces,stat,max_bounces,8,count,,,,base ability state,,ability-defined,,,,,,,,,high,"[""HSRC-0004"",""HSRC-0008""]",
celeste_shining_wonder,next_target_duration,targeting,next_target_duration,4,seconds,,,,base ability state,,ability-defined,,,,,4,,,,high,"[""HSRC-0004"",""HSRC-0008""]",
celeste_shining_wonder,orb_watcher_modifier,special_rule,orb_watcher_modifier,DazOrb,identifier,,,,base ability state,,ability-defined,,,,,,,,,medium,"[""HSRC-0004"",""HSRC-0008""]",Strukturierter Modifier-Verweis; die Modifier-Klasse selbst wurde nicht als ausformulierte Spielregel interpretiert.
celeste_shining_wonder,orb_watcher_modifier_min_projectile_travel_time,stat,orb_watcher_modifier_min_projectile_travel_time,0.2,seconds,,,,base ability state,,ability-defined,,,,,,,,,high,"[""HSRC-0004"",""HSRC-0008""]",
celeste_shining_wonder,orb_watcher_modifier_slow_modifier,crowd_control,orb_watcher_modifier_slow_modifier,DazzlingOrbSlowModifier,identifier,,,,base ability state,,ability-defined,,,,,,,,,medium,"[""HSRC-0004"",""HSRC-0008""]",Strukturierter Modifier-Verweis; die Modifier-Klasse selbst wurde nicht als ausformulierte Spielregel interpretiert.
celeste_shining_wonder,orb_watcher_modifier_slow_modifier_enabled_state_mask_1,crowd_control,orb_watcher_modifier_slow_modifier_enabled_state_mask_1,Slowed,identifier,,,,base ability state,,ability-defined,,,,,,,,,high,"[""HSRC-0004"",""HSRC-0008""]",
celeste_shining_wonder,orb_watcher_modifier_next_target_modifier,targeting,orb_watcher_modifier_next_target_modifier,DazzlingOrbNextTargetModifier,identifier,,,,base ability state,,ability-defined,,,,,,,,,medium,"[""HSRC-0004"",""HSRC-0008""]",Strukturierter Modifier-Verweis; die Modifier-Klasse selbst wurde nicht als ausformulierte Spielregel interpretiert.
celeste_shining_wonder,orb_watcher_modifier_orb_friendly_bounce_watcher_modifier,special_rule,orb_watcher_modifier_orb_friendly_bounce_watcher_modifier,DazzlingOrbFriendlyWatcher,identifier,,,,base ability state,,ability-defined,,,,,,,,,medium,"[""HSRC-0004"",""HSRC-0008""]",Strukturierter Modifier-Verweis; die Modifier-Klasse selbst wurde nicht als ausformulierte Spielregel interpretiert.
celeste_shining_wonder,orb_watcher_modifier_orb_friendly_bounce_watcher_modifier_enabled_state_mask_1,stat,orb_watcher_modifier_orb_friendly_bounce_watcher_modifier_enabled_state_mask_1,PrismaticGuarded,identifier,,,,base ability state,,ability-defined,,,,,,,,,high,"[""HSRC-0004"",""HSRC-0008""]",
celeste_shining_wonder,priority_bounce_radius,targeting,priority_bounce_radius,13.5,meters,,,,base ability state,,ability-defined,,,,,,,,,high,"[""HSRC-0004"",""HSRC-0008""]",
celeste_shining_wonder,slow_duration,crowd_control,slow_duration,1.5,seconds,duration,1,,base ability state,,ability-defined,,,,,1.5,,,,high,"[""HSRC-0004"",""HSRC-0008""]",
celeste_shining_wonder,slow_percent,crowd_control,slow_percent,40,percent,,,,base ability state,,ability-defined,,,,,,,,,high,"[""HSRC-0004"",""HSRC-0008""]",
celeste_innate,gravity_change,stat,gravity_change,-25,percent,,,,base ability state,,ability-defined,,,,,,,,,high,"[""HSRC-0015"",""HSRC-0003""]",
celeste_innate,air_control_percent,stat,air_control_percent,44,percent,,,,base ability state,,ability-defined,,,,,,,,,high,"[""HSRC-0015"",""HSRC-0003""]",
celeste_innate,air_control_accel_percent,stat,air_control_accel_percent,10,percent,,,,base ability state,,ability-defined,,,,,,,,,high,"[""HSRC-0015"",""HSRC-0003""]",
drifter_rend,ability_cast_delay,stat,ability_cast_delay,0.4,seconds,,,,base ability state,,ability-defined,,,,,,,,,high,"[""HSRC-0004"",""HSRC-0008""]",
drifter_rend,ability_cast_range,targeting,ability_cast_range,16,meters,range,1,,base ability state,,ability-defined,,,,,,,,,high,"[""HSRC-0004"",""HSRC-0008""]",
drifter_rend,ability_cooldown,cooldown,ability_cooldown,16,seconds,cooldown,1,,base ability state,,ability-defined,,,,,,16,,,high,"[""HSRC-0004"",""HSRC-0008""]",
drifter_rend,ability_post_cast_duration,stat,ability_post_cast_duration,0.4,seconds,,,,base ability state,,ability-defined,,,,,0.4,,,,high,"[""HSRC-0004"",""HSRC-0008""]",
drifter_rend,ability_unit_target_limit,targeting,ability_unit_target_limit,30,count,,,,base ability state,,ability-defined,,,,,,,,,high,"[""HSRC-0004"",""HSRC-0008""]",
drifter_rend,air_speed_max,movement,air_speed_max,70,units_per_second,,,,base ability state,,ability-defined,,,,,,,,,high,"[""HSRC-0004"",""HSRC-0008""]",
drifter_rend,bonus_damage,damage,bonus_damage,40,damage,spirit,1.4,value = 40 + 1.4 * spirit,base ability state,,ability-defined,,,,,,,,,high,"[""HSRC-0004"",""HSRC-0008""]",
drifter_rend,channel_move_speed,movement,channel_move_speed,1.3,units_per_second,,,,base ability state,,ability-defined,,,,,,,,,high,"[""HSRC-0004"",""HSRC-0008""]",
drifter_rend,damage,damage,damage,0,damage,melee,1.2,,base ability state,,ability-defined,,,,,,,,,high,"[""HSRC-0004"",""HSRC-0008""]",
drifter_rend,damage_heavy_melee,damage,damage_heavy_melee,0,damage,heavy_melee,0,,base ability state,,ability-defined,,,,,,,,,high,"[""HSRC-0004"",""HSRC-0008""]",
drifter_rend,debuff_modifier,crowd_control,debuff_modifier,Debuff,identifier,,,,base ability state,,ability-defined,,,,,,,,,medium,"[""HSRC-0004"",""HSRC-0008""]",Strukturierter Modifier-Verweis; die Modifier-Klasse selbst wurde nicht als ausformulierte Spielregel interpretiert.
drifter_rend,extra_sweep_cone_angle,targeting,extra_sweep_cone_angle,60,degrees,,,,base ability state,,ability-defined,,,,,,,,,high,"[""HSRC-0004"",""HSRC-0008""]",
drifter_rend,extra_sweep_offset_behind_caster,stat,extra_sweep_offset_behind_caster,80,flat,,,,base ability state,,ability-defined,,,,,,,,,high,"[""HSRC-0004"",""HSRC-0008""]",
drifter_rend,extra_sweep_range,targeting,extra_sweep_range,3,meters,,,,base ability state,,ability-defined,,,,,,,,,high,"[""HSRC-0004"",""HSRC-0008""]",
drifter_rend,fall_speed_max,movement,fall_speed_max,1,units_per_second,,,,base ability state,,ability-defined,,,,,,,,,high,"[""HSRC-0004"",""HSRC-0008""]",
drifter_rend,range_for_bonus_damage,damage,range_for_bonus_damage,8,meters,range,1,,base ability state,,ability-defined,,,,,,,,,high,"[""HSRC-0004"",""HSRC-0008""]",
drifter_rend,target_modifier,targeting,target_modifier,DrifterRendBulletLifesteal,identifier,,,,base ability state,,ability-defined,,,,,,,,,medium,"[""HSRC-0004"",""HSRC-0008""]",Strukturierter Modifier-Verweis; die Modifier-Klasse selbst wurde nicht als ausformulierte Spielregel interpretiert.
drifter_rend,targeting_cone_angle,targeting,targeting_cone_angle,50,degrees,,,,base ability state,,ability-defined,,,,,,,,,high,"[""HSRC-0004"",""HSRC-0008""]",
drifter_stalker_s_mark,ability_cast_delay,stat,ability_cast_delay,0.15,seconds,,,,base ability state,,ability-defined,,,,,,,,,high,"[""HSRC-0004"",""HSRC-0008""]",
drifter_stalker_s_mark,ability_cooldown,cooldown,ability_cooldown,26,seconds,cooldown,1,,base ability state,,ability-defined,,,,,,26,,,high,"[""HSRC-0004"",""HSRC-0008""]",
drifter_stalker_s_mark,ability_duration,stat,ability_duration,5,seconds,duration,1,,base ability state,,ability-defined,,,,,5,,,,high,"[""HSRC-0004"",""HSRC-0008""]",
drifter_stalker_s_mark,ability_unit_target_limit,targeting,ability_unit_target_limit,1,count,,,,base ability state,,ability-defined,,,,,,,,,high,"[""HSRC-0004"",""HSRC-0008""]",
drifter_stalker_s_mark,air_drag,movement,air_drag,3,flat,,,,base ability state,,ability-defined,,,,,,,,,high,"[""HSRC-0004"",""HSRC-0008""]",
drifter_stalker_s_mark,buff_modifier,special_rule,buff_modifier,DrifterStalkersMarkBuff,identifier,,,,base ability state,,ability-defined,,,,,,,,,medium,"[""HSRC-0004"",""HSRC-0008""]",Strukturierter Modifier-Verweis; die Modifier-Klasse selbst wurde nicht als ausformulierte Spielregel interpretiert.
drifter_stalker_s_mark,dot_health_percent,healing,dot_health_percent,2,percent,spirit,0.015,value = 2 + 0.015 * spirit,base ability state,,ability-defined,,,,,,,,,high,"[""HSRC-0004"",""HSRC-0008""]",
drifter_stalker_s_mark,fall_speed_max,movement,fall_speed_max,0.3,units_per_second,,,,base ability state,,ability-defined,,,,,,,,,high,"[""HSRC-0004"",""HSRC-0008""]",
drifter_stalker_s_mark,post_teleport_modifier,movement,post_teleport_modifier,DrifterStalkersMarkPostTeleport,identifier,,,,base ability state,,ability-defined,,,,,,,,,medium,"[""HSRC-0004"",""HSRC-0008""]",Strukturierter Modifier-Verweis; die Modifier-Klasse selbst wurde nicht als ausformulierte Spielregel interpretiert.
drifter_stalker_s_mark,target_modifier,targeting,target_modifier,DrifterShadowMarkTarget,identifier,,,,base ability state,,ability-defined,,,,,,,,,medium,"[""HSRC-0004"",""HSRC-0008""]",Strukturierter Modifier-Verweis; die Modifier-Klasse selbst wurde nicht als ausformulierte Spielregel interpretiert.
drifter_stalker_s_mark,target_teleport_modifier,movement,target_teleport_modifier,DrifterShadowMarkTeleportTarget,identifier,,,,base ability state,,ability-defined,,,,,,,,,medium,"[""HSRC-0004"",""HSRC-0008""]",Strukturierter Modifier-Verweis; die Modifier-Klasse selbst wurde nicht als ausformulierte Spielregel interpretiert.
drifter_stalker_s_mark,teleport_back_offset_from_target,movement,teleport_back_offset_from_target,135,flat,,,,base ability state,,ability-defined,,,,,,,,,high,"[""HSRC-0004"",""HSRC-0008""]",
drifter_stalker_s_mark,teleport_damage,damage,teleport_damage,0,damage,spirit,0.5,value = 0 + 0.5 * spirit,base ability state,,ability-defined,,,,,,,,,high,"[""HSRC-0004"",""HSRC-0008""]",
drifter_stalker_s_mark,tick_rate,stat,tick_rate,0.5,seconds,,,,base ability state,,ability-defined,,,,,,,,0.5,high,"[""HSRC-0004"",""HSRC-0008""]",
drifter_stalker_s_mark,vertical_drag,movement,vertical_drag,1,flat,,,,base ability state,,ability-defined,,,,,,,,,high,"[""HSRC-0004"",""HSRC-0008""]",
drifter_bloodscent,ability_cast_range,targeting,ability_cast_range,80,meters,range,1,,base ability state,,ability-defined,,,,,,,,,high,"[""HSRC-0004"",""HSRC-0008""]",
drifter_bloodscent,ability_unit_target_limit,targeting,ability_unit_target_limit,1,count,,,,base ability state,,ability-defined,,,,,,,,,high,"[""HSRC-0004"",""HSRC-0008""]",
drifter_bloodscent,amp_damage_percent,damage,amp_damage_percent,15,percent,,,,base ability state,,ability-defined,,,,,,,,,high,"[""HSRC-0004"",""HSRC-0008""]",
drifter_bloodscent,buff_modifier,special_rule,buff_modifier,DrifterHungerBuff,identifier,,,,base ability state,,ability-defined,,,,,,,,,medium,"[""HSRC-0004"",""HSRC-0008""]",Strukturierter Modifier-Verweis; die Modifier-Klasse selbst wurde nicht als ausformulierte Spielregel interpretiert.
drifter_bloodscent,delay_before_invis_starts,stat,delay_before_invis_starts,0.6,seconds,,,,base ability state,,ability-defined,,,,,,,,,high,"[""HSRC-0004"",""HSRC-0008""]",
drifter_bloodscent,heal_on_kill_pct,healing,heal_on_kill_pct,0,percent,spirit,0,,base ability state,,ability-defined,,,,,,,,,high,"[""HSRC-0004"",""HSRC-0008""]",
drifter_bloodscent,invis_duration,stat,invis_duration,0,seconds,spirit,0,,base ability state,,ability-defined,,,,,0,,,,high,"[""HSRC-0004"",""HSRC-0008""]",
drifter_bloodscent,invis_fade_to_duration,stat,invis_fade_to_duration,0.3,seconds,,,,base ability state,,ability-defined,,,,,0.3,,,,high,"[""HSRC-0004"",""HSRC-0008""]",
drifter_bloodscent,invis_modifier,special_rule,invis_modifier,Invis,identifier,,,,base ability state,,ability-defined,,,,,,,,,medium,"[""HSRC-0004"",""HSRC-0008""]",Strukturierter Modifier-Verweis; die Modifier-Klasse selbst wurde nicht als ausformulierte Spielregel interpretiert.
drifter_bloodscent,isolation_assist_percent_value,stat,isolation_assist_percent_value,100,percent,,,,base ability state,,ability-defined,,,,,,,,,high,"[""HSRC-0004"",""HSRC-0008""]",
drifter_bloodscent,isolation_range,targeting,isolation_range,20,meters,,,,base ability state,,ability-defined,,,,,,,,,high,"[""HSRC-0004"",""HSRC-0008""]",
drifter_bloodscent,kill_duration,stat,kill_duration,300,seconds,,,,base ability state,,ability-defined,,,,,300,,,,high,"[""HSRC-0004"",""HSRC-0008""]",
drifter_bloodscent,low_health_threshold,healing,low_health_threshold,30,health,,,,base ability state,,ability-defined,,,,,,,,,high,"[""HSRC-0004"",""HSRC-0008""]",
drifter_bloodscent,max_trail_targets,targeting,max_trail_targets,2,count,,,,base ability state,,ability-defined,,,,,,,,,high,"[""HSRC-0004"",""HSRC-0008""]",
drifter_bloodscent,reveal_on_damage_duration,damage,reveal_on_damage_duration,0.25,seconds,,,,base ability state,,ability-defined,,,,,0.25,,,,high,"[""HSRC-0004"",""HSRC-0008""]",
drifter_bloodscent,reveal_on_spotted_duration,stat,reveal_on_spotted_duration,1.5,seconds,,,,base ability state,,ability-defined,,,,,1.5,,,,high,"[""HSRC-0004"",""HSRC-0008""]",
drifter_bloodscent,spotted_radius,targeting,spotted_radius,15,meters,,,,base ability state,,ability-defined,,,,,,,,,high,"[""HSRC-0004"",""HSRC-0008""]",
drifter_bloodscent,target_linger_duration,targeting,target_linger_duration,3,seconds,,,,base ability state,,ability-defined,,,,,3,,,,high,"[""HSRC-0004"",""HSRC-0008""]",
drifter_bloodscent,target_modifier,targeting,target_modifier,HungerTarget,identifier,,,,base ability state,,ability-defined,,,,,,,,,medium,"[""HSRC-0004"",""HSRC-0008""]",Strukturierter Modifier-Verweis; die Modifier-Klasse selbst wurde nicht als ausformulierte Spielregel interpretiert.
drifter_bloodscent,tick_rate,stat,tick_rate,1,seconds,,,,base ability state,,ability-defined,,,,,,,,1,high,"[""HSRC-0004"",""HSRC-0008""]",
drifter_bloodscent,trail_duration,stat,trail_duration,10,seconds,duration,1,,base ability state,,ability-defined,,,,,10,,,,high,"[""HSRC-0004"",""HSRC-0008""]",
drifter_bloodscent,weapon_dmg_per_isolation_kill,stat,weapon_dmg_per_isolation_kill,3,flat,,,,base ability state,,ability-defined,,,,,,,,,high,"[""HSRC-0004"",""HSRC-0008""]",
drifter_eternal_night,ability_cast_delay,stat,ability_cast_delay,1,seconds,,,,base ability state,,ability-defined,,,,,,,,,high,"[""HSRC-0004"",""HSRC-0008""]",
drifter_eternal_night,ability_cast_range,targeting,ability_cast_range,100,meters,range,1,,base ability state,,ability-defined,,,,,,,,,high,"[""HSRC-0004"",""HSRC-0008""]",
drifter_eternal_night,ability_cooldown,cooldown,ability_cooldown,145,seconds,cooldown,1,,base ability state,,ability-defined,,,,,,145,,,high,"[""HSRC-0004"",""HSRC-0008""]",
drifter_eternal_night,ability_duration,stat,ability_duration,6.5,seconds,duration,1,,base ability state,,ability-defined,,,,,6.5,,,,high,"[""HSRC-0004"",""HSRC-0008""]",
drifter_eternal_night,ability_unit_target_limit,targeting,ability_unit_target_limit,1,count,,,,base ability state,,ability-defined,,,,,,,,,high,"[""HSRC-0004"",""HSRC-0008""]",
drifter_eternal_night,aura_linger_duration,stat,aura_linger_duration,0.001,seconds,,,,base ability state,,ability-defined,,,,,0.001,,,,high,"[""HSRC-0004"",""HSRC-0008""]",
drifter_eternal_night,bonus_fire_rate,stat,bonus_fire_rate,0,percent,spirit,0,,base ability state,,ability-defined,,,,,,,,,high,"[""HSRC-0004"",""HSRC-0008""]",
drifter_eternal_night,bonus_sprint_acceleration,stat,bonus_sprint_acceleration,12,flat,,,,base ability state,,ability-defined,,,,,,,,,high,"[""HSRC-0004"",""HSRC-0008""]",
drifter_eternal_night,bonus_sprint_speed,movement,bonus_sprint_speed,2,units_per_second,,,,base ability state,,ability-defined,,,,,,,,,high,"[""HSRC-0004"",""HSRC-0008""]",
drifter_eternal_night,caster_modifier,special_rule,caster_modifier,DrifterDarknessCaster,identifier,,,,base ability state,,ability-defined,,,,,,,,,medium,"[""HSRC-0004"",""HSRC-0008""]",Strukturierter Modifier-Verweis; die Modifier-Klasse selbst wurde nicht als ausformulierte Spielregel interpretiert.
drifter_eternal_night,caster_modifier_enabled_state_mask_1,stat,caster_modifier_enabled_state_mask_1,SinclairTaxUltActive,identifier,,,,base ability state,,ability-defined,,,,,,,,,high,"[""HSRC-0004"",""HSRC-0008""]",
drifter_eternal_night,channel_move_speed,movement,channel_move_speed,1.3,units_per_second,,,,base ability state,,ability-defined,,,,,,,,,high,"[""HSRC-0004"",""HSRC-0008""]",
drifter_eternal_night,dark_factor,stat,dark_factor,1,multiplier,,,,base ability state,,ability-defined,,,,,,,,,high,"[""HSRC-0004"",""HSRC-0008""]",
drifter_eternal_night,distance_for_max_proj_speed,movement,distance_for_max_proj_speed,200,meters,,,,base ability state,,ability-defined,,,,,,,,,high,"[""HSRC-0004"",""HSRC-0008""]",
drifter_eternal_night,drifter_nearby_range_check,targeting,drifter_nearby_range_check,40,meters,,,,base ability state,,ability-defined,,,,,,,,,high,"[""HSRC-0004"",""HSRC-0008""]",
drifter_eternal_night,max_projectile_speed,movement,max_projectile_speed,3000,units_per_second,,,,base ability state,,ability-defined,,,,,,,,,high,"[""HSRC-0004"",""HSRC-0008""]",
drifter_eternal_night,max_targets,targeting,max_targets,2,count,,,,base ability state,,ability-defined,,,,,,,,,high,"[""HSRC-0004"",""HSRC-0008""]",
drifter_eternal_night,min_projectile_speed,movement,min_projectile_speed,3000,units_per_second,,,,base ability state,,ability-defined,,,,,,,,,high,"[""HSRC-0004"",""HSRC-0008""]",
drifter_eternal_night,post_process_fade_in_time,passive_proc,post_process_fade_in_time,0.2,seconds,,,,base ability state,,ability-defined,,,,,,,,,high,"[""HSRC-0004"",""HSRC-0008""]",
drifter_eternal_night,post_process_fade_out_time,passive_proc,post_process_fade_out_time,1,seconds,,,,base ability state,,ability-defined,,,,,,,,,high,"[""HSRC-0004"",""HSRC-0008""]",
drifter_eternal_night,reveal_duration,stat,reveal_duration,3,seconds,duration,1,,base ability state,,ability-defined,,,,,3,,,,high,"[""HSRC-0004"",""HSRC-0008""]",
drifter_eternal_night,small_vision_distance,stat,small_vision_distance,15,meters,,,,base ability state,,ability-defined,,,,,,,,,high,"[""HSRC-0004"",""HSRC-0008""]",
drifter_eternal_night,target_modifier,targeting,target_modifier,DrifterDarknessTarget,identifier,,,,base ability state,,ability-defined,,,,,,,,,medium,"[""HSRC-0004"",""HSRC-0008""]",Strukturierter Modifier-Verweis; die Modifier-Klasse selbst wurde nicht als ausformulierte Spielregel interpretiert.
drifter_eternal_night,target_reveal_modifier,targeting,target_reveal_modifier,DrifterDarknessTargetReveal,identifier,,,,base ability state,,ability-defined,,,,,,,,,medium,"[""HSRC-0004"",""HSRC-0008""]",Strukturierter Modifier-Verweis; die Modifier-Klasse selbst wurde nicht als ausformulierte Spielregel interpretiert.
drifter_eternal_night,target_reveal_modifier_enabled_state_mask_1,targeting,target_reveal_modifier_enabled_state_mask_1,VisibleToEnemy,identifier,,,,base ability state,,ability-defined,,,,,,,,,high,"[""HSRC-0004"",""HSRC-0008""]",
drifter_eternal_night,target_reveal_modifier_enabled_state_mask_2,targeting,target_reveal_modifier_enabled_state_mask_2,GlowThroughWallsToProvider,identifier,,,,base ability state,,ability-defined,,,,,,,,,high,"[""HSRC-0004"",""HSRC-0008""]",
dynamo_kinetic_pulse,ability_cast_delay,stat,ability_cast_delay,0.42,seconds,,,,base ability state,,ability-defined,,,,,,,,,high,"[""HSRC-0004"",""HSRC-0008""]",
dynamo_kinetic_pulse,ability_charges,charge,ability_charges,1,charges,max_charges,1,,base ability state,,ability-defined,,,,,,,,,high,"[""HSRC-0004"",""HSRC-0008""]",
dynamo_kinetic_pulse,ability_cooldown,cooldown,ability_cooldown,26,seconds,cooldown,1,,base ability state,,ability-defined,,,,,,26,,,high,"[""HSRC-0004"",""HSRC-0008""]",
dynamo_kinetic_pulse,ability_cooldown_between_charge,cooldown,ability_cooldown_between_charge,5,seconds,charge_cooldown,1,,base ability state,,ability-defined,,,,,,5,,,high,"[""HSRC-0004"",""HSRC-0008""]",
dynamo_kinetic_pulse,ability_unit_target_limit,targeting,ability_unit_target_limit,1,count,,,,base ability state,,ability-defined,,,,,,,,,high,"[""HSRC-0004"",""HSRC-0008""]",
dynamo_kinetic_pulse,bullet_resist_modifier,defense,bullet_resist_modifier,StompDebuff,identifier,,,,base ability state,,ability-defined,,,,,,,,,medium,"[""HSRC-0004"",""HSRC-0008""]",Strukturierter Modifier-Verweis; die Modifier-Klasse selbst wurde nicht als ausformulierte Spielregel interpretiert.
dynamo_kinetic_pulse,channel_move_speed,movement,channel_move_speed,1.3,units_per_second,,,,base ability state,,ability-defined,,,,,,,,,high,"[""HSRC-0004"",""HSRC-0008""]",
dynamo_kinetic_pulse,climb_height,stat,climb_height,1,meters,,,,base ability state,,ability-defined,,,,,,,,,high,"[""HSRC-0004"",""HSRC-0008""]",
dynamo_kinetic_pulse,damage,damage,damage,115,damage,spirit,1.55,value = 115 + 1.55 * spirit,base ability state,,ability-defined,,,,,,,,,high,"[""HSRC-0004"",""HSRC-0008""]",
dynamo_kinetic_pulse,debuff_modifier,crowd_control,debuff_modifier,DebuffModifier,identifier,,,,base ability state,,ability-defined,,,,,,,,,medium,"[""HSRC-0004"",""HSRC-0008""]",Strukturierter Modifier-Verweis; die Modifier-Klasse selbst wurde nicht als ausformulierte Spielregel interpretiert.
dynamo_kinetic_pulse,distance_above_ground,stat,distance_above_ground,1,meters,,,,base ability state,,ability-defined,,,,,,,,,high,"[""HSRC-0004"",""HSRC-0008""]",
dynamo_kinetic_pulse,drop_down_rate,stat,drop_down_rate,20,flat,,,,base ability state,,ability-defined,,,,,,,,,high,"[""HSRC-0004"",""HSRC-0008""]",
dynamo_kinetic_pulse,impact_interval,damage,impact_interval,0.1,seconds,,,,base ability state,,ability-defined,,,,,,,,,high,"[""HSRC-0004"",""HSRC-0008""]",
dynamo_kinetic_pulse,stomp_range,targeting,stomp_range,16,meters,range,1,,base ability state,,ability-defined,,,,,,,,,high,"[""HSRC-0004"",""HSRC-0008""]",
dynamo_kinetic_pulse,stomp_width,stat,stomp_width,5.5,meters,,,,base ability state,,ability-defined,,,,,,,,,high,"[""HSRC-0004"",""HSRC-0008""]",
dynamo_kinetic_pulse,tech_cleave_expire_time,stat,tech_cleave_expire_time,0.2,seconds,,,,base ability state,,ability-defined,,,,,,,,,high,"[""HSRC-0004"",""HSRC-0008""]",
dynamo_kinetic_pulse,toss_duration,movement,toss_duration,1,seconds,,,,base ability state,,ability-defined,,,,,1,,,,high,"[""HSRC-0004"",""HSRC-0008""]",
dynamo_kinetic_pulse,toss_speed,movement,toss_speed,450,units_per_second,,,,base ability state,,ability-defined,,,,,,,,,high,"[""HSRC-0004"",""HSRC-0008""]",
dynamo_quantum_entanglement,ability_cast_range,targeting,ability_cast_range,10,meters,range,1,,base ability state,,ability-defined,,,,,,,,,high,"[""HSRC-0004"",""HSRC-0008""]",
dynamo_quantum_entanglement,ability_cooldown,cooldown,ability_cooldown,20,seconds,cooldown,1,,base ability state,,ability-defined,,,,,,20,,,high,"[""HSRC-0004"",""HSRC-0008""]",
dynamo_quantum_entanglement,ability_duration,stat,ability_duration,1.4,seconds,duration,1,,base ability state,,ability-defined,,,,,1.4,,,,high,"[""HSRC-0004"",""HSRC-0008""]",
dynamo_quantum_entanglement,ability_unit_target_limit,targeting,ability_unit_target_limit,1,count,,,,base ability state,,ability-defined,,,,,,,,,high,"[""HSRC-0004"",""HSRC-0008""]",
dynamo_quantum_entanglement,ally_distance,stat,ally_distance,13,meters,,,,base ability state,,ability-defined,,,,,,,,,high,"[""HSRC-0004"",""HSRC-0008""]",
dynamo_quantum_entanglement,bubble_modifier,special_rule,bubble_modifier,VoidSphere,identifier,,,,base ability state,,ability-defined,,,,,,,,,medium,"[""HSRC-0004"",""HSRC-0008""]",Strukturierter Modifier-Verweis; die Modifier-Klasse selbst wurde nicht als ausformulierte Spielregel interpretiert.
dynamo_quantum_entanglement,bubble_modifier_buff_modifier,special_rule,bubble_modifier_buff_modifier,VoidsphereBuff,identifier,,,,base ability state,,ability-defined,,,,,,,,,medium,"[""HSRC-0004"",""HSRC-0008""]",Strukturierter Modifier-Verweis; die Modifier-Klasse selbst wurde nicht als ausformulierte Spielregel interpretiert.
dynamo_quantum_entanglement,stamina_restore,stat,stamina_restore,1,flat,,,,base ability state,,ability-defined,,,,,,,,,high,"[""HSRC-0004"",""HSRC-0008""]",
dynamo_quantum_entanglement,trail_interval,stat,trail_interval,0.01,seconds,,,,base ability state,,ability-defined,,,,,,,,,high,"[""HSRC-0004"",""HSRC-0008""]",
dynamo_rejuvenating_aurora,ability_channel_time,stat,ability_channel_time,5,seconds,duration,1,,base ability state,,ability-defined,,,,,,,,,high,"[""HSRC-0004"",""HSRC-0008""]",
dynamo_rejuvenating_aurora,ability_cooldown,cooldown,ability_cooldown,48,seconds,cooldown,1,,base ability state,,ability-defined,,,,,,48,,,high,"[""HSRC-0004"",""HSRC-0008""]",
dynamo_rejuvenating_aurora,ability_unit_target_limit,targeting,ability_unit_target_limit,1,count,,,,base ability state,,ability-defined,,,,,,,,,high,"[""HSRC-0004"",""HSRC-0008""]",
dynamo_rejuvenating_aurora,aura_linger_duration,stat,aura_linger_duration,1,seconds,,,,base ability state,,ability-defined,,,,,1,,,,high,"[""HSRC-0004"",""HSRC-0008""]",
dynamo_rejuvenating_aurora,healing_per_second,healing,healing_per_second,30,health_per_second,spirit,0.4,value = 30 + 0.4 * spirit,base ability state,,ability-defined,,,,,,,,,high,"[""HSRC-0004"",""HSRC-0008""]",
dynamo_rejuvenating_aurora,nikuman_modifier,special_rule,nikuman_modifier,Nikuman,identifier,,,,base ability state,,ability-defined,,,,,,,,,medium,"[""HSRC-0004"",""HSRC-0008""]",Strukturierter Modifier-Verweis; die Modifier-Klasse selbst wurde nicht als ausformulierte Spielregel interpretiert.
dynamo_rejuvenating_aurora,share_with_friends_radius,targeting,share_with_friends_radius,8,meters,radius,1,,base ability state,,ability-defined,,,,,,,,,high,"[""HSRC-0004"",""HSRC-0008""]",
dynamo_singularity,ability_cast_delay,stat,ability_cast_delay,0.2,seconds,,,,base ability state,,ability-defined,,,,,,,,,high,"[""HSRC-0004"",""HSRC-0008""]",
dynamo_singularity,ability_channel_time,stat,ability_channel_time,2.75,seconds,duration,1,,base ability state,,ability-defined,,,,,,,,,high,"[""HSRC-0004"",""HSRC-0008""]",
dynamo_singularity,ability_cooldown,cooldown,ability_cooldown,250,seconds,cooldown,1,,base ability state,,ability-defined,,,,,,250,,,high,"[""HSRC-0004"",""HSRC-0008""]",
dynamo_singularity,ability_unit_target_limit,targeting,ability_unit_target_limit,1,count,,,,base ability state,,ability-defined,,,,,,,,,high,"[""HSRC-0004"",""HSRC-0008""]",
dynamo_singularity,dps,damage,dps,75,damage_per_second,spirit,0.28,value = 75 + 0.28 * spirit,base ability state,,ability-defined,,,,,,,,,high,"[""HSRC-0004"",""HSRC-0008""]",
dynamo_singularity,speed,movement,speed,5.08,units_per_second,,,,base ability state,,ability-defined,,,,,,,,,high,"[""HSRC-0004"",""HSRC-0008""]",
dynamo_singularity,tick_rate,stat,tick_rate,0.25,seconds,,,,base ability state,,ability-defined,,,,,,,,0.25,high,"[""HSRC-0004"",""HSRC-0008""]",
dynamo_singularity,toss_angle,movement,toss_angle,45,degrees,,,,base ability state,,ability-defined,,,,,,,,,high,"[""HSRC-0004"",""HSRC-0008""]",
dynamo_singularity,toss_speed,movement,toss_speed,8.89,units_per_second,,,,base ability state,,ability-defined,,,,,,,,,high,"[""HSRC-0004"",""HSRC-0008""]",
dynamo_singularity,vacuum_aura_modifier,special_rule,vacuum_aura_modifier,Vacuumaura,identifier,,,,base ability state,,ability-defined,,,,,,,,,medium,"[""HSRC-0004"",""HSRC-0008""]",Strukturierter Modifier-Verweis; die Modifier-Klasse selbst wurde nicht als ausformulierte Spielregel interpretiert.
dynamo_singularity,vacuum_radius,targeting,vacuum_radius,7,meters,radius,1,,base ability state,,ability-defined,,,,,,,,,high,"[""HSRC-0004"",""HSRC-0008""]",
graves_jar_of_dead,ability_cast_delay,stat,ability_cast_delay,0.15,seconds,,,,base ability state,,ability-defined,,,,,,,,,high,"[""HSRC-0004"",""HSRC-0008""]",
graves_jar_of_dead,ability_charges,charge,ability_charges,4,charges,max_charges,1,,base ability state,,ability-defined,,,,,,,,,high,"[""HSRC-0004"",""HSRC-0008""]",
graves_jar_of_dead,ability_charges_conditionally,charge,ability_charges_conditionally,1,charges,,,,base ability state,,ability-defined,,,,,,,,,high,"[""HSRC-0004"",""HSRC-0008""]",
graves_jar_of_dead,ability_cooldown_between_charge,cooldown,ability_cooldown_between_charge,13,seconds,charge_cooldown,1,,base ability state,,ability-defined,,,,,,13,,,high,"[""HSRC-0004"",""HSRC-0008""]",
graves_jar_of_dead,ability_unit_target_limit,targeting,ability_unit_target_limit,1,count,,,,base ability state,,ability-defined,,,,,,,,,high,"[""HSRC-0004"",""HSRC-0008""]",
graves_jar_of_dead,area_modifier,special_rule,area_modifier,Area,identifier,,,,base ability state,,ability-defined,,,,,,,,,medium,"[""HSRC-0004"",""HSRC-0008""]",Strukturierter Modifier-Verweis; die Modifier-Klasse selbst wurde nicht als ausformulierte Spielregel interpretiert.
graves_jar_of_dead,area_modifier_initial_random_variance,stat,area_modifier_initial_random_variance,30,flat,,,,base ability state,,ability-defined,,,,,,,,,high,"[""HSRC-0004"",""HSRC-0008""]",
graves_jar_of_dead,damage,damage,damage,16,damage,spirit,0.25,value = 16 + 0.25 * spirit,base ability state,,ability-defined,,,,,,,,,high,"[""HSRC-0004"",""HSRC-0008""]",
graves_jar_of_dead,delay_before_respawning,stat,delay_before_respawning,1,seconds,,,,base ability state,,ability-defined,,,,,,,,,high,"[""HSRC-0004"",""HSRC-0008""]",
graves_jar_of_dead,heal_per_pickup,healing,heal_per_pickup,0,health,spirit,0,,base ability state,,ability-defined,,,,,,,,,high,"[""HSRC-0004"",""HSRC-0008""]",
graves_jar_of_dead,kill_time,stat,kill_time,0.2,seconds,,,,base ability state,,ability-defined,,,,,,,,,high,"[""HSRC-0004"",""HSRC-0008""]",
graves_jar_of_dead,max_hits,stat,max_hits,-1,flat,,,,base ability state,,ability-defined,,,,,,,,,high,"[""HSRC-0004"",""HSRC-0008""]",
graves_jar_of_dead,pickups_per_boss_death,resource,pickups_per_boss_death,5,count,,,,base ability state,,midboss,,Explicit boss-target field: 5 count.,,,,,,,high,"[""HSRC-0004"",""HSRC-0008""]",
graves_jar_of_dead,pickups_per_death,resource,pickups_per_death,1,count,,,,base ability state,,ability-defined,,,,,,,,,high,"[""HSRC-0004"",""HSRC-0008""]",
graves_jar_of_dead,pickups_per_hero_death,resource,pickups_per_hero_death,5,count,,,,base ability state,,ability-defined,,,,,,,,,high,"[""HSRC-0004"",""HSRC-0008""]",
graves_jar_of_dead,pickups_per_neutral_trooper_death,resource,pickups_per_neutral_trooper_death,3,count,,,,base ability state,,nonhero_unit,Explicit structured field: 3 count.,,,,,,,,high,"[""HSRC-0004"",""HSRC-0008""]",
graves_jar_of_dead,resource_cost,resource,resource_cost,120,flat,cooldown,1,,base ability state,,ability-defined,,,,,,,,,high,"[""HSRC-0004"",""HSRC-0008""]",
graves_jar_of_dead,resource_generation_percent,resource,resource_generation_percent,100,percent,,,,base ability state,,ability-defined,,,,,,,,,high,"[""HSRC-0004"",""HSRC-0008""]",
graves_jar_of_dead,resource_per_pickup,resource,resource_per_pickup,10,flat,,,,base ability state,,ability-defined,,,,,,,,,high,"[""HSRC-0004"",""HSRC-0008""]",
graves_jar_of_dead,resource_radius,targeting,resource_radius,40,meters,,,,base ability state,,ability-defined,,,,,,,,,high,"[""HSRC-0004"",""HSRC-0008""]",
graves_jar_of_dead,skull_count,summon,skull_count,4,count,,,,base ability state,,ability-defined,,,,,,,,,high,"[""HSRC-0004"",""HSRC-0008""]",
graves_jar_of_dead,skull_immune_duration,summon,skull_immune_duration,0.15,seconds,,,,base ability state,,ability-defined,,,,,0.15,,,,high,"[""HSRC-0004"",""HSRC-0008""]",
graves_jar_of_dead,skull_kill_gold,summon,skull_kill_gold,7,flat,power_increase,0.5,,base ability state,,ability-defined,,,,,,,,,high,"[""HSRC-0004"",""HSRC-0008""]",
graves_jar_of_dead,skull_lifetime,summon,skull_lifetime,10,seconds,duration,1,,base ability state,,ability-defined,,,,,,,,,high,"[""HSRC-0004"",""HSRC-0008""]",
graves_jar_of_dead,slow_modifier,crowd_control,slow_modifier,Slow,identifier,,,,base ability state,,ability-defined,,,,,,,,,medium,"[""HSRC-0004"",""HSRC-0008""]",Strukturierter Modifier-Verweis; die Modifier-Klasse selbst wurde nicht als ausformulierte Spielregel interpretiert.
graves_jar_of_dead,spawn_radius,targeting,spawn_radius,2,meters,range,1,,base ability state,,ability-defined,,,,,,,,,high,"[""HSRC-0004"",""HSRC-0008""]",
graves_jar_of_dead,stacking_debuff_modifier,crowd_control,stacking_debuff_modifier,Debuff,identifier,,,,base ability state,,ability-defined,,,,,,,,,medium,"[""HSRC-0004"",""HSRC-0008""]",Strukturierter Modifier-Verweis; die Modifier-Klasse selbst wurde nicht als ausformulierte Spielregel interpretiert.
graves_jar_of_dead,summon_buff_modifier,summon,summon_buff_modifier,Summonbuff,identifier,,,,base ability state,,ability-defined,,,,,,,,,medium,"[""HSRC-0004"",""HSRC-0008""]",Strukturierter Modifier-Verweis; die Modifier-Klasse selbst wurde nicht als ausformulierte Spielregel interpretiert.
graves_jar_of_dead,summon_health,summon,summon_health,20,health,power_increase,1.3,,base ability state,,ability-defined,,,,,,,,,high,"[""HSRC-0004"",""HSRC-0008""]",
graves_jar_of_dead,summon_modifier,summon,summon_modifier,Barriertracker,identifier,,,,base ability state,,ability-defined,,,,,,,,,medium,"[""HSRC-0004"",""HSRC-0008""]",Strukturierter Modifier-Verweis; die Modifier-Klasse selbst wurde nicht als ausformulierte Spielregel interpretiert.
graves_jar_of_dead,summon_modifier_enabled_state_mask_1,summon,summon_modifier_enabled_state_mask_1,IgnoredByNpcTargeting,identifier,,,,base ability state,,ability-defined,,,,,,,,,high,"[""HSRC-0004"",""HSRC-0008""]",
graves_jar_of_dead,summon_modifier_enabled_state_mask_2,summon,summon_modifier_enabled_state_mask_2,IsSmallDeployable,identifier,,,,base ability state,,ability-defined,,,,,,,,,high,"[""HSRC-0004"",""HSRC-0008""]",
graves_jar_of_dead,summon_takes_damage,summon,summon_takes_damage,1,damage,,,,base ability state,,ability-defined,,,,,,,,,high,"[""HSRC-0004"",""HSRC-0008""]",
graves_jar_of_dead,target_dash_radius,movement,target_dash_radius,15,meters,range,1,,base ability state,,ability-defined,,,,,,,,,high,"[""HSRC-0004"",""HSRC-0008""]",
graves_jar_of_dead,target_search_delay_max,targeting,target_search_delay_max,1.25,seconds,,,,base ability state,,ability-defined,,,,,,,,,high,"[""HSRC-0004"",""HSRC-0008""]",
graves_jar_of_dead,target_search_delay_min,targeting,target_search_delay_min,1.5,seconds,,,,base ability state,,ability-defined,,,,,,,,,high,"[""HSRC-0004"",""HSRC-0008""]",
graves_jar_of_dead,target_search_initial_delay_max,targeting,target_search_initial_delay_max,0.2,seconds,,,,base ability state,,ability-defined,,,,,,,,,high,"[""HSRC-0004"",""HSRC-0008""]",
graves_jar_of_dead,target_search_initial_delay_min,targeting,target_search_initial_delay_min,0.15,seconds,,,,base ability state,,ability-defined,,,,,,,,,high,"[""HSRC-0004"",""HSRC-0008""]",
graves_jar_of_dead,target_search_initial_stagger,targeting,target_search_initial_stagger,0.125,flat,,,,base ability state,,ability-defined,,,,,,,,,high,"[""HSRC-0004"",""HSRC-0008""]",
graves_jar_of_dead,target_search_radius,targeting,target_search_radius,7,meters,range,1,,base ability state,,ability-defined,,,,,,,,,high,"[""HSRC-0004"",""HSRC-0008""]",
graves_jar_of_dead,tick_rate,stat,tick_rate,0.2,seconds,,,,base ability state,,ability-defined,,,,,,,,0.2,high,"[""HSRC-0004"",""HSRC-0008""]",
graves_grasping_hands,ability_cast_range,targeting,ability_cast_range,24,meters,range,1,,base ability state,,ability-defined,,,,,,,,,high,"[""HSRC-0004"",""HSRC-0008""]",
graves_grasping_hands,ability_cooldown,cooldown,ability_cooldown,34,seconds,cooldown,1,,base ability state,,ability-defined,,,,,,34,,,high,"[""HSRC-0004"",""HSRC-0008""]",
graves_grasping_hands,ability_duration,stat,ability_duration,5,seconds,duration,1,,base ability state,,ability-defined,,,,,5,,,,high,"[""HSRC-0004"",""HSRC-0008""]",
graves_grasping_hands,ability_unit_target_limit,targeting,ability_unit_target_limit,1,count,,,,base ability state,,ability-defined,,,,,,,,,high,"[""HSRC-0004"",""HSRC-0008""]",
graves_grasping_hands,aura_radius,targeting,aura_radius,0.75,meters,,,,base ability state,,ability-defined,,,,,,,,,high,"[""HSRC-0004"",""HSRC-0008""]",
graves_grasping_hands,buff_modifier,special_rule,buff_modifier,Buff,identifier,,,,base ability state,,ability-defined,,,,,,,,,medium,"[""HSRC-0004"",""HSRC-0008""]",Strukturierter Modifier-Verweis; die Modifier-Klasse selbst wurde nicht als ausformulierte Spielregel interpretiert.
graves_grasping_hands,damage,damage,damage,90,damage,spirit,1.6,value = 90 + 1.6 * spirit,base ability state,,ability-defined,,,,,,,,,high,"[""HSRC-0004"",""HSRC-0008""]",
graves_grasping_hands,debuff_duration,crowd_control,debuff_duration,0.5,seconds,,,,base ability state,,ability-defined,,,,,0.5,,,,high,"[""HSRC-0004"",""HSRC-0008""]",
graves_grasping_hands,ground_aura_modifier,special_rule,ground_aura_modifier,Zombiewall,identifier,,,,base ability state,,ability-defined,,,,,,,,,medium,"[""HSRC-0004"",""HSRC-0008""]",Strukturierter Modifier-Verweis; die Modifier-Klasse selbst wurde nicht als ausformulierte Spielregel interpretiert.
graves_grasping_hands,ground_aura_pop_delay,stat,ground_aura_pop_delay,1.1,seconds,,,,base ability state,,ability-defined,,,,,,,,,high,"[""HSRC-0004"",""HSRC-0008""]",
graves_grasping_hands,ground_aura_priority_modifier,special_rule,ground_aura_priority_modifier,Zombiewall,identifier,,,,base ability state,,ability-defined,,,,,,,,,medium,"[""HSRC-0004"",""HSRC-0008""]",Strukturierter Modifier-Verweis; die Modifier-Klasse selbst wurde nicht als ausformulierte Spielregel interpretiert.
graves_grasping_hands,ground_aura_spacing,stat,ground_aura_spacing,1,meters,,,,base ability state,,ability-defined,,,,,,,,,high,"[""HSRC-0004"",""HSRC-0008""]",
graves_grasping_hands,immobilize_duration,crowd_control,immobilize_duration,1,seconds,duration,1,,base ability state,,ability-defined,,,,,1,,,,high,"[""HSRC-0004"",""HSRC-0008""]",
graves_grasping_hands,immobilize_modifier,crowd_control,immobilize_modifier,Immobilize,identifier,,,,base ability state,,ability-defined,,,,,,,,,medium,"[""HSRC-0004"",""HSRC-0008""]",Strukturierter Modifier-Verweis; die Modifier-Klasse selbst wurde nicht als ausformulierte Spielregel interpretiert.
graves_grasping_hands,slow_percent,crowd_control,slow_percent,40,percent,,,,base ability state,,ability-defined,,,,,,,,,high,"[""HSRC-0004"",""HSRC-0008""]",
graves_grasping_hands,summon_count,summon,summon_count,1,count,,,,base ability state,,ability-defined,,,,,,,,,high,"[""HSRC-0004"",""HSRC-0008""]",
graves_grasping_hands,tether_duration,crowd_control,tether_duration,1,seconds,,,,base ability state,,ability-defined,,,,,1,,,,high,"[""HSRC-0004"",""HSRC-0008""]",
graves_grasping_hands,tether_modifier,crowd_control,tether_modifier,Tether,identifier,,,,base ability state,,ability-defined,,,,,,,,,medium,"[""HSRC-0004"",""HSRC-0008""]",Strukturierter Modifier-Verweis; die Modifier-Klasse selbst wurde nicht als ausformulierte Spielregel interpretiert.
graves_grasping_hands,tether_radius,crowd_control,tether_radius,0.1,meters,,,,base ability state,,ability-defined,,,,,,,,,high,"[""HSRC-0004"",""HSRC-0008""]",
graves_grasping_hands,tick_rate,stat,tick_rate,0.1,seconds,,,,base ability state,,ability-defined,,,,,,,,0.1,high,"[""HSRC-0004"",""HSRC-0008""]",
graves_grasping_hands,zombie_wall_deploy_time,summon,zombie_wall_deploy_time,0.6,seconds,,,,base ability state,,ability-defined,,,,,,,,,high,"[""HSRC-0004"",""HSRC-0008""]",
graves_grasping_hands,zombie_wall_height,summon,zombie_wall_height,2.5,meters,,,,base ability state,,ability-defined,,,,,,,,,high,"[""HSRC-0004"",""HSRC-0008""]",
graves_grasping_hands,zombie_wall_length,summon,zombie_wall_length,14,meters,,,,base ability state,,ability-defined,,,,,,,,,high,"[""HSRC-0004"",""HSRC-0008""]",
graves_essence_theft,ability_duration,stat,ability_duration,4,seconds,duration,1,,base ability state,,ability-defined,,,,,4,,,,high,"[""HSRC-0004"",""HSRC-0008""]",
graves_essence_theft,ability_unit_target_limit,targeting,ability_unit_target_limit,1,count,,,,base ability state,,ability-defined,,,,,,,,,high,"[""HSRC-0004"",""HSRC-0008""]",
graves_essence_theft,debuff_modifier,crowd_control,debuff_modifier,Debuff,identifier,,,,base ability state,,ability-defined,,,,,,,,,medium,"[""HSRC-0004"",""HSRC-0008""]",Strukturierter Modifier-Verweis; die Modifier-Klasse selbst wurde nicht als ausformulierte Spielregel interpretiert.
graves_essence_theft,debuff_modifier_build_up_decay_delay,crowd_control,debuff_modifier_build_up_decay_delay,2,seconds,,,,base ability state,,ability-defined,,,,,,,,,high,"[""HSRC-0004"",""HSRC-0008""]",
graves_essence_theft,debuff_modifier_cycle_time_delay_add,crowd_control,debuff_modifier_cycle_time_delay_add,0.1,seconds,,,,base ability state,,ability-defined,,,,,,,,,high,"[""HSRC-0004"",""HSRC-0008""]",
graves_essence_theft,delay_before_loss,stat,delay_before_loss,0.5,seconds,,,,base ability state,,ability-defined,,,,,,,,,high,"[""HSRC-0004"",""HSRC-0008""]",
graves_essence_theft,max_stolen_attack_damage,damage,max_stolen_attack_damage,25,damage,spirit,0.25,value = 25 + 0.25 * spirit,base ability state,,ability-defined,,,,,,,,,high,"[""HSRC-0004"",""HSRC-0008""]",
graves_essence_theft,max_stolen_spirit_resist,defense,max_stolen_spirit_resist,10,percent,,,,base ability state,,ability-defined,,,,,,,,,high,"[""HSRC-0004"",""HSRC-0008""]",
graves_essence_theft,max_stolen_targets,targeting,max_stolen_targets,3,count,,,,base ability state,,ability-defined,,,,,,,,,high,"[""HSRC-0004"",""HSRC-0008""]",
graves_essence_theft,melee_build_up,passive_proc,melee_build_up,0.2,flat,,,,base ability state,,ability-defined,,,,,,,,,high,"[""HSRC-0004"",""HSRC-0008""]",
graves_essence_theft,progress_loss_multiplier,stat,progress_loss_multiplier,2.3,multiplier,,,,base ability state,,ability-defined,,,,,,,,,high,"[""HSRC-0004"",""HSRC-0008""]",
graves_essence_theft,progress_loss_per_second,stat,progress_loss_per_second,1,flat,,,,base ability state,,ability-defined,,,,,,,,,high,"[""HSRC-0004"",""HSRC-0008""]",
graves_essence_theft,shoot_duration_for_max,stat,shoot_duration_for_max,4,seconds,,,,base ability state,,ability-defined,,,,,4,,,,high,"[""HSRC-0004"",""HSRC-0008""]",
graves_essence_theft,tick_interval,stat,tick_interval,0.15,seconds,,,,base ability state,,ability-defined,,,,,,,,0.15,high,"[""HSRC-0004"",""HSRC-0008""]",
graves_borrowed_decree,ability_cast_range,targeting,ability_cast_range,20,meters,range,1,,base ability state,,ability-defined,,,,,,,,,high,"[""HSRC-0004"",""HSRC-0008""]",
graves_borrowed_decree,ability_channel_time,stat,ability_channel_time,0.66,seconds,duration,1,,base ability state,,ability-defined,,,,,,,,,high,"[""HSRC-0004"",""HSRC-0008""]",
graves_borrowed_decree,ability_cooldown,cooldown,ability_cooldown,140,seconds,cooldown,1,,base ability state,,ability-defined,,,,,,140,,,high,"[""HSRC-0004"",""HSRC-0008""]",
graves_borrowed_decree,ability_duration,stat,ability_duration,16,seconds,,,,base ability state,,ability-defined,,,,,16,,,,high,"[""HSRC-0004"",""HSRC-0008""]",
graves_borrowed_decree,ability_unit_target_limit,targeting,ability_unit_target_limit,1,count,,,,base ability state,,ability-defined,,,,,,,,,high,"[""HSRC-0004"",""HSRC-0008""]",
graves_borrowed_decree,aura_radius,targeting,aura_radius,8,meters,range,1,,base ability state,,ability-defined,,,,,,,,,high,"[""HSRC-0004"",""HSRC-0008""]",
graves_borrowed_decree,blocker_scale_factor,stat,blocker_scale_factor,1,multiplier,,,,base ability state,,ability-defined,,,,,,,,,high,"[""HSRC-0004"",""HSRC-0008""]",
graves_borrowed_decree,bonus_health_regen,healing,bonus_health_regen,0,health,spirit,0,,base ability state,,ability-defined,,,,,,,,,high,"[""HSRC-0004"",""HSRC-0008""]",
graves_borrowed_decree,bonus_spirit_damage_percentage,damage,bonus_spirit_damage_percentage,15,percent,,,,base ability state,,ability-defined,,,,,,,,,high,"[""HSRC-0004"",""HSRC-0008""]",
graves_borrowed_decree,buff_duration,stat,buff_duration,-1,seconds,,,,base ability state,,ability-defined,,,,,-1,,,,high,"[""HSRC-0004"",""HSRC-0008""]",
graves_borrowed_decree,bullet_resist,defense,bullet_resist,12.5,percent,,,,base ability state,,ability-defined,,,,,,,,,high,"[""HSRC-0004"",""HSRC-0008""]",
graves_borrowed_decree,damage,damage,damage,115,damage,spirit,1.27,value = 115 + 1.27 * spirit,base ability state,,ability-defined,,,,,,,,,high,"[""HSRC-0004"",""HSRC-0008""]",
graves_borrowed_decree,damage_slow_duration,damage,damage_slow_duration,0.5,seconds,,,,base ability state,,ability-defined,,,,,0.5,,,,high,"[""HSRC-0004"",""HSRC-0008""]",
graves_borrowed_decree,damage_slow_percent,damage,damage_slow_percent,20,percent,,,,base ability state,,ability-defined,,,,,,,,,high,"[""HSRC-0004"",""HSRC-0008""]",
graves_borrowed_decree,decay_duration,stat,decay_duration,1,seconds,,,,base ability state,,ability-defined,,,,,1,,,,high,"[""HSRC-0004"",""HSRC-0008""]",
graves_borrowed_decree,decay_tick_rate,stat,decay_tick_rate,0.1,seconds,,,,base ability state,,ability-defined,,,,,,,,0.1,high,"[""HSRC-0004"",""HSRC-0008""]",
graves_borrowed_decree,explode_delay,damage,explode_delay,0.23,seconds,,,,base ability state,,ability-defined,,,,,,,,,high,"[""HSRC-0004"",""HSRC-0008""]",
graves_borrowed_decree,explosion_radius,targeting,explosion_radius,6.5,meters,range,1,,base ability state,,ability-defined,,,,,,,,,high,"[""HSRC-0004"",""HSRC-0008""]",
graves_borrowed_decree,grave_stone_modifier,special_rule,grave_stone_modifier,Gravestone,identifier,,,,base ability state,,ability-defined,,,,,,,,,medium,"[""HSRC-0004"",""HSRC-0008""]",Strukturierter Modifier-Verweis; die Modifier-Klasse selbst wurde nicht als ausformulierte Spielregel interpretiert.
graves_borrowed_decree,grave_stone_modifier_gravestone_critical_modifier,summon,grave_stone_modifier_gravestone_critical_modifier,Gravestonecritical,identifier,,,,base ability state,,ability-defined,,,,,,,,,medium,"[""HSRC-0004"",""HSRC-0008""]",Strukturierter Modifier-Verweis; die Modifier-Klasse selbst wurde nicht als ausformulierte Spielregel interpretiert.
graves_borrowed_decree,grave_stone_modifier_enabled_state_mask_1,stat,grave_stone_modifier_enabled_state_mask_1,TechUntargetableByEnemies,identifier,,,,base ability state,,ability-defined,,,,,,,,,high,"[""HSRC-0004"",""HSRC-0008""]",
graves_borrowed_decree,grave_stone_modifier_enabled_state_mask_2,stat,grave_stone_modifier_enabled_state_mask_2,IgnoredByNpcTargeting,identifier,,,,base ability state,,ability-defined,,,,,,,,,high,"[""HSRC-0004"",""HSRC-0008""]",
graves_borrowed_decree,gravestone_health,summon,gravestone_health,100,health,,,,base ability state,,ability-defined,,,,,,,,,high,"[""HSRC-0004"",""HSRC-0008""]",
graves_borrowed_decree,gravestone_takes_damage,summon,gravestone_takes_damage,1,damage,,,,base ability state,,ability-defined,,,,,,,,,high,"[""HSRC-0004"",""HSRC-0008""]",
graves_borrowed_decree,grow_time,stat,grow_time,0.1,seconds,,,,base ability state,,ability-defined,,,,,,,,,high,"[""HSRC-0004"",""HSRC-0008""]",
graves_borrowed_decree,knockup_radius,crowd_control,knockup_radius,4,meters,,,,base ability state,,ability-defined,,,,,,,,,high,"[""HSRC-0004"",""HSRC-0008""]",
graves_borrowed_decree,knockup_side_ratio,crowd_control,knockup_side_ratio,1,multiplier,,,,base ability state,,ability-defined,,,,,,,,,high,"[""HSRC-0004"",""HSRC-0008""]",
graves_borrowed_decree,knockup_speed,crowd_control,knockup_speed,240,units_per_second,,,,base ability state,,ability-defined,,,,,,,,,high,"[""HSRC-0004"",""HSRC-0008""]",
graves_borrowed_decree,max_gravestones,summon,max_gravestones,3,flat,,,,base ability state,,ability-defined,,,,,,,,,high,"[""HSRC-0004"",""HSRC-0008""]",
graves_borrowed_decree,max_stacks,passive_proc,max_stacks,40,stacks,,,,base ability state,,ability-defined,,,,40,,,,,high,"[""HSRC-0004"",""HSRC-0008""]",
graves_borrowed_decree,push_force,movement,push_force,300,flat,,,,base ability state,,ability-defined,,,,,,,,,high,"[""HSRC-0004"",""HSRC-0008""]",
graves_borrowed_decree,replicate_zombie_cast,summon,replicate_zombie_cast,1,flat,,,,base ability state,,ability-defined,,,,,,,,,high,"[""HSRC-0004"",""HSRC-0008""]",
graves_borrowed_decree,slow_duration,crowd_control,slow_duration,1.25,seconds,duration,1,,base ability state,,ability-defined,,,,,1.25,,,,high,"[""HSRC-0004"",""HSRC-0008""]",
graves_borrowed_decree,slow_percent,crowd_control,slow_percent,80,percent,,,,base ability state,,ability-defined,,,,,,,,,high,"[""HSRC-0004"",""HSRC-0008""]",
graves_borrowed_decree,slow_percent_per_stack,crowd_control,slow_percent_per_stack,0.5,percent,,,,base ability state,,ability-defined,,,,,,,,,high,"[""HSRC-0004"",""HSRC-0008""]",
graves_borrowed_decree,spawn_duration,stat,spawn_duration,1.5,seconds,,,,base ability state,,ability-defined,,,,,1.5,,,,high,"[""HSRC-0004"",""HSRC-0008""]",
graves_borrowed_decree,stack_duration,passive_proc,stack_duration,5,seconds,,,,base ability state,,ability-defined,,,,,5,,,,high,"[""HSRC-0004"",""HSRC-0008""]",
graves_borrowed_decree,stacking_debuff_tick_rate,crowd_control,stacking_debuff_tick_rate,0.25,seconds,,,,base ability state,,ability-defined,,,,,,,,0.25,high,"[""HSRC-0004"",""HSRC-0008""]",
graves_borrowed_decree,summon_burst_count,summon,summon_burst_count,2,count,,,,base ability state,,ability-defined,,,,,,,,,high,"[""HSRC-0004"",""HSRC-0008""]",
graves_borrowed_decree,summon_burst_frequency,summon,summon_burst_frequency,0.1,flat,,,,base ability state,,ability-defined,,,,,,,,,high,"[""HSRC-0004"",""HSRC-0008""]",
graves_borrowed_decree,summon_frequency,summon,summon_frequency,4,flat,,,,base ability state,,ability-defined,,,,,,,,,high,"[""HSRC-0004"",""HSRC-0008""]",
graves_borrowed_decree,summon_health,summon,summon_health,180,health,power_increase,8,,base ability state,,ability-defined,,,,,,,,,high,"[""HSRC-0004"",""HSRC-0008""]",
graves_borrowed_decree,summon_initial_delay,summon,summon_initial_delay,0.3,seconds,,,,base ability state,,ability-defined,,,,,,,,,high,"[""HSRC-0004"",""HSRC-0008""]",
graves_borrowed_decree,summon_lifetime,summon,summon_lifetime,20,seconds,duration,1,,base ability state,,ability-defined,,,,,,,,,high,"[""HSRC-0004"",""HSRC-0008""]",
graves_borrowed_decree,summon_max_count,summon,summon_max_count,32,count,,,,base ability state,,ability-defined,,,,,,,,,high,"[""HSRC-0004"",""HSRC-0008""]",
graves_borrowed_decree,summon_melee_damage,summon,summon_melee_damage,40,damage,spirit,0.5,value = 40 + 0.5 * spirit,base ability state,,ability-defined,,,,,,,,,high,"[""HSRC-0004"",""HSRC-0008""]",
graves_borrowed_decree,summon_search_radius,summon,summon_search_radius,4,meters,,,,base ability state,,ability-defined,,,,,,,,,high,"[""HSRC-0004"",""HSRC-0008""]",
graves_borrowed_decree,tech_armor_damage_reduction_per_stack,damage,tech_armor_damage_reduction_per_stack,-0.5,percent,,,,base ability state,,ability-defined,,,,,,,,,high,"[""HSRC-0004"",""HSRC-0008""]",
graves_borrowed_decree,tech_power,stat,tech_power,0,flat,power_increase,1,,base ability state,,ability-defined,,,,,,,,,high,"[""HSRC-0004"",""HSRC-0008""]",
graves_borrowed_decree,tick_rate,stat,tick_rate,0.4,seconds,,,,base ability state,,ability-defined,,,,,,,,0.4,high,"[""HSRC-0004"",""HSRC-0008""]",
graves_borrowed_decree,zombie_summon_modifier,summon,zombie_summon_modifier,Summonzombiesarea,identifier,,,,base ability state,,ability-defined,,,,,,,,,medium,"[""HSRC-0004"",""HSRC-0008""]",Strukturierter Modifier-Verweis; die Modifier-Klasse selbst wurde nicht als ausformulierte Spielregel interpretiert.
graves_borrowed_decree,zombie_summon_modifier_summon_modifier,summon,zombie_summon_modifier_summon_modifier,SummonBuffs,identifier,,,,base ability state,,ability-defined,,,,,,,,,medium,"[""HSRC-0004"",""HSRC-0008""]",Strukturierter Modifier-Verweis; die Modifier-Klasse selbst wurde nicht als ausformulierte Spielregel interpretiert.
graves_borrowed_decree,zombie_summon_modifier_summon_decay_modifier,summon,zombie_summon_modifier_summon_decay_modifier,SummonDecay,identifier,,,,base ability state,,ability-defined,,,,,,,,,medium,"[""HSRC-0004"",""HSRC-0008""]",Strukturierter Modifier-Verweis; die Modifier-Klasse selbst wurde nicht als ausformulierte Spielregel interpretiert.
graves_borrowed_decree,zombie_summon_modifier_forward_walk_distance,summon,zombie_summon_modifier_forward_walk_distance,0,meters,,,,base ability state,,ability-defined,,,,,,,,,high,"[""HSRC-0004"",""HSRC-0008""]",
graves_borrowed_decree,zombie_summon_modifier_spawning_in_modifier,summon,zombie_summon_modifier_spawning_in_modifier,Spawningin,identifier,,,,base ability state,,ability-defined,,,,,,,,,medium,"[""HSRC-0004"",""HSRC-0008""]",Strukturierter Modifier-Verweis; die Modifier-Klasse selbst wurde nicht als ausformulierte Spielregel interpretiert.
graves_borrowed_decree,zombie_summon_modifier_spawning_in_modifier_enabled_state_mask_1,summon,zombie_summon_modifier_spawning_in_modifier_enabled_state_mask_1,Immobilized,identifier,,,,base ability state,,ability-defined,,,,,,,,,high,"[""HSRC-0004"",""HSRC-0008""]",
graves_borrowed_decree,zombie_summon_modifier_spawning_in_modifier_enabled_state_mask_2,summon,zombie_summon_modifier_spawning_in_modifier_enabled_state_mask_2,CommandRestricted,identifier,,,,base ability state,,ability-defined,,,,,,,,,high,"[""HSRC-0004"",""HSRC-0008""]",
graves_borrowed_decree,zombie_summon_modifier_spawning_in_modifier_enabled_state_mask_3,summon,zombie_summon_modifier_spawning_in_modifier_enabled_state_mask_3,UnitStatusHealthHidden,identifier,,,,base ability state,,ability-defined,,,,,,,,,high,"[""HSRC-0004"",""HSRC-0008""]",
graves_borrowed_decree,zombie_summon_modifier_spawning_in_modifier_enabled_state_mask_4,summon,zombie_summon_modifier_spawning_in_modifier_enabled_state_mask_4,UnitStatusHidden,identifier,,,,base ability state,,ability-defined,,,,,,,,,high,"[""HSRC-0004"",""HSRC-0008""]",
graves_borrowed_decree,zombie_summon_modifier_spawning_in_modifier_enabled_state_mask_5,summon,zombie_summon_modifier_spawning_in_modifier_enabled_state_mask_5,DoNotDrawModel,identifier,,,,base ability state,,ability-defined,,,,,,,,,high,"[""HSRC-0004"",""HSRC-0008""]",
graves_borrowed_decree,zombie_summon_modifier_spawning_in_time,summon,zombie_summon_modifier_spawning_in_time,0.1,seconds,,,,base ability state,,ability-defined,,,,,,,,,high,"[""HSRC-0004"",""HSRC-0008""]",
graves_borrowed_decree,zombie_summon_modifier_zombie_spawn_forward_offset,summon,zombie_summon_modifier_zombie_spawn_forward_offset,100,flat,,,,base ability state,,ability-defined,,,,,,,,,high,"[""HSRC-0004"",""HSRC-0008""]",
grey_talon_charged_shot,ability_cast_delay,stat,ability_cast_delay,0.5,seconds,,,,base ability state,,ability-defined,,,,,,,,,high,"[""HSRC-0004"",""HSRC-0008""]",
grey_talon_charged_shot,ability_channel_time,stat,ability_channel_time,9999,seconds,,,,base ability state,,ability-defined,,,,,,,,,high,"[""HSRC-0004"",""HSRC-0008""]",
grey_talon_charged_shot,ability_charges,charge,ability_charges,1,charges,max_charges,1,,base ability state,,ability-defined,,,,,,,,,high,"[""HSRC-0004"",""HSRC-0008""]",
grey_talon_charged_shot,ability_cooldown,cooldown,ability_cooldown,17,seconds,cooldown,1,,base ability state,,ability-defined,,,,,,17,,,high,"[""HSRC-0004"",""HSRC-0008""]",
grey_talon_charged_shot,ability_cooldown_between_charge,cooldown,ability_cooldown_between_charge,4,seconds,charge_cooldown,1,,base ability state,,ability-defined,,,,,,4,,,high,"[""HSRC-0004"",""HSRC-0008""]",
grey_talon_charged_shot,ability_unit_target_limit,targeting,ability_unit_target_limit,1,count,,,,base ability state,,ability-defined,,,,,,,,,high,"[""HSRC-0004"",""HSRC-0008""]",
grey_talon_charged_shot,air_speed_max,movement,air_speed_max,4.1,units_per_second,,,,base ability state,,ability-defined,,,,,,,,,high,"[""HSRC-0004"",""HSRC-0008""]",
grey_talon_charged_shot,auto_channel_modifier,special_rule,auto_channel_modifier,IntrinsicBase,identifier,,,,base ability state,,ability-defined,,,,,,,,,medium,"[""HSRC-0004"",""HSRC-0008""]",Strukturierter Modifier-Verweis; die Modifier-Klasse selbst wurde nicht als ausformulierte Spielregel interpretiert.
grey_talon_charged_shot,channel_move_speed,movement,channel_move_speed,1.5,units_per_second,,,,base ability state,,ability-defined,,,,,,,,,high,"[""HSRC-0004"",""HSRC-0008""]",
grey_talon_charged_shot,damage,damage,damage,80,damage,spirit,1,value = 80 + 1 * spirit,base ability state,,ability-defined,,,,,,,,,high,"[""HSRC-0004"",""HSRC-0008""]",
grey_talon_charged_shot,fall_speed_max,movement,fall_speed_max,1.524,units_per_second,,,,base ability state,,ability-defined,,,,,,,,,high,"[""HSRC-0004"",""HSRC-0008""]",
grey_talon_charged_shot,tech_cleave_expire_time,stat,tech_cleave_expire_time,0.2,seconds,,,,base ability state,,ability-defined,,,,,,,,,high,"[""HSRC-0004"",""HSRC-0008""]",
grey_talon_rain_of_arrows,ability_cast_delay,stat,ability_cast_delay,0.2,seconds,,,,base ability state,,ability-defined,,,,,,,,,high,"[""HSRC-0004"",""HSRC-0008""]",
grey_talon_rain_of_arrows,ability_cooldown,cooldown,ability_cooldown,25,seconds,cooldown,1,,base ability state,,ability-defined,,,,,,25,,,high,"[""HSRC-0004"",""HSRC-0008""]",
grey_talon_rain_of_arrows,ability_duration,stat,ability_duration,4,seconds,duration,1,,base ability state,,ability-defined,,,,,4,,,,high,"[""HSRC-0004"",""HSRC-0008""]",
grey_talon_rain_of_arrows,ability_unit_target_limit,targeting,ability_unit_target_limit,1,count,,,,base ability state,,ability-defined,,,,,,,,,high,"[""HSRC-0004"",""HSRC-0008""]",
grey_talon_rain_of_arrows,air_move_increase_percent,movement,air_move_increase_percent,25,percent,,,,base ability state,,ability-defined,,,,,,,,,high,"[""HSRC-0004"",""HSRC-0008""]",
grey_talon_rain_of_arrows,air_speed_max,movement,air_speed_max,6.64,units_per_second,,,,base ability state,,ability-defined,,,,,,,,,high,"[""HSRC-0004"",""HSRC-0008""]",
grey_talon_rain_of_arrows,alt_jump_speed,movement,alt_jump_speed,12,units_per_second,,,,base ability state,,ability-defined,,,,,,,,,high,"[""HSRC-0004"",""HSRC-0008""]",
grey_talon_rain_of_arrows,bullet_split_shot,stat,bullet_split_shot,5,flat,,,,base ability state,,ability-defined,,,,,,,,,high,"[""HSRC-0004"",""HSRC-0008""]",
grey_talon_rain_of_arrows,fall_speed_max,movement,fall_speed_max,0.635,units_per_second,,,,base ability state,,ability-defined,,,,,,,,,high,"[""HSRC-0004"",""HSRC-0008""]",
grey_talon_rain_of_arrows,in_air_modifier,special_rule,in_air_modifier,AirRaid,identifier,,,,base ability state,,ability-defined,,,,,,,,,medium,"[""HSRC-0004"",""HSRC-0008""]",Strukturierter Modifier-Verweis; die Modifier-Klasse selbst wurde nicht als ausformulierte Spielregel interpretiert.
grey_talon_rain_of_arrows,in_air_modifier_enabled_state_mask_1,stat,in_air_modifier_enabled_state_mask_1,DisableAirSpreadPenalty,identifier,,,,base ability state,,ability-defined,,,,,,,,,high,"[""HSRC-0004"",""HSRC-0008""]",
grey_talon_rain_of_arrows,in_air_modifier_enabled_state_mask_2,stat,in_air_modifier_enabled_state_mask_2,UnlimitedAirDashes,identifier,,,,base ability state,,ability-defined,,,,,,,,,high,"[""HSRC-0004"",""HSRC-0008""]",
grey_talon_rain_of_arrows,in_air_modifier_slow_modifier,crowd_control,in_air_modifier_slow_modifier,SlowBase,identifier,,,,base ability state,,ability-defined,,,,,,,,,medium,"[""HSRC-0004"",""HSRC-0008""]",Strukturierter Modifier-Verweis; die Modifier-Klasse selbst wurde nicht als ausformulierte Spielregel interpretiert.
grey_talon_rain_of_arrows,jump_pitch,movement,jump_pitch,-60,flat,,,,base ability state,,ability-defined,,,,,,,,,high,"[""HSRC-0004"",""HSRC-0008""]",
grey_talon_rain_of_arrows,jump_speed,movement,jump_speed,27.5,units_per_second,,,,base ability state,,ability-defined,,,,,,,,,high,"[""HSRC-0004"",""HSRC-0008""]",
grey_talon_rain_of_arrows,power_jump_modifier,movement,power_jump_modifier,PowerJump,identifier,,,,base ability state,,ability-defined,,,,,,,,,medium,"[""HSRC-0004"",""HSRC-0008""]",Strukturierter Modifier-Verweis; die Modifier-Klasse selbst wurde nicht als ausformulierte Spielregel interpretiert.
grey_talon_rain_of_arrows,power_jump_modifier_air_drag,movement,power_jump_modifier_air_drag,2,flat,,,,base ability state,,ability-defined,,,,,,,,,high,"[""HSRC-0004"",""HSRC-0008""]",
grey_talon_rain_of_arrows,power_jump_modifier_enabled_state_mask_1,movement,power_jump_modifier_enabled_state_mask_1,AbilityMovement,identifier,,,,base ability state,,ability-defined,,,,,,,,,high,"[""HSRC-0004"",""HSRC-0008""]",
grey_talon_rain_of_arrows,power_jump_modifier_enabled_state_mask_2,movement,power_jump_modifier_enabled_state_mask_2,ZiplineDisabled,identifier,,,,base ability state,,ability-defined,,,,,,,,,high,"[""HSRC-0004"",""HSRC-0008""]",
grey_talon_rain_of_arrows,power_jump_modifier_enabled_state_mask_3,movement,power_jump_modifier_enabled_state_mask_3,JumpDisabled,identifier,,,,base ability state,,ability-defined,,,,,,,,,high,"[""HSRC-0004"",""HSRC-0008""]",
grey_talon_rain_of_arrows,weapon_damage_bonus,damage,weapon_damage_bonus,3,damage,,,,base ability state,,ability-defined,,,,,,,,,high,"[""HSRC-0004"",""HSRC-0008""]",
grey_talon_spirit_snare,ability_cooldown,cooldown,ability_cooldown,34,seconds,cooldown,1,,base ability state,,ability-defined,,,,,,34,,,high,"[""HSRC-0004"",""HSRC-0008""]",
grey_talon_spirit_snare,ability_unit_target_limit,targeting,ability_unit_target_limit,1,count,,,,base ability state,,ability-defined,,,,,,,,,high,"[""HSRC-0004"",""HSRC-0008""]",
grey_talon_spirit_snare,arm_time,stat,arm_time,2,seconds,,,,base ability state,,ability-defined,,,,,,,,,high,"[""HSRC-0004"",""HSRC-0008""]",
grey_talon_spirit_snare,charged_shot_hit_radius_scale,charge,charged_shot_hit_radius_scale,30,multiplier,,,,base ability state,,ability-defined,,,,,,,,,high,"[""HSRC-0004"",""HSRC-0008""]",
grey_talon_spirit_snare,damage,damage,damage,25,damage,,,,base ability state,,ability-defined,,,,,,,,,high,"[""HSRC-0004"",""HSRC-0008""]",
grey_talon_spirit_snare,debuff_modifier,crowd_control,debuff_modifier,ImmobilizeTrapDebuff,identifier,,,,base ability state,,ability-defined,,,,,,,,,medium,"[""HSRC-0004"",""HSRC-0008""]",Strukturierter Modifier-Verweis; die Modifier-Klasse selbst wurde nicht als ausformulierte Spielregel interpretiert.
grey_talon_spirit_snare,glitch_modifier,special_rule,glitch_modifier,GlitchDebuff,identifier,,,,base ability state,,ability-defined,,,,,,,,,medium,"[""HSRC-0004"",""HSRC-0008""]",Strukturierter Modifier-Verweis; die Modifier-Klasse selbst wurde nicht als ausformulierte Spielregel interpretiert.
grey_talon_spirit_snare,glitch_modifier_enabled_state_mask_1,stat,glitch_modifier_enabled_state_mask_1,Disarmed,identifier,,,,base ability state,,ability-defined,,,,,,,,,high,"[""HSRC-0004"",""HSRC-0008""]",
grey_talon_spirit_snare,glitch_modifier_enabled_state_mask_2,stat,glitch_modifier_enabled_state_mask_2,Silenced,identifier,,,,base ability state,,ability-defined,,,,,,,,,high,"[""HSRC-0004"",""HSRC-0008""]",
grey_talon_spirit_snare,glitch_modifier_enabled_state_mask_3,stat,glitch_modifier_enabled_state_mask_3,Muted,identifier,,,,base ability state,,ability-defined,,,,,,,,,high,"[""HSRC-0004"",""HSRC-0008""]",
grey_talon_spirit_snare,glitch_modifier_enabled_state_mask_4,stat,glitch_modifier_enabled_state_mask_4,Glitched,identifier,,,,base ability state,,ability-defined,,,,,,,,,high,"[""HSRC-0004"",""HSRC-0008""]",
grey_talon_spirit_snare,lifetime,stat,lifetime,22,seconds,duration,1,,base ability state,,ability-defined,,,,,,,,,high,"[""HSRC-0004"",""HSRC-0008""]",
grey_talon_spirit_snare,radius,targeting,radius,6.5,meters,range,1,,base ability state,,ability-defined,,,,,,,,,high,"[""HSRC-0004"",""HSRC-0008""]",
grey_talon_spirit_snare,skip_frames,stat,skip_frames,6,flat,,,,base ability state,,ability-defined,,,,,,,,,high,"[""HSRC-0004"",""HSRC-0008""]",
grey_talon_spirit_snare,slow_percent,crowd_control,slow_percent,30,percent,,,,base ability state,,ability-defined,,,,,,,,,high,"[""HSRC-0004"",""HSRC-0008""]",
grey_talon_spirit_snare,tether_duration,crowd_control,tether_duration,2.25,seconds,duration,1,,base ability state,,ability-defined,,,,,2.25,,,,high,"[""HSRC-0004"",""HSRC-0008""]",
grey_talon_spirit_snare,tether_radius,crowd_control,tether_radius,6,meters,,,,base ability state,,ability-defined,,,,,,,,,high,"[""HSRC-0004"",""HSRC-0008""]",
grey_talon_spirit_snare,trap_height,stat,trap_height,2,meters,,,,base ability state,,ability-defined,,,,,,,,,high,"[""HSRC-0004"",""HSRC-0008""]",
grey_talon_spirit_snare,trip_gravity,stat,trip_gravity,0.4,flat,,,,base ability state,,ability-defined,,,,,,,,,high,"[""HSRC-0004"",""HSRC-0008""]",
grey_talon_spirit_snare,trip_time,stat,trip_time,0.5,seconds,,,,base ability state,,ability-defined,,,,,,,,,high,"[""HSRC-0004"",""HSRC-0008""]",
grey_talon_spirit_snare,trip_up_speed,movement,trip_up_speed,6.35,units_per_second,,,,base ability state,,ability-defined,,,,,,,,,high,"[""HSRC-0004"",""HSRC-0008""]",
grey_talon_guided_owl,ability_cast_delay,stat,ability_cast_delay,1.5,seconds,,,,base ability state,,ability-defined,,,,,,,,,high,"[""HSRC-0004"",""HSRC-0008""]",
grey_talon_guided_owl,ability_channel_time,stat,ability_channel_time,20,seconds,duration,1,,base ability state,,ability-defined,,,,,,,,,high,"[""HSRC-0004"",""HSRC-0008""]",
grey_talon_guided_owl,ability_cooldown,cooldown,ability_cooldown,125,seconds,cooldown,1,,base ability state,,ability-defined,,,,,,125,,,high,"[""HSRC-0004"",""HSRC-0008""]",
grey_talon_guided_owl,ability_unit_target_limit,targeting,ability_unit_target_limit,1,count,,,,base ability state,,ability-defined,,,,,,,,,high,"[""HSRC-0004"",""HSRC-0008""]",
grey_talon_guided_owl,bonus_tech_power_per_kill,stat,bonus_tech_power_per_kill,8,flat,,,,base ability state,,ability-defined,,,,,,,,,high,"[""HSRC-0004"",""HSRC-0008""]",
grey_talon_guided_owl,damage,damage,damage,230,damage,spirit,0.93744,value = 230 + 0.93744 * spirit,base ability state,,ability-defined,,,,,,,,,high,"[""HSRC-0004"",""HSRC-0008""]",
grey_talon_guided_owl,explosion_radius,targeting,explosion_radius,12,meters,range,1,,base ability state,,ability-defined,,,,,,,,,high,"[""HSRC-0004"",""HSRC-0008""]",
grey_talon_guided_owl,guiding_modifier,special_rule,guiding_modifier,GuidingArrow,identifier,,,,base ability state,,ability-defined,,,,,,,,,medium,"[""HSRC-0004"",""HSRC-0008""]",Strukturierter Modifier-Verweis; die Modifier-Klasse selbst wurde nicht als ausformulierte Spielregel interpretiert.
grey_talon_guided_owl,guiding_modifier_enabled_state_mask_1,stat,guiding_modifier_enabled_state_mask_1,JumpDisabled,identifier,,,,base ability state,,ability-defined,,,,,,,,,high,"[""HSRC-0004"",""HSRC-0008""]",
grey_talon_guided_owl,guiding_modifier_enabled_state_mask_2,stat,guiding_modifier_enabled_state_mask_2,ZiplineDisabled,identifier,,,,base ability state,,ability-defined,,,,,,,,,high,"[""HSRC-0004"",""HSRC-0008""]",
grey_talon_guided_owl,guiding_modifier_enabled_state_mask_3,stat,guiding_modifier_enabled_state_mask_3,DashDisabled,identifier,,,,base ability state,,ability-defined,,,,,,,,,high,"[""HSRC-0004"",""HSRC-0008""]",
grey_talon_guided_owl,guiding_modifier_glow_enemey_modifier,special_rule,guiding_modifier_glow_enemey_modifier,LowHealthGlow,identifier,,,,base ability state,,ability-defined,,,,,,,,,medium,"[""HSRC-0004"",""HSRC-0008""]",Strukturierter Modifier-Verweis; die Modifier-Klasse selbst wurde nicht als ausformulierte Spielregel interpretiert.
grey_talon_guided_owl,kill_check_modifier,special_rule,kill_check_modifier,KillcheckModifier,identifier,,,,base ability state,,ability-defined,,,,,,,,,medium,"[""HSRC-0004"",""HSRC-0008""]",Strukturierter Modifier-Verweis; die Modifier-Klasse selbst wurde nicht als ausformulierte Spielregel interpretiert.
grey_talon_guided_owl,stun_duration,crowd_control,stun_duration,0.75,seconds,duration,1,,base ability state,,ability-defined,,,,,0.75,,,,high,"[""HSRC-0004"",""HSRC-0008""]",
haze_sleep_dagger,ability_cast_delay,stat,ability_cast_delay,0.2,seconds,,,,base ability state,,ability-defined,,,,,,,,,high,"[""HSRC-0004"",""HSRC-0008""]",
haze_sleep_dagger,ability_cooldown,cooldown,ability_cooldown,30,seconds,cooldown,1,,base ability state,,ability-defined,,,,,,30,,,high,"[""HSRC-0004"",""HSRC-0008""]",
haze_sleep_dagger,ability_unit_target_limit,targeting,ability_unit_target_limit,1,count,,,,base ability state,,ability-defined,,,,,,,,,high,"[""HSRC-0004"",""HSRC-0008""]",
haze_sleep_dagger,channel_move_speed,movement,channel_move_speed,1.3,units_per_second,,,,base ability state,,ability-defined,,,,,,,,,high,"[""HSRC-0004"",""HSRC-0008""]",
haze_sleep_dagger,damage,damage,damage,65,damage,spirit,2.2,value = 65 + 2.2 * spirit,base ability state,,ability-defined,,,,,,,,,high,"[""HSRC-0004"",""HSRC-0008""]",
haze_sleep_dagger,does_not_break_invis,stat,does_not_break_invis,1,boolean,,,,base ability state,,ability-defined,,,,,,,,,high,"[""HSRC-0004"",""HSRC-0008""]",
haze_sleep_dagger,minimum_sleep_time,crowd_control,minimum_sleep_time,0.2,seconds,,,,base ability state,,ability-defined,,,,,,,,,high,"[""HSRC-0004"",""HSRC-0008""]",
haze_sleep_dagger,sleep_duration,crowd_control,sleep_duration,2.75,seconds,duration,1,,base ability state,,ability-defined,,,,,2.75,,,,high,"[""HSRC-0004"",""HSRC-0008""]",
haze_sleep_dagger,sleep_modifier,crowd_control,sleep_modifier,CitadelSleepDaggerAsleep,identifier,,,,base ability state,,ability-defined,,,,,,,,,medium,"[""HSRC-0004"",""HSRC-0008""]",Strukturierter Modifier-Verweis; die Modifier-Klasse selbst wurde nicht als ausformulierte Spielregel interpretiert.
haze_sleep_dagger,sleep_modifier_post_sleep_modifier,crowd_control,sleep_modifier_post_sleep_modifier,Postsleep,identifier,,,,base ability state,,ability-defined,,,,,,,,,medium,"[""HSRC-0004"",""HSRC-0008""]",Strukturierter Modifier-Verweis; die Modifier-Klasse selbst wurde nicht als ausformulierte Spielregel interpretiert.
haze_sleep_dagger,sleep_modifier_post_sleep_stamina_modifier,crowd_control,sleep_modifier_post_sleep_stamina_modifier,NoStamRecovery,identifier,,,,base ability state,,ability-defined,,,,,,,,,medium,"[""HSRC-0004"",""HSRC-0008""]",Strukturierter Modifier-Verweis; die Modifier-Klasse selbst wurde nicht als ausformulierte Spielregel interpretiert.
haze_sleep_dagger,sleep_modifier_post_sleep_bullet_shred_modifier,crowd_control,sleep_modifier_post_sleep_bullet_shred_modifier,BulletShredPostsleep,identifier,,,,base ability state,,ability-defined,,,,,,,,,medium,"[""HSRC-0004"",""HSRC-0008""]",Strukturierter Modifier-Verweis; die Modifier-Klasse selbst wurde nicht als ausformulierte Spielregel interpretiert.
haze_sleep_dagger,sleep_move_speed,crowd_control,sleep_move_speed,1.5,units_per_second,,,,base ability state,,ability-defined,,,,,,,,,high,"[""HSRC-0004"",""HSRC-0008""]",
haze_sleep_dagger,sleep_wake_up_delay,crowd_control,sleep_wake_up_delay,0.1,seconds,,,,base ability state,,ability-defined,,,,,,,,,high,"[""HSRC-0004"",""HSRC-0008""]",
haze_smoke_bomb,ability_cooldown,cooldown,ability_cooldown,33,seconds,cooldown,1,,base ability state,,ability-defined,,,,,,33,,,high,"[""HSRC-0004"",""HSRC-0008""]",
haze_smoke_bomb,ability_duration,stat,ability_duration,8,seconds,,,,base ability state,,ability-defined,,,,,8,,,,high,"[""HSRC-0004"",""HSRC-0008""]",
haze_smoke_bomb,ability_unit_target_limit,targeting,ability_unit_target_limit,1,count,,,,base ability state,,ability-defined,,,,,,,,,high,"[""HSRC-0004"",""HSRC-0008""]",
haze_smoke_bomb,buff_modifier,special_rule,buff_modifier,BuffModifier,identifier,,,,base ability state,,ability-defined,,,,,,,,,medium,"[""HSRC-0004"",""HSRC-0008""]",Strukturierter Modifier-Verweis; die Modifier-Klasse selbst wurde nicht als ausformulierte Spielregel interpretiert.
haze_smoke_bomb,full_invis_distance,stat,full_invis_distance,50,meters,,,,base ability state,,ability-defined,,,,,,,,,high,"[""HSRC-0004"",""HSRC-0008""]",
haze_smoke_bomb,invis_alert_when_fading,stat,invis_alert_when_fading,1,flat,,,,base ability state,,ability-defined,,,,,,,,,high,"[""HSRC-0004"",""HSRC-0008""]",
haze_smoke_bomb,invis_fade_to_duration,stat,invis_fade_to_duration,1.5,seconds,,,,base ability state,,ability-defined,,,,,1.5,,,,high,"[""HSRC-0004"",""HSRC-0008""]",
haze_smoke_bomb,invis_modifier,special_rule,invis_modifier,SmokebombModifierInvis,identifier,,,,base ability state,,ability-defined,,,,,,,,,medium,"[""HSRC-0004"",""HSRC-0008""]",Strukturierter Modifier-Verweis; die Modifier-Klasse selbst wurde nicht als ausformulierte Spielregel interpretiert.
haze_smoke_bomb,phase_out_modifier,special_rule,phase_out_modifier,PhaseoutModifier,identifier,,,,base ability state,,ability-defined,,,,,,,,,medium,"[""HSRC-0004"",""HSRC-0008""]",Strukturierter Modifier-Verweis; die Modifier-Klasse selbst wurde nicht als ausformulierte Spielregel interpretiert.
haze_smoke_bomb,phase_out_modifier_enabled_state_mask_1,stat,phase_out_modifier_enabled_state_mask_1,Invulnerable,identifier,,,,base ability state,,ability-defined,,,,,,,,,high,"[""HSRC-0004"",""HSRC-0008""]",
haze_smoke_bomb,reveal_on_damage_duration,damage,reveal_on_damage_duration,1.5,seconds,,,,base ability state,,ability-defined,,,,,1.5,,,,high,"[""HSRC-0004"",""HSRC-0008""]",
haze_smoke_bomb,reveal_on_spotted_duration,stat,reveal_on_spotted_duration,0.5,seconds,,,,base ability state,,ability-defined,,,,,0.5,,,,high,"[""HSRC-0004"",""HSRC-0008""]",
haze_smoke_bomb,spotted_radius,targeting,spotted_radius,18,meters,,,,base ability state,,ability-defined,,,,,,,,,high,"[""HSRC-0004"",""HSRC-0008""]",
haze_fixation,ability_duration,stat,ability_duration,6,seconds,duration,1,,base ability state,,ability-defined,,,,,6,,,,high,"[""HSRC-0004"",""HSRC-0008""]",
haze_fixation,ability_unit_target_limit,targeting,ability_unit_target_limit,1,count,,,,base ability state,,ability-defined,,,,,,,,,high,"[""HSRC-0004"",""HSRC-0008""]",
haze_fixation,damage_bonus_fixed_per_stack,damage,damage_bonus_fixed_per_stack,0.2,damage,weapon_damage_increase,0,,base ability state,,ability-defined,,,,,,,,,high,"[""HSRC-0004"",""HSRC-0008""]",
haze_fixation,max_stacks,passive_proc,max_stacks,40,stacks,,,,base ability state,,ability-defined,,,,40,,,,,high,"[""HSRC-0004"",""HSRC-0008""]",
haze_fixation,proc_damage,damage,proc_damage,0,damage,spirit,0,,base ability state,,ability-defined,,,,,,,,,high,"[""HSRC-0004"",""HSRC-0008""]",
haze_fixation,stacking_modifier,passive_proc,stacking_modifier,PassiveHazeStackingDamage,identifier,,,,base ability state,,ability-defined,,,,,,,,,medium,"[""HSRC-0004"",""HSRC-0008""]",Strukturierter Modifier-Verweis; die Modifier-Klasse selbst wurde nicht als ausformulierte Spielregel interpretiert.
haze_fixation,stacking_modifier_slow_modifier,crowd_control,stacking_modifier_slow_modifier,Slow,identifier,,,,base ability state,,ability-defined,,,,,,,,,medium,"[""HSRC-0004"",""HSRC-0008""]",Strukturierter Modifier-Verweis; die Modifier-Klasse selbst wurde nicht als ausformulierte Spielregel interpretiert.
haze_bullet_dance,ability_cast_delay,stat,ability_cast_delay,0.4,seconds,,,,base ability state,,ability-defined,,,,,,,,,high,"[""HSRC-0004"",""HSRC-0008""]",
haze_bullet_dance,ability_cooldown,cooldown,ability_cooldown,165,seconds,cooldown,1,,base ability state,,ability-defined,,,,,,165,,,high,"[""HSRC-0004"",""HSRC-0008""]",
haze_bullet_dance,ability_duration,stat,ability_duration,3.5,seconds,,,,base ability state,,ability-defined,,,,,3.5,,,,high,"[""HSRC-0004"",""HSRC-0008""]",
haze_bullet_dance,ability_unit_target_limit,targeting,ability_unit_target_limit,1,count,,,,base ability state,,ability-defined,,,,,,,,,high,"[""HSRC-0004"",""HSRC-0008""]",
haze_bullet_dance,auto_cast_delay_modifier,special_rule,auto_cast_delay_modifier,Cast,identifier,,,,base ability state,,ability-defined,,,,,,,,,medium,"[""HSRC-0004"",""HSRC-0008""]",Strukturierter Modifier-Verweis; die Modifier-Klasse selbst wurde nicht als ausformulierte Spielregel interpretiert.
haze_bullet_dance,bonus_fire_rate,stat,bonus_fire_rate,25,percent,,,,base ability state,,ability-defined,,,,,,,,,high,"[""HSRC-0004"",""HSRC-0008""]",
haze_bullet_dance,bullet_flurry_modifier,special_rule,bullet_flurry_modifier,CitadelBulletFlurry,identifier,,,,base ability state,,ability-defined,,,,,,,,,medium,"[""HSRC-0004"",""HSRC-0008""]",Strukturierter Modifier-Verweis; die Modifier-Klasse selbst wurde nicht als ausformulierte Spielregel interpretiert.
haze_bullet_dance,bullet_flurry_modifier_enabled_state_mask_1,stat,bullet_flurry_modifier_enabled_state_mask_1,SilencedHidden,identifier,,,,base ability state,,ability-defined,,,,,,,,,high,"[""HSRC-0004"",""HSRC-0008""]",
haze_bullet_dance,bullet_flurry_modifier_enabled_state_mask_2,stat,bullet_flurry_modifier_enabled_state_mask_2,InfiniteClip,identifier,,,,base ability state,,ability-defined,,,,,,,,,high,"[""HSRC-0004"",""HSRC-0008""]",
haze_bullet_dance,channel_move_speed,movement,channel_move_speed,4,units_per_second,,,,base ability state,,ability-defined,,,,,,,,,high,"[""HSRC-0004"",""HSRC-0008""]",
haze_bullet_dance,evasion_percent,defense,evasion_percent,30,percent,,,,base ability state,,ability-defined,,,,,,,,,high,"[""HSRC-0004"",""HSRC-0008""]",
haze_bullet_dance,override_bullet_radius,targeting,override_bullet_radius,10,meters,,,,base ability state,,ability-defined,,,,,,,,,high,"[""HSRC-0004"",""HSRC-0008""]",
haze_bullet_dance,proc_chance,passive_proc,proc_chance,100,flat,,,,base ability state,,ability-defined,,,,,,,,,high,"[""HSRC-0004"",""HSRC-0008""]",
haze_bullet_dance,radius,targeting,radius,16,meters,radius,1,,base ability state,,ability-defined,,,,,,,,,high,"[""HSRC-0004"",""HSRC-0008""]",
haze_bullet_dance,radius_min,targeting,radius_min,0.75,meters,,,,base ability state,,ability-defined,,,,,,,,,high,"[""HSRC-0004"",""HSRC-0008""]",
haze_bullet_dance,targets_per_tick,targeting,targets_per_tick,1,count,,,,base ability state,,ability-defined,,,,,,,,,high,"[""HSRC-0004"",""HSRC-0008""]",
haze_bullet_dance,weapon_damage_bonus,damage,weapon_damage_bonus,7,damage,,,,base ability state,,ability-defined,,,,,,,,,high,"[""HSRC-0004"",""HSRC-0008""]",
holliday_powder_keg,ability_cast_delay,stat,ability_cast_delay,0.125,seconds,,,,base ability state,,ability-defined,,,,,,,,,high,"[""HSRC-0004"",""HSRC-0008""]",
holliday_powder_keg,ability_charges,charge,ability_charges,2,charges,max_charges,1,,base ability state,,ability-defined,,,,,,,,,high,"[""HSRC-0004"",""HSRC-0008""]",
holliday_powder_keg,ability_cooldown,cooldown,ability_cooldown,28,seconds,cooldown,1,,base ability state,,ability-defined,,,,,,28,,,high,"[""HSRC-0004"",""HSRC-0008""]",
holliday_powder_keg,ability_cooldown_between_charge,cooldown,ability_cooldown_between_charge,7.5,seconds,charge_cooldown,1,,base ability state,,ability-defined,,,,,,7.5,,,high,"[""HSRC-0004"",""HSRC-0008""]",
holliday_powder_keg,ability_unit_target_limit,targeting,ability_unit_target_limit,1,count,,,,base ability state,,ability-defined,,,,,,,,,high,"[""HSRC-0004"",""HSRC-0008""]",
holliday_powder_keg,arm_time,stat,arm_time,0.1,seconds,,,,base ability state,,ability-defined,,,,,,,,,high,"[""HSRC-0004"",""HSRC-0008""]",
holliday_powder_keg,barrel_heavy_melee_force_forward,stat,barrel_heavy_melee_force_forward,1800,flat,,,,base ability state,,ability-defined,,,,,,,,,high,"[""HSRC-0004"",""HSRC-0008""]",
holliday_powder_keg,barrel_heavy_melee_force_up,stat,barrel_heavy_melee_force_up,300,flat,,,,base ability state,,ability-defined,,,,,,,,,high,"[""HSRC-0004"",""HSRC-0008""]",
holliday_powder_keg,barrel_lifetime,stat,barrel_lifetime,8,seconds,,,,base ability state,,ability-defined,,,,,,,,,high,"[""HSRC-0004"",""HSRC-0008""]",
holliday_powder_keg,barrel_light_melee_force_forward,stat,barrel_light_melee_force_forward,1400,flat,,,,base ability state,,ability-defined,,,,,,,,,high,"[""HSRC-0004"",""HSRC-0008""]",
holliday_powder_keg,barrel_light_melee_force_up,stat,barrel_light_melee_force_up,300,flat,,,,base ability state,,ability-defined,,,,,,,,,high,"[""HSRC-0004"",""HSRC-0008""]",
holliday_powder_keg,barrel_pitch_max,stat,barrel_pitch_max,90,flat,,,,base ability state,,ability-defined,,,,,,,,,high,"[""HSRC-0004"",""HSRC-0008""]",
holliday_powder_keg,barrel_pitch_min,stat,barrel_pitch_min,2,flat,,,,base ability state,,ability-defined,,,,,,,,,high,"[""HSRC-0004"",""HSRC-0008""]",
holliday_powder_keg,barrel_roll_speed_move_air,movement,barrel_roll_speed_move_air,10,units_per_second,,,,base ability state,,ability-defined,,,,,,,,,high,"[""HSRC-0004"",""HSRC-0008""]",
holliday_powder_keg,barrel_roll_speed_move_min,movement,barrel_roll_speed_move_min,20,units_per_second,,,,base ability state,,ability-defined,,,,,,,,,high,"[""HSRC-0004"",""HSRC-0008""]",
holliday_powder_keg,barrel_scale,stat,barrel_scale,1.3,multiplier,,,,base ability state,,ability-defined,,,,,,,,,high,"[""HSRC-0004"",""HSRC-0008""]",
holliday_powder_keg,burn_duration,damage,burn_duration,3,seconds,duration,1,,base ability state,,ability-defined,,,,,3,,,,high,"[""HSRC-0004"",""HSRC-0008""]",
holliday_powder_keg,burn_modifier,damage,burn_modifier,BarrelBurn,identifier,,,,base ability state,,ability-defined,,,,,,,,,medium,"[""HSRC-0004"",""HSRC-0008""]",Strukturierter Modifier-Verweis; die Modifier-Klasse selbst wurde nicht als ausformulierte Spielregel interpretiert.
holliday_powder_keg,dps,damage,dps,13.3333,damage_per_second,spirit,0.175,value = 13.3333 + 0.175 * spirit,base ability state,,ability-defined,,,,,,,,,high,"[""HSRC-0004"",""HSRC-0008""]",
holliday_powder_keg,impact_damage,damage,impact_damage,40,damage,spirit,0.525,value = 40 + 0.525 * spirit,base ability state,,ability-defined,,,,,,,,,high,"[""HSRC-0004"",""HSRC-0008""]",
holliday_powder_keg,min_time_before_destroy,stat,min_time_before_destroy,0.1,seconds,,,,base ability state,,ability-defined,,,,,,,,,high,"[""HSRC-0004"",""HSRC-0008""]",
holliday_powder_keg,radius,targeting,radius,6,meters,radius,1,,base ability state,,ability-defined,,,,,,,,,high,"[""HSRC-0004"",""HSRC-0008""]",
holliday_powder_keg,tick_rate,stat,tick_rate,0.5,seconds,,,,base ability state,,ability-defined,,,,,,,,0.5,high,"[""HSRC-0004"",""HSRC-0008""]",
holliday_powder_keg,toss_duration,movement,toss_duration,0.4,seconds,,,,base ability state,,ability-defined,,,,,0.4,,,,high,"[""HSRC-0004"",""HSRC-0008""]",
holliday_powder_keg,toss_speed,movement,toss_speed,3.556,units_per_second,,,,base ability state,,ability-defined,,,,,,,,,high,"[""HSRC-0004"",""HSRC-0008""]",
holliday_bounce_pad,ability_cast_delay,stat,ability_cast_delay,0.08,seconds,,,,base ability state,,ability-defined,,,,,,,,,high,"[""HSRC-0004"",""HSRC-0008""]",
holliday_bounce_pad,ability_charges,charge,ability_charges,1,charges,max_charges,1,,base ability state,,ability-defined,,,,,,,,,high,"[""HSRC-0004"",""HSRC-0008""]",
holliday_bounce_pad,ability_cooldown,cooldown,ability_cooldown,41,seconds,cooldown,1,,base ability state,,ability-defined,,,,,,41,,,high,"[""HSRC-0004"",""HSRC-0008""]",
holliday_bounce_pad,ability_cooldown_between_charge,cooldown,ability_cooldown_between_charge,3.5,seconds,charge_cooldown,1,,base ability state,,ability-defined,,,,,,3.5,,,high,"[""HSRC-0004"",""HSRC-0008""]",
holliday_bounce_pad,ability_duration,stat,ability_duration,22,seconds,duration,1,,base ability state,,ability-defined,,,,,22,,,,high,"[""HSRC-0004"",""HSRC-0008""]",
holliday_bounce_pad,ability_unit_target_limit,targeting,ability_unit_target_limit,1,count,,,,base ability state,,ability-defined,,,,,,,,,high,"[""HSRC-0004"",""HSRC-0008""]",
holliday_bounce_pad,air_control_accel_percent,stat,air_control_accel_percent,50,percent,,,,base ability state,,ability-defined,,,,,,,,,high,"[""HSRC-0004"",""HSRC-0008""]",
holliday_bounce_pad,air_control_percent,stat,air_control_percent,100,percent,,,,base ability state,,ability-defined,,,,,,,,,high,"[""HSRC-0004"",""HSRC-0008""]",
holliday_bounce_pad,ally_bounce_modifier,special_rule,ally_bounce_modifier,BouncePadAlly,identifier,,,,base ability state,,ability-defined,,,,,,,,,medium,"[""HSRC-0004"",""HSRC-0008""]",Strukturierter Modifier-Verweis; die Modifier-Klasse selbst wurde nicht als ausformulierte Spielregel interpretiert.
holliday_bounce_pad,barrel_bounce_velocity,stat,barrel_bounce_velocity,800,units_per_second,,,,base ability state,,ability-defined,,,,,,,,,high,"[""HSRC-0004"",""HSRC-0008""]",
holliday_bounce_pad,barrel_up_factor,stat,barrel_up_factor,1,multiplier,,,,base ability state,,ability-defined,,,,,,,,,high,"[""HSRC-0004"",""HSRC-0008""]",
holliday_bounce_pad,bounce_modifier,special_rule,bounce_modifier,CitadelBouncePadStomp,identifier,,,,base ability state,,ability-defined,,,,,,,,,medium,"[""HSRC-0004"",""HSRC-0008""]",Strukturierter Modifier-Verweis; die Modifier-Klasse selbst wurde nicht als ausformulierte Spielregel interpretiert.
holliday_bounce_pad,bounce_velocity,stat,bounce_velocity,750,units_per_second,,,,base ability state,,ability-defined,,,,,,,,,high,"[""HSRC-0004"",""HSRC-0008""]",
holliday_bounce_pad,min_air_time_for_stomp,stat,min_air_time_for_stomp,0.2,seconds,,,,base ability state,,ability-defined,,,,,,,,,high,"[""HSRC-0004"",""HSRC-0008""]",
holliday_bounce_pad,place_distance,stat,place_distance,200,meters,,,,base ability state,,ability-defined,,,,,,,,,high,"[""HSRC-0004"",""HSRC-0008""]",
holliday_bounce_pad,radius,targeting,radius,9,meters,radius,1,,base ability state,,ability-defined,,,,,,,,,high,"[""HSRC-0004"",""HSRC-0008""]",
holliday_bounce_pad,scale,stat,scale,1,flat,,,,base ability state,,ability-defined,,,,,,,,,high,"[""HSRC-0004"",""HSRC-0008""]",
holliday_bounce_pad,speed_on_land_modifier,movement,speed_on_land_modifier,SpeedOnLand,identifier,,,,base ability state,,ability-defined,,,,,,,,,medium,"[""HSRC-0004"",""HSRC-0008""]",Strukturierter Modifier-Verweis; die Modifier-Klasse selbst wurde nicht als ausformulierte Spielregel interpretiert.
holliday_bounce_pad,stomp_damage,damage,stomp_damage,60,damage,spirit,0.372,value = 60 + 0.372 * spirit,base ability state,,ability-defined,,,,,,,,,high,"[""HSRC-0004"",""HSRC-0008""]",
holliday_bounce_pad,toss_speed,movement,toss_speed,12.7,units_per_second,,,,base ability state,,ability-defined,,,,,,,,,high,"[""HSRC-0004"",""HSRC-0008""]",
holliday_bounce_pad,up_factor,stat,up_factor,1.2,multiplier,,,,base ability state,,ability-defined,,,,,,,,,high,"[""HSRC-0004"",""HSRC-0008""]",
holliday_bounce_pad,vertical_difference_tolerance,stat,vertical_difference_tolerance,60,flat,,,,base ability state,,ability-defined,,,,,,,,,high,"[""HSRC-0004"",""HSRC-0008""]",
holliday_crackshot,ability_cast_delay,stat,ability_cast_delay,0.15,seconds,,,,base ability state,,ability-defined,,,,,,,,,high,"[""HSRC-0004"",""HSRC-0008""]",
holliday_crackshot,ability_cooldown,cooldown,ability_cooldown,20,seconds,cooldown,1,,base ability state,,ability-defined,,,,,,20,,,high,"[""HSRC-0004"",""HSRC-0008""]",
holliday_crackshot,ability_unit_target_limit,targeting,ability_unit_target_limit,1,count,,,,base ability state,,ability-defined,,,,,,,,,high,"[""HSRC-0004"",""HSRC-0008""]",
holliday_crackshot,crackshot_npccd_reduction,stat,crackshot_npccd_reduction,50,percent,,,,base ability state,,nonhero_unit,Explicit structured field: 50 percent.,,,,,,,,high,"[""HSRC-0004"",""HSRC-0008""]",
holliday_crackshot,damage,damage,damage,55,damage,spirit,1.116,value = 55 + 1.116 * spirit,base ability state,,ability-defined,,,,,,,,,high,"[""HSRC-0004"",""HSRC-0008""]",
holliday_crackshot,debuff_duration,crowd_control,debuff_duration,2,seconds,duration,1,,base ability state,,ability-defined,,,,,2,,,,high,"[""HSRC-0004"",""HSRC-0008""]",
holliday_crackshot,debuff_modifier,crowd_control,debuff_modifier,Slow,identifier,,,,base ability state,,ability-defined,,,,,,,,,medium,"[""HSRC-0004"",""HSRC-0008""]",Strukturierter Modifier-Verweis; die Modifier-Klasse selbst wurde nicht als ausformulierte Spielregel interpretiert.
holliday_crackshot,explosion_radius,targeting,explosion_radius,2,meters,range,1,,base ability state,,ability-defined,,,,,,,,,high,"[""HSRC-0004"",""HSRC-0008""]",
holliday_crackshot,fading_slow_percent,crowd_control,fading_slow_percent,50,percent,,,,base ability state,,ability-defined,,,,,,,,,high,"[""HSRC-0004"",""HSRC-0008""]",
holliday_spirit_lasso,ability_cast_delay,stat,ability_cast_delay,0.5,seconds,,,,base ability state,,ability-defined,,,,,,,,,high,"[""HSRC-0004"",""HSRC-0008""]",
holliday_spirit_lasso,ability_cast_range,targeting,ability_cast_range,20,meters,range,1,,base ability state,,ability-defined,,,,,,,,,high,"[""HSRC-0004"",""HSRC-0008""]",
holliday_spirit_lasso,ability_cooldown,cooldown,ability_cooldown,130,seconds,cooldown,1,,base ability state,,ability-defined,,,,,,130,,,high,"[""HSRC-0004"",""HSRC-0008""]",
holliday_spirit_lasso,ability_duration,stat,ability_duration,2.25,seconds,duration,1,,base ability state,,ability-defined,,,,,2.25,,,,high,"[""HSRC-0004"",""HSRC-0008""]",
holliday_spirit_lasso,ability_unit_target_limit,targeting,ability_unit_target_limit,1,count,,,,base ability state,,ability-defined,,,,,,,,,high,"[""HSRC-0004"",""HSRC-0008""]",
holliday_spirit_lasso,bounce_pad_extend_duration,stat,bounce_pad_extend_duration,1,seconds,,,,base ability state,,ability-defined,,,,,1,,,,high,"[""HSRC-0004"",""HSRC-0008""]",
holliday_spirit_lasso,damage,damage,damage,80,damage,spirit,0.93,value = 80 + 0.93 * spirit,base ability state,,ability-defined,,,,,,,,,high,"[""HSRC-0004"",""HSRC-0008""]",
holliday_spirit_lasso,extra_target_cone_angle,targeting,extra_target_cone_angle,60,degrees,,,,base ability state,,ability-defined,,,,,,,,,high,"[""HSRC-0004"",""HSRC-0008""]",
holliday_spirit_lasso,extra_target_horizontal_offset,targeting,extra_target_horizontal_offset,30,flat,,,,base ability state,,ability-defined,,,,,,,,,high,"[""HSRC-0004"",""HSRC-0008""]",
holliday_spirit_lasso,follow_damping_factor,stat,follow_damping_factor,8,multiplier,,,,base ability state,,ability-defined,,,,,,,,,high,"[""HSRC-0004"",""HSRC-0008""]",
holliday_spirit_lasso,follow_distance,stat,follow_distance,60,meters,,,,base ability state,,ability-defined,,,,,,,,,high,"[""HSRC-0004"",""HSRC-0008""]",
holliday_spirit_lasso,grab_extra_targets_radius_mult,targeting,grab_extra_targets_radius_mult,2,multiplier,,,,base ability state,,ability-defined,,,,,,,,,high,"[""HSRC-0004"",""HSRC-0008""]",
holliday_spirit_lasso,lasso_target_max_speed,movement,lasso_target_max_speed,55,units_per_second,,,,base ability state,,ability-defined,,,,,,,,,high,"[""HSRC-0004"",""HSRC-0008""]",
holliday_spirit_lasso,lift_height,stat,lift_height,7,meters,,,,base ability state,,ability-defined,,,,,,,,,high,"[""HSRC-0004"",""HSRC-0008""]",
holliday_spirit_lasso,lift_horizontal,stat,lift_horizontal,-30,flat,,,,base ability state,,ability-defined,,,,,,,,,high,"[""HSRC-0004"",""HSRC-0008""]",
holliday_spirit_lasso,lift_initial_delay,stat,lift_initial_delay,0.5,seconds,,,,base ability state,,ability-defined,,,,,,,,,high,"[""HSRC-0004"",""HSRC-0008""]",
holliday_spirit_lasso,lift_initial_rising_speed,movement,lift_initial_rising_speed,100,units_per_second,,,,base ability state,,ability-defined,,,,,,,,,high,"[""HSRC-0004"",""HSRC-0008""]",
holliday_spirit_lasso,lift_initial_velocity_start,stat,lift_initial_velocity_start,500,units_per_second,,,,base ability state,,ability-defined,,,,,,,,,high,"[""HSRC-0004"",""HSRC-0008""]",
infernus_napalm,ability_cast_delay,stat,ability_cast_delay,0.1,seconds,,,,base ability state,,ability-defined,,,,,,,,,high,"[""HSRC-0004"",""HSRC-0008""]",
infernus_napalm,ability_cast_range,targeting,ability_cast_range,20,meters,range,1,,base ability state,,ability-defined,,,,,,,,,high,"[""HSRC-0004"",""HSRC-0008""]",
infernus_napalm,ability_charges,charge,ability_charges,1,charges,max_charges,1,,base ability state,,ability-defined,,,,,,,,,high,"[""HSRC-0004"",""HSRC-0008""]",
infernus_napalm,ability_cooldown,cooldown,ability_cooldown,25,seconds,cooldown,1,,base ability state,,ability-defined,,,,,,25,,,high,"[""HSRC-0004"",""HSRC-0008""]",
infernus_napalm,ability_cooldown_between_charge,cooldown,ability_cooldown_between_charge,6,seconds,charge_cooldown,1,,base ability state,,ability-defined,,,,,,6,,,high,"[""HSRC-0004"",""HSRC-0008""]",
infernus_napalm,ability_unit_target_limit,targeting,ability_unit_target_limit,1,count,,,,base ability state,,ability-defined,,,,,,,,,high,"[""HSRC-0004"",""HSRC-0008""]",
infernus_napalm,channel_move_speed,movement,channel_move_speed,18,units_per_second,,,,base ability state,,ability-defined,,,,,,,,,high,"[""HSRC-0004"",""HSRC-0008""]",
infernus_napalm,damage,damage,damage,40,damage,spirit,0.6,value = 40 + 0.6 * spirit,base ability state,,ability-defined,,,,,,,,,high,"[""HSRC-0004"",""HSRC-0008""]",
infernus_napalm,debuff_duration,crowd_control,debuff_duration,8,seconds,duration,1,,base ability state,,ability-defined,,,,,8,,,,high,"[""HSRC-0004"",""HSRC-0008""]",
infernus_napalm,debuff_modifier,crowd_control,debuff_modifier,IncendiaryDebuff,identifier,,,,base ability state,,ability-defined,,,,,,,,,medium,"[""HSRC-0004"",""HSRC-0008""]",Strukturierter Modifier-Verweis; die Modifier-Klasse selbst wurde nicht als ausformulierte Spielregel interpretiert.
infernus_napalm,growth_per_meter,stat,growth_per_meter,0.5,flat,,,,base ability state,,ability-defined,,,,,,,,,high,"[""HSRC-0004"",""HSRC-0008""]",
infernus_napalm,height_off_ground,stat,height_off_ground,50,meters,,,,base ability state,,ability-defined,,,,,,,,,high,"[""HSRC-0004"",""HSRC-0008""]",
infernus_napalm,incoming_damage_percent_from_caster,damage,incoming_damage_percent_from_caster,16,percent,,,,base ability state,,ability-defined,,,,,,,,,high,"[""HSRC-0004"",""HSRC-0008""]",
infernus_napalm,initial_width,stat,initial_width,1,meters,,,,base ability state,,ability-defined,,,,,,,,,high,"[""HSRC-0004"",""HSRC-0008""]",
infernus_napalm,slow_duration,crowd_control,slow_duration,4,seconds,duration,1,,base ability state,,ability-defined,,,,,4,,,,high,"[""HSRC-0004"",""HSRC-0008""]",
infernus_napalm,slow_modifier,crowd_control,slow_modifier,Slow,identifier,,,,base ability state,,ability-defined,,,,,,,,,medium,"[""HSRC-0004"",""HSRC-0008""]",Strukturierter Modifier-Verweis; die Modifier-Klasse selbst wurde nicht als ausformulierte Spielregel interpretiert.
infernus_napalm,slow_percent,crowd_control,slow_percent,35,percent,,,,base ability state,,ability-defined,,,,,,,,,high,"[""HSRC-0004"",""HSRC-0008""]",
infernus_napalm,tick_rate,stat,tick_rate,0.5,seconds,,,,base ability state,,ability-defined,,,,,,,,0.5,high,"[""HSRC-0004"",""HSRC-0008""]",
infernus_flame_dash,ability_cast_delay,stat,ability_cast_delay,0.2,seconds,,,,base ability state,,ability-defined,,,,,,,,,high,"[""HSRC-0004"",""HSRC-0008""]",
infernus_flame_dash,ability_cooldown,cooldown,ability_cooldown,38,seconds,cooldown,1,,base ability state,,ability-defined,,,,,,38,,,high,"[""HSRC-0004"",""HSRC-0008""]",
infernus_flame_dash,ability_duration,stat,ability_duration,3,seconds,duration,1,,base ability state,,ability-defined,,,,,3,,,,high,"[""HSRC-0004"",""HSRC-0008""]",
infernus_flame_dash,ability_unit_target_limit,targeting,ability_unit_target_limit,1,count,,,,base ability state,,ability-defined,,,,,,,,,high,"[""HSRC-0004"",""HSRC-0008""]",
infernus_flame_dash,aura_linger_duration,stat,aura_linger_duration,1,seconds,,,,base ability state,,ability-defined,,,,,1,,,,high,"[""HSRC-0004"",""HSRC-0008""]",
infernus_flame_dash,channel_move_speed,movement,channel_move_speed,18,units_per_second,,,,base ability state,,ability-defined,,,,,,,,,high,"[""HSRC-0004"",""HSRC-0008""]",
infernus_flame_dash,dps,damage,dps,30,damage_per_second,spirit,0.7,value = 30 + 0.7 * spirit,base ability state,,ability-defined,,,,,,,,,high,"[""HSRC-0004"",""HSRC-0008""]",
infernus_flame_dash,dash_air_speed,movement,dash_air_speed,8,units_per_second,,,,base ability state,,ability-defined,,,,,,,,,high,"[""HSRC-0004"",""HSRC-0008""]",
infernus_flame_dash,dash_speed,movement,dash_speed,12,units_per_second,,,,base ability state,,ability-defined,,,,,,,,,high,"[""HSRC-0004"",""HSRC-0008""]",
infernus_flame_dash,flame_aura_radius,targeting,flame_aura_radius,4.5,meters,radius,1,,base ability state,,ability-defined,,,,,,,,,high,"[""HSRC-0004"",""HSRC-0008""]",
infernus_flame_dash,flame_dash_jump_bonus,movement,flame_dash_jump_bonus,50,flat,,,,base ability state,,ability-defined,,,,,,,,,high,"[""HSRC-0004"",""HSRC-0008""]",
infernus_flame_dash,flame_dash_modifier,movement,flame_dash_modifier,Flamedash,identifier,,,,base ability state,,ability-defined,,,,,,,,,medium,"[""HSRC-0004"",""HSRC-0008""]",Strukturierter Modifier-Verweis; die Modifier-Klasse selbst wurde nicht als ausformulierte Spielregel interpretiert.
infernus_flame_dash,flame_dash_modifier_enabled_state_mask_1,movement,flame_dash_modifier_enabled_state_mask_1,AbilityMovement,identifier,,,,base ability state,,ability-defined,,,,,,,,,high,"[""HSRC-0004"",""HSRC-0008""]",
infernus_flame_dash,flame_dash_modifier_enabled_state_mask_2,movement,flame_dash_modifier_enabled_state_mask_2,MantleDisabled,identifier,,,,base ability state,,ability-defined,,,,,,,,,high,"[""HSRC-0004"",""HSRC-0008""]",
infernus_flame_dash,flame_dash_modifier_enabled_state_mask_3,movement,flame_dash_modifier_enabled_state_mask_3,MeleeDisabled,identifier,,,,base ability state,,ability-defined,,,,,,,,,high,"[""HSRC-0004"",""HSRC-0008""]",
infernus_flame_dash,flame_dash_modifier_enabled_state_mask_4,movement,flame_dash_modifier_enabled_state_mask_4,SlidingDisabled,identifier,,,,base ability state,,ability-defined,,,,,,,,,high,"[""HSRC-0004"",""HSRC-0008""]",
infernus_flame_dash,flame_dash_modifier_enabled_state_mask_5,movement,flame_dash_modifier_enabled_state_mask_5,DuckingDisabled,identifier,,,,base ability state,,ability-defined,,,,,,,,,high,"[""HSRC-0004"",""HSRC-0008""]",
infernus_flame_dash,flame_dash_modifier_ground_aura_modifier,movement,flame_dash_modifier_ground_aura_modifier,FlamedashGroundAura,identifier,,,,base ability state,,ability-defined,,,,,,,,,medium,"[""HSRC-0004"",""HSRC-0008""]",Strukturierter Modifier-Verweis; die Modifier-Klasse selbst wurde nicht als ausformulierte Spielregel interpretiert.
infernus_flame_dash,flame_dash_modifier_ground_aura_modifier_height,movement,flame_dash_modifier_ground_aura_modifier_height,80,meters,,,,base ability state,,ability-defined,,,,,,,,,high,"[""HSRC-0004"",""HSRC-0008""]",
infernus_flame_dash,flame_dash_modifier_progress_modifier,movement,flame_dash_modifier_progress_modifier,ProgressWatcher,identifier,,,,base ability state,,ability-defined,,,,,,,,,medium,"[""HSRC-0004"",""HSRC-0008""]",Strukturierter Modifier-Verweis; die Modifier-Klasse selbst wurde nicht als ausformulierte Spielregel interpretiert.
infernus_flame_dash,ground_aura_spacing,stat,ground_aura_spacing,1,meters,,,,base ability state,,ability-defined,,,,,,,,,high,"[""HSRC-0004"",""HSRC-0008""]",
infernus_flame_dash,ground_flame_duration,stat,ground_flame_duration,4,seconds,duration,1,,base ability state,,ability-defined,,,,,4,,,,high,"[""HSRC-0004"",""HSRC-0008""]",
infernus_flame_dash,side_move_speed_reduction,movement,side_move_speed_reduction,-65,percent,,,,base ability state,,ability-defined,,,,,,,,,high,"[""HSRC-0004"",""HSRC-0008""]",
infernus_flame_dash,slow_resistance,defense,slow_resistance,50,percent,,,,base ability state,,ability-defined,,,,,,,,,high,"[""HSRC-0004"",""HSRC-0008""]",
infernus_flame_dash,speed_burst_speed,movement,speed_burst_speed,20,units_per_second,,,,base ability state,,ability-defined,,,,,,,,,high,"[""HSRC-0004"",""HSRC-0008""]",
infernus_flame_dash,tick_rate,stat,tick_rate,0.5,seconds,,,,base ability state,,ability-defined,,,,,,,,0.5,high,"[""HSRC-0004"",""HSRC-0008""]",
infernus_afterburn,ability_unit_target_limit,targeting,ability_unit_target_limit,1,count,,,,base ability state,,ability-defined,,,,,,,,,high,"[""HSRC-0004"",""HSRC-0008""]",
infernus_afterburn,auto_intrinsic_modifiers_1,special_rule,auto_intrinsic_modifiers_1,AfterburnWatcher,identifier,,,,base ability state,,ability-defined,,,,,,,,,medium,"[""HSRC-0004"",""HSRC-0008""]",Strukturierter Modifier-Verweis; die Modifier-Klasse selbst wurde nicht als ausformulierte Spielregel interpretiert.
infernus_afterburn,auto_intrinsic_modifiers_1_light_melee_build_up,passive_proc,auto_intrinsic_modifiers_1_light_melee_build_up,20,flat,,,,base ability state,,ability-defined,,,,,,,,,high,"[""HSRC-0004"",""HSRC-0008""]",
infernus_afterburn,auto_intrinsic_modifiers_1_heavy_melee_build_up,passive_proc,auto_intrinsic_modifiers_1_heavy_melee_build_up,35,flat,,,,base ability state,,ability-defined,,,,,,,,,high,"[""HSRC-0004"",""HSRC-0008""]",
infernus_afterburn,auto_intrinsic_modifiers_1_light_melee_refresh,stat,auto_intrinsic_modifiers_1_light_melee_refresh,1.5,flat,,,,base ability state,,ability-defined,,,,,,,,,high,"[""HSRC-0004"",""HSRC-0008""]",
infernus_afterburn,auto_intrinsic_modifiers_1_heavy_melee_refresh,stat,auto_intrinsic_modifiers_1_heavy_melee_refresh,3,flat,,,,base ability state,,ability-defined,,,,,,,,,high,"[""HSRC-0004"",""HSRC-0008""]",
infernus_afterburn,auto_intrinsic_modifiers_1_afterburn_dot_modifier,damage,auto_intrinsic_modifiers_1_afterburn_dot_modifier,AfterburnDot,identifier,,,,base ability state,,ability-defined,,,,,,,,,medium,"[""HSRC-0004"",""HSRC-0008""]",Strukturierter Modifier-Verweis; die Modifier-Klasse selbst wurde nicht als ausformulierte Spielregel interpretiert.
infernus_afterburn,auto_intrinsic_modifiers_1_afterburn_dot_modifier_enabled_state_mask_1,damage,auto_intrinsic_modifiers_1_afterburn_dot_modifier_enabled_state_mask_1,Afterburning,identifier,,,,base ability state,,ability-defined,,,,,,,,,high,"[""HSRC-0004"",""HSRC-0008""]",
infernus_afterburn,auto_intrinsic_modifiers_1_build_up_modifier,passive_proc,auto_intrinsic_modifiers_1_build_up_modifier,CitadelBaseBuildup,identifier,,,,base ability state,,ability-defined,,,,,,,,,medium,"[""HSRC-0004"",""HSRC-0008""]",Strukturierter Modifier-Verweis; die Modifier-Klasse selbst wurde nicht als ausformulierte Spielregel interpretiert.
infernus_afterburn,build_up_bullet_percent_per_hit,passive_proc,build_up_bullet_percent_per_hit,8.1,percent,,,,base ability state,,ability-defined,,,,,,,,,high,"[""HSRC-0004"",""HSRC-0008""]",
infernus_afterburn,build_up_duration,passive_proc,build_up_duration,17,seconds,duration,1,,base ability state,,ability-defined,,,,,17,,,,high,"[""HSRC-0004"",""HSRC-0008""]",
infernus_afterburn,burn_duration,damage,burn_duration,3,seconds,duration,1,,base ability state,,ability-defined,,,,,3,,,,high,"[""HSRC-0004"",""HSRC-0008""]",
infernus_afterburn,burn_duration_base,damage,burn_duration_base,3,seconds,,,,base ability state,,ability-defined,,,,,3,,,,high,"[""HSRC-0004"",""HSRC-0008""]",
infernus_afterburn,crit_buildup,passive_proc,crit_buildup,15.4,flat,,,,base ability state,,ability-defined,,,,,,,,,high,"[""HSRC-0004"",""HSRC-0008""]",
infernus_afterburn,dps,damage,dps,14,damage_per_second,spirit,0.66,value = 14 + 0.66 * spirit,base ability state,,ability-defined,,,,,,,,,high,"[""HSRC-0004"",""HSRC-0008""]",
infernus_afterburn,refill_duration,stat,refill_duration,0.5,seconds,,,,base ability state,,ability-defined,,,,,0.5,,,,high,"[""HSRC-0004"",""HSRC-0008""]",
infernus_afterburn,refill_duration_crit,stat,refill_duration_crit,1,seconds,,,,base ability state,,ability-defined,,,,,1,,,,high,"[""HSRC-0004"",""HSRC-0008""]",
infernus_afterburn,tick_rate,stat,tick_rate,0.5,seconds,,,,base ability state,,ability-defined,,,,,,,,0.5,high,"[""HSRC-0004"",""HSRC-0008""]",
infernus_concussive_combustion,ability_cooldown,cooldown,ability_cooldown,190,seconds,cooldown,1,,base ability state,,ability-defined,,,,,,190,,,high,"[""HSRC-0004"",""HSRC-0008""]",
infernus_concussive_combustion,ability_unit_target_limit,targeting,ability_unit_target_limit,1,count,,,,base ability state,,ability-defined,,,,,,,,,high,"[""HSRC-0004"",""HSRC-0008""]",
infernus_concussive_combustion,buff_modifier,special_rule,buff_modifier,Buff,identifier,,,,base ability state,,ability-defined,,,,,,,,,medium,"[""HSRC-0004"",""HSRC-0008""]",Strukturierter Modifier-Verweis; die Modifier-Klasse selbst wurde nicht als ausformulierte Spielregel interpretiert.
infernus_concussive_combustion,damage,damage,damage,125,damage,spirit,0.974938,value = 125 + 0.974938 * spirit,base ability state,,ability-defined,,,,,,,,,high,"[""HSRC-0004"",""HSRC-0008""]",
infernus_concussive_combustion,debuff_modifier,crowd_control,debuff_modifier,Slow,identifier,,,,base ability state,,ability-defined,,,,,,,,,medium,"[""HSRC-0004"",""HSRC-0008""]",Strukturierter Modifier-Verweis; die Modifier-Klasse selbst wurde nicht als ausformulierte Spielregel interpretiert.
infernus_concussive_combustion,explode_delay,damage,explode_delay,3.25,seconds,,,,base ability state,,ability-defined,,,,,,,,,high,"[""HSRC-0004"",""HSRC-0008""]",
infernus_concussive_combustion,fire_bomb_modifier,special_rule,fire_bomb_modifier,Firebomb,identifier,,,,base ability state,,ability-defined,,,,,,,,,medium,"[""HSRC-0004"",""HSRC-0008""]",Strukturierter Modifier-Verweis; die Modifier-Klasse selbst wurde nicht als ausformulierte Spielregel interpretiert.
infernus_concussive_combustion,progress_bar_modifier,special_rule,progress_bar_modifier,Progressbar,identifier,,,,base ability state,,ability-defined,,,,,,,,,medium,"[""HSRC-0004"",""HSRC-0008""]",Strukturierter Modifier-Verweis; die Modifier-Klasse selbst wurde nicht als ausformulierte Spielregel interpretiert.
infernus_concussive_combustion,radius,targeting,radius,12,meters,radius,1,,base ability state,,ability-defined,,,,,,,,,high,"[""HSRC-0004"",""HSRC-0008""]",
infernus_concussive_combustion,stun_duration,crowd_control,stun_duration,1.25,seconds,duration,1,,base ability state,,ability-defined,,,,,1.25,,,,high,"[""HSRC-0004"",""HSRC-0008""]",
ivy_entangling_thorns,ability_cast_delay,stat,ability_cast_delay,0.2,seconds,,,,base ability state,,ability-defined,,,,,,,,,high,"[""HSRC-0004"",""HSRC-0008""]",
ivy_entangling_thorns,ability_charges,charge,ability_charges,1,charges,max_charges,1,,base ability state,,ability-defined,,,,,,,,,high,"[""HSRC-0004"",""HSRC-0008""]",
ivy_entangling_thorns,ability_cooldown,cooldown,ability_cooldown,32,seconds,cooldown,1,,base ability state,,ability-defined,,,,,,32,,,high,"[""HSRC-0004"",""HSRC-0008""]",
ivy_entangling_thorns,ability_cooldown_between_charge,cooldown,ability_cooldown_between_charge,5,seconds,charge_cooldown,1,,base ability state,,ability-defined,,,,,,5,,,high,"[""HSRC-0004"",""HSRC-0008""]",
ivy_entangling_thorns,ability_duration,stat,ability_duration,4,seconds,duration,1,,base ability state,,ability-defined,,,,,4,,,,high,"[""HSRC-0004"",""HSRC-0008""]",
ivy_entangling_thorns,ability_unit_target_limit,targeting,ability_unit_target_limit,1,count,,,,base ability state,,ability-defined,,,,,,,,,high,"[""HSRC-0004"",""HSRC-0008""]",
ivy_entangling_thorns,aura_modifier,special_rule,aura_modifier,UrnAura,identifier,,,,base ability state,,ability-defined,,,,,,,,,medium,"[""HSRC-0004"",""HSRC-0008""]",Strukturierter Modifier-Verweis; die Modifier-Klasse selbst wurde nicht als ausformulierte Spielregel interpretiert.
ivy_entangling_thorns,dps,damage,dps,40,damage_per_second,spirit,0.55,value = 40 + 0.55 * spirit,base ability state,,ability-defined,,,,,,,,,high,"[""HSRC-0004"",""HSRC-0008""]",
ivy_entangling_thorns,height,stat,height,2,meters,,,,base ability state,,ability-defined,,,,,,,,,high,"[""HSRC-0004"",""HSRC-0008""]",
ivy_entangling_thorns,radius,targeting,radius,6,meters,radius,1,,base ability state,,ability-defined,,,,,,,,,high,"[""HSRC-0004"",""HSRC-0008""]",
ivy_entangling_thorns,slow_percent,crowd_control,slow_percent,35,percent,,,,base ability state,,ability-defined,,,,,,,,,high,"[""HSRC-0004"",""HSRC-0008""]",
ivy_entangling_thorns,tick_rate,stat,tick_rate,0.25,seconds,,,,base ability state,,ability-defined,,,,,,,,0.25,high,"[""HSRC-0004"",""HSRC-0008""]",
ivy_kudzu_connection,ability_cast_range,targeting,ability_cast_range,16,meters,range,1,,base ability state,,ability-defined,,,,,,,,,high,"[""HSRC-0004"",""HSRC-0008""]",
ivy_kudzu_connection,ability_cooldown,cooldown,ability_cooldown,37,seconds,cooldown,1,,base ability state,,ability-defined,,,,,,37,,,high,"[""HSRC-0004"",""HSRC-0008""]",
ivy_kudzu_connection,ability_duration,stat,ability_duration,12,seconds,duration,1,,base ability state,,ability-defined,,,,,12,,,,high,"[""HSRC-0004"",""HSRC-0008""]",
ivy_kudzu_connection,ability_unit_target_limit,targeting,ability_unit_target_limit,1,count,,,,base ability state,,ability-defined,,,,,,,,,high,"[""HSRC-0004"",""HSRC-0008""]",
ivy_kudzu_connection,bonus_fire_rate,stat,bonus_fire_rate,10,percent,spirit,0.18,value = 10 + 0.18 * spirit,base ability state,,ability-defined,,,,,,,,,high,"[""HSRC-0004"",""HSRC-0008""]",
ivy_kudzu_connection,bullet_lifesteal_percent,healing,bullet_lifesteal_percent,15,percent,spirit,0.15,value = 15 + 0.15 * spirit,base ability state,,ability-defined,,,,,,,,,high,"[""HSRC-0004"",""HSRC-0008""]",
ivy_kudzu_connection,grapple_target_modifier,targeting,grapple_target_modifier,Target,identifier,,,,base ability state,,ability-defined,,,,,,,,,medium,"[""HSRC-0004"",""HSRC-0008""]",Strukturierter Modifier-Verweis; die Modifier-Klasse selbst wurde nicht als ausformulierte Spielregel interpretiert.
ivy_kudzu_connection,healing_per_glub,healing,healing_per_glub,20,health,,,,base ability state,,ability-defined,,,,,,,,,high,"[""HSRC-0004"",""HSRC-0008""]",
ivy_kudzu_connection,move_while_shooting_speed_penalty_reduction_percent,movement,move_while_shooting_speed_penalty_reduction_percent,100,percent,,,,base ability state,,ability-defined,,,,,,,,,high,"[""HSRC-0004"",""HSRC-0008""]",
ivy_kudzu_connection,move_while_zoomed_speed_penalty_reduction_percent,movement,move_while_zoomed_speed_penalty_reduction_percent,100,percent,,,,base ability state,,ability-defined,,,,,,,,,high,"[""HSRC-0004"",""HSRC-0008""]",
ivy_kudzu_connection,tether_modifier,crowd_control,tether_modifier,CitadelModifierTangotetherTether,identifier,,,,base ability state,,ability-defined,,,,,,,,,medium,"[""HSRC-0004"",""HSRC-0008""]",Strukturierter Modifier-Verweis; die Modifier-Klasse selbst wurde nicht als ausformulierte Spielregel interpretiert.
ivy_kudzu_connection,tether_modifier_min_connect_time,crowd_control,tether_modifier_min_connect_time,2,seconds,,,,base ability state,,ability-defined,,,,,,,,,high,"[""HSRC-0004"",""HSRC-0008""]",
ivy_kudzu_connection,tether_modifier_disconnect_distance_buffer,crowd_control,tether_modifier_disconnect_distance_buffer,100,meters,,,,base ability state,,ability-defined,,,,,,,,,high,"[""HSRC-0004"",""HSRC-0008""]",
ivy_kudzu_connection,tether_modifier_target_away_distance,crowd_control,tether_modifier_target_away_distance,250,meters,,,,base ability state,,ability-defined,,,,,,,,,high,"[""HSRC-0004"",""HSRC-0008""]",
ivy_kudzu_connection,tether_modifier_candidate_closer_distance,crowd_control,tether_modifier_candidate_closer_distance,400,meters,,,,base ability state,,ability-defined,,,,,,,,,high,"[""HSRC-0004"",""HSRC-0008""]",
ivy_kudzu_connection,tether_modifier_buff_modifier,crowd_control,tether_modifier_buff_modifier,CitadelModifierTangotetherTetherReceiver,identifier,,,,base ability state,,ability-defined,,,,,,,,,medium,"[""HSRC-0004"",""HSRC-0008""]",Strukturierter Modifier-Verweis; die Modifier-Klasse selbst wurde nicht als ausformulierte Spielregel interpretiert.
ivy_kudzu_connection,tether_modifier_buff_modifier_enabled_state_mask_1,crowd_control,tether_modifier_buff_modifier_enabled_state_mask_1,CoopTetherActive,identifier,,,,base ability state,,ability-defined,,,,,,,,,high,"[""HSRC-0004"",""HSRC-0008""]",
ivy_kudzu_connection,tether_modifier_locked_target_modifier,crowd_control,tether_modifier_locked_target_modifier,TetherLockedModifier,identifier,,,,base ability state,,ability-defined,,,,,,,,,medium,"[""HSRC-0004"",""HSRC-0008""]",Strukturierter Modifier-Verweis; die Modifier-Klasse selbst wurde nicht als ausformulierte Spielregel interpretiert.
ivy_kudzu_connection,tether_modifier_locked_target_modifier_enabled_state_mask_1,crowd_control,tether_modifier_locked_target_modifier_enabled_state_mask_1,CoopTetherLockedTarget,identifier,,,,base ability state,,ability-defined,,,,,,,,,high,"[""HSRC-0004"",""HSRC-0008""]",
ivy_kudzu_connection,tether_modifier_no_connection_modifier,crowd_control,tether_modifier_no_connection_modifier,TetherNoConnection,identifier,,,,base ability state,,ability-defined,,,,,,,,,medium,"[""HSRC-0004"",""HSRC-0008""]",Strukturierter Modifier-Verweis; die Modifier-Klasse selbst wurde nicht als ausformulierte Spielregel interpretiert.
ivy_kudzu_connection,tether_shared_heal_pct,healing,tether_shared_heal_pct,35,percent,power_increase,0.85,,base ability state,,ability-defined,,,,,,,,,high,"[""HSRC-0004"",""HSRC-0008""]",
ivy_kudzu_connection,tick_rate,stat,tick_rate,0.1,seconds,,,,base ability state,,ability-defined,,,,,,,,0.1,high,"[""HSRC-0004"",""HSRC-0008""]",
ivy_kudzu_connection,total_tether_targets,crowd_control,total_tether_targets,1,count,,,,base ability state,,ability-defined,,,,,,,,,high,"[""HSRC-0004"",""HSRC-0008""]",
ivy_stone_form,ability_cast_delay,stat,ability_cast_delay,0.25,seconds,,,,base ability state,,ability-defined,,,,,,,,,high,"[""HSRC-0004"",""HSRC-0008""]",
ivy_stone_form,ability_cooldown,cooldown,ability_cooldown,40,seconds,cooldown,1,,base ability state,,ability-defined,,,,,,40,,,high,"[""HSRC-0004"",""HSRC-0008""]",
ivy_stone_form,ability_duration,stat,ability_duration,3,seconds,duration,1,,base ability state,,ability-defined,,,,,3,,,,high,"[""HSRC-0004"",""HSRC-0008""]",
ivy_stone_form,ability_unit_target_limit,targeting,ability_unit_target_limit,1,count,,,,base ability state,,ability-defined,,,,,,,,,high,"[""HSRC-0004"",""HSRC-0008""]",
ivy_stone_form,damage,damage,damage,75,damage,spirit,0.6,value = 75 + 0.6 * spirit,base ability state,,ability-defined,,,,,,,,,high,"[""HSRC-0004"",""HSRC-0008""]",
ivy_stone_form,damping_factor,stat,damping_factor,0.25,multiplier,,,,base ability state,,ability-defined,,,,,,,,,high,"[""HSRC-0004"",""HSRC-0008""]",
ivy_stone_form,drag_modifier,movement,drag_modifier,ChargeDragEnemy,identifier,,,,base ability state,,ability-defined,,,,,,,,,medium,"[""HSRC-0004"",""HSRC-0008""]",Strukturierter Modifier-Verweis; die Modifier-Klasse selbst wurde nicht als ausformulierte Spielregel interpretiert.
ivy_stone_form,drag_modifier_forward_offset,movement,drag_modifier_forward_offset,0,flat,,,,base ability state,,ability-defined,,,,,,,,,high,"[""HSRC-0004"",""HSRC-0008""]",
ivy_stone_form,drag_modifier_vertical_offset,movement,drag_modifier_vertical_offset,-200,flat,,,,base ability state,,ability-defined,,,,,,,,,high,"[""HSRC-0004"",""HSRC-0008""]",
ivy_stone_form,drag_modifier_force_dist_scale,movement,drag_modifier_force_dist_scale,10,multiplier,,,,base ability state,,ability-defined,,,,,,,,,high,"[""HSRC-0004"",""HSRC-0008""]",
ivy_stone_form,lift_height,stat,lift_height,180,meters,,,,base ability state,,ability-defined,,,,,,,,,high,"[""HSRC-0004"",""HSRC-0008""]",
ivy_stone_form,lift_time,stat,lift_time,1,seconds,,,,base ability state,,ability-defined,,,,,,,,,high,"[""HSRC-0004"",""HSRC-0008""]",
ivy_stone_form,max_health_regen,healing,max_health_regen,6,health,healing,1,,base ability state,,ability-defined,,,,,,,,,high,"[""HSRC-0004"",""HSRC-0008""]",
ivy_stone_form,move_speed_max,movement,move_speed_max,8,units_per_second,,,,base ability state,,ability-defined,,,,,,,,,high,"[""HSRC-0004"",""HSRC-0008""]",
ivy_stone_form,radius,targeting,radius,6,meters,range,1,,base ability state,,ability-defined,,,,,,,,,high,"[""HSRC-0004"",""HSRC-0008""]",
ivy_stone_form,stun_duration,crowd_control,stun_duration,0.75,seconds,duration,1,,base ability state,,ability-defined,,,,,0.75,,,,high,"[""HSRC-0004"",""HSRC-0008""]",
ivy_air_drop,ability_cast_delay,stat,ability_cast_delay,0.1,seconds,,,,base ability state,,ability-defined,,,,,,,,,high,"[""HSRC-0004"",""HSRC-0008""]",
ivy_air_drop,ability_cast_range,targeting,ability_cast_range,22,meters,range,1,,base ability state,,ability-defined,,,,,,,,,high,"[""HSRC-0004"",""HSRC-0008""]",
ivy_air_drop,ability_cooldown,cooldown,ability_cooldown,100,seconds,cooldown,1,,base ability state,,ability-defined,,,,,,100,,,high,"[""HSRC-0004"",""HSRC-0008""]",
ivy_air_drop,ability_duration,stat,ability_duration,21,seconds,duration,1,,base ability state,,ability-defined,,,,,21,,,,high,"[""HSRC-0004"",""HSRC-0008""]",
ivy_air_drop,ability_unit_target_limit,targeting,ability_unit_target_limit,1,count,,,,base ability state,,ability-defined,,,,,,,,,high,"[""HSRC-0004"",""HSRC-0008""]",
ivy_air_drop,air_drop_bullet_shield,shield,air_drop_bullet_shield,0,health,spirit,0,,base ability state,,ability-defined,,,,,,,,,high,"[""HSRC-0004"",""HSRC-0008""]",
ivy_air_drop,air_drop_outgoing_damage_percent,damage,air_drop_outgoing_damage_percent,20,percent,,,,base ability state,,ability-defined,,,,,,,,,high,"[""HSRC-0004"",""HSRC-0008""]",
ivy_air_drop,ally_cast_delay,stat,ally_cast_delay,0.1,seconds,,,,base ability state,,ability-defined,,,,,,,,,high,"[""HSRC-0004"",""HSRC-0008""]",
ivy_air_drop,ally_outgoing_damage_percent,damage,ally_outgoing_damage_percent,-20,percent,,,,base ability state,,ability-defined,,,,,,,,,high,"[""HSRC-0004"",""HSRC-0008""]",
ivy_air_drop,buff_duration,stat,buff_duration,8,seconds,duration,1,,base ability state,,ability-defined,,,,,8,,,,high,"[""HSRC-0004"",""HSRC-0008""]",
ivy_air_drop,bullet_resist_modifier,defense,bullet_resist_modifier,AirdropBulletresist,identifier,,,,base ability state,,ability-defined,,,,,,,,,medium,"[""HSRC-0004"",""HSRC-0008""]",Strukturierter Modifier-Verweis; die Modifier-Klasse selbst wurde nicht als ausformulierte Spielregel interpretiert.
ivy_air_drop,channel_move_speed,movement,channel_move_speed,1.3,units_per_second,,,,base ability state,,ability-defined,,,,,,,,,high,"[""HSRC-0004"",""HSRC-0008""]",
ivy_air_drop,cooldown_reduction_pct_on_others,cooldown,cooldown_reduction_pct_on_others,30,percent,,,,base ability state,,nonhero_unit,Explicit structured field: 30 percent.,,,,,30,,,high,"[""HSRC-0004"",""HSRC-0008""]",
ivy_air_drop,dropped_buff_modifier,special_rule,dropped_buff_modifier,BarrierModifier,identifier,,,,base ability state,,ability-defined,,,,,,,,,medium,"[""HSRC-0004"",""HSRC-0008""]",Strukturierter Modifier-Verweis; die Modifier-Klasse selbst wurde nicht als ausformulierte Spielregel interpretiert.
ivy_air_drop,explode_damage,damage,explode_damage,115,damage,spirit,0.7,value = 115 + 0.7 * spirit,base ability state,,ability-defined,,,,,,,,,high,"[""HSRC-0004"",""HSRC-0008""]",
ivy_air_drop,exploding_ally_modifier,special_rule,exploding_ally_modifier,AirliftExplodingAlly,identifier,,,,base ability state,,ability-defined,,,,,,,,,medium,"[""HSRC-0004"",""HSRC-0008""]",Strukturierter Modifier-Verweis; die Modifier-Klasse selbst wurde nicht als ausformulierte Spielregel interpretiert.
ivy_air_drop,flying_modifier,special_rule,flying_modifier,Base,identifier,,,,base ability state,,ability-defined,,,,,,,,,medium,"[""HSRC-0004"",""HSRC-0008""]",Strukturierter Modifier-Verweis; die Modifier-Klasse selbst wurde nicht als ausformulierte Spielregel interpretiert.
ivy_air_drop,flying_modifier_enabled_state_mask_1,stat,flying_modifier_enabled_state_mask_1,AbilityMovement,identifier,,,,base ability state,,ability-defined,,,,,,,,,high,"[""HSRC-0004"",""HSRC-0008""]",
ivy_air_drop,flying_modifier_enabled_state_mask_2,stat,flying_modifier_enabled_state_mask_2,Sprinting,identifier,,,,base ability state,,ability-defined,,,,,,,,,high,"[""HSRC-0004"",""HSRC-0008""]",
ivy_air_drop,flying_modifier_enabled_state_mask_3,stat,flying_modifier_enabled_state_mask_3,DashDisabled,identifier,,,,base ability state,,ability-defined,,,,,,,,,high,"[""HSRC-0004"",""HSRC-0008""]",
ivy_air_drop,flying_modifier_enabled_state_mask_4,stat,flying_modifier_enabled_state_mask_4,ShootingDisabled,identifier,,,,base ability state,,ability-defined,,,,,,,,,high,"[""HSRC-0004"",""HSRC-0008""]",
ivy_air_drop,flying_modifier_enabled_state_mask_5,stat,flying_modifier_enabled_state_mask_5,JumpDisabled,identifier,,,,base ability state,,ability-defined,,,,,,,,,high,"[""HSRC-0004"",""HSRC-0008""]",
ivy_air_drop,flying_modifier_enabled_state_mask_6,stat,flying_modifier_enabled_state_mask_6,DuckingDisabled,identifier,,,,base ability state,,ability-defined,,,,,,,,,high,"[""HSRC-0004"",""HSRC-0008""]",
ivy_air_drop,flying_modifier_enabled_state_mask_7,stat,flying_modifier_enabled_state_mask_7,MantleDisabled,identifier,,,,base ability state,,ability-defined,,,,,,,,,high,"[""HSRC-0004"",""HSRC-0008""]",
ivy_air_drop,flying_modifier_enabled_state_mask_8,stat,flying_modifier_enabled_state_mask_8,AimForwardWithPitch,identifier,,,,base ability state,,ability-defined,,,,,,,,,high,"[""HSRC-0004"",""HSRC-0008""]",
ivy_air_drop,flying_modifier_enabled_state_mask_9,stat,flying_modifier_enabled_state_mask_9,MeleeDisabled,identifier,,,,base ability state,,ability-defined,,,,,,,,,high,"[""HSRC-0004"",""HSRC-0008""]",
ivy_air_drop,flying_modifier_enabled_state_mask_10,stat,flying_modifier_enabled_state_mask_10,SlidingDisabled,identifier,,,,base ability state,,ability-defined,,,,,,,,,high,"[""HSRC-0004"",""HSRC-0008""]",
ivy_air_drop,flying_modifier_enabled_state_mask_11,stat,flying_modifier_enabled_state_mask_11,HideCrosshair,identifier,,,,base ability state,,ability-defined,,,,,,,,,high,"[""HSRC-0004"",""HSRC-0008""]",
ivy_air_drop,grab_modifier,special_rule,grab_modifier,AirliftGrab,identifier,,,,base ability state,,ability-defined,,,,,,,,,medium,"[""HSRC-0004"",""HSRC-0008""]",Strukturierter Modifier-Verweis; die Modifier-Klasse selbst wurde nicht als ausformulierte Spielregel interpretiert.
ivy_air_drop,grab_modifier_lift_horizontal,stat,grab_modifier_lift_horizontal,0,flat,,,,base ability state,,ability-defined,,,,,,,,,high,"[""HSRC-0004"",""HSRC-0008""]",
ivy_air_drop,grab_modifier_lift_height,stat,grab_modifier_lift_height,-120,meters,,,,base ability state,,ability-defined,,,,,,,,,high,"[""HSRC-0004"",""HSRC-0008""]",
ivy_air_drop,grab_modifier_follow_damping_factor,stat,grab_modifier_follow_damping_factor,20,percent,,,,base ability state,,ability-defined,,,,,,,,,high,"[""HSRC-0004"",""HSRC-0008""]",
ivy_air_drop,grab_modifier_follow_distance,stat,grab_modifier_follow_distance,-60,meters,,,,base ability state,,ability-defined,,,,,,,,,high,"[""HSRC-0004"",""HSRC-0008""]",
ivy_air_drop,grab_modifier_ally_possible_stuck_distance,stat,grab_modifier_ally_possible_stuck_distance,320,meters,,,,base ability state,,ability-defined,,,,,,,,,high,"[""HSRC-0004"",""HSRC-0008""]",
ivy_air_drop,grab_modifier_enabled_state_mask_1,stat,grab_modifier_enabled_state_mask_1,AbilityMovement,identifier,,,,base ability state,,ability-defined,,,,,,,,,high,"[""HSRC-0004"",""HSRC-0008""]",
ivy_air_drop,grab_modifier_enabled_state_mask_2,stat,grab_modifier_enabled_state_mask_2,ShootingDisabled,identifier,,,,base ability state,,ability-defined,,,,,,,,,high,"[""HSRC-0004"",""HSRC-0008""]",
ivy_air_drop,grab_modifier_enabled_state_mask_3,stat,grab_modifier_enabled_state_mask_3,MeleeDisabled,identifier,,,,base ability state,,ability-defined,,,,,,,,,high,"[""HSRC-0004"",""HSRC-0008""]",
ivy_air_drop,grab_modifier_enabled_state_mask_4,stat,grab_modifier_enabled_state_mask_4,IgnorePortals,identifier,,,,base ability state,,ability-defined,,,,,,,,,high,"[""HSRC-0004"",""HSRC-0008""]",
ivy_air_drop,grab_modifier_ally_grab_cancel_time,stat,grab_modifier_ally_grab_cancel_time,1,seconds,,,,base ability state,,ability-defined,,,,,,,,,high,"[""HSRC-0004"",""HSRC-0008""]",
ivy_air_drop,interrupt_cooldown,cooldown,interrupt_cooldown,3.5,seconds,,,,base ability state,,ability-defined,,,,,,3.5,,,high,"[""HSRC-0004"",""HSRC-0008""]",
ivy_air_drop,on_land_damage_radius,damage,on_land_damage_radius,20,meters,radius,1,,base ability state,,ability-defined,,,,,,,,,high,"[""HSRC-0004"",""HSRC-0008""]",
ivy_air_drop,on_land_damage_radius_start,damage,on_land_damage_radius_start,16,meters,,,,base ability state,,ability-defined,,,,,,,,,high,"[""HSRC-0004"",""HSRC-0008""]",
ivy_air_drop,silence_bomb_speed,crowd_control,silence_bomb_speed,12,units_per_second,,,,base ability state,,ability-defined,,,,,,,,,high,"[""HSRC-0004"",""HSRC-0008""]",
ivy_air_drop,silence_modifier,crowd_control,silence_modifier,CitadelSilenced,identifier,,,,base ability state,,ability-defined,,,,,,,,,medium,"[""HSRC-0004"",""HSRC-0008""]",Strukturierter Modifier-Verweis; die Modifier-Klasse selbst wurde nicht als ausformulierte Spielregel interpretiert.
ivy_air_drop,slow_modifier,crowd_control,slow_modifier,AirliftSlow,identifier,,,,base ability state,,ability-defined,,,,,,,,,medium,"[""HSRC-0004"",""HSRC-0008""]",Strukturierter Modifier-Verweis; die Modifier-Klasse selbst wurde nicht als ausformulierte Spielregel interpretiert.
ivy_innate,gravity_change,stat,gravity_change,-10,percent,,,,base ability state,,ability-defined,,,,,,,,,high,"[""HSRC-0012"",""HSRC-0003""]",
kelvin_frost_grenade,ability_cast_delay,stat,ability_cast_delay,0.1,seconds,,,,base ability state,,ability-defined,,,,,,,,,high,"[""HSRC-0004"",""HSRC-0008""]",
kelvin_frost_grenade,ability_charges,charge,ability_charges,2,charges,max_charges,1,,base ability state,,ability-defined,,,,,,,,,high,"[""HSRC-0004"",""HSRC-0008""]",
kelvin_frost_grenade,ability_cooldown,cooldown,ability_cooldown,30,seconds,cooldown,1,,base ability state,,ability-defined,,,,,,30,,,high,"[""HSRC-0004"",""HSRC-0008""]",
kelvin_frost_grenade,ability_cooldown_between_charge,cooldown,ability_cooldown_between_charge,7,seconds,charge_cooldown,1,,base ability state,,ability-defined,,,,,,7,,,high,"[""HSRC-0004"",""HSRC-0008""]",
kelvin_frost_grenade,ability_unit_target_limit,targeting,ability_unit_target_limit,1,count,,,,base ability state,,ability-defined,,,,,,,,,high,"[""HSRC-0004"",""HSRC-0008""]",
kelvin_frost_grenade,damage,damage,damage,60,damage,spirit,0.6,value = 60 + 0.6 * spirit,base ability state,,ability-defined,,,,,,,,,high,"[""HSRC-0004"",""HSRC-0008""]",
kelvin_frost_grenade,heal_amount,healing,heal_amount,60,health,spirit,0.8,value = 60 + 0.8 * spirit,base ability state,,ability-defined,,,,,,,,,high,"[""HSRC-0004"",""HSRC-0008""]",
kelvin_frost_grenade,ice_grenade_slow_modifier,crowd_control,ice_grenade_slow_modifier,KelvinIceGrenadeSlow,identifier,,,,base ability state,,ability-defined,,,,,,,,,medium,"[""HSRC-0004"",""HSRC-0008""]",Strukturierter Modifier-Verweis; die Modifier-Klasse selbst wurde nicht als ausformulierte Spielregel interpretiert.
kelvin_frost_grenade,radius,targeting,radius,6.5,meters,radius,1,,base ability state,,ability-defined,,,,,,,,,high,"[""HSRC-0004"",""HSRC-0008""]",
kelvin_frost_grenade,slow_duration,crowd_control,slow_duration,4,seconds,duration,1,,base ability state,,ability-defined,,,,,4,,,,high,"[""HSRC-0004"",""HSRC-0008""]",
kelvin_frost_grenade,slow_percent,crowd_control,slow_percent,40,percent,,,,base ability state,,ability-defined,,,,,,,,,high,"[""HSRC-0004"",""HSRC-0008""]",
kelvin_ice_path,ability_cast_delay,stat,ability_cast_delay,0.2,seconds,,,,base ability state,,ability-defined,,,,,,,,,high,"[""HSRC-0004"",""HSRC-0008""]",
kelvin_ice_path,ability_cooldown,cooldown,ability_cooldown,50,seconds,cooldown,1,,base ability state,,ability-defined,,,,,,50,,,high,"[""HSRC-0004"",""HSRC-0008""]",
kelvin_ice_path,ability_duration,stat,ability_duration,8,seconds,duration,1,,base ability state,,ability-defined,,,,,8,,,,high,"[""HSRC-0004"",""HSRC-0008""]",
kelvin_ice_path,ability_unit_target_limit,targeting,ability_unit_target_limit,1,count,,,,base ability state,,ability-defined,,,,,,,,,high,"[""HSRC-0004"",""HSRC-0008""]",
kelvin_ice_path,ice_path_aura_duration,stat,ice_path_aura_duration,18,seconds,,,,base ability state,,ability-defined,,,,,18,,,,high,"[""HSRC-0004"",""HSRC-0008""]",
kelvin_ice_path,ice_path_edge_width,stat,ice_path_edge_width,0.7,meters,,,,base ability state,,ability-defined,,,,,,,,,high,"[""HSRC-0004"",""HSRC-0008""]",
kelvin_ice_path,ice_path_interval,stat,ice_path_interval,0.5,seconds,,,,base ability state,,ability-defined,,,,,,,,,high,"[""HSRC-0004"",""HSRC-0008""]",
kelvin_ice_path,ice_path_modifier,special_rule,ice_path_modifier,Icepath,identifier,,,,base ability state,,ability-defined,,,,,,,,,medium,"[""HSRC-0004"",""HSRC-0008""]",Strukturierter Modifier-Verweis; die Modifier-Klasse selbst wurde nicht als ausformulierte Spielregel interpretiert.
kelvin_ice_path,ice_path_modifier_enabled_state_mask_1,stat,ice_path_modifier_enabled_state_mask_1,AbilityMovement,identifier,,,,base ability state,,ability-defined,,,,,,,,,high,"[""HSRC-0004"",""HSRC-0008""]",
kelvin_ice_path,ice_path_modifier_friendly_aura_modifier,special_rule,ice_path_modifier_friendly_aura_modifier,IcepathFriendlyAura,identifier,,,,base ability state,,ability-defined,,,,,,,,,medium,"[""HSRC-0004"",""HSRC-0008""]",Strukturierter Modifier-Verweis; die Modifier-Klasse selbst wurde nicht als ausformulierte Spielregel interpretiert.
kelvin_ice_path,ice_path_modifier_bonus_spirit_linger_modifier,special_rule,ice_path_modifier_bonus_spirit_linger_modifier,IcepathTechPowerLinger,identifier,,,,base ability state,,ability-defined,,,,,,,,,medium,"[""HSRC-0004"",""HSRC-0008""]",Strukturierter Modifier-Verweis; die Modifier-Klasse selbst wurde nicht als ausformulierte Spielregel interpretiert.
kelvin_ice_path,ice_path_pull_in_strength,movement,ice_path_pull_in_strength,20,flat,,,,base ability state,,ability-defined,,,,,,,,,high,"[""HSRC-0004"",""HSRC-0008""]",
kelvin_ice_path,ice_path_shard_radius,targeting,ice_path_shard_radius,1.2,meters,,,,base ability state,,ability-defined,,,,,,,,,high,"[""HSRC-0004"",""HSRC-0008""]",
kelvin_ice_path,min_height,stat,min_height,20,meters,,,,base ability state,,ability-defined,,,,,,,,,high,"[""HSRC-0004"",""HSRC-0008""]",
kelvin_ice_path,modifier_radius,targeting,modifier_radius,5,meters,,,,base ability state,,ability-defined,,,,,,,,,high,"[""HSRC-0004"",""HSRC-0008""]",
kelvin_ice_path,move_speed_bonus,movement,move_speed_bonus,2,units_per_second,,,,base ability state,,ability-defined,,,,,,,,,high,"[""HSRC-0004"",""HSRC-0008""]",
kelvin_ice_path,move_while_shooting_speed_penalty_reduction_percent,movement,move_while_shooting_speed_penalty_reduction_percent,100,percent,,,,base ability state,,ability-defined,,,,,,,,,high,"[""HSRC-0004"",""HSRC-0008""]",
kelvin_ice_path,move_while_zoomed_speed_penalty_reduction_percent,movement,move_while_zoomed_speed_penalty_reduction_percent,100,percent,,,,base ability state,,ability-defined,,,,,,,,,high,"[""HSRC-0004"",""HSRC-0008""]",
kelvin_ice_path,popup_force,stat,popup_force,30,flat,,,,base ability state,,ability-defined,,,,,,,,,high,"[""HSRC-0004"",""HSRC-0008""]",
kelvin_ice_path,slide_scale,stat,slide_scale,50,multiplier,,,,base ability state,,ability-defined,,,,,,,,,high,"[""HSRC-0004"",""HSRC-0008""]",
kelvin_ice_path,slow_resistance_percent,defense,slow_resistance_percent,60,percent,,,,base ability state,,ability-defined,,,,,,,,,high,"[""HSRC-0004"",""HSRC-0008""]",
kelvin_ice_path,sprint_speed_bonus,movement,sprint_speed_bonus,2,units_per_second,,,,base ability state,,ability-defined,,,,,,,,,high,"[""HSRC-0004"",""HSRC-0008""]",
kelvin_arctic_beam,ability_cooldown,cooldown,ability_cooldown,28,seconds,cooldown,1,,base ability state,,ability-defined,,,,,,28,,,high,"[""HSRC-0004"",""HSRC-0008""]",
kelvin_arctic_beam,ability_duration,stat,ability_duration,5,seconds,duration,1,,base ability state,,ability-defined,,,,,5,,,,high,"[""HSRC-0004"",""HSRC-0008""]",
kelvin_arctic_beam,ability_unit_target_limit,targeting,ability_unit_target_limit,1,count,,,,base ability state,,ability-defined,,,,,,,,,high,"[""HSRC-0004"",""HSRC-0008""]",
kelvin_arctic_beam,beam_split,stat,beam_split,0,flat,range,0,,base ability state,,ability-defined,,,,,,,,,high,"[""HSRC-0004"",""HSRC-0008""]",
kelvin_arctic_beam,buildup_modifier,passive_proc,buildup_modifier,IcebeamStackingSlow,identifier,,,,base ability state,,ability-defined,,,,,,,,,medium,"[""HSRC-0004"",""HSRC-0008""]",Strukturierter Modifier-Verweis; die Modifier-Klasse selbst wurde nicht als ausformulierte Spielregel interpretiert.
kelvin_arctic_beam,buildup_modifier_build_up_decay_delay,passive_proc,buildup_modifier_build_up_decay_delay,0.4,seconds,,,,base ability state,,ability-defined,,,,,,,,,high,"[""HSRC-0004"",""HSRC-0008""]",
kelvin_arctic_beam,buildup_modifier_enabled_state_mask_1,passive_proc,buildup_modifier_enabled_state_mask_1,Slowed,identifier,,,,base ability state,,ability-defined,,,,,,,,,high,"[""HSRC-0004"",""HSRC-0008""]",
kelvin_arctic_beam,channel_slow_percent,crowd_control,channel_slow_percent,8,percent,,,,base ability state,,ability-defined,,,,,,,,,high,"[""HSRC-0004"",""HSRC-0008""]",
kelvin_arctic_beam,dps,damage,dps,45,damage_per_second,spirit,0.38,value = 45 + 0.38 * spirit,base ability state,,ability-defined,,,,,,,,,high,"[""HSRC-0004"",""HSRC-0008""]",
kelvin_arctic_beam,ice_beam_buildup_proc_duration,passive_proc,ice_beam_buildup_proc_duration,2,seconds,duration,1,,base ability state,,ability-defined,,,,,2,,,,high,"[""HSRC-0004"",""HSRC-0008""]",
kelvin_arctic_beam,ice_beam_modifier,special_rule,ice_beam_modifier,Icebeaming,identifier,,,,base ability state,,ability-defined,,,,,,,,,medium,"[""HSRC-0004"",""HSRC-0008""]",Strukturierter Modifier-Verweis; die Modifier-Klasse selbst wurde nicht als ausformulierte Spielregel interpretiert.
kelvin_arctic_beam,max_fire_rate_slow_percent,crowd_control,max_fire_rate_slow_percent,20,percent,,,,base ability state,,ability-defined,,,,,,,,,high,"[""HSRC-0004"",""HSRC-0008""]",
kelvin_arctic_beam,max_ground_dash_reduction_percent,movement,max_ground_dash_reduction_percent,-20,percent,,,,base ability state,,ability-defined,,,,,,,,,high,"[""HSRC-0004"",""HSRC-0008""]",
kelvin_arctic_beam,max_slow_percent,crowd_control,max_slow_percent,20,percent,,,,base ability state,,ability-defined,,,,,,,,,high,"[""HSRC-0004"",""HSRC-0008""]",
kelvin_arctic_beam,max_slow_time,crowd_control,max_slow_time,2,seconds,,,,base ability state,,ability-defined,,,,,,,,,high,"[""HSRC-0004"",""HSRC-0008""]",
kelvin_arctic_beam,min_slow_percent,crowd_control,min_slow_percent,30,percent,,,,base ability state,,ability-defined,,,,,,,,,high,"[""HSRC-0004"",""HSRC-0008""]",
kelvin_arctic_beam,path_length,stat,path_length,25,meters,range,1,,base ability state,,ability-defined,,,,,,,,,high,"[""HSRC-0004"",""HSRC-0008""]",
kelvin_arctic_beam,path_width,stat,path_width,1.1,meters,,,,base ability state,,ability-defined,,,,,,,,,high,"[""HSRC-0004"",""HSRC-0008""]",
kelvin_arctic_beam,slow_duration,crowd_control,slow_duration,0.6,seconds,duration,1,,base ability state,,ability-defined,,,,,0.6,,,,high,"[""HSRC-0004"",""HSRC-0008""]",
kelvin_arctic_beam,tick_rate,stat,tick_rate,0.1,seconds,,,,base ability state,,ability-defined,,,,,,,,0.1,high,"[""HSRC-0004"",""HSRC-0008""]",
kelvin_frozen_shelter,ability_cast_delay,stat,ability_cast_delay,0.2,seconds,,,,base ability state,,ability-defined,,,,,,,,,high,"[""HSRC-0004"",""HSRC-0008""]",
kelvin_frozen_shelter,ability_cast_range,targeting,ability_cast_range,8,meters,range,1,,base ability state,,ability-defined,,,,,,,,,high,"[""HSRC-0004"",""HSRC-0008""]",
kelvin_frozen_shelter,ability_cooldown,cooldown,ability_cooldown,185,seconds,cooldown,1,,base ability state,,ability-defined,,,,,,185,,,high,"[""HSRC-0004"",""HSRC-0008""]",
kelvin_frozen_shelter,ability_duration,stat,ability_duration,5,seconds,duration,1,,base ability state,,ability-defined,,,,,5,,,,high,"[""HSRC-0004"",""HSRC-0008""]",
kelvin_frozen_shelter,ability_unit_target_limit,targeting,ability_unit_target_limit,1,count,,,,base ability state,,ability-defined,,,,,,,,,high,"[""HSRC-0004"",""HSRC-0008""]",
kelvin_frozen_shelter,blocker_scale_factor,stat,blocker_scale_factor,115,percent,,,,base ability state,,ability-defined,,,,,,,,,high,"[""HSRC-0004"",""HSRC-0008""]",
kelvin_frozen_shelter,bonus_health_regen,healing,bonus_health_regen,90,health,spirit,0,,base ability state,,ability-defined,,,,,,,,,high,"[""HSRC-0004"",""HSRC-0008""]",
kelvin_frozen_shelter,enemy_drag_speed,movement,enemy_drag_speed,25.4,units_per_second,,,,base ability state,,ability-defined,,,,,,,,,high,"[""HSRC-0004"",""HSRC-0008""]",
kelvin_frozen_shelter,grow_time,stat,grow_time,0.2,seconds,,,,base ability state,,ability-defined,,,,,,,,,high,"[""HSRC-0004"",""HSRC-0008""]",
kelvin_frozen_shelter,ice_dome_modifier,special_rule,ice_dome_modifier,IceDome,identifier,,,,base ability state,,ability-defined,,,,,,,,,medium,"[""HSRC-0004"",""HSRC-0008""]",Strukturierter Modifier-Verweis; die Modifier-Klasse selbst wurde nicht als ausformulierte Spielregel interpretiert.
kelvin_frozen_shelter,ice_dome_modifier_enabled_state_mask_1,stat,ice_dome_modifier_enabled_state_mask_1,SinclairTaxUltActive,identifier,,,,base ability state,,ability-defined,,,,,,,,,high,"[""HSRC-0004"",""HSRC-0008""]",
kelvin_frozen_shelter,ice_dome_modifier_friendly_aura_modifier,special_rule,ice_dome_modifier_friendly_aura_modifier,IceDomeFriendlyAura,identifier,,,,base ability state,,ability-defined,,,,,,,,,medium,"[""HSRC-0004"",""HSRC-0008""]",Strukturierter Modifier-Verweis; die Modifier-Klasse selbst wurde nicht als ausformulierte Spielregel interpretiert.
kelvin_frozen_shelter,ice_dome_modifier_enemy_aura_modifier,special_rule,ice_dome_modifier_enemy_aura_modifier,IceDomeEnemyAura,identifier,,,,base ability state,,ability-defined,,,,,,,,,medium,"[""HSRC-0004"",""HSRC-0008""]",Strukturierter Modifier-Verweis; die Modifier-Klasse selbst wurde nicht als ausformulierte Spielregel interpretiert.
kelvin_frozen_shelter,radius,targeting,radius,10,meters,radius,1,,base ability state,,ability-defined,,,,,,,,,high,"[""HSRC-0004"",""HSRC-0008""]",
kelvin_frozen_shelter,slow_percent,crowd_control,slow_percent,35,percent,,,,base ability state,,ability-defined,,,,,,,,,high,"[""HSRC-0004"",""HSRC-0008""]",
lady_geist_essence_bomb,ability_cooldown,cooldown,ability_cooldown,14,seconds,cooldown,1,,base ability state,,ability-defined,,,,,,14,,,high,"[""HSRC-0004"",""HSRC-0008""]",
lady_geist_essence_bomb,ability_unit_target_limit,targeting,ability_unit_target_limit,1,count,,,,base ability state,,ability-defined,,,,,,,,,high,"[""HSRC-0004"",""HSRC-0008""]",
lady_geist_essence_bomb,arming_duration,stat,arming_duration,0.65,seconds,,,,base ability state,,ability-defined,,,,,0.65,,,,high,"[""HSRC-0004"",""HSRC-0008""]",
lady_geist_essence_bomb,damage,damage,damage,90,damage,spirit,1.22,value = 90 + 1.22 * spirit,base ability state,,ability-defined,,,,,,,,,high,"[""HSRC-0004"",""HSRC-0008""]",
lady_geist_essence_bomb,radius,targeting,radius,7,meters,radius,1,,base ability state,,ability-defined,,,,,,,,,high,"[""HSRC-0004"",""HSRC-0008""]",
lady_geist_essence_bomb,self_damage_pct,damage,self_damage_pct,30,percent,,,,base ability state,,ability-defined,,,,,,,,,high,"[""HSRC-0004"",""HSRC-0008""]",
lady_geist_essence_bomb,spilled_blood_modifier,special_rule,spilled_blood_modifier,SpilledBloodThinker,identifier,,,,base ability state,,ability-defined,,,,,,,,,medium,"[""HSRC-0004"",""HSRC-0008""]",Strukturierter Modifier-Verweis; die Modifier-Klasse selbst wurde nicht als ausformulierte Spielregel interpretiert.
lady_geist_essence_bomb,spilled_blood_modifier_tick_rate,stat,spilled_blood_modifier_tick_rate,0.5,seconds,,,,base ability state,,ability-defined,,,,,,,,0.5,high,"[""HSRC-0004"",""HSRC-0008""]",
lady_geist_essence_bomb,spilled_blood_modifier_height,stat,spilled_blood_modifier_height,80,meters,,,,base ability state,,ability-defined,,,,,,,,,high,"[""HSRC-0004"",""HSRC-0008""]",
lady_geist_life_drain,ability_cast_delay,stat,ability_cast_delay,0.2,seconds,,,,base ability state,,ability-defined,,,,,,,,,high,"[""HSRC-0004"",""HSRC-0008""]",
lady_geist_life_drain,ability_cast_range,targeting,ability_cast_range,18,meters,range,1,,base ability state,,ability-defined,,,,,,,,,high,"[""HSRC-0004"",""HSRC-0008""]",
lady_geist_life_drain,ability_cooldown,cooldown,ability_cooldown,34,seconds,cooldown,1,,base ability state,,ability-defined,,,,,,34,,,high,"[""HSRC-0004"",""HSRC-0008""]",
lady_geist_life_drain,ability_duration,stat,ability_duration,2.5,seconds,duration,1,,base ability state,,ability-defined,,,,,2.5,,,,high,"[""HSRC-0004"",""HSRC-0008""]",
lady_geist_life_drain,ability_unit_target_limit,targeting,ability_unit_target_limit,10,count,,,,base ability state,,ability-defined,,,,,,,,,high,"[""HSRC-0004"",""HSRC-0008""]",
lady_geist_life_drain,life_drain_caster_modifier,special_rule,life_drain_caster_modifier,LifeDrainCaster,identifier,,,,base ability state,,ability-defined,,,,,,,,,medium,"[""HSRC-0004"",""HSRC-0008""]",Strukturierter Modifier-Verweis; die Modifier-Klasse selbst wurde nicht als ausformulierte Spielregel interpretiert.
lady_geist_life_drain,life_drain_caster_modifier_enabled_state_mask_1,stat,life_drain_caster_modifier_enabled_state_mask_1,FamiliarAbilityKeepalive,identifier,,,,base ability state,,ability-defined,,,,,,,,,high,"[""HSRC-0004"",""HSRC-0008""]",
lady_geist_life_drain,life_drain_health_mult,healing,life_drain_health_mult,100,multiplier,healing,1,,base ability state,,ability-defined,,,,,,,,,high,"[""HSRC-0004"",""HSRC-0008""]",
lady_geist_life_drain,life_drain_per_second,stat,life_drain_per_second,24,flat,spirit,0.3225,value = 24 + 0.3225 * spirit,base ability state,,ability-defined,,,,,,,,,high,"[""HSRC-0004"",""HSRC-0008""]",
lady_geist_life_drain,life_drain_target_modifier,targeting,life_drain_target_modifier,LifeDrain,identifier,,,,base ability state,,ability-defined,,,,,,,,,medium,"[""HSRC-0004"",""HSRC-0008""]",Strukturierter Modifier-Verweis; die Modifier-Klasse selbst wurde nicht als ausformulierte Spielregel interpretiert.
lady_geist_life_drain,life_drain_target_modifier_silence_modifier,crowd_control,life_drain_target_modifier_silence_modifier,LifeDrainSilence,identifier,,,,base ability state,,ability-defined,,,,,,,,,medium,"[""HSRC-0004"",""HSRC-0008""]",Strukturierter Modifier-Verweis; die Modifier-Klasse selbst wurde nicht als ausformulierte Spielregel interpretiert.
lady_geist_life_drain,max_range,targeting,max_range,28,meters,range,1,,base ability state,,ability-defined,,,,,,,,,high,"[""HSRC-0004"",""HSRC-0008""]",
lady_geist_life_drain,move_speed_reduction,movement,move_speed_reduction,40,percent,,,,base ability state,,ability-defined,,,,,,,,,high,"[""HSRC-0004"",""HSRC-0008""]",
lady_geist_life_drain,tick_rate,stat,tick_rate,0.1,seconds,,,,base ability state,,ability-defined,,,,,,,,0.1,high,"[""HSRC-0004"",""HSRC-0008""]",
lady_geist_malice,ability_cast_delay,stat,ability_cast_delay,0.12,seconds,,,,base ability state,,ability-defined,,,,,,,,,high,"[""HSRC-0004"",""HSRC-0008""]",
lady_geist_malice,ability_cooldown,cooldown,ability_cooldown,6,seconds,cooldown,1,,base ability state,,ability-defined,,,,,,6,,,high,"[""HSRC-0004"",""HSRC-0008""]",
lady_geist_malice,ability_post_cast_duration,stat,ability_post_cast_duration,0.3,seconds,,,,base ability state,,ability-defined,,,,,0.3,,,,high,"[""HSRC-0004"",""HSRC-0008""]",
lady_geist_malice,ability_unit_target_limit,targeting,ability_unit_target_limit,1,count,,,,base ability state,,ability-defined,,,,,,,,,high,"[""HSRC-0004"",""HSRC-0008""]",
lady_geist_malice,debuff_duration,crowd_control,debuff_duration,9,seconds,duration,1,,base ability state,,ability-defined,,,,,9,,,,high,"[""HSRC-0004"",""HSRC-0008""]",
lady_geist_malice,debuff_modifier,crowd_control,debuff_modifier,BloodShardDebuff,identifier,,,,base ability state,,ability-defined,,,,,,,,,medium,"[""HSRC-0004"",""HSRC-0008""]",Strukturierter Modifier-Verweis; die Modifier-Klasse selbst wurde nicht als ausformulierte Spielregel interpretiert.
lady_geist_malice,health_to_damage,damage,health_to_damage,23,health,spirit,0.558,value = 23 + 0.558 * spirit,base ability state,,ability-defined,,,,,,,,,high,"[""HSRC-0004"",""HSRC-0008""]",
lady_geist_malice,max_stacks,passive_proc,max_stacks,5,stacks,,,,base ability state,,ability-defined,,,,5,,,,,high,"[""HSRC-0004"",""HSRC-0008""]",
lady_geist_malice,move_speed_penalty_per_stack,movement,move_speed_penalty_per_stack,15,units_per_second,,,,base ability state,,ability-defined,,,,,,,,,high,"[""HSRC-0004"",""HSRC-0008""]",
lady_geist_malice,num_blood_shards,stat,num_blood_shards,3,flat,,,,base ability state,,ability-defined,,,,,,,,,high,"[""HSRC-0004"",""HSRC-0008""]",
lady_geist_malice,self_damage_pct,damage,self_damage_pct,9,percent,,,,base ability state,,ability-defined,,,,,,,,,high,"[""HSRC-0004"",""HSRC-0008""]",
lady_geist_malice,slow_duration,crowd_control,slow_duration,4,seconds,duration,1,,base ability state,,ability-defined,,,,,4,,,,high,"[""HSRC-0004"",""HSRC-0008""]",
lady_geist_malice,spread_angle_degrees,targeting,spread_angle_degrees,6,degrees,,,,base ability state,,ability-defined,,,,,,,,,high,"[""HSRC-0004"",""HSRC-0008""]",
lady_geist_malice,vulnerability_per_stack,passive_proc,vulnerability_per_stack,7,flat,,,,base ability state,,ability-defined,,,,,,,,,high,"[""HSRC-0004"",""HSRC-0008""]",
lady_geist_soul_exchange,ability_cast_delay,stat,ability_cast_delay,0.1,seconds,,,,base ability state,,ability-defined,,,,,,,,,high,"[""HSRC-0004"",""HSRC-0008""]",
lady_geist_soul_exchange,ability_cast_range,targeting,ability_cast_range,5.5,meters,range,1,,base ability state,,ability-defined,,,,,,,,,high,"[""HSRC-0004"",""HSRC-0008""]",
lady_geist_soul_exchange,ability_cooldown,cooldown,ability_cooldown,220,seconds,cooldown,1,,base ability state,,ability-defined,,,,,,220,,,high,"[""HSRC-0004"",""HSRC-0008""]",
lady_geist_soul_exchange,ability_duration,stat,ability_duration,0.25,seconds,,,,base ability state,,ability-defined,,,,,0.25,,,,high,"[""HSRC-0004"",""HSRC-0008""]",
lady_geist_soul_exchange,ability_unit_target_limit,targeting,ability_unit_target_limit,1,count,,,,base ability state,,ability-defined,,,,,,,,,high,"[""HSRC-0004"",""HSRC-0008""]",
lady_geist_soul_exchange,buff_modifier,special_rule,buff_modifier,Base,identifier,,,,base ability state,,ability-defined,,,,,,,,,medium,"[""HSRC-0004"",""HSRC-0008""]",Strukturierter Modifier-Verweis; die Modifier-Klasse selbst wurde nicht als ausformulierte Spielregel interpretiert.
lady_geist_soul_exchange,channel_move_speed,movement,channel_move_speed,2,units_per_second,,,,base ability state,,ability-defined,,,,,,,,,high,"[""HSRC-0004"",""HSRC-0008""]",
lady_geist_soul_exchange,enemy_min_health_pct,healing,enemy_min_health_pct,30,percent,,,,base ability state,,ability-defined,,,,,,,,,high,"[""HSRC-0004"",""HSRC-0008""]",
lady_geist_soul_exchange,enemy_slow_pct,crowd_control,enemy_slow_pct,70,percent,,,,base ability state,,ability-defined,,,,,,,,,high,"[""HSRC-0004"",""HSRC-0008""]",
lady_geist_soul_exchange,initial_up_speed,movement,initial_up_speed,150,units_per_second,,,,base ability state,,ability-defined,,,,,,,,,high,"[""HSRC-0004"",""HSRC-0008""]",
lady_geist_soul_exchange,min_diff_to_cast,stat,min_diff_to_cast,0.1,flat,,,,base ability state,,ability-defined,,,,,,,,,high,"[""HSRC-0004"",""HSRC-0008""]",
lady_geist_soul_exchange,min_health_taken_pct,healing,min_health_taken_pct,30,percent,,,,base ability state,,nonhero_unit,Explicit structured field: 30 percent.,,,,,,,,high,"[""HSRC-0004"",""HSRC-0008""]",
lady_geist_soul_exchange,post_cast_hold_time,stat,post_cast_hold_time,0.2,seconds,,,,base ability state,,ability-defined,,,,,,,,,high,"[""HSRC-0004"",""HSRC-0008""]",
lady_geist_soul_exchange,pre_cast_modifier,special_rule,pre_cast_modifier,HealthswapPrecast,identifier,,,,base ability state,,ability-defined,,,,,,,,,medium,"[""HSRC-0004"",""HSRC-0008""]",Strukturierter Modifier-Verweis; die Modifier-Klasse selbst wurde nicht als ausformulierte Spielregel interpretiert.
lady_geist_soul_exchange,silence_modifier,crowd_control,silence_modifier,CitadelSilenced,identifier,,,,base ability state,,ability-defined,,,,,,,,,medium,"[""HSRC-0004"",""HSRC-0008""]",Strukturierter Modifier-Verweis; die Modifier-Klasse selbst wurde nicht als ausformulierte Spielregel interpretiert.
lady_geist_soul_exchange,swap_modifier,special_rule,swap_modifier,HealthSwapDebuff,identifier,,,,base ability state,,ability-defined,,,,,,,,,medium,"[""HSRC-0004"",""HSRC-0008""]",Strukturierter Modifier-Verweis; die Modifier-Klasse selbst wurde nicht als ausformulierte Spielregel interpretiert.
lash_ground_strike,ability_cast_delay,stat,ability_cast_delay,0.15,seconds,,,,base ability state,,ability-defined,,,,,,,,,high,"[""HSRC-0004"",""HSRC-0008""]",
lash_ground_strike,ability_cooldown,cooldown,ability_cooldown,18,seconds,cooldown,1,,base ability state,,ability-defined,,,,,,18,,,high,"[""HSRC-0004"",""HSRC-0008""]",
lash_ground_strike,ability_post_cast_duration,stat,ability_post_cast_duration,0.4,seconds,,,,base ability state,,ability-defined,,,,,0.4,,,,high,"[""HSRC-0004"",""HSRC-0008""]",
lash_ground_strike,ability_unit_target_limit,targeting,ability_unit_target_limit,1,count,,,,base ability state,,ability-defined,,,,,,,,,high,"[""HSRC-0004"",""HSRC-0008""]",
lash_ground_strike,down_strike_modifier,special_rule,down_strike_modifier,LashDownStrikeEmbedded,identifier,,,,base ability state,,ability-defined,,,,,,,,,medium,"[""HSRC-0004"",""HSRC-0008""]",Strukturierter Modifier-Verweis; die Modifier-Klasse selbst wurde nicht als ausformulierte Spielregel interpretiert.
lash_ground_strike,drag_modifier,movement,drag_modifier,ChargeDragEnemy,identifier,,,,base ability state,,ability-defined,,,,,,,,,medium,"[""HSRC-0004"",""HSRC-0008""]",Strukturierter Modifier-Verweis; die Modifier-Klasse selbst wurde nicht als ausformulierte Spielregel interpretiert.
lash_ground_strike,drag_modifier_forward_offset,movement,drag_modifier_forward_offset,200,flat,,,,base ability state,,ability-defined,,,,,,,,,high,"[""HSRC-0004"",""HSRC-0008""]",
lash_ground_strike,drag_modifier_vertical_offset,movement,drag_modifier_vertical_offset,-200,flat,,,,base ability state,,ability-defined,,,,,,,,,high,"[""HSRC-0004"",""HSRC-0008""]",
lash_ground_strike,drag_modifier_force_dist_scale,movement,drag_modifier_force_dist_scale,10,multiplier,,,,base ability state,,ability-defined,,,,,,,,,high,"[""HSRC-0004"",""HSRC-0008""]",
lash_ground_strike,impact_modifier,damage,impact_modifier,SlowBase,identifier,,,,base ability state,,ability-defined,,,,,,,,,medium,"[""HSRC-0004"",""HSRC-0008""]",Strukturierter Modifier-Verweis; die Modifier-Klasse selbst wurde nicht als ausformulierte Spielregel interpretiert.
lash_ground_strike,min_aim_angle,targeting,min_aim_angle,60,degrees,,,,base ability state,,ability-defined,,,,,,,,,high,"[""HSRC-0004"",""HSRC-0008""]",
lash_ground_strike,radius,targeting,radius,10,meters,radius,1,,base ability state,,ability-defined,,,,,,,,,high,"[""HSRC-0004"",""HSRC-0008""]",
lash_ground_strike,stomp_damage,damage,stomp_damage,60,damage,spirit,0.7905,value = 60 + 0.7905 * spirit,base ability state,,ability-defined,,,,,,,,,high,"[""HSRC-0004"",""HSRC-0008""]",
lash_ground_strike,stomp_damage_per_meter_primary,damage,stomp_damage_per_meter_primary,5.5,damage,spirit,0.04,value = 5.5 + 0.04 * spirit,base ability state,,ability-defined,,,,,,,,,high,"[""HSRC-0004"",""HSRC-0008""]",
lash_ground_strike,stomp_damage_per_meter_secondary,damage,stomp_damage_per_meter_secondary,4.2,damage,spirit,0.008137,value = 4.2 + 0.008137 * spirit,base ability state,,ability-defined,,,,,,,,,high,"[""HSRC-0004"",""HSRC-0008""]",
lash_ground_strike,stomp_damage_primary_range,damage,stomp_damage_primary_range,25,meters,,,,base ability state,,ability-defined,,,,,,,,,high,"[""HSRC-0004"",""HSRC-0008""]",
lash_ground_strike,stomp_vertical_threshold,stat,stomp_vertical_threshold,118,flat,,,,base ability state,,ability-defined,,,,,,,,,high,"[""HSRC-0004"",""HSRC-0008""]",
lash_ground_strike,strike_velocity,stat,strike_velocity,50,units_per_second,,,,base ability state,,ability-defined,,,,,,,,,high,"[""HSRC-0004"",""HSRC-0008""]",
lash_grapple,ability_cast_range,targeting,ability_cast_range,30,meters,range,1,,base ability state,,ability-defined,,,,,,,,,high,"[""HSRC-0004"",""HSRC-0008""]",
lash_grapple,ability_charges,charge,ability_charges,1,charges,max_charges,1,,base ability state,,ability-defined,,,,,,,,,high,"[""HSRC-0004"",""HSRC-0008""]",
lash_grapple,ability_cooldown,cooldown,ability_cooldown,35,seconds,cooldown,1,,base ability state,,ability-defined,,,,,,35,,,high,"[""HSRC-0004"",""HSRC-0008""]",
lash_grapple,ability_cooldown_between_charge,cooldown,ability_cooldown_between_charge,2,seconds,charge_cooldown,1,,base ability state,,ability-defined,,,,,,2,,,high,"[""HSRC-0004"",""HSRC-0008""]",
lash_grapple,ability_unit_target_limit,targeting,ability_unit_target_limit,1,count,,,,base ability state,,ability-defined,,,,,,,,,high,"[""HSRC-0004"",""HSRC-0008""]",
lash_grapple,air_control_modifier,special_rule,air_control_modifier,AirControl,identifier,,,,base ability state,,ability-defined,,,,,,,,,medium,"[""HSRC-0004"",""HSRC-0008""]",Strukturierter Modifier-Verweis; die Modifier-Klasse selbst wurde nicht als ausformulierte Spielregel interpretiert.
lash_grapple,buff_modifier,special_rule,buff_modifier,GrappleBuff,identifier,,,,base ability state,,ability-defined,,,,,,,,,medium,"[""HSRC-0004"",""HSRC-0008""]",Strukturierter Modifier-Verweis; die Modifier-Klasse selbst wurde nicht als ausformulierte Spielregel interpretiert.
lash_grapple,jump_slow_resistance,defense,jump_slow_resistance,0.667,percent,,,,base ability state,,ability-defined,,,,,,,,,high,"[""HSRC-0004"",""HSRC-0008""]",
lash_grapple,jump_velocity,movement,jump_velocity,20,units_per_second,,,,base ability state,,ability-defined,,,,,,,,,high,"[""HSRC-0004"",""HSRC-0008""]",
lash_grapple,lash_friendlies,stat,lash_friendlies,1,flat,,,,base ability state,,ability-defined,,,,,,,,,high,"[""HSRC-0004"",""HSRC-0008""]",
lash_flog,ability_cast_delay,stat,ability_cast_delay,0.15,seconds,,,,base ability state,,ability-defined,,,,,,,,,high,"[""HSRC-0004"",""HSRC-0008""]",
lash_flog,ability_cast_range,targeting,ability_cast_range,20,meters,range,1,,base ability state,,ability-defined,,,,,,,,,high,"[""HSRC-0004"",""HSRC-0008""]",
lash_flog,ability_cooldown,cooldown,ability_cooldown,26,seconds,cooldown,1,,base ability state,,ability-defined,,,,,,26,,,high,"[""HSRC-0004"",""HSRC-0008""]",
lash_flog,ability_unit_target_limit,targeting,ability_unit_target_limit,30,count,,,,base ability state,,ability-defined,,,,,,,,,high,"[""HSRC-0004"",""HSRC-0008""]",
lash_flog,damage,damage,damage,65,damage,spirit,0.85,value = 65 + 0.85 * spirit,base ability state,,ability-defined,,,,,,,,,high,"[""HSRC-0004"",""HSRC-0008""]",
lash_flog,flog_debuff_modifier,crowd_control,flog_debuff_modifier,LashFlogDebuff,identifier,,,,base ability state,,ability-defined,,,,,,,,,medium,"[""HSRC-0004"",""HSRC-0008""]",Strukturierter Modifier-Verweis; die Modifier-Klasse selbst wurde nicht als ausformulierte Spielregel interpretiert.
lash_flog,heal_pct_vs_heroes,healing,heal_pct_vs_heroes,50,percent,healing,1,,base ability state,,ability-defined,,,,,,,,,high,"[""HSRC-0004"",""HSRC-0008""]",
lash_flog,heal_pct_vs_non_heroes,healing,heal_pct_vs_non_heroes,16,percent,healing,1,,base ability state,,nonhero_unit,Explicit structured field: 16 percent.,,,,,,,,high,"[""HSRC-0004"",""HSRC-0008""]",
lash_flog,targeting_cone_angle,targeting,targeting_cone_angle,38,degrees,,,,base ability state,,ability-defined,,,,,,,,,high,"[""HSRC-0004"",""HSRC-0008""]",
lash_death_slam,ability_cast_delay,stat,ability_cast_delay,0.3,seconds,,,,base ability state,,ability-defined,,,,,,,,,high,"[""HSRC-0004"",""HSRC-0008""]",
lash_death_slam,ability_cast_range,targeting,ability_cast_range,20,meters,radius,1,,base ability state,,ability-defined,,,,,,,,,high,"[""HSRC-0004"",""HSRC-0008""]",
lash_death_slam,ability_channel_time,stat,ability_channel_time,2.3,seconds,duration,1,,base ability state,,ability-defined,,,,,,,,,high,"[""HSRC-0004"",""HSRC-0008""]",
lash_death_slam,ability_cooldown,cooldown,ability_cooldown,170,seconds,cooldown,1,,base ability state,,ability-defined,,,,,,170,,,high,"[""HSRC-0004"",""HSRC-0008""]",
lash_death_slam,ability_unit_target_limit,targeting,ability_unit_target_limit,6,count,,,,base ability state,,ability-defined,,,,,,,,,high,"[""HSRC-0004"",""HSRC-0008""]",
lash_death_slam,boost_time,stat,boost_time,1,seconds,,,,base ability state,,ability-defined,,,,,,,,,high,"[""HSRC-0004"",""HSRC-0008""]",
lash_death_slam,grapple_enemy_modifier,special_rule,grapple_enemy_modifier,LashGrappleEnemyDebuff,identifier,,,,base ability state,,ability-defined,,,,,,,,,medium,"[""HSRC-0004"",""HSRC-0008""]",Strukturierter Modifier-Verweis; die Modifier-Klasse selbst wurde nicht als ausformulierte Spielregel interpretiert.
lash_death_slam,grapple_enemy_modifier_enabled_state_mask_1,stat,grapple_enemy_modifier_enabled_state_mask_1,AbilityMovementDebuff,identifier,,,,base ability state,,ability-defined,,,,,,,,,high,"[""HSRC-0004"",""HSRC-0008""]",
lash_death_slam,grapple_enemy_modifier_debuff_modifier,crowd_control,grapple_enemy_modifier_debuff_modifier,Slow,identifier,,,,base ability state,,ability-defined,,,,,,,,,medium,"[""HSRC-0004"",""HSRC-0008""]",Strukturierter Modifier-Verweis; die Modifier-Klasse selbst wurde nicht als ausformulierte Spielregel interpretiert.
lash_death_slam,grapple_target_modifier,targeting,grapple_target_modifier,Target,identifier,,,,base ability state,,ability-defined,,,,,,,,,medium,"[""HSRC-0004"",""HSRC-0008""]",Strukturierter Modifier-Verweis; die Modifier-Klasse selbst wurde nicht als ausformulierte Spielregel interpretiert.
lash_death_slam,hang_time,stat,hang_time,0.6,seconds,,,,base ability state,,ability-defined,,,,,,,,,high,"[""HSRC-0004"",""HSRC-0008""]",
lash_death_slam,impact_damage,damage,impact_damage,105,damage,spirit,0.974938,value = 105 + 0.974938 * spirit,base ability state,,ability-defined,,,,,,,,,high,"[""HSRC-0004"",""HSRC-0008""]",
lash_death_slam,impact_radius,damage,impact_radius,6,meters,range,1,,base ability state,,ability-defined,,,,,,,,,high,"[""HSRC-0004"",""HSRC-0008""]",
lash_death_slam,lift_height,stat,lift_height,6,meters,,,,base ability state,,ability-defined,,,,,,,,,high,"[""HSRC-0004"",""HSRC-0008""]",
lash_death_slam,lockon_cone_angle,targeting,lockon_cone_angle,40,degrees,,,,base ability state,,ability-defined,,,,,,,,,high,"[""HSRC-0004"",""HSRC-0008""]",
lash_death_slam,losing_lock_grace_time,stat,losing_lock_grace_time,0.4,seconds,,,,base ability state,,ability-defined,,,,,,,,,high,"[""HSRC-0004"",""HSRC-0008""]",
lash_death_slam,max_lockon_stacks,passive_proc,max_lockon_stacks,1,stacks,,,,base ability state,,ability-defined,,,,,,,,,high,"[""HSRC-0004"",""HSRC-0008""]",
lash_death_slam,not_in_cone_loses_lock,targeting,not_in_cone_loses_lock,1,degrees,,,,base ability state,,ability-defined,,,,,,,,,high,"[""HSRC-0004"",""HSRC-0008""]",
lash_death_slam,slam_speed,movement,slam_speed,1600,units_per_second,,,,base ability state,,ability-defined,,,,,,,,,high,"[""HSRC-0004"",""HSRC-0008""]",
lash_death_slam,slow_duration,crowd_control,slow_duration,4,seconds,duration,1,,base ability state,,ability-defined,,,,,4,,,,high,"[""HSRC-0004"",""HSRC-0008""]",
lash_death_slam,slow_percent,crowd_control,slow_percent,50,percent,,,,base ability state,,ability-defined,,,,,,,,,high,"[""HSRC-0004"",""HSRC-0008""]",
lash_death_slam,target_modifier,targeting,target_modifier,Lockon,identifier,,,,base ability state,,ability-defined,,,,,,,,,medium,"[""HSRC-0004"",""HSRC-0008""]",Strukturierter Modifier-Verweis; die Modifier-Klasse selbst wurde nicht als ausformulierte Spielregel interpretiert.
lash_death_slam,throw_distance,stat,throw_distance,14,meters,,,,base ability state,,ability-defined,,,,,,,,,high,"[""HSRC-0004"",""HSRC-0008""]",
lash_death_slam,throw_straight_duration,stat,throw_straight_duration,1.5,seconds,,,,base ability state,,ability-defined,,,,,1.5,,,,high,"[""HSRC-0004"",""HSRC-0008""]",
lash_death_slam,time_to_gain_lockon_stack,passive_proc,time_to_gain_lockon_stack,0.7,seconds,,,,base ability state,,ability-defined,,,,,,,,,high,"[""HSRC-0004"",""HSRC-0008""]",
lash_death_slam,time_to_lose_lockon_stack,passive_proc,time_to_lose_lockon_stack,2,seconds,,,,base ability state,,ability-defined,,,,,,,,,high,"[""HSRC-0004"",""HSRC-0008""]",
lash_death_slam,up_boost_speed,movement,up_boost_speed,400,units_per_second,,,,base ability state,,ability-defined,,,,,,,,,high,"[""HSRC-0004"",""HSRC-0008""]",
mcginnis_mini_turret,ability_cast_delay,stat,ability_cast_delay,0.2,seconds,,,,base ability state,,ability-defined,,,,,,,,,high,"[""HSRC-0004"",""HSRC-0008""]",
mcginnis_mini_turret,ability_cast_range,targeting,ability_cast_range,20,meters,range,1,,base ability state,,ability-defined,,,,,,,,,high,"[""HSRC-0004"",""HSRC-0008""]",
mcginnis_mini_turret,ability_charges,charge,ability_charges,1,charges,max_charges,1,,base ability state,,ability-defined,,,,,,,,,high,"[""HSRC-0004"",""HSRC-0008""]",
mcginnis_mini_turret,ability_cooldown,cooldown,ability_cooldown,18,seconds,cooldown,1,,base ability state,,ability-defined,,,,,,18,,,high,"[""HSRC-0004"",""HSRC-0008""]",
mcginnis_mini_turret,ability_cooldown_between_charge,cooldown,ability_cooldown_between_charge,3,seconds,charge_cooldown,1,,base ability state,,ability-defined,,,,,,3,,,high,"[""HSRC-0004"",""HSRC-0008""]",
mcginnis_mini_turret,ability_unit_target_limit,targeting,ability_unit_target_limit,1,count,,,,base ability state,,ability-defined,,,,,,,,,high,"[""HSRC-0004"",""HSRC-0008""]",
mcginnis_mini_turret,attack_cone_angle,targeting,attack_cone_angle,10,degrees,,,,base ability state,,ability-defined,,,,,,,,,high,"[""HSRC-0004"",""HSRC-0008""]",
mcginnis_mini_turret,attack_speed_mult,movement,attack_speed_mult,100,multiplier,,,,base ability state,,ability-defined,,,,,,,,,high,"[""HSRC-0004"",""HSRC-0008""]",
mcginnis_mini_turret,boss_damage_percent_incoming,damage,boss_damage_percent_incoming,50,percent,,,,base ability state,,midboss,,Explicit boss-target field: 50 percent.,,,,,,,high,"[""HSRC-0004"",""HSRC-0008""]",
mcginnis_mini_turret,boss_damage_percent_outgoing,damage,boss_damage_percent_outgoing,30,percent,,,,base ability state,,midboss,,Explicit boss-target field: 30 percent.,,,,,,,high,"[""HSRC-0004"",""HSRC-0008""]",
mcginnis_mini_turret,debuff_modifier,crowd_control,debuff_modifier,ForgeMiniTurretDebuff,identifier,,,,base ability state,,ability-defined,,,,,,,,,medium,"[""HSRC-0004"",""HSRC-0008""]",Strukturierter Modifier-Verweis; die Modifier-Klasse selbst wurde nicht als ausformulierte Spielregel interpretiert.
mcginnis_mini_turret,innate_modifier,special_rule,innate_modifier,ForgeMiniTurretInnateModifier,identifier,,,,base ability state,,ability-defined,,,,,,,,,medium,"[""HSRC-0004"",""HSRC-0008""]",Strukturierter Modifier-Verweis; die Modifier-Klasse selbst wurde nicht als ausformulierte Spielregel interpretiert.
mcginnis_mini_turret,melee_resist,defense,melee_resist,35,percent,,,,base ability state,,ability-defined,,,,,,,,,high,"[""HSRC-0004"",""HSRC-0008""]",
mcginnis_mini_turret,model_scale,stat,model_scale,0.8,multiplier,,,,base ability state,,ability-defined,,,,,,,,,high,"[""HSRC-0004"",""HSRC-0008""]",
mcginnis_mini_turret,non_hero_damage_percent_outgoing,damage,non_hero_damage_percent_outgoing,50,percent,,,,base ability state,,nonhero_unit,Explicit structured field: 50 percent.,,,,,,,,high,"[""HSRC-0004"",""HSRC-0008""]",
mcginnis_mini_turret,tech_resist,defense,tech_resist,35,percent,,,,base ability state,,ability-defined,,,,,,,,,high,"[""HSRC-0004"",""HSRC-0008""]",
mcginnis_mini_turret,tick_rate,stat,tick_rate,0.5,seconds,,,,base ability state,,ability-defined,,,,,,,,0.5,high,"[""HSRC-0004"",""HSRC-0008""]",
mcginnis_mini_turret,tracking_speed,movement,tracking_speed,430,units_per_second,,,,base ability state,,ability-defined,,,,,,,,,high,"[""HSRC-0004"",""HSRC-0008""]",
mcginnis_mini_turret,turret_attack_delay,summon,turret_attack_delay,0.2,seconds,,,,base ability state,,ability-defined,,,,,,,,,high,"[""HSRC-0004"",""HSRC-0008""]",
mcginnis_mini_turret,turret_attack_falloff_end,summon,turret_attack_falloff_end,30,flat,range,1,,base ability state,,ability-defined,,,,,,,,,high,"[""HSRC-0004"",""HSRC-0008""]",
mcginnis_mini_turret,turret_attack_falloff_start,summon,turret_attack_falloff_start,20,flat,range,1,,base ability state,,ability-defined,,,,,,,,,high,"[""HSRC-0004"",""HSRC-0008""]",
mcginnis_mini_turret,turret_attack_range,summon,turret_attack_range,30,meters,range,1,,base ability state,,ability-defined,,,,,,,,,high,"[""HSRC-0004"",""HSRC-0008""]",
mcginnis_mini_turret,turret_base_health,summon,turret_base_health,100,health,power_increase,9,,base ability state,,ability-defined,,,,,,,,,high,"[""HSRC-0004"",""HSRC-0008""]",
mcginnis_mini_turret,turret_dps,summon,turret_dps,24,damage_per_second,spirit,0.42,value = 24 + 0.42 * spirit,base ability state,,ability-defined,,,,,,,,,high,"[""HSRC-0004"",""HSRC-0008""]",
mcginnis_mini_turret,turret_deploy_time,summon,turret_deploy_time,0.25,seconds,,,,base ability state,,ability-defined,,,,,,,,,high,"[""HSRC-0004"",""HSRC-0008""]",
mcginnis_mini_turret,turret_lifetime,summon,turret_lifetime,35,seconds,duration,1,,base ability state,,ability-defined,,,,,,,,,high,"[""HSRC-0004"",""HSRC-0008""]",
mcginnis_medicinal_specter,ability_cast_delay,stat,ability_cast_delay,0.2,seconds,,,,base ability state,,ability-defined,,,,,,,,,high,"[""HSRC-0004"",""HSRC-0008""]",
mcginnis_medicinal_specter,ability_cast_range,targeting,ability_cast_range,15,meters,range,1,,base ability state,,ability-defined,,,,,,,,,high,"[""HSRC-0004"",""HSRC-0008""]",
mcginnis_medicinal_specter,ability_cooldown,cooldown,ability_cooldown,50,seconds,cooldown,1,,base ability state,,ability-defined,,,,,,50,,,high,"[""HSRC-0004"",""HSRC-0008""]",
mcginnis_medicinal_specter,ability_duration,stat,ability_duration,6.5,seconds,duration,1,,base ability state,,ability-defined,,,,,6.5,,,,high,"[""HSRC-0004"",""HSRC-0008""]",
mcginnis_medicinal_specter,ability_unit_target_limit,targeting,ability_unit_target_limit,1,count,,,,base ability state,,ability-defined,,,,,,,,,high,"[""HSRC-0004"",""HSRC-0008""]",
mcginnis_medicinal_specter,aura_modifier,special_rule,aura_modifier,MobileResupplyAura,identifier,,,,base ability state,,ability-defined,,,,,,,,,medium,"[""HSRC-0004"",""HSRC-0008""]",Strukturierter Modifier-Verweis; die Modifier-Klasse selbst wurde nicht als ausformulierte Spielregel interpretiert.
mcginnis_medicinal_specter,aura_modifier_modifier_provided_by_aura_duration,stat,aura_modifier_modifier_provided_by_aura_duration,1,seconds,,,,base ability state,,ability-defined,,,,,1,,,,high,"[""HSRC-0004"",""HSRC-0008""]",
mcginnis_medicinal_specter,external_bonus_health_regen,healing,external_bonus_health_regen,25,health,spirit,0.3,value = 25 + 0.3 * spirit,base ability state,,ability-defined,,,,,,,,,high,"[""HSRC-0004"",""HSRC-0008""]",
mcginnis_medicinal_specter,heal_interval,healing,heal_interval,0.1,seconds,,,,base ability state,,ability-defined,,,,,,,,,high,"[""HSRC-0004"",""HSRC-0008""]",
mcginnis_medicinal_specter,heal_radius,healing,heal_radius,6,meters,radius,1,,base ability state,,ability-defined,,,,,,,,,high,"[""HSRC-0004"",""HSRC-0008""]",
mcginnis_medicinal_specter,turret_heal_mult,summon,turret_heal_mult,1,multiplier,,,,base ability state,,ability-defined,,,,,,,,,high,"[""HSRC-0004"",""HSRC-0008""]",
mcginnis_spectral_wall,ability_cast_range,targeting,ability_cast_range,50,meters,range,1,,base ability state,,ability-defined,,,,,,,,,high,"[""HSRC-0004"",""HSRC-0008""]",
mcginnis_spectral_wall,ability_cooldown,cooldown,ability_cooldown,50,seconds,cooldown,1,,base ability state,,ability-defined,,,,,,50,,,high,"[""HSRC-0004"",""HSRC-0008""]",
mcginnis_spectral_wall,ability_duration,stat,ability_duration,6,seconds,duration,1,,base ability state,,ability-defined,,,,,6,,,,high,"[""HSRC-0004"",""HSRC-0008""]",
mcginnis_spectral_wall,ability_unit_target_limit,targeting,ability_unit_target_limit,1,count,,,,base ability state,,ability-defined,,,,,,,,,high,"[""HSRC-0004"",""HSRC-0008""]",
mcginnis_spectral_wall,damage,damage,damage,60,damage,spirit,0.731203,value = 60 + 0.731203 * spirit,base ability state,,ability-defined,,,,,,,,,high,"[""HSRC-0004"",""HSRC-0008""]",
mcginnis_spectral_wall,min_range,targeting,min_range,5,meters,,,,base ability state,,ability-defined,,,,,,,,,high,"[""HSRC-0004"",""HSRC-0008""]",
mcginnis_spectral_wall,num_wall_segments,stat,num_wall_segments,8,flat,,,,base ability state,,ability-defined,,,,,,,,,high,"[""HSRC-0004"",""HSRC-0008""]",
mcginnis_spectral_wall,push_force,movement,push_force,175,flat,,,,base ability state,,ability-defined,,,,,,,,,high,"[""HSRC-0004"",""HSRC-0008""]",
mcginnis_spectral_wall,segment_emit_time,stat,segment_emit_time,0.1,seconds,,,,base ability state,,ability-defined,,,,,,,,,high,"[""HSRC-0004"",""HSRC-0008""]",
mcginnis_spectral_wall,slow_duration,crowd_control,slow_duration,2.5,seconds,duration,1,,base ability state,,ability-defined,,,,,2.5,,,,high,"[""HSRC-0004"",""HSRC-0008""]",
mcginnis_spectral_wall,slow_modifier,crowd_control,slow_modifier,Slow,identifier,,,,base ability state,,ability-defined,,,,,,,,,medium,"[""HSRC-0004"",""HSRC-0008""]",Strukturierter Modifier-Verweis; die Modifier-Klasse selbst wurde nicht als ausformulierte Spielregel interpretiert.
mcginnis_spectral_wall,slow_percent,crowd_control,slow_percent,20,percent,,,,base ability state,,ability-defined,,,,,,,,,high,"[""HSRC-0004"",""HSRC-0008""]",
mcginnis_spectral_wall,time_between_segments,stat,time_between_segments,0.035,seconds,,,,base ability state,,ability-defined,,,,,,,,,high,"[""HSRC-0004"",""HSRC-0008""]",
mcginnis_spectral_wall,time_to_max_distance,stat,time_to_max_distance,1.8,seconds,,,,base ability state,,ability-defined,,,,,,,,,high,"[""HSRC-0004"",""HSRC-0008""]",
mcginnis_spectral_wall,wall_impact_range,damage,wall_impact_range,5,meters,,,,base ability state,,ability-defined,,,,,,,,,high,"[""HSRC-0004"",""HSRC-0008""]",
mcginnis_spectral_wall,wall_modifier,special_rule,wall_modifier,FissureWall,identifier,,,,base ability state,,ability-defined,,,,,,,,,medium,"[""HSRC-0004"",""HSRC-0008""]",Strukturierter Modifier-Verweis; die Modifier-Klasse selbst wurde nicht als ausformulierte Spielregel interpretiert.
mcginnis_spectral_wall,wall_modifier_enemy_vision_modifier,special_rule,wall_modifier_enemy_vision_modifier,EnemyVision,identifier,,,,base ability state,,ability-defined,,,,,,,,,medium,"[""HSRC-0004"",""HSRC-0008""]",Strukturierter Modifier-Verweis; die Modifier-Klasse selbst wurde nicht als ausformulierte Spielregel interpretiert.
mcginnis_spectral_wall,wall_modifier_enemy_vision_modifier_enabled_state_mask_1,stat,wall_modifier_enemy_vision_modifier_enabled_state_mask_1,GlowThroughWallsToEnemy,identifier,,,,base ability state,,ability-defined,,,,,,,,,high,"[""HSRC-0004"",""HSRC-0008""]",
mcginnis_spectral_wall,wall_modifier_debuff_modifier,crowd_control,wall_modifier_debuff_modifier,BonusDamagePercent,identifier,,,,base ability state,,ability-defined,,,,,,,,,medium,"[""HSRC-0004"",""HSRC-0008""]",Strukturierter Modifier-Verweis; die Modifier-Klasse selbst wurde nicht als ausformulierte Spielregel interpretiert.
mcginnis_spectral_wall,wall_modifier_slow_modifier,crowd_control,wall_modifier_slow_modifier,Slow,identifier,,,,base ability state,,ability-defined,,,,,,,,,medium,"[""HSRC-0004"",""HSRC-0008""]",Strukturierter Modifier-Verweis; die Modifier-Klasse selbst wurde nicht als ausformulierte Spielregel interpretiert.
mcginnis_spectral_wall,wall_modifier_sentry_distance_from_wall,stat,wall_modifier_sentry_distance_from_wall,80,meters,,,,base ability state,,ability-defined,,,,,,,,,high,"[""HSRC-0004"",""HSRC-0008""]",
mcginnis_heavy_barrage,ability_cast_delay,stat,ability_cast_delay,0.2,seconds,,,,base ability state,,ability-defined,,,,,,,,,high,"[""HSRC-0004"",""HSRC-0008""]",
mcginnis_heavy_barrage,ability_cast_range,targeting,ability_cast_range,36,meters,range,1,,base ability state,,ability-defined,,,,,,,,,high,"[""HSRC-0004"",""HSRC-0008""]",
mcginnis_heavy_barrage,ability_cooldown,cooldown,ability_cooldown,200,seconds,cooldown,1,,base ability state,,ability-defined,,,,,,200,,,high,"[""HSRC-0004"",""HSRC-0008""]",
mcginnis_heavy_barrage,ability_duration,stat,ability_duration,8,seconds,duration,1,,base ability state,,ability-defined,,,,,8,,,,high,"[""HSRC-0004"",""HSRC-0008""]",
mcginnis_heavy_barrage,ability_unit_target_limit,targeting,ability_unit_target_limit,100,count,,,,base ability state,,ability-defined,,,,,,,,,high,"[""HSRC-0004"",""HSRC-0008""]",
mcginnis_heavy_barrage,barrage_modifier,resource,barrage_modifier,CitadelRocketBarrageVolley,identifier,,,,base ability state,,ability-defined,,,,,,,,,medium,"[""HSRC-0004"",""HSRC-0008""]",Strukturierter Modifier-Verweis; die Modifier-Klasse selbst wurde nicht als ausformulierte Spielregel interpretiert.
mcginnis_heavy_barrage,barrage_modifier_enabled_state_mask_1,resource,barrage_modifier_enabled_state_mask_1,AllowDashWhenChanneling,identifier,,,,base ability state,,ability-defined,,,,,,,,,high,"[""HSRC-0004"",""HSRC-0008""]",
mcginnis_heavy_barrage,barrage_modifier_enabled_state_mask_2,resource,barrage_modifier_enabled_state_mask_2,SinclairTaxUltActive,identifier,,,,base ability state,,ability-defined,,,,,,,,,high,"[""HSRC-0004"",""HSRC-0008""]",
mcginnis_heavy_barrage,barrage_modifier_enabled_state_mask_3,resource,barrage_modifier_enabled_state_mask_3,Disarmed,identifier,,,,base ability state,,ability-defined,,,,,,,,,high,"[""HSRC-0004"",""HSRC-0008""]",
mcginnis_heavy_barrage,damage_per_rocket,damage,damage_per_rocket,21,damage,spirit,0.2,value = 21 + 0.2 * spirit,base ability state,,ability-defined,,,,,,,,,high,"[""HSRC-0004"",""HSRC-0008""]",
mcginnis_heavy_barrage,detonate_timer,stat,detonate_timer,5,seconds,,,,base ability state,,ability-defined,,,,,,,,,high,"[""HSRC-0004"",""HSRC-0008""]",
mcginnis_heavy_barrage,explosion_falloff_disabled,stat,explosion_falloff_disabled,1,flat,,,,base ability state,,ability-defined,,,,,,,,,high,"[""HSRC-0004"",""HSRC-0008""]",
mcginnis_heavy_barrage,explosion_radius,targeting,explosion_radius,4.5,meters,radius,1,,base ability state,,ability-defined,,,,,,,,,high,"[""HSRC-0004"",""HSRC-0008""]",
mcginnis_heavy_barrage,grenades_per_second,stat,grenades_per_second,6,flat,,,,base ability state,,ability-defined,,,,,,,,,high,"[""HSRC-0004"",""HSRC-0008""]",
mcginnis_heavy_barrage,ground_dash_reduction_percent,movement,ground_dash_reduction_percent,-35,percent,,,,base ability state,,ability-defined,,,,,,,,,high,"[""HSRC-0004"",""HSRC-0008""]",
mcginnis_heavy_barrage,interval_ramp_up_start,stat,interval_ramp_up_start,0.35,seconds,,,,base ability state,,ability-defined,,,,,,,,,high,"[""HSRC-0004"",""HSRC-0008""]",
mcginnis_heavy_barrage,interval_ramp_up_time,stat,interval_ramp_up_time,0.3,seconds,,,,base ability state,,ability-defined,,,,,,,,,high,"[""HSRC-0004"",""HSRC-0008""]",
mcginnis_heavy_barrage,max_spread,stat,max_spread,5,flat,,,,base ability state,,ability-defined,,,,,,,,,high,"[""HSRC-0004"",""HSRC-0008""]",
mcginnis_heavy_barrage,min_distance,stat,min_distance,8.5,meters,,,,base ability state,,ability-defined,,,,,,,,,high,"[""HSRC-0004"",""HSRC-0008""]",
mcginnis_heavy_barrage,move_slow_modifier,crowd_control,move_slow_modifier,ForgeRocketBarrageSlow,identifier,,,,base ability state,,ability-defined,,,,,,,,,medium,"[""HSRC-0004"",""HSRC-0008""]",Strukturierter Modifier-Verweis; die Modifier-Klasse selbst wurde nicht als ausformulierte Spielregel interpretiert.
mcginnis_heavy_barrage,projectile_ignore_collision_time,stat,projectile_ignore_collision_time,0.2,seconds,,,,base ability state,,ability-defined,,,,,,,,,high,"[""HSRC-0004"",""HSRC-0008""]",
mcginnis_heavy_barrage,track_speed_far,movement,track_speed_far,100,units_per_second,,,,base ability state,,ability-defined,,,,,,,,,high,"[""HSRC-0004"",""HSRC-0008""]",
mcginnis_heavy_barrage,track_speed_near,movement,track_speed_near,150,units_per_second,,,,base ability state,,ability-defined,,,,,,,,,high,"[""HSRC-0004"",""HSRC-0008""]",
mcginnis_heavy_barrage,tracking_time,stat,tracking_time,0.4,seconds,,,,base ability state,,ability-defined,,,,,,,,,high,"[""HSRC-0004"",""HSRC-0008""]",
mina_rake,ability_cast_delay,stat,ability_cast_delay,0.1,seconds,,,,base ability state,,ability-defined,,,,,,,,,high,"[""HSRC-0004"",""HSRC-0008""]",
mina_rake,ability_cast_range,targeting,ability_cast_range,10,meters,range,1,,base ability state,,ability-defined,,,,,,,,,high,"[""HSRC-0004"",""HSRC-0008""]",
mina_rake,ability_cooldown,cooldown,ability_cooldown,16,seconds,cooldown,1,,base ability state,,ability-defined,,,,,,16,,,high,"[""HSRC-0004"",""HSRC-0008""]",
mina_rake,ability_post_cast_duration,stat,ability_post_cast_duration,0.4,seconds,,,,base ability state,,ability-defined,,,,,0.4,,,,high,"[""HSRC-0004"",""HSRC-0008""]",
mina_rake,ability_unit_target_limit,targeting,ability_unit_target_limit,6,count,,,,base ability state,,ability-defined,,,,,,,,,high,"[""HSRC-0004"",""HSRC-0008""]",
mina_rake,air_drag,movement,air_drag,0.2,flat,,,,base ability state,,ability-defined,,,,,,,,,high,"[""HSRC-0004"",""HSRC-0008""]",
mina_rake,damage,damage,damage,60,damage,stats_count,1,,base ability state,,ability-defined,,,,,,,,,high,"[""HSRC-0004"",""HSRC-0008""]",
mina_rake,debuff_modifier,crowd_control,debuff_modifier,Debuff,identifier,,,,base ability state,,ability-defined,,,,,,,,,medium,"[""HSRC-0004"",""HSRC-0008""]",Strukturierter Modifier-Verweis; die Modifier-Klasse selbst wurde nicht als ausformulierte Spielregel interpretiert.
mina_rake,fall_speed_max,movement,fall_speed_max,3,units_per_second,,,,base ability state,,ability-defined,,,,,,,,,high,"[""HSRC-0004"",""HSRC-0008""]",
mina_rake,falling_drag,movement,falling_drag,20,flat,,,,base ability state,,ability-defined,,,,,,,,,high,"[""HSRC-0004"",""HSRC-0008""]",
mina_rake,floating_modifier,special_rule,floating_modifier,Floatingmodifier,identifier,,,,base ability state,,ability-defined,,,,,,,,,medium,"[""HSRC-0004"",""HSRC-0008""]",Strukturierter Modifier-Verweis; die Modifier-Klasse selbst wurde nicht als ausformulierte Spielregel interpretiert.
mina_rake,max_float_time,stat,max_float_time,4,seconds,,,,base ability state,,ability-defined,,,,,,,,,high,"[""HSRC-0004"",""HSRC-0008""]",
mina_rake,mini_jump_velocity,movement,mini_jump_velocity,200,units_per_second,,,,base ability state,,ability-defined,,,,,,,,,high,"[""HSRC-0004"",""HSRC-0008""]",
mina_rake,missing_health_damage_percentage,damage,missing_health_damage_percentage,6,percent,,,,base ability state,,ability-defined,,,,,,,,,high,"[""HSRC-0004"",""HSRC-0008""]",
mina_rake,rake_heal_per_kill,healing,rake_heal_per_kill,25,health,spirit,0.3,value = 25 + 0.3 * spirit,base ability state,,ability-defined,,,,,,,,,high,"[""HSRC-0004"",""HSRC-0008""]",
mina_rake,targeting_cone_angle,targeting,targeting_cone_angle,60,degrees,,,,base ability state,,ability-defined,,,,,,,,,high,"[""HSRC-0004"",""HSRC-0008""]",
mina_rake,time_between_attacks,stat,time_between_attacks,0.04,seconds,,,,base ability state,,ability-defined,,,,,,,,,high,"[""HSRC-0004"",""HSRC-0008""]",
mina_rake,trooper_execute_threshold,stat,trooper_execute_threshold,60,flat,,,,base ability state,,nonhero_unit,Explicit structured field: 60 flat.,,,,,,,,high,"[""HSRC-0004"",""HSRC-0008""]",
mina_sanguine_retreat,ability_cast_range,targeting,ability_cast_range,9,meters,,,,base ability state,,ability-defined,,,,,,,,,high,"[""HSRC-0004"",""HSRC-0008""]",
mina_sanguine_retreat,ability_cooldown,cooldown,ability_cooldown,32,seconds,cooldown,1,,base ability state,,ability-defined,,,,,,32,,,high,"[""HSRC-0004"",""HSRC-0008""]",
mina_sanguine_retreat,ability_duration,stat,ability_duration,0.65,seconds,,,,base ability state,,ability-defined,,,,,0.65,,,,high,"[""HSRC-0004"",""HSRC-0008""]",
mina_sanguine_retreat,ability_unit_target_limit,targeting,ability_unit_target_limit,1,count,,,,base ability state,,ability-defined,,,,,,,,,high,"[""HSRC-0004"",""HSRC-0008""]",
mina_sanguine_retreat,buff_modifier,special_rule,buff_modifier,Buff,identifier,,,,base ability state,,ability-defined,,,,,,,,,medium,"[""HSRC-0004"",""HSRC-0008""]",Strukturierter Modifier-Verweis; die Modifier-Klasse selbst wurde nicht als ausformulierte Spielregel interpretiert.
mina_sanguine_retreat,end_jump_velocity,movement,end_jump_velocity,200,units_per_second,,,,base ability state,,ability-defined,,,,,,,,,high,"[""HSRC-0004"",""HSRC-0008""]",
mina_sanguine_retreat,exit_velocity,stat,exit_velocity,5,units_per_second,,,,base ability state,,ability-defined,,,,,,,,,high,"[""HSRC-0004"",""HSRC-0008""]",
mina_sanguine_retreat,max_recasts,stat,max_recasts,1,flat,,,,base ability state,,ability-defined,,,,,,,,,high,"[""HSRC-0004"",""HSRC-0008""]",
mina_sanguine_retreat,recast_window,stat,recast_window,4,seconds,duration,1,,base ability state,,ability-defined,,,,,,,,,high,"[""HSRC-0004"",""HSRC-0008""]",
mina_sanguine_retreat,self_buff_modifier,special_rule,self_buff_modifier,Selfbuff,identifier,,,,base ability state,,ability-defined,,,,,,,,,medium,"[""HSRC-0004"",""HSRC-0008""]",Strukturierter Modifier-Verweis; die Modifier-Klasse selbst wurde nicht als ausformulierte Spielregel interpretiert.
mina_love_bites,ability_unit_target_limit,targeting,ability_unit_target_limit,1,count,,,,base ability state,,ability-defined,,,,,,,,,high,"[""HSRC-0004"",""HSRC-0008""]",
mina_love_bites,bonus_damage,damage,bonus_damage,45,damage,spirit,1.85,value = 45 + 1.85 * spirit,base ability state,,ability-defined,,,,,,,,,high,"[""HSRC-0004"",""HSRC-0008""]",
mina_love_bites,build_up_duration,passive_proc,build_up_duration,5,seconds,,,,base ability state,,ability-defined,,,,,5,,,,high,"[""HSRC-0004"",""HSRC-0008""]",
mina_love_bites,build_up_headshot_bonus,passive_proc,build_up_headshot_bonus,1.5,flat,,,,base ability state,,ability-defined,,,,,,,,,high,"[""HSRC-0004"",""HSRC-0008""]",
mina_love_bites,build_up_modifier,passive_proc,build_up_modifier,LovebitesBuildup,identifier,,,,base ability state,,ability-defined,,,,,,,,,medium,"[""HSRC-0004"",""HSRC-0008""]",Strukturierter Modifier-Verweis; die Modifier-Klasse selbst wurde nicht als ausformulierte Spielregel interpretiert.
mina_love_bites,build_up_modifier_build_up_decay_delay,passive_proc,build_up_modifier_build_up_decay_delay,3,seconds,,,,base ability state,,ability-defined,,,,,,,,,high,"[""HSRC-0004"",""HSRC-0008""]",
mina_love_bites,build_up_per_bat,passive_proc,build_up_per_bat,20,flat,,,,base ability state,,ability-defined,,,,,,,,,high,"[""HSRC-0004"",""HSRC-0008""]",
mina_love_bites,build_up_per_dagger,passive_proc,build_up_per_dagger,30,flat,,,,base ability state,,ability-defined,,,,,,,,,high,"[""HSRC-0004"",""HSRC-0008""]",
mina_love_bites,build_up_per_shot,passive_proc,build_up_per_shot,18.4,flat,,,,base ability state,,ability-defined,,,,,,,,,high,"[""HSRC-0004"",""HSRC-0008""]",
mina_love_bites,damage_proc_modifier,damage,damage_proc_modifier,LovebitesProc,identifier,,,,base ability state,,ability-defined,,,,,,,,,medium,"[""HSRC-0004"",""HSRC-0008""]",Strukturierter Modifier-Verweis; die Modifier-Klasse selbst wurde nicht als ausformulierte Spielregel interpretiert.
mina_love_bites,damage_proc_modifier_buff_modifier,damage,damage_proc_modifier_buff_modifier,LovebitesBuff,identifier,,,,base ability state,,ability-defined,,,,,,,,,medium,"[""HSRC-0004"",""HSRC-0008""]",Strukturierter Modifier-Verweis; die Modifier-Klasse selbst wurde nicht als ausformulierte Spielregel interpretiert.
mina_love_bites,damage_proc_modifier_slow_modifier,damage,damage_proc_modifier_slow_modifier,Slowsf,identifier,,,,base ability state,,ability-defined,,,,,,,,,medium,"[""HSRC-0004"",""HSRC-0008""]",Strukturierter Modifier-Verweis; die Modifier-Klasse selbst wurde nicht als ausformulierte Spielregel interpretiert.
mina_love_bites,effectiveness_volume_scale_max,stat,effectiveness_volume_scale_max,1,percent,,,,base ability state,,ability-defined,,,,,,,,,high,"[""HSRC-0004"",""HSRC-0008""]",
mina_love_bites,effectiveness_volume_scale_min,stat,effectiveness_volume_scale_min,0.5,percent,,,,base ability state,,ability-defined,,,,,,,,,high,"[""HSRC-0004"",""HSRC-0008""]",
mina_love_bites,magic_damage_per_bullet,damage,magic_damage_per_bullet,4,damage,spirit,0.09,value = 4 + 0.09 * spirit,base ability state,,ability-defined,,,,,,,,,high,"[""HSRC-0004"",""HSRC-0008""]",
mina_love_bites,per_target_cooldown,cooldown,per_target_cooldown,10,seconds,cooldown,1,,base ability state,,ability-defined,,,,,,10,,,high,"[""HSRC-0004"",""HSRC-0008""]",
mina_nox_nostra,ability_cast_delay,stat,ability_cast_delay,0.5,seconds,,,,base ability state,,ability-defined,,,,,,,,,high,"[""HSRC-0004"",""HSRC-0008""]",
mina_nox_nostra,ability_cast_range,targeting,ability_cast_range,40,meters,range,1,,base ability state,,ability-defined,,,,,,,,,high,"[""HSRC-0004"",""HSRC-0008""]",
mina_nox_nostra,ability_cooldown,cooldown,ability_cooldown,150,seconds,cooldown,1,,base ability state,,ability-defined,,,,,,150,,,high,"[""HSRC-0004"",""HSRC-0008""]",
mina_nox_nostra,ability_unit_target_limit,targeting,ability_unit_target_limit,12,count,,,,base ability state,,ability-defined,,,,,,,,,high,"[""HSRC-0004"",""HSRC-0008""]",
mina_nox_nostra,air_drag,movement,air_drag,12,flat,,,,base ability state,,ability-defined,,,,,,,,,high,"[""HSRC-0004"",""HSRC-0008""]",
mina_nox_nostra,bat_count,summon,bat_count,75,count,,,,base ability state,,ability-defined,,,,,,,,,high,"[""HSRC-0004"",""HSRC-0008""]",
mina_nox_nostra,bat_count_per_wave,summon,bat_count_per_wave,1,count,,,,base ability state,,ability-defined,,,,,,,,,high,"[""HSRC-0004"",""HSRC-0008""]",
mina_nox_nostra,bat_effectiveness,summon,bat_effectiveness,0.2,percent,,,,base ability state,,ability-defined,,,,,,,,,high,"[""HSRC-0004"",""HSRC-0008""]",
mina_nox_nostra,bat_per_second,summon,bat_per_second,30,flat,,,,base ability state,,ability-defined,,,,,,,,,high,"[""HSRC-0004"",""HSRC-0008""]",
mina_nox_nostra,bat_spawn_radius,summon,bat_spawn_radius,1.5,meters,,,,base ability state,,ability-defined,,,,,,,,,high,"[""HSRC-0004"",""HSRC-0008""]",
mina_nox_nostra,bat_spawn_random_angle,summon,bat_spawn_random_angle,0.15,degrees,,,,base ability state,,ability-defined,,,,,,,,,high,"[""HSRC-0004"",""HSRC-0008""]",
mina_nox_nostra,bat_spawn_random_velocity,summon,bat_spawn_random_velocity,300,units_per_second,,,,base ability state,,ability-defined,,,,,,,,,high,"[""HSRC-0004"",""HSRC-0008""]",
mina_nox_nostra,bonus_bats_max,stat,bonus_bats_max,50,flat,,,,base ability state,,ability-defined,,,,,,,,,high,"[""HSRC-0004"",""HSRC-0008""]",
mina_nox_nostra,bonus_bats_per_proc,passive_proc,bonus_bats_per_proc,2,flat,,,,base ability state,,ability-defined,,,,,,,,,high,"[""HSRC-0004"",""HSRC-0008""]",
mina_nox_nostra,current_health_damage_cap_to_bosses,damage,current_health_damage_cap_to_bosses,20,health,,,,base ability state,,midboss,,Explicit boss-target field: 20 health.,,,,,,,high,"[""HSRC-0004"",""HSRC-0008""]",
mina_nox_nostra,damage,damage,damage,4.6,damage,spirit,0.094,value = 4.6 + 0.094 * spirit,base ability state,,ability-defined,,,,,,,,,high,"[""HSRC-0004"",""HSRC-0008""]",
mina_nox_nostra,debuff_duration,crowd_control,debuff_duration,1.25,seconds,duration,1,,base ability state,,ability-defined,,,,,1.25,,,,high,"[""HSRC-0004"",""HSRC-0008""]",
mina_nox_nostra,debuff_modifier,crowd_control,debuff_modifier,Debuff,identifier,,,,base ability state,,ability-defined,,,,,,,,,medium,"[""HSRC-0004"",""HSRC-0008""]",Strukturierter Modifier-Verweis; die Modifier-Klasse selbst wurde nicht als ausformulierte Spielregel interpretiert.
mina_nox_nostra,fall_speed_max,movement,fall_speed_max,1,units_per_second,,,,base ability state,,ability-defined,,,,,,,,,high,"[""HSRC-0004"",""HSRC-0008""]",
mina_nox_nostra,ground_acceleration_percentage,stat,ground_acceleration_percentage,-80,percent,,,,base ability state,,ability-defined,,,,,,,,,high,"[""HSRC-0004"",""HSRC-0008""]",
mina_nox_nostra,ground_frictio_npercentage,stat,ground_frictio_npercentage,-80,percent,,,,base ability state,,ability-defined,,,,,,,,,high,"[""HSRC-0004"",""HSRC-0008""]",
mina_nox_nostra,jump_ceiling_check_distance,movement,jump_ceiling_check_distance,11,meters,,,,base ability state,,ability-defined,,,,,,,,,high,"[""HSRC-0004"",""HSRC-0008""]",
mina_nox_nostra,jump_pitch,movement,jump_pitch,-60,flat,,,,base ability state,,ability-defined,,,,,,,,,high,"[""HSRC-0004"",""HSRC-0008""]",
mina_nox_nostra,jump_speed,movement,jump_speed,17,units_per_second,,,,base ability state,,ability-defined,,,,,,,,,high,"[""HSRC-0004"",""HSRC-0008""]",
mina_nox_nostra,lockon_cone_angle,targeting,lockon_cone_angle,40,degrees,,,,base ability state,,ability-defined,,,,,,,,,high,"[""HSRC-0004"",""HSRC-0008""]",
mina_nox_nostra,max_bat_targets,summon,max_bat_targets,2,count,,,,base ability state,,ability-defined,,,,,,,,,high,"[""HSRC-0004"",""HSRC-0008""]",
mina_nox_nostra,max_lockon_stacks,passive_proc,max_lockon_stacks,1,stacks,,,,base ability state,,ability-defined,,,,,,,,,high,"[""HSRC-0004"",""HSRC-0008""]",
mina_nox_nostra,not_in_cone_loses_lock,targeting,not_in_cone_loses_lock,1,degrees,,,,base ability state,,ability-defined,,,,,,,,,high,"[""HSRC-0004"",""HSRC-0008""]",
mina_nox_nostra,stacks_can_decay,passive_proc,stacks_can_decay,1,stacks,,,,base ability state,,ability-defined,,,,,,,,,high,"[""HSRC-0004"",""HSRC-0008""]",
mina_nox_nostra,targeting_cone_angle,targeting,targeting_cone_angle,20,degrees,,,,base ability state,,ability-defined,,,,,,,,,high,"[""HSRC-0004"",""HSRC-0008""]",
mina_nox_nostra,time_to_gain_lockon_stack,passive_proc,time_to_gain_lockon_stack,0.01,seconds,,,,base ability state,,ability-defined,,,,,,,,,high,"[""HSRC-0004"",""HSRC-0008""]",
mina_nox_nostra,time_to_lose_lockon_stack,passive_proc,time_to_lose_lockon_stack,0.3,seconds,,,,base ability state,,ability-defined,,,,,,,,,high,"[""HSRC-0004"",""HSRC-0008""]",
mina_nox_nostra,vertical_drag,movement,vertical_drag,1,flat,,,,base ability state,,ability-defined,,,,,,,,,high,"[""HSRC-0004"",""HSRC-0008""]",
mirage_fire_scarabs,ability_cast_delay,stat,ability_cast_delay,0.05,seconds,,,,base ability state,,ability-defined,,,,,,,,,high,"[""HSRC-0004"",""HSRC-0008""]",
mirage_fire_scarabs,ability_charges,charge,ability_charges,2,charges,max_charges,1,,base ability state,,ability-defined,,,,,,,,,high,"[""HSRC-0004"",""HSRC-0008""]",
mirage_fire_scarabs,ability_cooldown,cooldown,ability_cooldown,35,seconds,cooldown,1,,base ability state,,ability-defined,,,,,,35,,,high,"[""HSRC-0004"",""HSRC-0008""]",
mirage_fire_scarabs,ability_cooldown_between_charge,cooldown,ability_cooldown_between_charge,1,seconds,charge_cooldown,1,,base ability state,,ability-defined,,,,,,1,,,high,"[""HSRC-0004"",""HSRC-0008""]",
mirage_fire_scarabs,ability_unit_target_limit,targeting,ability_unit_target_limit,1,count,,,,base ability state,,ability-defined,,,,,,,,,high,"[""HSRC-0004"",""HSRC-0008""]",
mirage_fire_scarabs,dps,damage,dps,8,damage_per_second,spirit,0.1,value = 8 + 0.1 * spirit,base ability state,,ability-defined,,,,,,,,,high,"[""HSRC-0004"",""HSRC-0008""]",
mirage_fire_scarabs,max_stacks,passive_proc,max_stacks,100,stacks,,,,base ability state,,ability-defined,,,,100,,,,,high,"[""HSRC-0004"",""HSRC-0008""]",
mirage_fire_scarabs,outgoing_damage_penalty_percent,damage,outgoing_damage_penalty_percent,-20,percent,,,,base ability state,,ability-defined,,,,,,,,,high,"[""HSRC-0004"",""HSRC-0008""]",
mirage_fire_scarabs,stat_stolen_debuff_modifier,crowd_control,stat_stolen_debuff_modifier,MirageFireScarabsHealthLoss,identifier,,,,base ability state,,ability-defined,,,,,,,,,medium,"[""HSRC-0004"",""HSRC-0008""]",Strukturierter Modifier-Verweis; die Modifier-Klasse selbst wurde nicht als ausformulierte Spielregel interpretiert.
mirage_fire_scarabs,stat_stolen_debuff_modifier_enabled_state_mask_1,crowd_control,stat_stolen_debuff_modifier_enabled_state_mask_1,HasFirebeetlesDebuff,identifier,,,,base ability state,,ability-defined,,,,,,,,,high,"[""HSRC-0004"",""HSRC-0008""]",
mirage_fire_scarabs,steal_duration,stat,steal_duration,5,seconds,duration,1,,base ability state,,ability-defined,,,,,5,,,,high,"[""HSRC-0004"",""HSRC-0008""]",
mirage_dust_devil,ability_cast_delay,stat,ability_cast_delay,0.1,seconds,,,,base ability state,,ability-defined,,,,,,,,,high,"[""HSRC-0004"",""HSRC-0008""]",
mirage_dust_devil,ability_cast_range,targeting,ability_cast_range,20,meters,range,1,,base ability state,,ability-defined,,,,,,,,,high,"[""HSRC-0004"",""HSRC-0008""]",
mirage_dust_devil,ability_cooldown,cooldown,ability_cooldown,36,seconds,cooldown,1,,base ability state,,ability-defined,,,,,,36,,,high,"[""HSRC-0004"",""HSRC-0008""]",
mirage_dust_devil,ability_unit_target_limit,targeting,ability_unit_target_limit,1,count,,,,base ability state,,ability-defined,,,,,,,,,high,"[""HSRC-0004"",""HSRC-0008""]",
mirage_dust_devil,climb_height,stat,climb_height,1,meters,,,,base ability state,,ability-defined,,,,,,,,,high,"[""HSRC-0004"",""HSRC-0008""]",
mirage_dust_devil,damage,damage,damage,65,damage,spirit,0.3,value = 65 + 0.3 * spirit,base ability state,,ability-defined,,,,,,,,,high,"[""HSRC-0004"",""HSRC-0008""]",
mirage_dust_devil,damping_factor,stat,damping_factor,0.1,multiplier,,,,base ability state,,ability-defined,,,,,,,,,high,"[""HSRC-0004"",""HSRC-0008""]",
mirage_dust_devil,distance_above_ground,stat,distance_above_ground,0.5,meters,,,,base ability state,,ability-defined,,,,,,,,,high,"[""HSRC-0004"",""HSRC-0008""]",
mirage_dust_devil,drop_down_rate,stat,drop_down_rate,10,flat,,,,base ability state,,ability-defined,,,,,,,,,high,"[""HSRC-0004"",""HSRC-0008""]",
mirage_dust_devil,enemy_lift_duration,stat,enemy_lift_duration,0.2,seconds,,,,base ability state,,ability-defined,,,,,0.2,,,,high,"[""HSRC-0004"",""HSRC-0008""]",
mirage_dust_devil,hold_in_place_duration,stat,hold_in_place_duration,0.3,seconds,duration,1,,base ability state,,ability-defined,,,,,0.3,,,,high,"[""HSRC-0004"",""HSRC-0008""]",
mirage_dust_devil,lift_height,stat,lift_height,3,meters,,,,base ability state,,ability-defined,,,,,,,,,high,"[""HSRC-0004"",""HSRC-0008""]",
mirage_dust_devil,max_delta_movement_control,movement,max_delta_movement_control,2,flat,,,,base ability state,,ability-defined,,,,,,,,,high,"[""HSRC-0004"",""HSRC-0008""]",
mirage_dust_devil,open_height,stat,open_height,8,meters,,,,base ability state,,ability-defined,,,,,,,,,high,"[""HSRC-0004"",""HSRC-0008""]",
mirage_dust_devil,projectile_think_interval,stat,projectile_think_interval,0.01,seconds,,,,base ability state,,ability-defined,,,,,,,,,high,"[""HSRC-0004"",""HSRC-0008""]",
mirage_dust_devil,radius,targeting,radius,4,meters,radius,1,,base ability state,,ability-defined,,,,,,,,,high,"[""HSRC-0004"",""HSRC-0008""]",
mirage_dust_devil,slow_duration,crowd_control,slow_duration,3,seconds,duration,1,,base ability state,,ability-defined,,,,,3,,,,high,"[""HSRC-0004"",""HSRC-0008""]",
mirage_dust_devil,slow_percent,crowd_control,slow_percent,30,percent,,,,base ability state,,ability-defined,,,,,,,,,high,"[""HSRC-0004"",""HSRC-0008""]",
mirage_dust_devil,tick_rate,stat,tick_rate,0.25,seconds,,,,base ability state,,ability-defined,,,,,,,,0.25,high,"[""HSRC-0004"",""HSRC-0008""]",
mirage_dust_devil,tornado_speed,movement,tornado_speed,24,units_per_second,,,,base ability state,,ability-defined,,,,,,,,,high,"[""HSRC-0004"",""HSRC-0008""]",
mirage_dust_devil,whirlwind_duration,stat,whirlwind_duration,4,seconds,duration,1,,base ability state,,ability-defined,,,,,4,,,,high,"[""HSRC-0004"",""HSRC-0008""]",
mirage_dust_devil,whirlwind_evasion_chance,defense,whirlwind_evasion_chance,30,flat,,,,base ability state,,ability-defined,,,,,,,,,high,"[""HSRC-0004"",""HSRC-0008""]",
mirage_dust_devil,whirlwind_evasion_modifier,defense,whirlwind_evasion_modifier,MirageTornadoEvasion,identifier,,,,base ability state,,ability-defined,,,,,,,,,medium,"[""HSRC-0004"",""HSRC-0008""]",Strukturierter Modifier-Verweis; die Modifier-Klasse selbst wurde nicht als ausformulierte Spielregel interpretiert.
mirage_djinn_s_mark,ability_cooldown,cooldown,ability_cooldown,2.75,seconds,cooldown,1,,base ability state,,ability-defined,,,,,,2.75,,,high,"[""HSRC-0004"",""HSRC-0008""]",
mirage_djinn_s_mark,ability_unit_target_limit,targeting,ability_unit_target_limit,1,count,,,,base ability state,,ability-defined,,,,,,,,,high,"[""HSRC-0004"",""HSRC-0008""]",
mirage_djinn_s_mark,auto_intrinsic_modifiers_1,special_rule,auto_intrinsic_modifiers_1,MirageSandPhantomProc,identifier,,,,base ability state,,ability-defined,,,,,,,,,medium,"[""HSRC-0004"",""HSRC-0008""]",Strukturierter Modifier-Verweis; die Modifier-Klasse selbst wurde nicht als ausformulierte Spielregel interpretiert.
mirage_djinn_s_mark,auto_intrinsic_modifiers_1_max_bullets_to_proc_in_shot,passive_proc,auto_intrinsic_modifiers_1_max_bullets_to_proc_in_shot,1,flat,,,,base ability state,,ability-defined,,,,,,,,,high,"[""HSRC-0004"",""HSRC-0008""]",
mirage_djinn_s_mark,auto_intrinsic_modifiers_1_proc_ready_modifier,passive_proc,auto_intrinsic_modifiers_1_proc_ready_modifier,MirageSandPhantomProcReady,identifier,,,,base ability state,,ability-defined,,,,,,,,,medium,"[""HSRC-0004"",""HSRC-0008""]",Strukturierter Modifier-Verweis; die Modifier-Klasse selbst wurde nicht als ausformulierte Spielregel interpretiert.
mirage_djinn_s_mark,auto_intrinsic_modifiers_1_passive_victim_modifier,special_rule,auto_intrinsic_modifiers_1_passive_victim_modifier,MirageSandPhantomPassiveVictim,identifier,,,,base ability state,,ability-defined,,,,,,,,,medium,"[""HSRC-0004"",""HSRC-0008""]",Strukturierter Modifier-Verweis; die Modifier-Klasse selbst wurde nicht als ausformulierte Spielregel interpretiert.
mirage_djinn_s_mark,auto_intrinsic_modifiers_1_passive_victim_modifier_slow_modifier,crowd_control,auto_intrinsic_modifiers_1_passive_victim_modifier_slow_modifier,MirageDjinnsMarkSlow,identifier,,,,base ability state,,ability-defined,,,,,,,,,medium,"[""HSRC-0004"",""HSRC-0008""]",Strukturierter Modifier-Verweis; die Modifier-Klasse selbst wurde nicht als ausformulierte Spielregel interpretiert.
mirage_djinn_s_mark,d_mark_multiplier_per_stack,passive_proc,d_mark_multiplier_per_stack,2,multiplier,,,,base ability state,,ability-defined,,,,,,,,,high,"[""HSRC-0004"",""HSRC-0008""]",
mirage_djinn_s_mark,max_stacks,passive_proc,max_stacks,4,stacks,,,,base ability state,,ability-defined,,,,4,,,,,high,"[""HSRC-0004"",""HSRC-0008""]",
mirage_djinn_s_mark,proc_chance,passive_proc,proc_chance,100,flat,,,,base ability state,,ability-defined,,,,,,,,,high,"[""HSRC-0004"",""HSRC-0008""]",
mirage_djinn_s_mark,proc_cooldown,cooldown,proc_cooldown,2.75,seconds,cooldown,1,,base ability state,,ability-defined,,,,,,2.75,,,high,"[""HSRC-0004"",""HSRC-0008""]",
mirage_djinn_s_mark,proc_damage_base,damage,proc_damage_base,11,damage,spirit,0.35,value = 11 + 0.35 * spirit,base ability state,,ability-defined,,,,,,,,,high,"[""HSRC-0004"",""HSRC-0008""]",
mirage_djinn_s_mark,proc_max_range,targeting,proc_max_range,40,meters,,,,base ability state,,ability-defined,,,,,,,,,high,"[""HSRC-0004"",""HSRC-0008""]",
mirage_djinn_s_mark,reveal_duration,stat,reveal_duration,6,seconds,duration,1,,base ability state,,ability-defined,,,,,6,,,,high,"[""HSRC-0004"",""HSRC-0008""]",
mirage_djinn_s_mark,victim_stack_duration,passive_proc,victim_stack_duration,5,seconds,duration,1,,base ability state,,ability-defined,,,,,5,,,,high,"[""HSRC-0004"",""HSRC-0008""]",
mirage_traveler,ability_cooldown,cooldown,ability_cooldown,140,seconds,cooldown,1,,base ability state,,ability-defined,,,,,,140,,,high,"[""HSRC-0004"",""HSRC-0008""]",
mirage_traveler,ability_unit_target_limit,targeting,ability_unit_target_limit,1,count,,,,base ability state,,ability-defined,,,,,,,,,high,"[""HSRC-0004"",""HSRC-0008""]",
mirage_traveler,buff_modifier,special_rule,buff_modifier,MirageTeleportMovementSpeed,identifier,,,,base ability state,,ability-defined,,,,,,,,,medium,"[""HSRC-0004"",""HSRC-0008""]",Strukturierter Modifier-Verweis; die Modifier-Klasse selbst wurde nicht als ausformulierte Spielregel interpretiert.
mirage_traveler,combat_barrier,summon,combat_barrier,0,health,spirit,0,,base ability state,,ability-defined,,,,,,,,,high,"[""HSRC-0004"",""HSRC-0008""]",
mirage_traveler,immunity_modifier,defense,immunity_modifier,Unstoppable,identifier,,,,base ability state,,ability-defined,,,,,,,,,medium,"[""HSRC-0004"",""HSRC-0008""]",Strukturierter Modifier-Verweis; die Modifier-Klasse selbst wurde nicht als ausformulierte Spielregel interpretiert.
mirage_traveler,immunity_modifier_enabled_state_mask_1,defense,immunity_modifier_enabled_state_mask_1,StatusImmune,identifier,,,,base ability state,,ability-defined,,,,,,,,,high,"[""HSRC-0004"",""HSRC-0008""]",
mirage_traveler,immunity_modifier_enabled_state_mask_2,defense,immunity_modifier_enabled_state_mask_2,SlowImmune,identifier,,,,base ability state,,ability-defined,,,,,,,,,high,"[""HSRC-0004"",""HSRC-0008""]",
mirage_traveler,immunity_modifier_enabled_state_mask_3,defense,immunity_modifier_enabled_state_mask_3,KnockdownImmune,identifier,,,,base ability state,,ability-defined,,,,,,,,,high,"[""HSRC-0004"",""HSRC-0008""]",
mirage_traveler,immunity_modifier_enabled_state_mask_4,defense,immunity_modifier_enabled_state_mask_4,Unstoppable,identifier,,,,base ability state,,ability-defined,,,,,,,,,high,"[""HSRC-0004"",""HSRC-0008""]",
mirage_traveler,immunity_modifier_disabled_state_mask_1,defense,immunity_modifier_disabled_state_mask_1,Disarmed,identifier,,,,base ability state,,ability-defined,,,,,,,,,high,"[""HSRC-0004"",""HSRC-0008""]",
mirage_traveler,immunity_modifier_disabled_state_mask_2,defense,immunity_modifier_disabled_state_mask_2,Muted,identifier,,,,base ability state,,ability-defined,,,,,,,,,high,"[""HSRC-0004"",""HSRC-0008""]",
mirage_traveler,immunity_modifier_disabled_state_mask_3,defense,immunity_modifier_disabled_state_mask_3,Silenced,identifier,,,,base ability state,,ability-defined,,,,,,,,,high,"[""HSRC-0004"",""HSRC-0008""]",
mirage_traveler,immunity_modifier_disabled_state_mask_4,defense,immunity_modifier_disabled_state_mask_4,SilenceMovementAbilites,identifier,,,,base ability state,,ability-defined,,,,,,,,,high,"[""HSRC-0004"",""HSRC-0008""]",
mirage_traveler,immunity_modifier_disabled_state_mask_5,defense,immunity_modifier_disabled_state_mask_5,Slowed,identifier,,,,base ability state,,ability-defined,,,,,,,,,high,"[""HSRC-0004"",""HSRC-0008""]",
mirage_traveler,immunity_modifier_disabled_state_mask_6,defense,immunity_modifier_disabled_state_mask_6,Glitched,identifier,,,,base ability state,,ability-defined,,,,,,,,,high,"[""HSRC-0004"",""HSRC-0008""]",
mirage_traveler,immunity_modifier_disabled_state_mask_7,defense,immunity_modifier_disabled_state_mask_7,MeleeDisabledDebuff,identifier,,,,base ability state,,ability-defined,,,,,,,,,high,"[""HSRC-0004"",""HSRC-0008""]",
mirage_traveler,immunity_modifier_disabled_state_mask_8,defense,immunity_modifier_disabled_state_mask_8,DashDisabledDebuff,identifier,,,,base ability state,,ability-defined,,,,,,,,,high,"[""HSRC-0004"",""HSRC-0008""]",
mirage_traveler,interrupt_cooldown,cooldown,interrupt_cooldown,4,seconds,,,,base ability state,,ability-defined,,,,,,4,,,high,"[""HSRC-0004"",""HSRC-0008""]",
mirage_traveler,interrupt_notification_modifier,special_rule,interrupt_notification_modifier,Notification,identifier,,,,base ability state,,ability-defined,,,,,,,,,medium,"[""HSRC-0004"",""HSRC-0008""]",Strukturierter Modifier-Verweis; die Modifier-Klasse selbst wurde nicht als ausformulierte Spielregel interpretiert.
mirage_traveler,interrupt_notification_modifier_duration,stat,interrupt_notification_modifier_duration,2,seconds,,,,base ability state,,ability-defined,,,,,2,,,,high,"[""HSRC-0004"",""HSRC-0008""]",
mirage_traveler,search_radius,targeting,search_radius,30,meters,,,,base ability state,,ability-defined,,,,,,,,,high,"[""HSRC-0004"",""HSRC-0008""]",
mirage_traveler,teleport_completed_time,movement,teleport_completed_time,2,seconds,,,,base ability state,,ability-defined,,,,,,,,,high,"[""HSRC-0004"",""HSRC-0008""]",
mo_and_krill_scorn,ability_cast_delay,stat,ability_cast_delay,0.2,seconds,,,,base ability state,,ability-defined,,,,,,,,,high,"[""HSRC-0004"",""HSRC-0008""]",
mo_and_krill_scorn,ability_cooldown,cooldown,ability_cooldown,13,seconds,cooldown,1,,base ability state,,ability-defined,,,,,,13,,,high,"[""HSRC-0004"",""HSRC-0008""]",
mo_and_krill_scorn,ability_unit_target_limit,targeting,ability_unit_target_limit,1,count,,,,base ability state,,ability-defined,,,,,,,,,high,"[""HSRC-0004"",""HSRC-0008""]",
mo_and_krill_scorn,channel_move_speed,movement,channel_move_speed,1.3,units_per_second,,,,base ability state,,ability-defined,,,,,,,,,high,"[""HSRC-0004"",""HSRC-0008""]",
mo_and_krill_scorn,damage,damage,damage,50,damage,spirit,0.75,value = 50 + 0.75 * spirit,base ability state,,ability-defined,,,,,,,,,high,"[""HSRC-0004"",""HSRC-0008""]",
mo_and_krill_scorn,damage_heal_mult,damage,damage_heal_mult,1.2,multiplier,healing,1,,base ability state,,ability-defined,,,,,,,,,high,"[""HSRC-0004"",""HSRC-0008""]",
mo_and_krill_scorn,damage_heal_mult_non_hero,damage,damage_heal_mult_non_hero,0.35,multiplier,healing,1,,base ability state,,nonhero_unit,Explicit structured field: 0.35 multiplier.,,,,,,,,high,"[""HSRC-0004"",""HSRC-0008""]",
mo_and_krill_scorn,debuff_modifier,crowd_control,debuff_modifier,IntimidateDebuff,identifier,,,,base ability state,,ability-defined,,,,,,,,,medium,"[""HSRC-0004"",""HSRC-0008""]",Strukturierter Modifier-Verweis; die Modifier-Klasse selbst wurde nicht als ausformulierte Spielregel interpretiert.
mo_and_krill_scorn,enemy_modifier,special_rule,enemy_modifier,Intimidated,identifier,,,,base ability state,,ability-defined,,,,,,,,,medium,"[""HSRC-0004"",""HSRC-0008""]",Strukturierter Modifier-Verweis; die Modifier-Klasse selbst wurde nicht als ausformulierte Spielregel interpretiert.
mo_and_krill_scorn,radius,targeting,radius,9,meters,range,1,,base ability state,,ability-defined,,,,,,,,,high,"[""HSRC-0004"",""HSRC-0008""]",
mo_and_krill_scorn,tick_rate,stat,tick_rate,0.1,seconds,,,,base ability state,,ability-defined,,,,,,,,0.1,high,"[""HSRC-0004"",""HSRC-0008""]",
mo_and_krill_burrow,ability_cast_delay,stat,ability_cast_delay,1,seconds,,,,base ability state,,ability-defined,,,,,,,,,high,"[""HSRC-0004"",""HSRC-0008""]",
mo_and_krill_burrow,ability_channel_time,stat,ability_channel_time,5,seconds,duration,1,,base ability state,,ability-defined,,,,,,,,,high,"[""HSRC-0004"",""HSRC-0008""]",
mo_and_krill_burrow,ability_cooldown,cooldown,ability_cooldown,40,seconds,cooldown,1,,base ability state,,ability-defined,,,,,,40,,,high,"[""HSRC-0004"",""HSRC-0008""]",
mo_and_krill_burrow,ability_unit_target_limit,targeting,ability_unit_target_limit,1,count,,,,base ability state,,ability-defined,,,,,,,,,high,"[""HSRC-0004"",""HSRC-0008""]",
mo_and_krill_burrow,bonus_move_speed,movement,bonus_move_speed,5,units_per_second,,,,base ability state,,ability-defined,,,,,,,,,high,"[""HSRC-0004"",""HSRC-0008""]",
mo_and_krill_burrow,bullet_resist,defense,bullet_resist,60,percent,,,,base ability state,,ability-defined,,,,,,,,,high,"[""HSRC-0004"",""HSRC-0008""]",
mo_and_krill_burrow,burrow_modifier,special_rule,burrow_modifier,Burrow,identifier,,,,base ability state,,ability-defined,,,,,,,,,medium,"[""HSRC-0004"",""HSRC-0008""]",Strukturierter Modifier-Verweis; die Modifier-Klasse selbst wurde nicht als ausformulierte Spielregel interpretiert.
mo_and_krill_burrow,burrow_modifier_enabled_state_mask_1,stat,burrow_modifier_enabled_state_mask_1,Sprinting,identifier,,,,base ability state,,ability-defined,,,,,,,,,high,"[""HSRC-0004"",""HSRC-0008""]",
mo_and_krill_burrow,burrow_modifier_enabled_state_mask_2,stat,burrow_modifier_enabled_state_mask_2,DamageMovementPenaltyImmune,identifier,,,,base ability state,,ability-defined,,,,,,,,,high,"[""HSRC-0004"",""HSRC-0008""]",
mo_and_krill_burrow,burrow_modifier_enabled_state_mask_3,stat,burrow_modifier_enabled_state_mask_3,MantleDisabled,identifier,,,,base ability state,,ability-defined,,,,,,,,,high,"[""HSRC-0004"",""HSRC-0008""]",
mo_and_krill_burrow,burrow_modifier_enabled_state_mask_4,stat,burrow_modifier_enabled_state_mask_4,MeleeDisabled,identifier,,,,base ability state,,ability-defined,,,,,,,,,high,"[""HSRC-0004"",""HSRC-0008""]",
mo_and_krill_burrow,burrow_modifier_enabled_state_mask_5,stat,burrow_modifier_enabled_state_mask_5,DashDisabled,identifier,,,,base ability state,,ability-defined,,,,,,,,,high,"[""HSRC-0004"",""HSRC-0008""]",
mo_and_krill_burrow,burrow_modifier_enabled_state_mask_6,stat,burrow_modifier_enabled_state_mask_6,DuckingDisabled,identifier,,,,base ability state,,ability-defined,,,,,,,,,high,"[""HSRC-0004"",""HSRC-0008""]",
mo_and_krill_burrow,burrow_modifier_enabled_state_mask_7,stat,burrow_modifier_enabled_state_mask_7,ZiplineDisabled,identifier,,,,base ability state,,ability-defined,,,,,,,,,high,"[""HSRC-0004"",""HSRC-0008""]",
mo_and_krill_burrow,burrow_modifier_enabled_state_mask_8,stat,burrow_modifier_enabled_state_mask_8,AllowInTunnelsNoDuck,identifier,,,,base ability state,,ability-defined,,,,,,,,,high,"[""HSRC-0004"",""HSRC-0008""]",
mo_and_krill_burrow,burrow_modifier_enabled_state_mask_9,stat,burrow_modifier_enabled_state_mask_9,ShrunkCharacter,identifier,,,,base ability state,,ability-defined,,,,,,,,,high,"[""HSRC-0004"",""HSRC-0008""]",
mo_and_krill_burrow,burrow_modifier_enabled_state_mask_10,stat,burrow_modifier_enabled_state_mask_10,IsTinyCharacter,identifier,,,,base ability state,,ability-defined,,,,,,,,,high,"[""HSRC-0004"",""HSRC-0008""]",
mo_and_krill_burrow,burrow_modifier_desat_amount,stat,burrow_modifier_desat_amount,0.3,flat,,,,base ability state,,ability-defined,,,,,,,,,high,"[""HSRC-0004"",""HSRC-0008""]",
mo_and_krill_burrow,dps,damage,dps,75,damage_per_second,spirit,1.488,value = 75 + 1.488 * spirit,base ability state,,ability-defined,,,,,,,,,high,"[""HSRC-0004"",""HSRC-0008""]",
mo_and_krill_burrow,enemy_damage_speed_penalty,damage,enemy_damage_speed_penalty,0.5,units_per_second,,,,base ability state,,ability-defined,,,,,,,,,high,"[""HSRC-0004"",""HSRC-0008""]",
mo_and_krill_burrow,radius,targeting,radius,5,meters,radius,1,,base ability state,,ability-defined,,,,,,,,,high,"[""HSRC-0004"",""HSRC-0008""]",
mo_and_krill_burrow,speed_lost_duration,movement,speed_lost_duration,1,seconds,,,,base ability state,,ability-defined,,,,,1,,,,high,"[""HSRC-0004"",""HSRC-0008""]",
mo_and_krill_burrow,spin_duration,stat,spin_duration,1.5,seconds,duration,1,,base ability state,,ability-defined,,,,,1.5,,,,high,"[""HSRC-0004"",""HSRC-0008""]",
mo_and_krill_burrow,spin_modifier,special_rule,spin_modifier,Spin,identifier,,,,base ability state,,ability-defined,,,,,,,,,medium,"[""HSRC-0004"",""HSRC-0008""]",Strukturierter Modifier-Verweis; die Modifier-Klasse selbst wurde nicht als ausformulierte Spielregel interpretiert.
mo_and_krill_burrow,spin_modifier_slow_modifier,crowd_control,spin_modifier_slow_modifier,Slow,identifier,,,,base ability state,,ability-defined,,,,,,,,,medium,"[""HSRC-0004"",""HSRC-0008""]",Strukturierter Modifier-Verweis; die Modifier-Klasse selbst wurde nicht als ausformulierte Spielregel interpretiert.
mo_and_krill_burrow,spin_slow_duration,crowd_control,spin_slow_duration,0.3,seconds,,,,base ability state,,ability-defined,,,,,0.3,,,,high,"[""HSRC-0004"",""HSRC-0008""]",
mo_and_krill_burrow,spin_slow_percent,crowd_control,spin_slow_percent,10,percent,,,,base ability state,,ability-defined,,,,,,,,,high,"[""HSRC-0004"",""HSRC-0008""]",
mo_and_krill_burrow,tech_resist,defense,tech_resist,30,percent,,,,base ability state,,ability-defined,,,,,,,,,high,"[""HSRC-0004"",""HSRC-0008""]",
mo_and_krill_burrow,tick_rate,stat,tick_rate,0.1,seconds,,,,base ability state,,ability-defined,,,,,,,,0.1,high,"[""HSRC-0004"",""HSRC-0008""]",
mo_and_krill_burrow,toss_duration,movement,toss_duration,1,seconds,,,,base ability state,,ability-defined,,,,,1,,,,high,"[""HSRC-0004"",""HSRC-0008""]",
mo_and_krill_burrow,up_force,stat,up_force,250,flat,,,,base ability state,,ability-defined,,,,,,,,,high,"[""HSRC-0004"",""HSRC-0008""]",
mo_and_krill_sand_blast,ability_cast_delay,stat,ability_cast_delay,0.15,seconds,,,,base ability state,,ability-defined,,,,,,,,,high,"[""HSRC-0004"",""HSRC-0008""]",
mo_and_krill_sand_blast,ability_cast_range,targeting,ability_cast_range,25,meters,range,1,,base ability state,,ability-defined,,,,,,,,,high,"[""HSRC-0004"",""HSRC-0008""]",
mo_and_krill_sand_blast,ability_cooldown,cooldown,ability_cooldown,40,seconds,cooldown,1,,base ability state,,ability-defined,,,,,,40,,,high,"[""HSRC-0004"",""HSRC-0008""]",
mo_and_krill_sand_blast,ability_duration,stat,ability_duration,2.5,seconds,duration,1,,base ability state,,ability-defined,,,,,2.5,,,,high,"[""HSRC-0004"",""HSRC-0008""]",
mo_and_krill_sand_blast,ability_unit_target_limit,targeting,ability_unit_target_limit,1,count,,,,base ability state,,ability-defined,,,,,,,,,high,"[""HSRC-0004"",""HSRC-0008""]",
mo_and_krill_sand_blast,channel_move_speed,movement,channel_move_speed,1.3,units_per_second,,,,base ability state,,ability-defined,,,,,,,,,high,"[""HSRC-0004"",""HSRC-0008""]",
mo_and_krill_sand_blast,damage,damage,damage,40,damage,,,,base ability state,,ability-defined,,,,,,,,,high,"[""HSRC-0004"",""HSRC-0008""]",
mo_and_krill_sand_blast,debuff_modifier,crowd_control,debuff_modifier,CitadelThrowSandDebuff,identifier,,,,base ability state,,ability-defined,,,,,,,,,medium,"[""HSRC-0004"",""HSRC-0008""]",Strukturierter Modifier-Verweis; die Modifier-Klasse selbst wurde nicht als ausformulierte Spielregel interpretiert.
mo_and_krill_sand_blast,growth_per_meter,stat,growth_per_meter,0.5,flat,,,,base ability state,,ability-defined,,,,,,,,,high,"[""HSRC-0004"",""HSRC-0008""]",
mo_and_krill_sand_blast,height_off_ground,stat,height_off_ground,20,meters,,,,base ability state,,ability-defined,,,,,,,,,high,"[""HSRC-0004"",""HSRC-0008""]",
mo_and_krill_sand_blast,initial_width,stat,initial_width,5,meters,,,,base ability state,,ability-defined,,,,,,,,,high,"[""HSRC-0004"",""HSRC-0008""]",
mo_and_krill_combo,ability_cast_range,targeting,ability_cast_range,4,meters,range,1,,base ability state,,ability-defined,,,,,,,,,high,"[""HSRC-0004"",""HSRC-0008""]",
mo_and_krill_combo,ability_channel_time,stat,ability_channel_time,2.4,seconds,duration,1,,base ability state,,ability-defined,,,,,,,,,high,"[""HSRC-0004"",""HSRC-0008""]",
mo_and_krill_combo,ability_cooldown,cooldown,ability_cooldown,150,seconds,cooldown,1,,base ability state,,ability-defined,,,,,,150,,,high,"[""HSRC-0004"",""HSRC-0008""]",
mo_and_krill_combo,ability_unit_target_limit,targeting,ability_unit_target_limit,1,count,,,,base ability state,,ability-defined,,,,,,,,,high,"[""HSRC-0004"",""HSRC-0008""]",
mo_and_krill_combo,bonus_health_on_kill,healing,bonus_health_on_kill,40,health,power_increase,2,,base ability state,,ability-defined,,,,,,,,,high,"[""HSRC-0004"",""HSRC-0008""]",
mo_and_krill_combo,dps,damage,dps,40,damage_per_second,spirit,0.6,value = 40 + 0.6 * spirit,base ability state,,ability-defined,,,,,,,,,high,"[""HSRC-0004"",""HSRC-0008""]",
mo_and_krill_combo,kill_check_modifier,special_rule,kill_check_modifier,KillcheckModifier,identifier,,,,base ability state,,ability-defined,,,,,,,,,medium,"[""HSRC-0004"",""HSRC-0008""]",Strukturierter Modifier-Verweis; die Modifier-Klasse selbst wurde nicht als ausformulierte Spielregel interpretiert.
mo_and_krill_combo,self_modifier,special_rule,self_modifier,UltComboSelf,identifier,,,,base ability state,,ability-defined,,,,,,,,,medium,"[""HSRC-0004"",""HSRC-0008""]",Strukturierter Modifier-Verweis; die Modifier-Klasse selbst wurde nicht als ausformulierte Spielregel interpretiert.
mo_and_krill_combo,self_modifier_enabled_state_mask_1,stat,self_modifier_enabled_state_mask_1,ForceCanParry,identifier,,,,base ability state,,ability-defined,,,,,,,,,high,"[""HSRC-0004"",""HSRC-0008""]",
mo_and_krill_combo,target_modifier,targeting,target_modifier,UltComboTarget,identifier,,,,base ability state,,ability-defined,,,,,,,,,medium,"[""HSRC-0004"",""HSRC-0008""]",Strukturierter Modifier-Verweis; die Modifier-Klasse selbst wurde nicht als ausformulierte Spielregel interpretiert.
mo_and_krill_combo,target_modifier_target_pos_distance,targeting,target_modifier_target_pos_distance,100,meters,,,,base ability state,,ability-defined,,,,,,,,,high,"[""HSRC-0004"",""HSRC-0008""]",
mo_and_krill_combo,target_modifier_target_pos_range,targeting,target_modifier_target_pos_range,20,meters,,,,base ability state,,ability-defined,,,,,,,,,high,"[""HSRC-0004"",""HSRC-0008""]",
paige_bookwyrm,ability_cast_delay,stat,ability_cast_delay,0.1,seconds,,,,base ability state,,ability-defined,,,,,,,,,high,"[""HSRC-0004"",""HSRC-0008""]",
paige_bookwyrm,ability_charges,charge,ability_charges,1,charges,max_charges,1,,base ability state,,ability-defined,,,,,,,,,high,"[""HSRC-0004"",""HSRC-0008""]",
paige_bookwyrm,ability_cooldown,cooldown,ability_cooldown,33,seconds,cooldown,1,,base ability state,,ability-defined,,,,,,33,,,high,"[""HSRC-0004"",""HSRC-0008""]",
paige_bookwyrm,ability_cooldown_between_charge,cooldown,ability_cooldown_between_charge,7,seconds,charge_cooldown,1,,base ability state,,ability-defined,,,,,,7,,,high,"[""HSRC-0004"",""HSRC-0008""]",
paige_bookwyrm,ability_duration,stat,ability_duration,5,seconds,duration,1,,base ability state,,ability-defined,,,,,5,,,,high,"[""HSRC-0004"",""HSRC-0008""]",
paige_bookwyrm,ability_unit_target_limit,targeting,ability_unit_target_limit,1,count,,,,base ability state,,ability-defined,,,,,,,,,high,"[""HSRC-0004"",""HSRC-0008""]",
paige_bookwyrm,aura_linger_duration,stat,aura_linger_duration,0.1,seconds,,,,base ability state,,ability-defined,,,,,0.1,,,,high,"[""HSRC-0004"",""HSRC-0008""]",
paige_bookwyrm,dps,damage,dps,30,damage_per_second,spirit,0.3,value = 30 + 0.3 * spirit,base ability state,,ability-defined,,,,,,,,,high,"[""HSRC-0004"",""HSRC-0008""]",
paige_bookwyrm,damage,damage,damage,60,damage,spirit,1.3,value = 60 + 1.3 * spirit,base ability state,,ability-defined,,,,,,,,,high,"[""HSRC-0004"",""HSRC-0008""]",
paige_bookwyrm,debuff_duration,crowd_control,debuff_duration,1.5,seconds,,,,base ability state,,ability-defined,,,,,1.5,,,,high,"[""HSRC-0004"",""HSRC-0008""]",
paige_bookwyrm,dragon_cone_range,movement,dragon_cone_range,5,degrees,,,,base ability state,,ability-defined,,,,,,,,,high,"[""HSRC-0004"",""HSRC-0008""]",
paige_bookwyrm,dragon_range_per_second,movement,dragon_range_per_second,500,meters,,,,base ability state,,ability-defined,,,,,,,,,high,"[""HSRC-0004"",""HSRC-0008""]",
paige_bookwyrm,dragon_search_radius,movement,dragon_search_radius,8.5,meters,,,,base ability state,,ability-defined,,,,,,,,,high,"[""HSRC-0004"",""HSRC-0008""]",
paige_bookwyrm,dragon_search_tick_rate,movement,dragon_search_tick_rate,0.1,seconds,,,,base ability state,,ability-defined,,,,,,,,0.1,high,"[""HSRC-0004"",""HSRC-0008""]",
paige_bookwyrm,dragon_travel_range,movement,dragon_travel_range,20,meters,range,1,,base ability state,,ability-defined,,,,,,,,,high,"[""HSRC-0004"",""HSRC-0008""]",
paige_bookwyrm,dragon_upward_speed,movement,dragon_upward_speed,400,units_per_second,,,,base ability state,,ability-defined,,,,,,,,,high,"[""HSRC-0004"",""HSRC-0008""]",
paige_bookwyrm,ground_aura_modifier,special_rule,ground_aura_modifier,Groundaura,identifier,,,,base ability state,,ability-defined,,,,,,,,,medium,"[""HSRC-0004"",""HSRC-0008""]",Strukturierter Modifier-Verweis; die Modifier-Klasse selbst wurde nicht als ausformulierte Spielregel interpretiert.
paige_bookwyrm,ground_aura_spacing,stat,ground_aura_spacing,2,meters,range,1,,base ability state,,ability-defined,,,,,,,,,high,"[""HSRC-0004"",""HSRC-0008""]",
paige_bookwyrm,ground_flame_duration,stat,ground_flame_duration,3,seconds,duration,1,,base ability state,,ability-defined,,,,,3,,,,high,"[""HSRC-0004"",""HSRC-0008""]",
paige_bookwyrm,radius,targeting,radius,4,meters,range,1,,base ability state,,ability-defined,,,,,,,,,high,"[""HSRC-0004"",""HSRC-0008""]",
paige_bookwyrm,startup_delay,stat,startup_delay,0.3,seconds,,,,base ability state,,ability-defined,,,,,,,,,high,"[""HSRC-0004"",""HSRC-0008""]",
paige_bookwyrm,tick_rate,stat,tick_rate,0.3,seconds,,,,base ability state,,ability-defined,,,,,,,,0.3,high,"[""HSRC-0004"",""HSRC-0008""]",
paige_plot_armor,ability_cast_delay,stat,ability_cast_delay,0.1,seconds,,,,base ability state,,ability-defined,,,,,,,,,high,"[""HSRC-0004"",""HSRC-0008""]",
paige_plot_armor,ability_cast_range,targeting,ability_cast_range,35,meters,range,1,,base ability state,,ability-defined,,,,,,,,,high,"[""HSRC-0004"",""HSRC-0008""]",
paige_plot_armor,ability_cooldown,cooldown,ability_cooldown,28,seconds,cooldown,1,,base ability state,,ability-defined,,,,,,28,,,high,"[""HSRC-0004"",""HSRC-0008""]",
paige_plot_armor,ability_duration,stat,ability_duration,5,seconds,duration,1,,base ability state,,ability-defined,,,,,5,,,,high,"[""HSRC-0004"",""HSRC-0008""]",
paige_plot_armor,ability_post_cast_duration,stat,ability_post_cast_duration,0.2,seconds,,,,base ability state,,ability-defined,,,,,0.2,,,,high,"[""HSRC-0004"",""HSRC-0008""]",
paige_plot_armor,ability_unit_target_limit,targeting,ability_unit_target_limit,1,count,,,,base ability state,,ability-defined,,,,,,,,,high,"[""HSRC-0004"",""HSRC-0008""]",
paige_plot_armor,attack_modifier,special_rule,attack_modifier,Attackbuff,identifier,,,,base ability state,,ability-defined,,,,,,,,,medium,"[""HSRC-0004"",""HSRC-0008""]",Strukturierter Modifier-Verweis; die Modifier-Klasse selbst wurde nicht als ausformulierte Spielregel interpretiert.
paige_plot_armor,barrier_modifier,shield,barrier_modifier,Knightbarrier,identifier,,,,base ability state,,ability-defined,,,,,,,,,medium,"[""HSRC-0004"",""HSRC-0008""]",Strukturierter Modifier-Verweis; die Modifier-Klasse selbst wurde nicht als ausformulierte Spielregel interpretiert.
paige_plot_armor,barrier_modifier_debuff_modifier,shield,barrier_modifier_debuff_modifier,Disarm,identifier,,,,base ability state,,ability-defined,,,,,,,,,medium,"[""HSRC-0004"",""HSRC-0008""]",Strukturierter Modifier-Verweis; die Modifier-Klasse selbst wurde nicht als ausformulierte Spielregel interpretiert.
paige_plot_armor,barrier_modifier_debuff_modifier_enabled_state_mask_1,shield,barrier_modifier_debuff_modifier_enabled_state_mask_1,MeleeDisabled,identifier,,,,base ability state,,ability-defined,,,,,,,,,high,"[""HSRC-0004"",""HSRC-0008""]",
paige_plot_armor,base_attack_damage_percent,damage,base_attack_damage_percent,25,percent,spirit,0.3,value = 25 + 0.3 * spirit,base ability state,,ability-defined,,,,,,,,,high,"[""HSRC-0004"",""HSRC-0008""]",
paige_plot_armor,bonus_fire_rate,stat,bonus_fire_rate,0,percent,spirit,0,,base ability state,,ability-defined,,,,,,,,,high,"[""HSRC-0004"",""HSRC-0008""]",
paige_plot_armor,bonus_spirit_damage_percent,damage,bonus_spirit_damage_percent,15,percent,,,,base ability state,,ability-defined,,,,,,,,,high,"[""HSRC-0004"",""HSRC-0008""]",
paige_plot_armor,bonus_target_radius,targeting,bonus_target_radius,30,meters,,,,base ability state,,ability-defined,,,,,,,,,high,"[""HSRC-0004"",""HSRC-0008""]",
paige_plot_armor,combat_barrier,summon,combat_barrier,125,health,spirit,1.5,value = 125 + 1.5 * spirit,base ability state,,ability-defined,,,,,,,,,high,"[""HSRC-0004"",""HSRC-0008""]",
paige_plot_armor,push_force,movement,push_force,900,flat,,,,base ability state,,ability-defined,,,,,,,,,high,"[""HSRC-0004"",""HSRC-0008""]",
paige_plot_armor,shove_radius,targeting,shove_radius,6,meters,,,,base ability state,,ability-defined,,,,,,,,,high,"[""HSRC-0004"",""HSRC-0008""]",
paige_captivating_read,ability_cast_delay,stat,ability_cast_delay,0.15,seconds,,,,base ability state,,ability-defined,,,,,,,,,high,"[""HSRC-0004"",""HSRC-0008""]",
paige_captivating_read,ability_cast_range,targeting,ability_cast_range,30,meters,range,1,,base ability state,,ability-defined,,,,,,,,,high,"[""HSRC-0004"",""HSRC-0008""]",
paige_captivating_read,ability_cooldown,cooldown,ability_cooldown,30,seconds,cooldown,1,,base ability state,,ability-defined,,,,,,30,,,high,"[""HSRC-0004"",""HSRC-0008""]",
paige_captivating_read,ability_unit_target_limit,targeting,ability_unit_target_limit,1,count,,,,base ability state,,ability-defined,,,,,,,,,high,"[""HSRC-0004"",""HSRC-0008""]",
paige_captivating_read,area_modifier,special_rule,area_modifier,Areamodifier,identifier,,,,base ability state,,ability-defined,,,,,,,,,medium,"[""HSRC-0004"",""HSRC-0008""]",Strukturierter Modifier-Verweis; die Modifier-Klasse selbst wurde nicht als ausformulierte Spielregel interpretiert.
paige_captivating_read,area_modifier_root_modifier,crowd_control,area_modifier_root_modifier,Root,identifier,,,,base ability state,,ability-defined,,,,,,,,,medium,"[""HSRC-0004"",""HSRC-0008""]",Strukturierter Modifier-Verweis; die Modifier-Klasse selbst wurde nicht als ausformulierte Spielregel interpretiert.
paige_captivating_read,area_modifier_slow_modifier,crowd_control,area_modifier_slow_modifier,Slowmodifier,identifier,,,,base ability state,,ability-defined,,,,,,,,,medium,"[""HSRC-0004"",""HSRC-0008""]",Strukturierter Modifier-Verweis; die Modifier-Klasse selbst wurde nicht als ausformulierte Spielregel interpretiert.
paige_captivating_read,area_modifier_debuff_modifier,crowd_control,area_modifier_debuff_modifier,Debuff,identifier,,,,base ability state,,ability-defined,,,,,,,,,medium,"[""HSRC-0004"",""HSRC-0008""]",Strukturierter Modifier-Verweis; die Modifier-Klasse selbst wurde nicht als ausformulierte Spielregel interpretiert.
paige_captivating_read,damage,damage,damage,90,damage,spirit,1.3,value = 90 + 1.3 * spirit,base ability state,,ability-defined,,,,,,,,,high,"[""HSRC-0004"",""HSRC-0008""]",
paige_captivating_read,detonation_delay,stat,detonation_delay,1.25,seconds,,,,base ability state,,ability-defined,,,,,,,,,high,"[""HSRC-0004"",""HSRC-0008""]",
paige_captivating_read,height,stat,height,8,meters,,,,base ability state,,ability-defined,,,,,,,,,high,"[""HSRC-0004"",""HSRC-0008""]",
paige_captivating_read,immobilize_duration,crowd_control,immobilize_duration,1,seconds,duration,1,,base ability state,,ability-defined,,,,,1,,,,high,"[""HSRC-0004"",""HSRC-0008""]",
paige_captivating_read,radius,targeting,radius,7.5,meters,range,1,,base ability state,,ability-defined,,,,,,,,,high,"[""HSRC-0004"",""HSRC-0008""]",
paige_captivating_read,slow_duration,crowd_control,slow_duration,0.5,seconds,duration,1,,base ability state,,ability-defined,,,,,0.5,,,,high,"[""HSRC-0004"",""HSRC-0008""]",
paige_captivating_read,slow_percent,crowd_control,slow_percent,45,percent,,,,base ability state,,ability-defined,,,,,,,,,high,"[""HSRC-0004"",""HSRC-0008""]",
paige_rallying_charge,ability_cast_range,targeting,ability_cast_range,600,meters,,,,base ability state,,ability-defined,,,,,,,,,high,"[""HSRC-0004"",""HSRC-0008""]",
paige_rallying_charge,ability_channel_time,stat,ability_channel_time,0.7,seconds,,,,base ability state,,ability-defined,,,,,,,,,high,"[""HSRC-0004"",""HSRC-0008""]",
paige_rallying_charge,ability_cooldown,cooldown,ability_cooldown,210,seconds,cooldown,1,,base ability state,,ability-defined,,,,,,210,,,high,"[""HSRC-0004"",""HSRC-0008""]",
paige_rallying_charge,ability_duration,stat,ability_duration,13,seconds,duration,1,,base ability state,,ability-defined,,,,,13,,,,high,"[""HSRC-0004"",""HSRC-0008""]",
paige_rallying_charge,ability_unit_target_limit,targeting,ability_unit_target_limit,1,count,,,,base ability state,,ability-defined,,,,,,,,,high,"[""HSRC-0004"",""HSRC-0008""]",
paige_rallying_charge,air_drag,movement,air_drag,0.8,flat,,,,base ability state,,ability-defined,,,,,,,,,high,"[""HSRC-0004"",""HSRC-0008""]",
paige_rallying_charge,ally_height,stat,ally_height,20,meters,,,,base ability state,,ability-defined,,,,,,,,,high,"[""HSRC-0004"",""HSRC-0008""]",
paige_rallying_charge,ally_radius,targeting,ally_radius,4,meters,,,,base ability state,,ability-defined,,,,,,,,,high,"[""HSRC-0004"",""HSRC-0008""]",
paige_rallying_charge,bonus_move_speed,movement,bonus_move_speed,5,units_per_second,,,,base ability state,,ability-defined,,,,,,,,,high,"[""HSRC-0004"",""HSRC-0008""]",
paige_rallying_charge,buff_duration,stat,buff_duration,9,seconds,duration,1,,base ability state,,ability-defined,,,,,9,,,,high,"[""HSRC-0004"",""HSRC-0008""]",
paige_rallying_charge,buff_modifier,special_rule,buff_modifier,Buff,identifier,,,,base ability state,,ability-defined,,,,,,,,,medium,"[""HSRC-0004"",""HSRC-0008""]",Strukturierter Modifier-Verweis; die Modifier-Klasse selbst wurde nicht als ausformulierte Spielregel interpretiert.
paige_rallying_charge,cancel_cooldown_refund_percentage,cooldown,cancel_cooldown_refund_percentage,50,percent,,,,base ability state,,ability-defined,,,,,,50,,,high,"[""HSRC-0004"",""HSRC-0008""]",
paige_rallying_charge,channel_move_speed,movement,channel_move_speed,1.3,units_per_second,,,,base ability state,,ability-defined,,,,,,,,,high,"[""HSRC-0004"",""HSRC-0008""]",
paige_rallying_charge,damage,damage,damage,125,damage,spirit,1,value = 125 + 1 * spirit,base ability state,,ability-defined,,,,,,,,,high,"[""HSRC-0004"",""HSRC-0008""]",
paige_rallying_charge,fall_speed_max,movement,fall_speed_max,20,units_per_second,,,,base ability state,,ability-defined,,,,,,,,,high,"[""HSRC-0004"",""HSRC-0008""]",
paige_rallying_charge,gravity_acceleration,stat,gravity_acceleration,-1900,flat,,,,base ability state,,ability-defined,,,,,,,,,high,"[""HSRC-0004"",""HSRC-0008""]",
paige_rallying_charge,ground_stick_height,stat,ground_stick_height,0.05,meters,,,,base ability state,,ability-defined,,,,,,,,,high,"[""HSRC-0004"",""HSRC-0008""]",
paige_rallying_charge,heal_amount,healing,heal_amount,125,health,spirit,1.6,value = 125 + 1.6 * spirit,base ability state,,ability-defined,,,,,,,,,high,"[""HSRC-0004"",""HSRC-0008""]",
paige_rallying_charge,knight_bonus_per_wave,summon,knight_bonus_per_wave,-99,flat,,,,base ability state,,ability-defined,,,,,,,,,high,"[""HSRC-0004"",""HSRC-0008""]",
paige_rallying_charge,knight_charge_height,summon,knight_charge_height,3.5,meters,,,,base ability state,,ability-defined,,,,,,,,,high,"[""HSRC-0004"",""HSRC-0008""]",
paige_rallying_charge,knight_charge_width,summon,knight_charge_width,1.7,meters,,,,base ability state,,ability-defined,,,,,,,,,high,"[""HSRC-0004"",""HSRC-0008""]",
paige_rallying_charge,knight_count,summon,knight_count,5,count,,,,base ability state,,ability-defined,,,,,,,,,high,"[""HSRC-0004"",""HSRC-0008""]",
paige_rallying_charge,knight_count_in_first_wave,summon,knight_count_in_first_wave,5,count,,,,base ability state,,ability-defined,,,,,,,,,high,"[""HSRC-0004"",""HSRC-0008""]",
paige_rallying_charge,knight_jump_speed,summon,knight_jump_speed,900,units_per_second,,,,base ability state,,ability-defined,,,,,,,,,high,"[""HSRC-0004"",""HSRC-0008""]",
paige_rallying_charge,knight_max_fall_height,summon,knight_max_fall_height,-35,meters,,,,base ability state,,ability-defined,,,,,,,,,high,"[""HSRC-0004"",""HSRC-0008""]",
paige_rallying_charge,knight_max_jump_height,summon,knight_max_jump_height,30,meters,,,,base ability state,,ability-defined,,,,,,,,,high,"[""HSRC-0004"",""HSRC-0008""]",
paige_rallying_charge,knight_nav_forward_distance,summon,knight_nav_forward_distance,8,meters,,,,base ability state,,ability-defined,,,,,,,,,high,"[""HSRC-0004"",""HSRC-0008""]",
paige_rallying_charge,knight_nav_search_distance,summon,knight_nav_search_distance,10,meters,,,,base ability state,,ability-defined,,,,,,,,,high,"[""HSRC-0004"",""HSRC-0008""]",
paige_rallying_charge,knight_position_spread,summon,knight_position_spread,1.8,flat,range,1,,base ability state,,ability-defined,,,,,,,,,high,"[""HSRC-0004"",""HSRC-0008""]",
paige_rallying_charge,knight_position_stagger,summon,knight_position_stagger,-4,flat,,,,base ability state,,ability-defined,,,,,,,,,high,"[""HSRC-0004"",""HSRC-0008""]",
paige_rallying_charge,knight_whisker_length,summon,knight_whisker_length,300,meters,,,,base ability state,,ability-defined,,,,,,,,,high,"[""HSRC-0004"",""HSRC-0008""]",
paige_rallying_charge,knight_whisker_side,summon,knight_whisker_side,50,flat,,,,base ability state,,ability-defined,,,,,,,,,high,"[""HSRC-0004"",""HSRC-0008""]",
paige_rallying_charge,knight_whisker_strength,summon,knight_whisker_strength,0.2,flat,,,,base ability state,,ability-defined,,,,,,,,,high,"[""HSRC-0004"",""HSRC-0008""]",
paige_rallying_charge,max_amp,stat,max_amp,100,percent,,,,base ability state,,ability-defined,,,,,,,,,high,"[""HSRC-0004"",""HSRC-0008""]",
paige_rallying_charge,max_amp_distance,stat,max_amp_distance,250,percent,,,,base ability state,,ability-defined,,,,,,,,,high,"[""HSRC-0004"",""HSRC-0008""]",
paige_rallying_charge,stun_duration,crowd_control,stun_duration,1,seconds,duration,1,,base ability state,,ability-defined,,,,,1,,,,high,"[""HSRC-0004"",""HSRC-0008""]",
paige_rallying_charge,target_finding_delay,targeting,target_finding_delay,0.04,seconds,,,,base ability state,,ability-defined,,,,,,,,,high,"[""HSRC-0004"",""HSRC-0008""]",
paige_rallying_charge,toss_back_speed,movement,toss_back_speed,100,units_per_second,,,,base ability state,,ability-defined,,,,,,,,,high,"[""HSRC-0004"",""HSRC-0008""]",
paige_rallying_charge,toss_up_speed,movement,toss_up_speed,600,units_per_second,,,,base ability state,,ability-defined,,,,,,,,,high,"[""HSRC-0004"",""HSRC-0008""]",
paige_rallying_charge,wave_count,stat,wave_count,2,count,,,,base ability state,,ability-defined,,,,,,,,,high,"[""HSRC-0004"",""HSRC-0008""]",
paige_rallying_charge,wave_position_stagger,stat,wave_position_stagger,-15,flat,,,,base ability state,,ability-defined,,,,,,,,,high,"[""HSRC-0004"",""HSRC-0008""]",
paradox_pulse_grenade,ability_cast_delay,stat,ability_cast_delay,0.2,seconds,,,,base ability state,,ability-defined,,,,,,,,,high,"[""HSRC-0004"",""HSRC-0008""]",
paradox_pulse_grenade,ability_cooldown,cooldown,ability_cooldown,32,seconds,cooldown,1,,base ability state,,ability-defined,,,,,,32,,,high,"[""HSRC-0004"",""HSRC-0008""]",
paradox_pulse_grenade,ability_duration,stat,ability_duration,3.2,seconds,duration,1,,base ability state,,ability-defined,,,,,3.2,,,,high,"[""HSRC-0004"",""HSRC-0008""]",
paradox_pulse_grenade,ability_unit_target_limit,targeting,ability_unit_target_limit,1,count,,,,base ability state,,ability-defined,,,,,,,,,high,"[""HSRC-0004"",""HSRC-0008""]",
paradox_pulse_grenade,damage_amplification_per_stack,damage,damage_amplification_per_stack,4,percent,,,,base ability state,,ability-defined,,,,,,,,,high,"[""HSRC-0004"",""HSRC-0008""]",
paradox_pulse_grenade,debuff_duration,crowd_control,debuff_duration,8,seconds,duration,1,,base ability state,,ability-defined,,,,,8,,,,high,"[""HSRC-0004"",""HSRC-0008""]",
paradox_pulse_grenade,movement_slow_duration,crowd_control,movement_slow_duration,0.2,seconds,duration,1,,base ability state,,ability-defined,,,,,0.2,,,,high,"[""HSRC-0004"",""HSRC-0008""]",
paradox_pulse_grenade,pulse_area_modifier,special_rule,pulse_area_modifier,ChronoPulseGrenadePulseArea,identifier,,,,base ability state,,ability-defined,,,,,,,,,medium,"[""HSRC-0004"",""HSRC-0008""]",Strukturierter Modifier-Verweis; die Modifier-Klasse selbst wurde nicht als ausformulierte Spielregel interpretiert.
paradox_pulse_grenade,pulse_area_modifier_debuff_modifier,crowd_control,pulse_area_modifier_debuff_modifier,ChronoPulseGrenadeDebuff,identifier,,,,base ability state,,ability-defined,,,,,,,,,medium,"[""HSRC-0004"",""HSRC-0008""]",Strukturierter Modifier-Verweis; die Modifier-Klasse selbst wurde nicht als ausformulierte Spielregel interpretiert.
paradox_pulse_grenade,pulse_area_modifier_slow_modifier,crowd_control,pulse_area_modifier_slow_modifier,Slow,identifier,,,,base ability state,,ability-defined,,,,,,,,,medium,"[""HSRC-0004"",""HSRC-0008""]",Strukturierter Modifier-Verweis; die Modifier-Klasse selbst wurde nicht als ausformulierte Spielregel interpretiert.
paradox_pulse_grenade,pulse_damage,damage,pulse_damage,35,damage,spirit,0.3,value = 35 + 0.3 * spirit,base ability state,,ability-defined,,,,,,,,,high,"[""HSRC-0004"",""HSRC-0008""]",
paradox_pulse_grenade,pulse_interval,stat,pulse_interval,0.8,seconds,,,,base ability state,,ability-defined,,,,,,,,,high,"[""HSRC-0004"",""HSRC-0008""]",
paradox_pulse_grenade,radius,targeting,radius,5.5,meters,radius,1,,base ability state,,ability-defined,,,,,,,,,high,"[""HSRC-0004"",""HSRC-0008""]",
paradox_pulse_grenade,radius_increase_per_pulse,targeting,radius_increase_per_pulse,1,meters,radius,1,,base ability state,,ability-defined,,,,,,,,,high,"[""HSRC-0004"",""HSRC-0008""]",
paradox_pulse_grenade,slow_percent,crowd_control,slow_percent,20,percent,,,,base ability state,,ability-defined,,,,,,,,,high,"[""HSRC-0004"",""HSRC-0008""]",
paradox_time_wall,ability_cast_delay,stat,ability_cast_delay,0.2,seconds,,,,base ability state,,ability-defined,,,,,,,,,high,"[""HSRC-0004"",""HSRC-0008""]",
paradox_time_wall,ability_cast_range,targeting,ability_cast_range,5.08,meters,range,1,,base ability state,,ability-defined,,,,,,,,,high,"[""HSRC-0004"",""HSRC-0008""]",
paradox_time_wall,ability_cooldown,cooldown,ability_cooldown,25,seconds,cooldown,1,,base ability state,,ability-defined,,,,,,25,,,high,"[""HSRC-0004"",""HSRC-0008""]",
paradox_time_wall,ability_duration,stat,ability_duration,5.5,seconds,duration,1,,base ability state,,ability-defined,,,,,5.5,,,,high,"[""HSRC-0004"",""HSRC-0008""]",
paradox_time_wall,ability_unit_target_limit,targeting,ability_unit_target_limit,1,count,,,,base ability state,,ability-defined,,,,,,,,,high,"[""HSRC-0004"",""HSRC-0008""]",
paradox_time_wall,aura_effect_duration,stat,aura_effect_duration,2,seconds,duration,1,,base ability state,,ability-defined,,,,,2,,,,high,"[""HSRC-0004"",""HSRC-0008""]",
paradox_time_wall,aura_modifier,special_rule,aura_modifier,CitadelChronoTimeWallAura,identifier,,,,base ability state,,ability-defined,,,,,,,,,medium,"[""HSRC-0004"",""HSRC-0008""]",Strukturierter Modifier-Verweis; die Modifier-Klasse selbst wurde nicht als ausformulierte Spielregel interpretiert.
paradox_time_wall,aura_modifier_debuff_modifier,crowd_control,aura_modifier_debuff_modifier,CitadelSilenced,identifier,,,,base ability state,,ability-defined,,,,,,,,,medium,"[""HSRC-0004"",""HSRC-0008""]",Strukturierter Modifier-Verweis; die Modifier-Klasse selbst wurde nicht als ausformulierte Spielregel interpretiert.
paradox_time_wall,aura_modifier_aura_radius,targeting,aura_modifier_aura_radius,0.001,meters,,,,base ability state,,ability-defined,,,,,,,,,high,"[""HSRC-0004"",""HSRC-0008""]",
paradox_time_wall,channel_move_speed,movement,channel_move_speed,1.3,units_per_second,,,,base ability state,,ability-defined,,,,,,,,,high,"[""HSRC-0004"",""HSRC-0008""]",
paradox_time_wall,friendly_bullet_damage_bonus,damage,friendly_bullet_damage_bonus,30,damage,,,,base ability state,,ability-defined,,,,,,,,,high,"[""HSRC-0004"",""HSRC-0008""]",
paradox_time_wall,movement_slow_pct,crowd_control,movement_slow_pct,80,percent,,,,base ability state,,ability-defined,,,,,,,,,high,"[""HSRC-0004"",""HSRC-0008""]",
paradox_time_wall,time_scale_duration,stat,time_scale_duration,0.5,seconds,,,,base ability state,,ability-defined,,,,,0.5,,,,high,"[""HSRC-0004"",""HSRC-0008""]",
paradox_time_wall,time_wall_depth,stat,time_wall_depth,0.5,seconds,,,,base ability state,,ability-defined,,,,,,,,,high,"[""HSRC-0004"",""HSRC-0008""]",
paradox_time_wall,time_wall_formation_time,stat,time_wall_formation_time,0.5,seconds,,,,base ability state,,ability-defined,,,,,,,,,high,"[""HSRC-0004"",""HSRC-0008""]",
paradox_time_wall,time_wall_height,stat,time_wall_height,4,seconds,range,1,,base ability state,,ability-defined,,,,,,,,,high,"[""HSRC-0004"",""HSRC-0008""]",
paradox_time_wall,time_wall_time_scale,stat,time_wall_time_scale,0.0001,multiplier,,,,base ability state,,ability-defined,,,,,,,,,high,"[""HSRC-0004"",""HSRC-0008""]",
paradox_time_wall,time_wall_time_scale_friendly,stat,time_wall_time_scale_friendly,2,seconds,,,,base ability state,,ability-defined,,,,,,,,,high,"[""HSRC-0004"",""HSRC-0008""]",
paradox_time_wall,time_wall_width,stat,time_wall_width,8,seconds,range,1,,base ability state,,ability-defined,,,,,,,,,high,"[""HSRC-0004"",""HSRC-0008""]",
paradox_kinetic_carbine,ability_cooldown,cooldown,ability_cooldown,28,seconds,cooldown,1,,base ability state,,ability-defined,,,,,,28,,,high,"[""HSRC-0004"",""HSRC-0008""]",
paradox_kinetic_carbine,ability_unit_target_limit,targeting,ability_unit_target_limit,1,count,,,,base ability state,,ability-defined,,,,,,,,,high,"[""HSRC-0004"",""HSRC-0008""]",
paradox_kinetic_carbine,air_move_increase_percent,movement,air_move_increase_percent,20,percent,,,,base ability state,,ability-defined,,,,,,,,,high,"[""HSRC-0004"",""HSRC-0008""]",
paradox_kinetic_carbine,bonus_bullet_speed,movement,bonus_bullet_speed,100,units_per_second,,,,base ability state,,ability-defined,,,,,,,,,high,"[""HSRC-0004"",""HSRC-0008""]",
paradox_kinetic_carbine,bullet_radius_override,targeting,bullet_radius_override,16,meters,,,,base ability state,,ability-defined,,,,,,,,,high,"[""HSRC-0004"",""HSRC-0008""]",
paradox_kinetic_carbine,bullet_time_scale,stat,bullet_time_scale,0.01,multiplier,,,,base ability state,,ability-defined,,,,,,,,,high,"[""HSRC-0004"",""HSRC-0008""]",
paradox_kinetic_carbine,charging_modifier,special_rule,charging_modifier,ChronoKineticCarbine,identifier,,,,base ability state,,ability-defined,,,,,,,,,medium,"[""HSRC-0004"",""HSRC-0008""]",Strukturierter Modifier-Verweis; die Modifier-Klasse selbst wurde nicht als ausformulierte Spielregel interpretiert.
paradox_kinetic_carbine,debuff_modifier,crowd_control,debuff_modifier,ChronoKineticCarbineSlow,identifier,,,,base ability state,,ability-defined,,,,,,,,,medium,"[""HSRC-0004"",""HSRC-0008""]",Strukturierter Modifier-Verweis; die Modifier-Klasse selbst wurde nicht als ausformulierte Spielregel interpretiert.
paradox_kinetic_carbine,headshot_bonus,stat,headshot_bonus,14,flat,,,,base ability state,,ability-defined,,,,,,,,,high,"[""HSRC-0004"",""HSRC-0008""]",
paradox_kinetic_carbine,max_bonus_bullet_damage,damage,max_bonus_bullet_damage,5,damage,weapon_power,125,,base ability state,,ability-defined,,,,,,,,,high,"[""HSRC-0004"",""HSRC-0008""]",
paradox_kinetic_carbine,max_charge_duration,charge,max_charge_duration,2.5,seconds,,,,base ability state,,ability-defined,,,,,2.5,,,,high,"[""HSRC-0004"",""HSRC-0008""]",
paradox_kinetic_carbine,max_slow_duration,crowd_control,max_slow_duration,0.4,seconds,duration,1,,base ability state,,ability-defined,,,,,0.4,,,,high,"[""HSRC-0004"",""HSRC-0008""]",
paradox_kinetic_carbine,min_bonus_bullet_damage,damage,min_bonus_bullet_damage,5,damage,weapon_power,25,,base ability state,,ability-defined,,,,,,,,,high,"[""HSRC-0004"",""HSRC-0008""]",
paradox_kinetic_carbine,min_slow_duration,crowd_control,min_slow_duration,0.25,seconds,duration,1,,base ability state,,ability-defined,,,,,0.25,,,,high,"[""HSRC-0004"",""HSRC-0008""]",
paradox_kinetic_carbine,move_speed_while_shooting_penalty_reduction,movement,move_speed_while_shooting_penalty_reduction,100,percent,,,,base ability state,,ability-defined,,,,,,,,,high,"[""HSRC-0004"",""HSRC-0008""]",
paradox_kinetic_carbine,projectile_time_scale,stat,projectile_time_scale,0.01,multiplier,,,,base ability state,,ability-defined,,,,,,,,,high,"[""HSRC-0004"",""HSRC-0008""]",
paradox_kinetic_carbine,shot_count,stat,shot_count,1,count,,,,base ability state,,ability-defined,,,,,,,,,high,"[""HSRC-0004"",""HSRC-0008""]",
paradox_kinetic_carbine,speed_boost_duration,movement,speed_boost_duration,3.5,seconds,duration,1,,base ability state,,ability-defined,,,,,3.5,,,,high,"[""HSRC-0004"",""HSRC-0008""]",
paradox_kinetic_carbine,speed_change,movement,speed_change,25,units_per_second,spirit,0.13,value = 25 + 0.13 * spirit,base ability state,,ability-defined,,,,,,,,,high,"[""HSRC-0004"",""HSRC-0008""]",
paradox_kinetic_carbine,time_scale_debuff,crowd_control,time_scale_debuff,90,seconds,,,,base ability state,,ability-defined,,,,,,,,,high,"[""HSRC-0004"",""HSRC-0008""]",
paradox_kinetic_carbine,time_warp_radius,targeting,time_warp_radius,5,seconds,,,,base ability state,,ability-defined,,,,,,,,,high,"[""HSRC-0004"",""HSRC-0008""]",
paradox_paradoxical_swap,ability_cast_delay,stat,ability_cast_delay,0.15,seconds,,,,base ability state,,ability-defined,,,,,,,,,high,"[""HSRC-0004"",""HSRC-0008""]",
paradox_paradoxical_swap,ability_cast_range,targeting,ability_cast_range,25,meters,range,1,,base ability state,,ability-defined,,,,,,,,,high,"[""HSRC-0004"",""HSRC-0008""]",
paradox_paradoxical_swap,ability_cooldown,cooldown,ability_cooldown,110,seconds,cooldown,1,,base ability state,,ability-defined,,,,,,110,,,high,"[""HSRC-0004"",""HSRC-0008""]",
paradox_paradoxical_swap,ability_unit_target_limit,targeting,ability_unit_target_limit,1,count,,,,base ability state,,ability-defined,,,,,,,,,high,"[""HSRC-0004"",""HSRC-0008""]",
paradox_paradoxical_swap,bubble_move_modifier,movement,bubble_move_modifier,ChronoSwapBubbleMove,identifier,,,,base ability state,,ability-defined,,,,,,,,,medium,"[""HSRC-0004"",""HSRC-0008""]",Strukturierter Modifier-Verweis; die Modifier-Klasse selbst wurde nicht als ausformulierte Spielregel interpretiert.
paradox_paradoxical_swap,bubble_move_modifier_enabled_state_mask_1,movement,bubble_move_modifier_enabled_state_mask_1,ChronoSwapping,identifier,,,,base ability state,,ability-defined,,,,,,,,,high,"[""HSRC-0004"",""HSRC-0008""]",
paradox_paradoxical_swap,bubble_move_modifier_enabled_state_mask_2,movement,bubble_move_modifier_enabled_state_mask_2,CommandRestricted,identifier,,,,base ability state,,ability-defined,,,,,,,,,high,"[""HSRC-0004"",""HSRC-0008""]",
paradox_paradoxical_swap,bubble_move_modifier_enabled_state_mask_3,movement,bubble_move_modifier_enabled_state_mask_3,AirDuckingForced,identifier,,,,base ability state,,ability-defined,,,,,,,,,high,"[""HSRC-0004"",""HSRC-0008""]",
paradox_paradoxical_swap,bubble_move_modifier_enabled_state_mask_4,movement,bubble_move_modifier_enabled_state_mask_4,SilenceMovementAbilites,identifier,,,,base ability state,,ability-defined,,,,,,,,,high,"[""HSRC-0004"",""HSRC-0008""]",
paradox_paradoxical_swap,bubble_move_modifier_multi_swap_dist_from_origin,movement,bubble_move_modifier_multi_swap_dist_from_origin,80,multiplier,,,,base ability state,,ability-defined,,,,,,,,,high,"[""HSRC-0004"",""HSRC-0008""]",
paradox_paradoxical_swap,channel_move_speed,movement,channel_move_speed,1.3,units_per_second,,,,base ability state,,ability-defined,,,,,,,,,high,"[""HSRC-0004"",""HSRC-0008""]",
paradox_paradoxical_swap,combat_barrier,summon,combat_barrier,0,health,spirit,0,,base ability state,,ability-defined,,,,,,,,,high,"[""HSRC-0004"",""HSRC-0008""]",
paradox_paradoxical_swap,distance_to_max_time,stat,distance_to_max_time,30,seconds,,,,base ability state,,ability-defined,,,,,,,,,high,"[""HSRC-0004"",""HSRC-0008""]",
paradox_paradoxical_swap,initial_freeze_time,stat,initial_freeze_time,0.25,seconds,,,,base ability state,,ability-defined,,,,,,,,,high,"[""HSRC-0004"",""HSRC-0008""]",
paradox_paradoxical_swap,initial_height,stat,initial_height,350,meters,,,,base ability state,,ability-defined,,,,,,,,,high,"[""HSRC-0004"",""HSRC-0008""]",
paradox_paradoxical_swap,min_swap_time,stat,min_swap_time,0.6,seconds,,,,base ability state,,ability-defined,,,,,,,,,high,"[""HSRC-0004"",""HSRC-0008""]",
paradox_paradoxical_swap,shield_modifier,shield,shield_modifier,BarrierModifier,identifier,,,,base ability state,,ability-defined,,,,,,,,,medium,"[""HSRC-0004"",""HSRC-0008""]",Strukturierter Modifier-Verweis; die Modifier-Klasse selbst wurde nicht als ausformulierte Spielregel interpretiert.
paradox_paradoxical_swap,swap_damage,damage,swap_damage,150,damage,spirit,1.1,value = 150 + 1.1 * spirit,base ability state,,ability-defined,,,,,,,,,high,"[""HSRC-0004"",""HSRC-0008""]",
paradox_paradoxical_swap,swap_time,stat,swap_time,1,seconds,,,,base ability state,,ability-defined,,,,,,,,,high,"[""HSRC-0004"",""HSRC-0008""]",
paradox_paradoxical_swap,tick_rate,stat,tick_rate,0.25,seconds,,,,base ability state,,ability-defined,,,,,,,,0.25,high,"[""HSRC-0004"",""HSRC-0008""]",
pocket_barrage,ability_cast_delay,stat,ability_cast_delay,0.3,seconds,,,,base ability state,,ability-defined,,,,,,,,,high,"[""HSRC-0004"",""HSRC-0008""]",
pocket_barrage,ability_channel_time,stat,ability_channel_time,2,seconds,,,,base ability state,,ability-defined,,,,,,,,,high,"[""HSRC-0004"",""HSRC-0008""]",
pocket_barrage,ability_cooldown,cooldown,ability_cooldown,32,seconds,cooldown,1,,base ability state,,ability-defined,,,,,,32,,,high,"[""HSRC-0004"",""HSRC-0008""]",
pocket_barrage,ability_unit_target_limit,targeting,ability_unit_target_limit,1,count,,,,base ability state,,ability-defined,,,,,,,,,high,"[""HSRC-0004"",""HSRC-0008""]",
pocket_barrage,air_drag,movement,air_drag,0.3,flat,,,,base ability state,,ability-defined,,,,,,,,,high,"[""HSRC-0004"",""HSRC-0008""]",
pocket_barrage,air_speed_max,movement,air_speed_max,2.54,units_per_second,,,,base ability state,,ability-defined,,,,,,,,,high,"[""HSRC-0004"",""HSRC-0008""]",
pocket_barrage,amp_duration,stat,amp_duration,15,seconds,duration,1,,base ability state,,ability-defined,,,,,15,,,,high,"[""HSRC-0004"",""HSRC-0008""]",
pocket_barrage,amp_modifier,special_rule,amp_modifier,SynthBarrageAmp,identifier,,,,base ability state,,ability-defined,,,,,,,,,medium,"[""HSRC-0004"",""HSRC-0008""]",Strukturierter Modifier-Verweis; die Modifier-Klasse selbst wurde nicht als ausformulierte Spielregel interpretiert.
pocket_barrage,amp_percent_per_stack,passive_proc,amp_percent_per_stack,6,percent,,,,base ability state,,ability-defined,,,,,,,,,high,"[""HSRC-0004"",""HSRC-0008""]",
pocket_barrage,auto_channel_modifier,special_rule,auto_channel_modifier,IntrinsicBase,identifier,,,,base ability state,,ability-defined,,,,,,,,,medium,"[""HSRC-0004"",""HSRC-0008""]",Strukturierter Modifier-Verweis; die Modifier-Klasse selbst wurde nicht als ausformulierte Spielregel interpretiert.
pocket_barrage,barrage_caster_modifier,resource,barrage_caster_modifier,SynthBarrageCaster,identifier,,,,base ability state,,ability-defined,,,,,,,,,medium,"[""HSRC-0004"",""HSRC-0008""]",Strukturierter Modifier-Verweis; die Modifier-Klasse selbst wurde nicht als ausformulierte Spielregel interpretiert.
pocket_barrage,channel_move_speed,movement,channel_move_speed,1.3,units_per_second,,,,base ability state,,ability-defined,,,,,,,,,high,"[""HSRC-0004"",""HSRC-0008""]",
pocket_barrage,damage_per_projectile,damage,damage_per_projectile,32,damage,spirit,0.465,value = 32 + 0.465 * spirit,base ability state,,ability-defined,,,,,,,,,high,"[""HSRC-0004"",""HSRC-0008""]",
pocket_barrage,debuff_modifier,crowd_control,debuff_modifier,SynthBarrageDebuff,identifier,,,,base ability state,,ability-defined,,,,,,,,,medium,"[""HSRC-0004"",""HSRC-0008""]",Strukturierter Modifier-Verweis; die Modifier-Klasse selbst wurde nicht als ausformulierte Spielregel interpretiert.
pocket_barrage,fall_speed_max,movement,fall_speed_max,10,units_per_second,,,,base ability state,,ability-defined,,,,,,,,,high,"[""HSRC-0004"",""HSRC-0008""]",
pocket_barrage,move_slow_percent,crowd_control,move_slow_percent,30,percent,,,,base ability state,,ability-defined,,,,,,,,,high,"[""HSRC-0004"",""HSRC-0008""]",
pocket_barrage,projectile_amount,stat,projectile_amount,4,count,,,,base ability state,,ability-defined,,,,,,,,,high,"[""HSRC-0004"",""HSRC-0008""]",
pocket_barrage,radius,targeting,radius,4.5,meters,range,1,,base ability state,,ability-defined,,,,,,,,,high,"[""HSRC-0004"",""HSRC-0008""]",
pocket_barrage,slow_duration,crowd_control,slow_duration,1.5,seconds,duration,1,,base ability state,,ability-defined,,,,,1.5,,,,high,"[""HSRC-0004"",""HSRC-0008""]",
pocket_flying_cloak,ability_cast_delay,stat,ability_cast_delay,0.2,seconds,,,,base ability state,,ability-defined,,,,,,,,,high,"[""HSRC-0004"",""HSRC-0008""]",
pocket_flying_cloak,ability_cooldown,cooldown,ability_cooldown,25,seconds,cooldown,1,,base ability state,,ability-defined,,,,,,25,,,high,"[""HSRC-0004"",""HSRC-0008""]",
pocket_flying_cloak,ability_unit_target_limit,targeting,ability_unit_target_limit,1,count,,,,base ability state,,ability-defined,,,,,,,,,high,"[""HSRC-0004"",""HSRC-0008""]",
pocket_flying_cloak,damage,damage,damage,60,damage,spirit,1.3,value = 60 + 1.3 * spirit,base ability state,,ability-defined,,,,,,,,,high,"[""HSRC-0004"",""HSRC-0008""]",
pocket_flying_cloak,max_lifetime,stat,max_lifetime,3.8,seconds,duration,1,,base ability state,,ability-defined,,,,,,,,,high,"[""HSRC-0004"",""HSRC-0008""]",
pocket_flying_cloak,radius,targeting,radius,5,meters,radius,1,,base ability state,,ability-defined,,,,,,,,,high,"[""HSRC-0004"",""HSRC-0008""]",
pocket_flying_cloak,tick_rate,stat,tick_rate,0.1,seconds,,,,base ability state,,ability-defined,,,,,,,,0.1,high,"[""HSRC-0004"",""HSRC-0008""]",
pocket_flying_cloak,weapon_damage_bonus_modifier,damage,weapon_damage_bonus_modifier,SynthPlasmaFluxWeaponDamage,identifier,,,,base ability state,,ability-defined,,,,,,,,,medium,"[""HSRC-0004"",""HSRC-0008""]",Strukturierter Modifier-Verweis; die Modifier-Klasse selbst wurde nicht als ausformulierte Spielregel interpretiert.
pocket_enchanter_s_satchel,ability_cast_delay,stat,ability_cast_delay,0.15,seconds,,,,base ability state,,ability-defined,,,,,,,,,high,"[""HSRC-0004"",""HSRC-0008""]",
pocket_enchanter_s_satchel,ability_channel_time,stat,ability_channel_time,1.5,seconds,duration,1,,base ability state,,ability-defined,,,,,,,,,high,"[""HSRC-0004"",""HSRC-0008""]",
pocket_enchanter_s_satchel,ability_cooldown,cooldown,ability_cooldown,17,seconds,cooldown,1,,base ability state,,ability-defined,,,,,,17,,,high,"[""HSRC-0004"",""HSRC-0008""]",
pocket_enchanter_s_satchel,ability_unit_target_limit,targeting,ability_unit_target_limit,1,count,,,,base ability state,,ability-defined,,,,,,,,,high,"[""HSRC-0004"",""HSRC-0008""]",
pocket_enchanter_s_satchel,channel_move_speed,movement,channel_move_speed,1.3,units_per_second,,,,base ability state,,ability-defined,,,,,,,,,high,"[""HSRC-0004"",""HSRC-0008""]",
pocket_enchanter_s_satchel,damage,damage,damage,65,damage,spirit,1.1,value = 65 + 1.1 * spirit,base ability state,,ability-defined,,,,,,,,,high,"[""HSRC-0004"",""HSRC-0008""]",
pocket_enchanter_s_satchel,debuff_modifier,crowd_control,debuff_modifier,Debuff,identifier,,,,base ability state,,ability-defined,,,,,,,,,medium,"[""HSRC-0004"",""HSRC-0008""]",Strukturierter Modifier-Verweis; die Modifier-Klasse selbst wurde nicht als ausformulierte Spielregel interpretiert.
pocket_enchanter_s_satchel,escape_modifier,special_rule,escape_modifier,SynthPulseEscape,identifier,,,,base ability state,,ability-defined,,,,,,,,,medium,"[""HSRC-0004"",""HSRC-0008""]",Strukturierter Modifier-Verweis; die Modifier-Klasse selbst wurde nicht als ausformulierte Spielregel interpretiert.
pocket_enchanter_s_satchel,escape_modifier_enabled_state_mask_1,stat,escape_modifier_enabled_state_mask_1,DashDisabled,identifier,,,,base ability state,,ability-defined,,,,,,,,,high,"[""HSRC-0004"",""HSRC-0008""]",
pocket_enchanter_s_satchel,escape_modifier_enabled_state_mask_2,stat,escape_modifier_enabled_state_mask_2,MantleDisabled,identifier,,,,base ability state,,ability-defined,,,,,,,,,high,"[""HSRC-0004"",""HSRC-0008""]",
pocket_enchanter_s_satchel,escape_modifier_enabled_state_mask_3,stat,escape_modifier_enabled_state_mask_3,DuckingDisabled,identifier,,,,base ability state,,ability-defined,,,,,,,,,high,"[""HSRC-0004"",""HSRC-0008""]",
pocket_enchanter_s_satchel,escape_modifier_enabled_state_mask_4,stat,escape_modifier_enabled_state_mask_4,MeleeDisabled,identifier,,,,base ability state,,ability-defined,,,,,,,,,high,"[""HSRC-0004"",""HSRC-0008""]",
pocket_enchanter_s_satchel,fall_speed_max,movement,fall_speed_max,0.0254,units_per_second,,,,base ability state,,ability-defined,,,,,,,,,high,"[""HSRC-0004"",""HSRC-0008""]",
pocket_enchanter_s_satchel,radius,targeting,radius,12,meters,range,1,,base ability state,,ability-defined,,,,,,,,,high,"[""HSRC-0004"",""HSRC-0008""]",
pocket_affliction,ability_cast_delay,stat,ability_cast_delay,0.6,seconds,,,,base ability state,,ability-defined,,,,,,,,,high,"[""HSRC-0004"",""HSRC-0008""]",
pocket_affliction,ability_cooldown,cooldown,ability_cooldown,170,seconds,cooldown,1,,base ability state,,ability-defined,,,,,,170,,,high,"[""HSRC-0004"",""HSRC-0008""]",
pocket_affliction,ability_unit_target_limit,targeting,ability_unit_target_limit,1,count,,,,base ability state,,ability-defined,,,,,,,,,high,"[""HSRC-0004"",""HSRC-0008""]",
pocket_affliction,can_be_purged,stat,can_be_purged,1,boolean,,,,base ability state,,ability-defined,,,,,,,,,high,"[""HSRC-0004"",""HSRC-0008""]",
pocket_affliction,channel_move_speed,movement,channel_move_speed,1.3,units_per_second,,,,base ability state,,ability-defined,,,,,,,,,high,"[""HSRC-0004"",""HSRC-0008""]",
pocket_affliction,current_health_damage,damage,current_health_damage,0,health,spirit,0,,base ability state,,ability-defined,,,,,,,,,high,"[""HSRC-0004"",""HSRC-0008""]",
pocket_affliction,dps,damage,dps,32,damage_per_second,spirit,0.21,value = 32 + 0.21 * spirit,base ability state,,ability-defined,,,,,,,,,high,"[""HSRC-0004"",""HSRC-0008""]",
pocket_affliction,damage_interval,damage,damage_interval,0.5,seconds,,,,base ability state,,ability-defined,,,,,,,,0.5,high,"[""HSRC-0004"",""HSRC-0008""]",
pocket_affliction,debuff_duration,crowd_control,debuff_duration,10,seconds,duration,1,,base ability state,,ability-defined,,,,,10,,,,high,"[""HSRC-0004"",""HSRC-0008""]",
pocket_affliction,debuff_modifier,crowd_control,debuff_modifier,SynthAfflictionDebuff,identifier,,,,base ability state,,ability-defined,,,,,,,,,medium,"[""HSRC-0004"",""HSRC-0008""]",Strukturierter Modifier-Verweis; die Modifier-Klasse selbst wurde nicht als ausformulierte Spielregel interpretiert.
pocket_affliction,radius,targeting,radius,9,meters,range,1,,base ability state,,ability-defined,,,,,,,,,high,"[""HSRC-0004"",""HSRC-0008""]",
rem_pillow_toss,ability_cast_delay,stat,ability_cast_delay,0.3,seconds,,,,base ability state,,ability-defined,,,,,,,,,high,"[""HSRC-0004"",""HSRC-0008""]",
rem_pillow_toss,ability_cast_range,targeting,ability_cast_range,40,meters,range,1,,base ability state,,ability-defined,,,,,,,,,high,"[""HSRC-0004"",""HSRC-0008""]",
rem_pillow_toss,ability_charges,charge,ability_charges,1,charges,max_charges,1,,base ability state,,ability-defined,,,,,,,,,high,"[""HSRC-0004"",""HSRC-0008""]",
rem_pillow_toss,ability_cooldown,cooldown,ability_cooldown,25,seconds,cooldown,1,,base ability state,,ability-defined,,,,,,25,,,high,"[""HSRC-0004"",""HSRC-0008""]",
rem_pillow_toss,ability_cooldown_between_charge,cooldown,ability_cooldown_between_charge,8,seconds,charge_cooldown,1,,base ability state,,ability-defined,,,,,,8,,,high,"[""HSRC-0004"",""HSRC-0008""]",
rem_pillow_toss,ability_post_cast_duration,stat,ability_post_cast_duration,0.2,seconds,,,,base ability state,,ability-defined,,,,,0.2,,,,high,"[""HSRC-0004"",""HSRC-0008""]",
rem_pillow_toss,ability_unit_target_limit,targeting,ability_unit_target_limit,1,count,,,,base ability state,,ability-defined,,,,,,,,,high,"[""HSRC-0004"",""HSRC-0008""]",
rem_pillow_toss,auto_channel_modifier,special_rule,auto_channel_modifier,Channeling,identifier,,,,base ability state,,ability-defined,,,,,,,,,medium,"[""HSRC-0004"",""HSRC-0008""]",Strukturierter Modifier-Verweis; die Modifier-Klasse selbst wurde nicht als ausformulierte Spielregel interpretiert.
rem_pillow_toss,cd_reduce_on_pillow_hit,stat,cd_reduce_on_pillow_hit,5,flat,,,,base ability state,,ability-defined,,,,,,,,,high,"[""HSRC-0004"",""HSRC-0008""]",
rem_pillow_toss,damage,damage,damage,75,damage,spirit,1.6,value = 75 + 1.6 * spirit,base ability state,,ability-defined,,,,,,,,,high,"[""HSRC-0004"",""HSRC-0008""]",
rem_pillow_toss,effect_duration,stat,effect_duration,3,seconds,duration,1,,base ability state,,ability-defined,,,,,3,,,,high,"[""HSRC-0004"",""HSRC-0008""]",
rem_pillow_toss,effect_modifier,special_rule,effect_modifier,Slow,identifier,,,,base ability state,,ability-defined,,,,,,,,,medium,"[""HSRC-0004"",""HSRC-0008""]",Strukturierter Modifier-Verweis; die Modifier-Klasse selbst wurde nicht als ausformulierte Spielregel interpretiert.
rem_pillow_toss,fading_slow_percent,crowd_control,fading_slow_percent,45,percent,,,,base ability state,,ability-defined,,,,,,,,,high,"[""HSRC-0004"",""HSRC-0008""]",
rem_pillow_toss,orbs_to_fire,stat,orbs_to_fire,1,count,,,,base ability state,,ability-defined,,,,,,,,,high,"[""HSRC-0004"",""HSRC-0008""]",
rem_pillow_toss,radius,targeting,radius,5,meters,range,1,,base ability state,,ability-defined,,,,,,,,,high,"[""HSRC-0004"",""HSRC-0008""]",
rem_pillow_toss,toss_duration,movement,toss_duration,0.4,seconds,,,,base ability state,,ability-defined,,,,,0.4,,,,high,"[""HSRC-0004"",""HSRC-0008""]",
rem_pillow_toss,toss_force,movement,toss_force,300,flat,,,,base ability state,,ability-defined,,,,,,,,,high,"[""HSRC-0004"",""HSRC-0008""]",
rem_tag_along,ability_cast_delay,stat,ability_cast_delay,0.5,seconds,,,,base ability state,,ability-defined,,,,,,,,,high,"[""HSRC-0004"",""HSRC-0008""]",
rem_tag_along,ability_cast_range,targeting,ability_cast_range,23,meters,range,1,,base ability state,,ability-defined,,,,,,,,,high,"[""HSRC-0004"",""HSRC-0008""]",
rem_tag_along,ability_cooldown,cooldown,ability_cooldown,40,seconds,cooldown,1,,base ability state,,ability-defined,,,,,,40,,,high,"[""HSRC-0004"",""HSRC-0008""]",
rem_tag_along,ability_duration,stat,ability_duration,5.5,seconds,duration,1,,base ability state,,ability-defined,,,,,5.5,,,,high,"[""HSRC-0004"",""HSRC-0008""]",
rem_tag_along,ability_unit_target_limit,targeting,ability_unit_target_limit,1,count,,,,base ability state,,ability-defined,,,,,,,,,high,"[""HSRC-0004"",""HSRC-0008""]",
rem_tag_along,ally_lockout_modifier,special_rule,ally_lockout_modifier,Tagalonglockout,identifier,,,,base ability state,,ability-defined,,,,,,,,,medium,"[""HSRC-0004"",""HSRC-0008""]",Strukturierter Modifier-Verweis; die Modifier-Klasse selbst wurde nicht als ausformulierte Spielregel interpretiert.
rem_tag_along,attach_heal_modifier,healing,attach_heal_modifier,Attachheal,identifier,,,,base ability state,,ability-defined,,,,,,,,,medium,"[""HSRC-0004"",""HSRC-0008""]",Strukturierter Modifier-Verweis; die Modifier-Klasse selbst wurde nicht als ausformulierte Spielregel interpretiert.
rem_tag_along,attached_modifier,special_rule,attached_modifier,Attached,identifier,,,,base ability state,,ability-defined,,,,,,,,,medium,"[""HSRC-0004"",""HSRC-0008""]",Strukturierter Modifier-Verweis; die Modifier-Klasse selbst wurde nicht als ausformulierte Spielregel interpretiert.
rem_tag_along,attached_modifier_host_modifier,special_rule,attached_modifier_host_modifier,Host,identifier,,,,base ability state,,ability-defined,,,,,,,,,medium,"[""HSRC-0004"",""HSRC-0008""]",Strukturierter Modifier-Verweis; die Modifier-Klasse selbst wurde nicht als ausformulierte Spielregel interpretiert.
rem_tag_along,attached_modifier_replicated_barrier_modifier,shield,attached_modifier_replicated_barrier_modifier,Familiarbarrier,identifier,,,,base ability state,,ability-defined,,,,,,,,,medium,"[""HSRC-0004"",""HSRC-0008""]",Strukturierter Modifier-Verweis; die Modifier-Klasse selbst wurde nicht als ausformulierte Spielregel interpretiert.
rem_tag_along,attached_modifier_attach_ending_modifier,special_rule,attached_modifier_attach_ending_modifier,Attachending,identifier,,,,base ability state,,ability-defined,,,,,,,,,medium,"[""HSRC-0004"",""HSRC-0008""]",Strukturierter Modifier-Verweis; die Modifier-Klasse selbst wurde nicht als ausformulierte Spielregel interpretiert.
rem_tag_along,attached_modifier_ending_warning_duration,stat,attached_modifier_ending_warning_duration,5,seconds,,,,base ability state,,ability-defined,,,,,5,,,,high,"[""HSRC-0004"",""HSRC-0008""]",
rem_tag_along,auto_cast_delay_modifier,special_rule,auto_cast_delay_modifier,Castdelay,identifier,,,,base ability state,,ability-defined,,,,,,,,,medium,"[""HSRC-0004"",""HSRC-0008""]",Strukturierter Modifier-Verweis; die Modifier-Klasse selbst wurde nicht als ausformulierte Spielregel interpretiert.
rem_tag_along,bonus_move_speed,movement,bonus_move_speed,4,units_per_second,,,,base ability state,,ability-defined,,,,,,,,,high,"[""HSRC-0004"",""HSRC-0008""]",
rem_tag_along,channel_move_speed,movement,channel_move_speed,5,units_per_second,,,,base ability state,,ability-defined,,,,,,,,,high,"[""HSRC-0004"",""HSRC-0008""]",
rem_tag_along,death_barrier_modifier,shield,death_barrier_modifier,Deathbarrier,identifier,,,,base ability state,,ability-defined,,,,,,,,,medium,"[""HSRC-0004"",""HSRC-0008""]",Strukturierter Modifier-Verweis; die Modifier-Klasse selbst wurde nicht als ausformulierte Spielregel interpretiert.
rem_tag_along,healing_per_second,healing,healing_per_second,42,health_per_second,spirit,0.4,value = 42 + 0.4 * spirit,base ability state,,ability-defined,,,,,,,,,high,"[""HSRC-0004"",""HSRC-0008""]",
rem_tag_along,health_regen_duration,healing,health_regen_duration,2,seconds,duration,1,,base ability state,,ability-defined,,,,,2,,,,high,"[""HSRC-0004"",""HSRC-0008""]",
rem_tag_along,hop_off_buff_modifier,special_rule,hop_off_buff_modifier,Hopoutbuff,identifier,,,,base ability state,,ability-defined,,,,,,,,,medium,"[""HSRC-0004"",""HSRC-0008""]",Strukturierter Modifier-Verweis; die Modifier-Klasse selbst wurde nicht als ausformulierte Spielregel interpretiert.
rem_tag_along,hop_out_lockout_duration,stat,hop_out_lockout_duration,0.3,seconds,,,,base ability state,,ability-defined,,,,,0.3,,,,high,"[""HSRC-0004"",""HSRC-0008""]",
rem_tag_along,hop_out_lockout_modifier,special_rule,hop_out_lockout_modifier,Lockout,identifier,,,,base ability state,,ability-defined,,,,,,,,,medium,"[""HSRC-0004"",""HSRC-0008""]",Strukturierter Modifier-Verweis; die Modifier-Klasse selbst wurde nicht als ausformulierte Spielregel interpretiert.
rem_tag_along,launch_toss_modifier,movement,launch_toss_modifier,Launchtoss,identifier,,,,base ability state,,ability-defined,,,,,,,,,medium,"[""HSRC-0004"",""HSRC-0008""]",Strukturierter Modifier-Verweis; die Modifier-Klasse selbst wurde nicht als ausformulierte Spielregel interpretiert.
rem_tag_along,launched_self_modifier,special_rule,launched_self_modifier,Launch,identifier,,,,base ability state,,ability-defined,,,,,,,,,medium,"[""HSRC-0004"",""HSRC-0008""]",Strukturierter Modifier-Verweis; die Modifier-Klasse selbst wurde nicht als ausformulierte Spielregel interpretiert.
rem_tag_along,missing_health_burst_pct,healing,missing_health_burst_pct,15,percent,spirit,0.03,value = 15 + 0.03 * spirit,base ability state,,ability-defined,,,,,,,,,high,"[""HSRC-0004"",""HSRC-0008""]",
rem_tag_along,moving_to_attach_modifier,special_rule,moving_to_attach_modifier,Movingtoattach,identifier,,,,base ability state,,ability-defined,,,,,,,,,medium,"[""HSRC-0004"",""HSRC-0008""]",Strukturierter Modifier-Verweis; die Modifier-Klasse selbst wurde nicht als ausformulierte Spielregel interpretiert.
rem_tag_along,speed_modifier,movement,speed_modifier,Speed,identifier,,,,base ability state,,ability-defined,,,,,,,,,medium,"[""HSRC-0004"",""HSRC-0008""]",Strukturierter Modifier-Verweis; die Modifier-Klasse selbst wurde nicht als ausformulierte Spielregel interpretiert.
rem_lil_helpers,ability_cast_delay,stat,ability_cast_delay,0.1,seconds,,,,base ability state,,ability-defined,,,,,,,,,high,"[""HSRC-0004"",""HSRC-0008""]",
rem_lil_helpers,ability_cast_range,targeting,ability_cast_range,45,meters,range,0,,base ability state,,ability-defined,,,,,,,,,high,"[""HSRC-0004"",""HSRC-0008""]",
rem_lil_helpers,ability_unit_target_limit,targeting,ability_unit_target_limit,1,count,,,,base ability state,,ability-defined,,,,,,,,,high,"[""HSRC-0004"",""HSRC-0008""]",
rem_lil_helpers,arm_time,stat,arm_time,0.1,seconds,,,,base ability state,,ability-defined,,,,,,,,,high,"[""HSRC-0004"",""HSRC-0008""]",
rem_lil_helpers,aura_attack_height,stat,aura_attack_height,10,meters,,,,base ability state,,ability-defined,,,,,,,,,high,"[""HSRC-0004"",""HSRC-0008""]",
rem_lil_helpers,aura_radius,targeting,aura_radius,10,meters,range,1,,base ability state,,ability-defined,,,,,,,,,high,"[""HSRC-0004"",""HSRC-0008""]",
rem_lil_helpers,aura_soft_radius,targeting,aura_soft_radius,10,meters,range,1,,base ability state,,ability-defined,,,,,,,,,high,"[""HSRC-0004"",""HSRC-0008""]",
rem_lil_helpers,bonus_move_speed,movement,bonus_move_speed,3,units_per_second,,,,base ability state,,ability-defined,,,,,,,,,high,"[""HSRC-0004"",""HSRC-0008""]",
rem_lil_helpers,dps_per_sprite,damage,dps_per_sprite,1,flat,,,,base ability state,,ability-defined,,,,,,,,,high,"[""HSRC-0004"",""HSRC-0008""]",
rem_lil_helpers,damage,damage,damage,20,damage,,,,base ability state,,ability-defined,,,,,,,,,high,"[""HSRC-0004"",""HSRC-0008""]",
rem_lil_helpers,helper_chore_cooldown_duration,summon,helper_chore_cooldown_duration,5,seconds,cooldown,1,,base ability state,,ability-defined,,,,,5,5,,,high,"[""HSRC-0004"",""HSRC-0008""]",
rem_lil_helpers,helper_count,summon,helper_count,1,count,,,,base ability state,,ability-defined,,,,,,,,,high,"[""HSRC-0004"",""HSRC-0008""]",
rem_lil_helpers,helper_downtime_duration,summon,helper_downtime_duration,15.1,seconds,cooldown,1,,base ability state,,ability-defined,,,,,15.1,,,,high,"[""HSRC-0004"",""HSRC-0008""]",
rem_lil_helpers,helpers_per_patrol,summon,helpers_per_patrol,4,flat,,,,base ability state,,ability-defined,,,,,,,,,high,"[""HSRC-0004"",""HSRC-0008""]",
rem_lil_helpers,infest_burst_health_percent,healing,infest_burst_health_percent,75,percent,,,,base ability state,,ability-defined,,,,,,,,,high,"[""HSRC-0004"",""HSRC-0008""]",
rem_lil_helpers,infest_damage_taken_percent,damage,infest_damage_taken_percent,30,percent,,,,base ability state,,ability-defined,,,,,,,,,high,"[""HSRC-0004"",""HSRC-0008""]",
rem_lil_helpers,infest_heal,healing,infest_heal,8,health,spirit,0.14,value = 8 + 0.14 * spirit,base ability state,,ability-defined,,,,,,,,,high,"[""HSRC-0004"",""HSRC-0008""]",
rem_lil_helpers,infest_heal_interval,healing,infest_heal_interval,2,seconds,,,,base ability state,,ability-defined,,,,,,,,,high,"[""HSRC-0004"",""HSRC-0008""]",
rem_lil_helpers,infest_modifier,special_rule,infest_modifier,Infest,identifier,,,,base ability state,,ability-defined,,,,,,,,,medium,"[""HSRC-0004"",""HSRC-0008""]",Strukturierter Modifier-Verweis; die Modifier-Klasse selbst wurde nicht als ausformulierte Spielregel interpretiert.
rem_lil_helpers,infest_waiting_modifier,special_rule,infest_waiting_modifier,Infestwaiting,identifier,,,,base ability state,,ability-defined,,,,,,,,,medium,"[""HSRC-0004"",""HSRC-0008""]",Strukturierter Modifier-Verweis; die Modifier-Klasse selbst wurde nicht als ausformulierte Spielregel interpretiert.
rem_lil_helpers,infest_waiting_modifier_enabled_state_mask_1,stat,infest_waiting_modifier_enabled_state_mask_1,FamiliarInfestWaiting,identifier,,,,base ability state,,ability-defined,,,,,,,,,high,"[""HSRC-0004"",""HSRC-0008""]",
rem_lil_helpers,invis_watcher_modifier,special_rule,invis_watcher_modifier,FamiliarHelperInvisWatcher,identifier,,,,base ability state,,ability-defined,,,,,,,,,medium,"[""HSRC-0004"",""HSRC-0008""]",Strukturierter Modifier-Verweis; die Modifier-Klasse selbst wurde nicht als ausformulierte Spielregel interpretiert.
rem_lil_helpers,npc_infest_duration,stat,npc_infest_duration,50,seconds,,,,base ability state,,nonhero_unit,Explicit structured field: 50 seconds.,,,,50,,,,high,"[""HSRC-0004"",""HSRC-0008""]",
rem_lil_helpers,patrol_damage_cooldown,damage,patrol_damage_cooldown,10,seconds,,,,base ability state,,ability-defined,,,,,,10,,,high,"[""HSRC-0004"",""HSRC-0008""]",
rem_lil_helpers,player_infest_duration,stat,player_infest_duration,8,seconds,duration,1,,base ability state,,ability-defined,,,,,8,,,,high,"[""HSRC-0004"",""HSRC-0008""]",
rem_lil_helpers,tech_armor_gain,defense,tech_armor_gain,12,flat,,,,base ability state,,ability-defined,,,,,,,,,high,"[""HSRC-0004"",""HSRC-0008""]",
rem_lil_helpers,tick_rate,stat,tick_rate,0.2,seconds,,,,base ability state,,ability-defined,,,,,,,,0.2,high,"[""HSRC-0004"",""HSRC-0008""]",
rem_naptime,ability_cast_delay,stat,ability_cast_delay,0.18,seconds,,,,base ability state,,ability-defined,,,,,,,,,high,"[""HSRC-0004"",""HSRC-0008""]",
rem_naptime,ability_cast_range,targeting,ability_cast_range,24,meters,range,1,,base ability state,,ability-defined,,,,,,,,,high,"[""HSRC-0004"",""HSRC-0008""]",
rem_naptime,ability_channel_time,stat,ability_channel_time,1.9,seconds,duration,0,,base ability state,,ability-defined,,,,,,,,,high,"[""HSRC-0004"",""HSRC-0008""]",
rem_naptime,ability_cooldown,cooldown,ability_cooldown,200,seconds,cooldown,1,,base ability state,,ability-defined,,,,,,200,,,high,"[""HSRC-0004"",""HSRC-0008""]",
rem_naptime,ability_unit_target_limit,targeting,ability_unit_target_limit,1,count,,,,base ability state,,ability-defined,,,,,,,,,high,"[""HSRC-0004"",""HSRC-0008""]",
rem_naptime,auto_channel_modifier,special_rule,auto_channel_modifier,Channeling,identifier,,,,base ability state,,ability-defined,,,,,,,,,medium,"[""HSRC-0004"",""HSRC-0008""]",Strukturierter Modifier-Verweis; die Modifier-Klasse selbst wurde nicht als ausformulierte Spielregel interpretiert.
rem_naptime,awake_damage,damage,awake_damage,120,damage,spirit,1.6,value = 120 + 1.6 * spirit,base ability state,,ability-defined,,,,,,,,,high,"[""HSRC-0004"",""HSRC-0008""]",
rem_naptime,damage_resist_pct_while_channeling,damage,damage_resist_pct_while_channeling,30,percent,,,,base ability state,,ability-defined,,,,,,,,,high,"[""HSRC-0004"",""HSRC-0008""]",
rem_naptime,effect_modifier,special_rule,effect_modifier,Effect,identifier,,,,base ability state,,ability-defined,,,,,,,,,medium,"[""HSRC-0004"",""HSRC-0008""]",Strukturierter Modifier-Verweis; die Modifier-Klasse selbst wurde nicht als ausformulierte Spielregel interpretiert.
rem_naptime,height,stat,height,20,meters,,,,base ability state,,ability-defined,,,,,,,,,high,"[""HSRC-0004"",""HSRC-0008""]",
rem_naptime,min_sleep_time,crowd_control,min_sleep_time,0.5,seconds,,,,base ability state,,ability-defined,,,,,,,,,high,"[""HSRC-0004"",""HSRC-0008""]",
rem_naptime,move_speed_and_dash_slow_pct,crowd_control,move_speed_and_dash_slow_pct,25,percent,,,,base ability state,,ability-defined,,,,,,,,,high,"[""HSRC-0004"",""HSRC-0008""]",
rem_naptime,radius,targeting,radius,19,meters,range,1,,base ability state,,ability-defined,,,,,,,,,high,"[""HSRC-0004"",""HSRC-0008""]",
rem_naptime,sleep_damage_threshold,damage,sleep_damage_threshold,100,damage,power_increase,3.1,,base ability state,,ability-defined,,,,,,,,,high,"[""HSRC-0004"",""HSRC-0008""]",
rem_naptime,sleep_duration,crowd_control,sleep_duration,4,seconds,duration,1,,base ability state,,ability-defined,,,,,4,,,,high,"[""HSRC-0004"",""HSRC-0008""]",
rem_naptime,sleep_move_speed,crowd_control,sleep_move_speed,1.5,units_per_second,,,,base ability state,,ability-defined,,,,,,,,,high,"[""HSRC-0004"",""HSRC-0008""]",
rem_naptime,staring_modifier,special_rule,staring_modifier,Staring,identifier,,,,base ability state,,ability-defined,,,,,,,,,medium,"[""HSRC-0004"",""HSRC-0008""]",Strukturierter Modifier-Verweis; die Modifier-Klasse selbst wurde nicht als ausformulierte Spielregel interpretiert.
rem_naptime,unstoppable_while_channeling_modifier,defense,unstoppable_while_channeling_modifier,FamiliarUltUnstoppable,identifier,,,,base ability state,,ability-defined,,,,,,,,,medium,"[""HSRC-0004"",""HSRC-0008""]",Strukturierter Modifier-Verweis; die Modifier-Klasse selbst wurde nicht als ausformulierte Spielregel interpretiert.
rem_naptime,unstoppable_while_channeling_modifier_enabled_state_mask_1,defense,unstoppable_while_channeling_modifier_enabled_state_mask_1,StatusImmune,identifier,,,,base ability state,,ability-defined,,,,,,,,,high,"[""HSRC-0004"",""HSRC-0008""]",
rem_naptime,unstoppable_while_channeling_modifier_enabled_state_mask_2,defense,unstoppable_while_channeling_modifier_enabled_state_mask_2,SlowImmune,identifier,,,,base ability state,,ability-defined,,,,,,,,,high,"[""HSRC-0004"",""HSRC-0008""]",
rem_naptime,unstoppable_while_channeling_modifier_enabled_state_mask_3,defense,unstoppable_while_channeling_modifier_enabled_state_mask_3,KnockdownImmune,identifier,,,,base ability state,,ability-defined,,,,,,,,,high,"[""HSRC-0004"",""HSRC-0008""]",
rem_naptime,unstoppable_while_channeling_modifier_enabled_state_mask_4,defense,unstoppable_while_channeling_modifier_enabled_state_mask_4,Unstoppable,identifier,,,,base ability state,,ability-defined,,,,,,,,,high,"[""HSRC-0004"",""HSRC-0008""]",
rem_naptime,unstoppable_while_channeling_modifier_disabled_state_mask_1,defense,unstoppable_while_channeling_modifier_disabled_state_mask_1,Disarmed,identifier,,,,base ability state,,ability-defined,,,,,,,,,high,"[""HSRC-0004"",""HSRC-0008""]",
rem_naptime,unstoppable_while_channeling_modifier_disabled_state_mask_2,defense,unstoppable_while_channeling_modifier_disabled_state_mask_2,Muted,identifier,,,,base ability state,,ability-defined,,,,,,,,,high,"[""HSRC-0004"",""HSRC-0008""]",
rem_naptime,unstoppable_while_channeling_modifier_disabled_state_mask_3,defense,unstoppable_while_channeling_modifier_disabled_state_mask_3,Silenced,identifier,,,,base ability state,,ability-defined,,,,,,,,,high,"[""HSRC-0004"",""HSRC-0008""]",
rem_naptime,unstoppable_while_channeling_modifier_disabled_state_mask_4,defense,unstoppable_while_channeling_modifier_disabled_state_mask_4,SilenceMovementAbilites,identifier,,,,base ability state,,ability-defined,,,,,,,,,high,"[""HSRC-0004"",""HSRC-0008""]",
rem_naptime,unstoppable_while_channeling_modifier_disabled_state_mask_5,defense,unstoppable_while_channeling_modifier_disabled_state_mask_5,Slowed,identifier,,,,base ability state,,ability-defined,,,,,,,,,high,"[""HSRC-0004"",""HSRC-0008""]",
rem_naptime,unstoppable_while_channeling_modifier_disabled_state_mask_6,defense,unstoppable_while_channeling_modifier_disabled_state_mask_6,Glitched,identifier,,,,base ability state,,ability-defined,,,,,,,,,high,"[""HSRC-0004"",""HSRC-0008""]",
rem_naptime,unstoppable_while_channeling_modifier_disabled_state_mask_7,defense,unstoppable_while_channeling_modifier_disabled_state_mask_7,MeleeDisabledDebuff,identifier,,,,base ability state,,ability-defined,,,,,,,,,high,"[""HSRC-0004"",""HSRC-0008""]",
rem_naptime,unstoppable_while_channeling_modifier_disabled_state_mask_8,defense,unstoppable_while_channeling_modifier_disabled_state_mask_8,DashDisabledDebuff,identifier,,,,base ability state,,ability-defined,,,,,,,,,high,"[""HSRC-0004"",""HSRC-0008""]",
rem_innate,crouch_tunnel_access_out_of_combat,stat,crouch_tunnel_access_out_of_combat,true,boolean,,,,base ability state,,ability-defined,,,,,,,,,high,"[""HSRC-0014"",""HSRC-0003""]",
seven_lightning_ball,ability_cast_delay,stat,ability_cast_delay,0.2,seconds,,,,base ability state,,ability-defined,,,,,,,,,high,"[""HSRC-0004"",""HSRC-0008""]",
seven_lightning_ball,ability_charges,charge,ability_charges,1,charges,max_charges,1,,base ability state,,ability-defined,,,,,,,,,high,"[""HSRC-0004"",""HSRC-0008""]",
seven_lightning_ball,ability_cooldown,cooldown,ability_cooldown,26,seconds,cooldown,1,,base ability state,,ability-defined,,,,,,26,,,high,"[""HSRC-0004"",""HSRC-0008""]",
seven_lightning_ball,ability_cooldown_between_charge,cooldown,ability_cooldown_between_charge,6,seconds,charge_cooldown,1,,base ability state,,ability-defined,,,,,,6,,,high,"[""HSRC-0004"",""HSRC-0008""]",
seven_lightning_ball,ability_unit_target_limit,targeting,ability_unit_target_limit,1,count,,,,base ability state,,ability-defined,,,,,,,,,high,"[""HSRC-0004"",""HSRC-0008""]",
seven_lightning_ball,channel_move_speed,movement,channel_move_speed,1.3,units_per_second,,,,base ability state,,ability-defined,,,,,,,,,high,"[""HSRC-0004"",""HSRC-0008""]",
seven_lightning_ball,dps,damage,dps,75,damage_per_second,spirit,0.5,value = 75 + 0.5 * spirit,base ability state,,ability-defined,,,,,,,,,high,"[""HSRC-0004"",""HSRC-0008""]",
seven_lightning_ball,max_lifetime,stat,max_lifetime,5,seconds,duration,1,,base ability state,,ability-defined,,,,,,,,,high,"[""HSRC-0004"",""HSRC-0008""]",
seven_lightning_ball,min_shock_duration,stat,min_shock_duration,0.5,seconds,,,,base ability state,,ability-defined,,,,,0.5,,,,high,"[""HSRC-0004"",""HSRC-0008""]",
seven_lightning_ball,shock_radius,targeting,shock_radius,4.25,meters,radius,1,,base ability state,,ability-defined,,,,,,,,,high,"[""HSRC-0004"",""HSRC-0008""]",
seven_lightning_ball,slow_modifier,crowd_control,slow_modifier,GigagwattLightningballSlow,identifier,,,,base ability state,,ability-defined,,,,,,,,,medium,"[""HSRC-0004"",""HSRC-0008""]",Strukturierter Modifier-Verweis; die Modifier-Klasse selbst wurde nicht als ausformulierte Spielregel interpretiert.
seven_lightning_ball,tick_rate,stat,tick_rate,0.1,seconds,,,,base ability state,,ability-defined,,,,,,,,0.1,high,"[""HSRC-0004"",""HSRC-0008""]",
seven_lightning_ball,zap_modifier,special_rule,zap_modifier,CitadelLightningball,identifier,,,,base ability state,,ability-defined,,,,,,,,,medium,"[""HSRC-0004"",""HSRC-0008""]",Strukturierter Modifier-Verweis; die Modifier-Klasse selbst wurde nicht als ausformulierte Spielregel interpretiert.
seven_static_charge,ability_cast_delay,stat,ability_cast_delay,0.2,seconds,,,,base ability state,,ability-defined,,,,,,,,,high,"[""HSRC-0004"",""HSRC-0008""]",
seven_static_charge,ability_cast_range,targeting,ability_cast_range,15,meters,range,1,,base ability state,,ability-defined,,,,,,,,,high,"[""HSRC-0004"",""HSRC-0008""]",
seven_static_charge,ability_cooldown,cooldown,ability_cooldown,42,seconds,cooldown,1,,base ability state,,ability-defined,,,,,,42,,,high,"[""HSRC-0004"",""HSRC-0008""]",
seven_static_charge,ability_unit_target_limit,targeting,ability_unit_target_limit,1,count,,,,base ability state,,ability-defined,,,,,,,,,high,"[""HSRC-0004"",""HSRC-0008""]",
seven_static_charge,channel_move_speed,movement,channel_move_speed,1.3,units_per_second,,,,base ability state,,ability-defined,,,,,,,,,high,"[""HSRC-0004"",""HSRC-0008""]",
seven_static_charge,damage,damage,damage,35,damage,spirit,0.792137,value = 35 + 0.792137 * spirit,base ability state,,ability-defined,,,,,,,,,high,"[""HSRC-0004"",""HSRC-0008""]",
seven_static_charge,shock_delay,stat,shock_delay,3.5,seconds,,,,base ability state,,ability-defined,,,,,,,,,high,"[""HSRC-0004"",""HSRC-0008""]",
seven_static_charge,shock_radius,targeting,shock_radius,5,meters,radius,1,,base ability state,,ability-defined,,,,,,,,,high,"[""HSRC-0004"",""HSRC-0008""]",
seven_static_charge,static_charge_modifier,charge,static_charge_modifier,CitadelStaticcharge,identifier,,,,base ability state,,ability-defined,,,,,,,,,medium,"[""HSRC-0004"",""HSRC-0008""]",Strukturierter Modifier-Verweis; die Modifier-Klasse selbst wurde nicht als ausformulierte Spielregel interpretiert.
seven_static_charge,stun_duration,crowd_control,stun_duration,0.9,seconds,duration,1,,base ability state,,ability-defined,,,,,0.9,,,,high,"[""HSRC-0004"",""HSRC-0008""]",
seven_power_surge,ability_cast_delay,stat,ability_cast_delay,0.2,seconds,,,,base ability state,,ability-defined,,,,,,,,,high,"[""HSRC-0004"",""HSRC-0008""]",
seven_power_surge,ability_cooldown,cooldown,ability_cooldown,50,seconds,cooldown,1,,base ability state,,ability-defined,,,,,,50,,,high,"[""HSRC-0004"",""HSRC-0008""]",
seven_power_surge,ability_duration,stat,ability_duration,10,seconds,duration,1,,base ability state,,ability-defined,,,,,10,,,,high,"[""HSRC-0004"",""HSRC-0008""]",
seven_power_surge,ability_unit_target_limit,targeting,ability_unit_target_limit,1,count,,,,base ability state,,ability-defined,,,,,,,,,high,"[""HSRC-0004"",""HSRC-0008""]",
seven_power_surge,bonus_per_chain,stat,bonus_per_chain,10,flat,spirit,0.32,value = 10 + 0.32 * spirit,base ability state,,ability-defined,,,,,,,,,high,"[""HSRC-0004"",""HSRC-0008""]",
seven_power_surge,buff_modifier,special_rule,buff_modifier,PowerSurge,identifier,,,,base ability state,,ability-defined,,,,,,,,,medium,"[""HSRC-0004"",""HSRC-0008""]",Strukturierter Modifier-Verweis; die Modifier-Klasse selbst wurde nicht als ausformulierte Spielregel interpretiert.
seven_power_surge,buff_modifier_debuff_modifier,crowd_control,buff_modifier_debuff_modifier,PowerSurgeDebuff,identifier,,,,base ability state,,ability-defined,,,,,,,,,medium,"[""HSRC-0004"",""HSRC-0008""]",Strukturierter Modifier-Verweis; die Modifier-Klasse selbst wurde nicht als ausformulierte Spielregel interpretiert.
seven_power_surge,chain_count,stat,chain_count,4,count,,,,base ability state,,ability-defined,,,,,,,,,high,"[""HSRC-0004"",""HSRC-0008""]",
seven_power_surge,chain_modifier,special_rule,chain_modifier,PowerSurgeChainLightning,identifier,,,,base ability state,,ability-defined,,,,,,,,,medium,"[""HSRC-0004"",""HSRC-0008""]",Strukturierter Modifier-Verweis; die Modifier-Klasse selbst wurde nicht als ausformulierte Spielregel interpretiert.
seven_power_surge,chain_radius,targeting,chain_radius,10,meters,radius,1,,base ability state,,ability-defined,,,,,,,,,high,"[""HSRC-0004"",""HSRC-0008""]",
seven_power_surge,chain_tick_rate,stat,chain_tick_rate,0.2,seconds,,,,base ability state,,ability-defined,,,,,,,,0.2,high,"[""HSRC-0004"",""HSRC-0008""]",
seven_power_surge,damage_per_chain,damage,damage_per_chain,10,damage,spirit,0.14,value = 10 + 0.14 * spirit,base ability state,,ability-defined,,,,,,,,,high,"[""HSRC-0004"",""HSRC-0008""]",
seven_storm_cloud,ability_channel_time,stat,ability_channel_time,7,seconds,duration,1,,base ability state,,ability-defined,,,,,,,,,high,"[""HSRC-0004"",""HSRC-0008""]",
seven_storm_cloud,ability_cooldown,cooldown,ability_cooldown,205,seconds,cooldown,1,,base ability state,,ability-defined,,,,,,205,,,high,"[""HSRC-0004"",""HSRC-0008""]",
seven_storm_cloud,ability_unit_target_limit,targeting,ability_unit_target_limit,1,count,,,,base ability state,,ability-defined,,,,,,,,,high,"[""HSRC-0004"",""HSRC-0008""]",
seven_storm_cloud,cloud_height,stat,cloud_height,120,meters,,,,base ability state,,ability-defined,,,,,,,,,high,"[""HSRC-0004"",""HSRC-0008""]",
seven_storm_cloud,dps,damage,dps,95,damage_per_second,spirit,0.6,value = 95 + 0.6 * spirit,base ability state,,ability-defined,,,,,,,,,high,"[""HSRC-0004"",""HSRC-0008""]",
seven_storm_cloud,damage_interval,damage,damage_interval,0.3,seconds,,,,base ability state,,ability-defined,,,,,,,,0.3,high,"[""HSRC-0004"",""HSRC-0008""]",
seven_storm_cloud,ending_soon_time,stat,ending_soon_time,2,seconds,,,,base ability state,,ability-defined,,,,,,,,,high,"[""HSRC-0004"",""HSRC-0008""]",
seven_storm_cloud,expand_time,stat,expand_time,3.5,seconds,,,,base ability state,,ability-defined,,,,,,,,,high,"[""HSRC-0004"",""HSRC-0008""]",
seven_storm_cloud,flight_control_enabled,movement,flight_control_enabled,1.5,flat,,,,base ability state,,ability-defined,,,,,,,,,high,"[""HSRC-0004"",""HSRC-0008""]",
seven_storm_cloud,initial_radius,targeting,initial_radius,10,meters,radius,1,,base ability state,,ability-defined,,,,,,,,,high,"[""HSRC-0004"",""HSRC-0008""]",
seven_storm_cloud,lightning_strike_aoe_modifier,special_rule,lightning_strike_aoe_modifier,LightningStrike,identifier,,,,base ability state,,ability-defined,,,,,,,,,medium,"[""HSRC-0004"",""HSRC-0008""]",Strukturierter Modifier-Verweis; die Modifier-Klasse selbst wurde nicht als ausformulierte Spielregel interpretiert.
seven_storm_cloud,lightning_strike_damage,damage,lightning_strike_damage,75,damage,spirit,0.5,value = 75 + 0.5 * spirit,base ability state,,ability-defined,,,,,,,,,high,"[""HSRC-0004"",""HSRC-0008""]",
seven_storm_cloud,lightning_strike_delay,stat,lightning_strike_delay,0.25,seconds,,,,base ability state,,ability-defined,,,,,,,,,high,"[""HSRC-0004"",""HSRC-0008""]",
seven_storm_cloud,lightning_strike_knock_back_force,crowd_control,lightning_strike_knock_back_force,500,flat,,,,base ability state,,ability-defined,,,,,,,,,high,"[""HSRC-0004"",""HSRC-0008""]",
seven_storm_cloud,lightning_strike_radius,targeting,lightning_strike_radius,7,meters,range,1,,base ability state,,ability-defined,,,,,,,,,high,"[""HSRC-0004"",""HSRC-0008""]",
seven_storm_cloud,lightning_strikes,stat,lightning_strikes,1,flat,,,,base ability state,,ability-defined,,,,,,,,,high,"[""HSRC-0004"",""HSRC-0008""]",
seven_storm_cloud,radius,targeting,radius,30,meters,radius,1,,base ability state,,ability-defined,,,,,,,,,high,"[""HSRC-0004"",""HSRC-0008""]",
seven_storm_cloud,storm_cloud_modifier,special_rule,storm_cloud_modifier,CitadelStormcloud,identifier,,,,base ability state,,ability-defined,,,,,,,,,medium,"[""HSRC-0004"",""HSRC-0008""]",Strukturierter Modifier-Verweis; die Modifier-Klasse selbst wurde nicht als ausformulierte Spielregel interpretiert.
shiv_serrated_knives,aoe_radius,targeting,aoe_radius,10,meters,range,1,,base ability state,,ability-defined,,,,,,,,,high,"[""HSRC-0004"",""HSRC-0008""]",
shiv_serrated_knives,ability_channel_time,stat,ability_channel_time,0.2,seconds,duration,1,,base ability state,,ability-defined,,,,,,,,,high,"[""HSRC-0004"",""HSRC-0008""]",
shiv_serrated_knives,ability_charges,charge,ability_charges,2,charges,max_charges,1,,base ability state,,ability-defined,,,,,,,,,high,"[""HSRC-0004"",""HSRC-0008""]",
shiv_serrated_knives,ability_cooldown,cooldown,ability_cooldown,16,seconds,cooldown,1,,base ability state,,ability-defined,,,,,,16,,,high,"[""HSRC-0004"",""HSRC-0008""]",
shiv_serrated_knives,ability_cooldown_between_charge,cooldown,ability_cooldown_between_charge,2,seconds,charge_cooldown,1,,base ability state,,ability-defined,,,,,,2,,,high,"[""HSRC-0004"",""HSRC-0008""]",
shiv_serrated_knives,ability_post_cast_duration,stat,ability_post_cast_duration,0.3,seconds,,,,base ability state,,ability-defined,,,,,0.3,,,,high,"[""HSRC-0004"",""HSRC-0008""]",
shiv_serrated_knives,ability_unit_target_limit,targeting,ability_unit_target_limit,1,count,,,,base ability state,,ability-defined,,,,,,,,,high,"[""HSRC-0004"",""HSRC-0008""]",
shiv_serrated_knives,bleed_dps_per_stack,damage,bleed_dps_per_stack,10,flat,spirit,0.13,value = 10 + 0.13 * spirit,base ability state,,ability-defined,,,,,,,,,high,"[""HSRC-0004"",""HSRC-0008""]",
shiv_serrated_knives,bleed_duration,damage,bleed_duration,5,seconds,duration,1,,base ability state,,ability-defined,,,,,5,,,,high,"[""HSRC-0004"",""HSRC-0008""]",
shiv_serrated_knives,bleed_tick_rate,damage,bleed_tick_rate,1,seconds,,,,base ability state,,ability-defined,,,,,,,,1,high,"[""HSRC-0004"",""HSRC-0008""]",
shiv_serrated_knives,damage_debuff_modifier,damage,damage_debuff_modifier,ShivThrownShivDamageDebuff,identifier,,,,base ability state,,ability-defined,,,,,,,,,medium,"[""HSRC-0004"",""HSRC-0008""]",Strukturierter Modifier-Verweis; die Modifier-Klasse selbst wurde nicht als ausformulierte Spielregel interpretiert.
shiv_serrated_knives,impact_damage,damage,impact_damage,0,damage,spirit,0,,base ability state,,ability-defined,,,,,,,,,high,"[""HSRC-0004"",""HSRC-0008""]",
shiv_serrated_knives,movement_slow,crowd_control,movement_slow,35,flat,,,,base ability state,,ability-defined,,,,,,,,,high,"[""HSRC-0004"",""HSRC-0008""]",
shiv_serrated_knives,ricochet_count,stat,ricochet_count,1,count,,,,base ability state,,ability-defined,,,,,,,,,high,"[""HSRC-0004"",""HSRC-0008""]",
shiv_serrated_knives,slow_debuff_modifier,crowd_control,slow_debuff_modifier,ShivThrownShivSlowDebuff,identifier,,,,base ability state,,ability-defined,,,,,,,,,medium,"[""HSRC-0004"",""HSRC-0008""]",Strukturierter Modifier-Verweis; die Modifier-Klasse selbst wurde nicht als ausformulierte Spielregel interpretiert.
shiv_slice_and_dice,ability_cast_delay,stat,ability_cast_delay,0.25,seconds,,,,base ability state,,ability-defined,,,,,,,,,high,"[""HSRC-0004"",""HSRC-0008""]",
shiv_slice_and_dice,ability_cooldown,cooldown,ability_cooldown,16,seconds,cooldown,1,,base ability state,,ability-defined,,,,,,16,,,high,"[""HSRC-0004"",""HSRC-0008""]",
shiv_slice_and_dice,ability_post_cast_duration,stat,ability_post_cast_duration,0.2,seconds,,,,base ability state,,ability-defined,,,,,0.2,,,,high,"[""HSRC-0004"",""HSRC-0008""]",
shiv_slice_and_dice,ability_unit_target_limit,targeting,ability_unit_target_limit,1,count,,,,base ability state,,ability-defined,,,,,,,,,high,"[""HSRC-0004"",""HSRC-0008""]",
shiv_slice_and_dice,dash_angle_threshold,movement,dash_angle_threshold,89,degrees,,,,base ability state,,ability-defined,,,,,,,,,high,"[""HSRC-0004"",""HSRC-0008""]",
shiv_slice_and_dice,dash_modifier,movement,dash_modifier,CitadelShivDash,identifier,,,,base ability state,,ability-defined,,,,,,,,,medium,"[""HSRC-0004"",""HSRC-0008""]",Strukturierter Modifier-Verweis; die Modifier-Klasse selbst wurde nicht als ausformulierte Spielregel interpretiert.
shiv_slice_and_dice,dash_radius,movement,dash_radius,2.5,meters,,,,base ability state,,ability-defined,,,,,,,,,high,"[""HSRC-0004"",""HSRC-0008""]",
shiv_slice_and_dice,dash_range,movement,dash_range,12,meters,range,1,,base ability state,,ability-defined,,,,,,,,,high,"[""HSRC-0004"",""HSRC-0008""]",
shiv_slice_and_dice,dash_speed,movement,dash_speed,60.96,units_per_second,,,,base ability state,,ability-defined,,,,,,,,,high,"[""HSRC-0004"",""HSRC-0008""]",
shiv_slice_and_dice,debuff_duration,crowd_control,debuff_duration,14,seconds,duration,1,,base ability state,,ability-defined,,,,,14,,,,high,"[""HSRC-0004"",""HSRC-0008""]",
shiv_slice_and_dice,debuff_modifier,crowd_control,debuff_modifier,ShivDashDebuff,identifier,,,,base ability state,,ability-defined,,,,,,,,,medium,"[""HSRC-0004"",""HSRC-0008""]",Strukturierter Modifier-Verweis; die Modifier-Klasse selbst wurde nicht als ausformulierte Spielregel interpretiert.
shiv_slice_and_dice,impact_damage,damage,impact_damage,75,damage,spirit,1.2,value = 75 + 1.2 * spirit,base ability state,,ability-defined,,,,,,,,,high,"[""HSRC-0004"",""HSRC-0008""]",
shiv_slice_and_dice,move_speed_penalty_max_speed,movement,move_speed_penalty_max_speed,200,units_per_second,,,,base ability state,,ability-defined,,,,,,,,,high,"[""HSRC-0004"",""HSRC-0008""]",
shiv_slice_and_dice,side_move_speed_reduction,movement,side_move_speed_reduction,-100,percent,,,,base ability state,,ability-defined,,,,,,,,,high,"[""HSRC-0004"",""HSRC-0008""]",
shiv_slice_and_dice,tech_armor_damage_reduction,damage,tech_armor_damage_reduction,-6,percent,,,,base ability state,,ability-defined,,,,,,,,,high,"[""HSRC-0004"",""HSRC-0008""]",
shiv_slice_and_dice,tech_cleave_expire_time,stat,tech_cleave_expire_time,0.35,seconds,,,,base ability state,,ability-defined,,,,,,,,,high,"[""HSRC-0004"",""HSRC-0008""]",
shiv_bloodletting,ability_cast_delay,stat,ability_cast_delay,0.25,seconds,,,,base ability state,,ability-defined,,,,,,,,,high,"[""HSRC-0004"",""HSRC-0008""]",
shiv_bloodletting,ability_cooldown,cooldown,ability_cooldown,25,seconds,cooldown,1,,base ability state,,ability-defined,,,,,,25,,,high,"[""HSRC-0004"",""HSRC-0008""]",
shiv_bloodletting,ability_unit_target_limit,targeting,ability_unit_target_limit,1,count,,,,base ability state,,ability-defined,,,,,,,,,high,"[""HSRC-0004"",""HSRC-0008""]",
shiv_bloodletting,auto_cast_delay_modifier,special_rule,auto_cast_delay_modifier,Cast,identifier,,,,base ability state,,ability-defined,,,,,,,,,medium,"[""HSRC-0004"",""HSRC-0008""]",Strukturierter Modifier-Verweis; die Modifier-Klasse selbst wurde nicht als ausformulierte Spielregel interpretiert.
shiv_bloodletting,damage_pct_deferred,damage,damage_pct_deferred,25,percent,,,,base ability state,,ability-defined,,,,,,,,,high,"[""HSRC-0004"",""HSRC-0008""]",
shiv_bloodletting,damage_pct_deferred_max_rage,damage,damage_pct_deferred_max_rage,15,percent,,,,base ability state,,ability-defined,,,,,,,,,high,"[""HSRC-0004"",""HSRC-0008""]",
shiv_bloodletting,defer_clear_pct,stat,defer_clear_pct,30,percent,,,,base ability state,,ability-defined,,,,,,,,,high,"[""HSRC-0004"",""HSRC-0008""]",
shiv_bloodletting,deferred_damage_duration,damage,deferred_damage_duration,6,seconds,duration,1,,base ability state,,ability-defined,,,,,6,,,,high,"[""HSRC-0004"",""HSRC-0008""]",
shiv_killing_blow,ability_cast_delay,stat,ability_cast_delay,0.05,seconds,,,,base ability state,,ability-defined,,,,,,,,,high,"[""HSRC-0004"",""HSRC-0008""]",
shiv_killing_blow,ability_cast_range,targeting,ability_cast_range,12,meters,range,1,,base ability state,,ability-defined,,,,,,,,,high,"[""HSRC-0004"",""HSRC-0008""]",
shiv_killing_blow,ability_cooldown,cooldown,ability_cooldown,145,seconds,cooldown,1,,base ability state,,ability-defined,,,,,,145,,,high,"[""HSRC-0004"",""HSRC-0008""]",
shiv_killing_blow,ability_post_cast_duration,stat,ability_post_cast_duration,0.15,seconds,,,,base ability state,,ability-defined,,,,,0.15,,,,high,"[""HSRC-0004"",""HSRC-0008""]",
shiv_killing_blow,ability_unit_target_limit,targeting,ability_unit_target_limit,1,count,,,,base ability state,,ability-defined,,,,,,,,,high,"[""HSRC-0004"",""HSRC-0008""]",
shiv_killing_blow,bonus_ability_resource,resource,bonus_ability_resource,10,flat,,,,base ability state,,ability-defined,,,,,,,,,high,"[""HSRC-0004"",""HSRC-0008""]",
shiv_killing_blow,buff_damage,damage,buff_damage,8,damage,,,,base ability state,,ability-defined,,,,,,,,,high,"[""HSRC-0004"",""HSRC-0008""]",
shiv_killing_blow,damage,damage,damage,200,damage,,,,base ability state,,ability-defined,,,,,,,,,high,"[""HSRC-0004"",""HSRC-0008""]",
shiv_killing_blow,enemy_health_percent,healing,enemy_health_percent,18,percent,,,,base ability state,,ability-defined,,,,,,,,,high,"[""HSRC-0004"",""HSRC-0008""]",
shiv_killing_blow,enemy_health_percent_buffer,healing,enemy_health_percent_buffer,3,percent,,,,base ability state,,ability-defined,,,,,,,,,high,"[""HSRC-0004"",""HSRC-0008""]",
shiv_killing_blow,failed_execute_cooldown_penalty,cooldown,failed_execute_cooldown_penalty,30,seconds,,,,base ability state,,ability-defined,,,,,,30,,,high,"[""HSRC-0004"",""HSRC-0008""]",
shiv_killing_blow,killable_modifier,special_rule,killable_modifier,KillingBlowGlow,identifier,,,,base ability state,,ability-defined,,,,,,,,,medium,"[""HSRC-0004"",""HSRC-0008""]",Strukturierter Modifier-Verweis; die Modifier-Klasse selbst wurde nicht als ausformulierte Spielregel interpretiert.
shiv_killing_blow,leap_modifier,special_rule,leap_modifier,CitadelShivKillingblowLeap,identifier,,,,base ability state,,ability-defined,,,,,,,,,medium,"[""HSRC-0004"",""HSRC-0008""]",Strukturierter Modifier-Verweis; die Modifier-Klasse selbst wurde nicht als ausformulierte Spielregel interpretiert.
shiv_killing_blow,min_time_to_target,targeting,min_time_to_target,0.5,seconds,,,,base ability state,,ability-defined,,,,,,,,,high,"[""HSRC-0004"",""HSRC-0008""]",
shiv_killing_blow,move_speed_to_target,movement,move_speed_to_target,30,units_per_second,,,,base ability state,,ability-defined,,,,,,,,,high,"[""HSRC-0004"",""HSRC-0008""]",
shiv_killing_blow,rage_drain_delay_duration,resource,rage_drain_delay_duration,12,seconds,duration,1,,base ability state,,ability-defined,,,,,12,,,,high,"[""HSRC-0004"",""HSRC-0008""]",
shiv_killing_blow,rage_drain_rate,resource,rage_drain_rate,0.25,flat,,,,base ability state,,ability-defined,,,,,,,,,high,"[""HSRC-0004"",""HSRC-0008""]",
shiv_killing_blow,rage_per_heavy_melee,resource,rage_per_heavy_melee,2.85384,flat,,,,base ability state,,ability-defined,,,,,,,,,high,"[""HSRC-0004"",""HSRC-0008""]",
shiv_killing_blow,rage_per_light_melee,resource,rage_per_light_melee,1.55664,flat,,,,base ability state,,ability-defined,,,,,,,,,high,"[""HSRC-0004"",""HSRC-0008""]",
shiv_killing_blow,rage_per_spirit_damage,damage,rage_per_spirit_damage,0.01452864,multiplier,,,,base ability state,,ability-defined,,,,,,,,,high,"[""HSRC-0004"",""HSRC-0008""]",
shiv_killing_blow,rage_per_weapon_damage,damage,rage_per_weapon_damage,0.0158766,multiplier,,,,base ability state,,ability-defined,,,,,,,,,high,"[""HSRC-0004"",""HSRC-0008""]",
shiv_killing_blow,recast_window,stat,recast_window,16,seconds,duration,1,,base ability state,,ability-defined,,,,,,,,,high,"[""HSRC-0004"",""HSRC-0008""]",
shiv_killing_blow,slash_range,targeting,slash_range,90,meters,,,,base ability state,,ability-defined,,,,,,,,,high,"[""HSRC-0004"",""HSRC-0008""]",
silver_slam_fire,ability_cast_delay,stat,ability_cast_delay,0.45,seconds,,,,base ability state,,ability-defined,,,,,,,,,high,"[""HSRC-0004"",""HSRC-0008""]",
silver_slam_fire,ability_cast_range,targeting,ability_cast_range,0.0254,meters,range,0,,base ability state,,ability-defined,,,,,,,,,high,"[""HSRC-0004"",""HSRC-0008""]",
silver_slam_fire,ability_cooldown,cooldown,ability_cooldown,25,seconds,cooldown,1,,base ability state,,ability-defined,,,,,,25,,,high,"[""HSRC-0004"",""HSRC-0008""]",
silver_slam_fire,ability_duration,stat,ability_duration,5,seconds,duration,1,,base ability state,,ability-defined,,,,,5,,,,high,"[""HSRC-0004"",""HSRC-0008""]",
silver_slam_fire,ability_unit_target_limit,targeting,ability_unit_target_limit,1,count,,,,base ability state,,ability-defined,,,,,,,,,high,"[""HSRC-0004"",""HSRC-0008""]",
silver_slam_fire,accuracy_percentage,stat,accuracy_percentage,-30,percent,,,,base ability state,,ability-defined,,,,,,,,,high,"[""HSRC-0004"",""HSRC-0008""]",
silver_slam_fire,auto_channel_modifier,special_rule,auto_channel_modifier,Channeling,identifier,,,,base ability state,,ability-defined,,,,,,,,,medium,"[""HSRC-0004"",""HSRC-0008""]",Strukturierter Modifier-Verweis; die Modifier-Klasse selbst wurde nicht als ausformulierte Spielregel interpretiert.
silver_slam_fire,bonus_fire_rate,stat,bonus_fire_rate,300,percent,,,,base ability state,,ability-defined,,,,,,,,,high,"[""HSRC-0004"",""HSRC-0008""]",
silver_slam_fire,buff_modifier,special_rule,buff_modifier,Buff,identifier,,,,base ability state,,ability-defined,,,,,,,,,medium,"[""HSRC-0004"",""HSRC-0008""]",Strukturierter Modifier-Verweis; die Modifier-Klasse selbst wurde nicht als ausformulierte Spielregel interpretiert.
silver_slam_fire,buff_modifier_max_bullets_to_proc_in_shot,passive_proc,buff_modifier_max_bullets_to_proc_in_shot,1,flat,,,,base ability state,,ability-defined,,,,,,,,,high,"[""HSRC-0004"",""HSRC-0008""]",
silver_slam_fire,buff_modifier_stacking_modifier,passive_proc,buff_modifier_stacking_modifier,Stacking,identifier,,,,base ability state,,ability-defined,,,,,,,,,medium,"[""HSRC-0004"",""HSRC-0008""]",Strukturierter Modifier-Verweis; die Modifier-Klasse selbst wurde nicht als ausformulierte Spielregel interpretiert.
silver_slam_fire,bullet_effectiveness,stat,bullet_effectiveness,0.1,percent,,,,base ability state,,ability-defined,,,,,,,,,high,"[""HSRC-0004"",""HSRC-0008""]",
silver_slam_fire,bullet_radius_override,targeting,bullet_radius_override,7,meters,,,,base ability state,,ability-defined,,,,,,,,,high,"[""HSRC-0004"",""HSRC-0008""]",
silver_slam_fire,bullet_spread,stat,bullet_spread,-1,flat,,,,base ability state,,ability-defined,,,,,,,,,high,"[""HSRC-0004"",""HSRC-0008""]",
silver_slam_fire,channel_move_speed,movement,channel_move_speed,5.08,units_per_second,,,,base ability state,,ability-defined,,,,,,,,,high,"[""HSRC-0004"",""HSRC-0008""]",
silver_slam_fire,current_health_damage_percentage,damage,current_health_damage_percentage,2.5,percent,,,,base ability state,,ability-defined,,,,,,,,,high,"[""HSRC-0004"",""HSRC-0008""]",
silver_slam_fire,damage,damage,damage,40,damage,,,,base ability state,,ability-defined,,,,,,,,,high,"[""HSRC-0004"",""HSRC-0008""]",
silver_slam_fire,debuff_duration,crowd_control,debuff_duration,3,seconds,,,,base ability state,,ability-defined,,,,,3,,,,high,"[""HSRC-0004"",""HSRC-0008""]",
silver_slam_fire,linger_duration,stat,linger_duration,0.1,seconds,,,,base ability state,,ability-defined,,,,,0.1,,,,high,"[""HSRC-0004"",""HSRC-0008""]",
silver_slam_fire,max_shots,stat,max_shots,3,count,,,,base ability state,,ability-defined,,,,,,,,,high,"[""HSRC-0004"",""HSRC-0008""]",
silver_slam_fire,non_player_bonus_weapon_power,stat,non_player_bonus_weapon_power,100,flat,,,,base ability state,,nonhero_unit,Explicit structured field: 100 flat.,,,,,,,,high,"[""HSRC-0004"",""HSRC-0008""]",
silver_slam_fire,proc_chance,passive_proc,proc_chance,100,flat,,,,base ability state,,ability-defined,,,,,,,,,high,"[""HSRC-0004"",""HSRC-0008""]",
silver_slam_fire,recoil_delay_factor,stat,recoil_delay_factor,0.05,multiplier,,,,base ability state,,ability-defined,,,,,,,,,high,"[""HSRC-0004"",""HSRC-0008""]",
silver_slam_fire,recoil_recovery_speed,movement,recoil_recovery_speed,0.1,units_per_second,,,,base ability state,,ability-defined,,,,,,,,,high,"[""HSRC-0004"",""HSRC-0008""]",
silver_slam_fire,recoil_speed,movement,recoil_speed,12,units_per_second,,,,base ability state,,ability-defined,,,,,,,,,high,"[""HSRC-0004"",""HSRC-0008""]",
silver_slam_fire,recoil_strength,stat,recoil_strength,12,flat,,,,base ability state,,ability-defined,,,,,,,,,high,"[""HSRC-0004"",""HSRC-0008""]",
silver_slam_fire,spread_penalty_per_shot,stat,spread_penalty_per_shot,0.5,flat,,,,base ability state,,ability-defined,,,,,,,,,high,"[""HSRC-0004"",""HSRC-0008""]",
silver_boot_kick,ability_cast_delay,stat,ability_cast_delay,0.25,seconds,,,,base ability state,,ability-defined,,,,,,,,,high,"[""HSRC-0004"",""HSRC-0008""]",
silver_boot_kick,ability_cast_range,targeting,ability_cast_range,10.6,meters,range,1,,base ability state,,ability-defined,,,,,,,,,high,"[""HSRC-0004"",""HSRC-0008""]",
silver_boot_kick,ability_channel_time,stat,ability_channel_time,0.35,seconds,duration,1,,base ability state,,ability-defined,,,,,,,,,high,"[""HSRC-0004"",""HSRC-0008""]",
silver_boot_kick,ability_cooldown,cooldown,ability_cooldown,21,seconds,cooldown,1,,base ability state,,ability-defined,,,,,,21,,,high,"[""HSRC-0004"",""HSRC-0008""]",
silver_boot_kick,ability_post_cast_duration,stat,ability_post_cast_duration,0.25,seconds,,,,base ability state,,ability-defined,,,,,0.25,,,,high,"[""HSRC-0004"",""HSRC-0008""]",
silver_boot_kick,ability_unit_target_limit,targeting,ability_unit_target_limit,1,count,,,,base ability state,,ability-defined,,,,,,,,,high,"[""HSRC-0004"",""HSRC-0008""]",
silver_boot_kick,air_drag,movement,air_drag,0.8,flat,,,,base ability state,,ability-defined,,,,,,,,,high,"[""HSRC-0004"",""HSRC-0008""]",
silver_boot_kick,bonus_damage,damage,bonus_damage,25,damage,spirit,2,value = 25 + 2 * spirit,base ability state,,ability-defined,,,,,,,,,high,"[""HSRC-0004"",""HSRC-0008""]",
silver_boot_kick,buff_modifier,special_rule,buff_modifier,Buff,identifier,,,,base ability state,,ability-defined,,,,,,,,,medium,"[""HSRC-0004"",""HSRC-0008""]",Strukturierter Modifier-Verweis; die Modifier-Klasse selbst wurde nicht als ausformulierte Spielregel interpretiert.
silver_boot_kick,damage,damage,damage,0,damage,melee,0.9,,base ability state,,ability-defined,,,,,,,,,high,"[""HSRC-0004"",""HSRC-0008""]",
silver_boot_kick,debuff_modifier,crowd_control,debuff_modifier,Debuff,identifier,,,,base ability state,,ability-defined,,,,,,,,,medium,"[""HSRC-0004"",""HSRC-0008""]",Strukturierter Modifier-Verweis; die Modifier-Klasse selbst wurde nicht als ausformulierte Spielregel interpretiert.
silver_boot_kick,disarm_modifier,crowd_control,disarm_modifier,Disarm,identifier,,,,base ability state,,ability-defined,,,,,,,,,medium,"[""HSRC-0004"",""HSRC-0008""]",Strukturierter Modifier-Verweis; die Modifier-Klasse selbst wurde nicht als ausformulierte Spielregel interpretiert.
silver_boot_kick,enemy_push_force_away,movement,enemy_push_force_away,300,flat,,,,base ability state,,ability-defined,,,,,,,,,high,"[""HSRC-0004"",""HSRC-0008""]",
silver_boot_kick,enemy_push_force_up,movement,enemy_push_force_up,300,flat,,,,base ability state,,ability-defined,,,,,,,,,high,"[""HSRC-0004"",""HSRC-0008""]",
silver_boot_kick,fall_speed_max,movement,fall_speed_max,20,units_per_second,,,,base ability state,,ability-defined,,,,,,,,,high,"[""HSRC-0004"",""HSRC-0008""]",
silver_boot_kick,leap_forward_offset,stat,leap_forward_offset,2.5,flat,,,,base ability state,,ability-defined,,,,,,,,,high,"[""HSRC-0004"",""HSRC-0008""]",
silver_boot_kick,leap_radius,targeting,leap_radius,1.7,meters,,,,base ability state,,ability-defined,,,,,,,,,high,"[""HSRC-0004"",""HSRC-0008""]",
silver_boot_kick,leaping_modifier,special_rule,leaping_modifier,Leaping,identifier,,,,base ability state,,ability-defined,,,,,,,,,medium,"[""HSRC-0004"",""HSRC-0008""]",Strukturierter Modifier-Verweis; die Modifier-Klasse selbst wurde nicht als ausformulierte Spielregel interpretiert.
silver_boot_kick,mark_duration,stat,mark_duration,3,seconds,duration,1,,base ability state,,ability-defined,,,,,3,,,,high,"[""HSRC-0004"",""HSRC-0008""]",
silver_boot_kick,mark_modifier,special_rule,mark_modifier,Bonusdamage,identifier,,,,base ability state,,ability-defined,,,,,,,,,medium,"[""HSRC-0004"",""HSRC-0008""]",Strukturierter Modifier-Verweis; die Modifier-Klasse selbst wurde nicht als ausformulierte Spielregel interpretiert.
silver_boot_kick,self_push_force_up,movement,self_push_force_up,200,flat,,,,base ability state,,ability-defined,,,,,,,,,high,"[""HSRC-0004"",""HSRC-0008""]",
silver_boot_kick,slow_duration,crowd_control,slow_duration,0.1,seconds,,,,base ability state,,ability-defined,,,,,0.1,,,,high,"[""HSRC-0004"",""HSRC-0008""]",
silver_boot_kick,success_enemy_modifier,special_rule,success_enemy_modifier,Enemysuccess,identifier,,,,base ability state,,ability-defined,,,,,,,,,medium,"[""HSRC-0004"",""HSRC-0008""]",Strukturierter Modifier-Verweis; die Modifier-Klasse selbst wurde nicht als ausformulierte Spielregel interpretiert.
silver_boot_kick,success_input_window,stat,success_input_window,0.3,seconds,,,,base ability state,,ability-defined,,,,,,,,,high,"[""HSRC-0004"",""HSRC-0008""]",
silver_boot_kick,success_self_modifier,special_rule,success_self_modifier,Selfsuccess,identifier,,,,base ability state,,ability-defined,,,,,,,,,medium,"[""HSRC-0004"",""HSRC-0008""]",Strukturierter Modifier-Verweis; die Modifier-Klasse selbst wurde nicht als ausformulierte Spielregel interpretiert.
silver_boot_kick,success_self_modifier_enabled_state_mask_1,stat,success_self_modifier_enabled_state_mask_1,Immobilized,identifier,,,,base ability state,,ability-defined,,,,,,,,,high,"[""HSRC-0004"",""HSRC-0008""]",
silver_boot_kick,success_self_modifier_enabled_state_mask_2,stat,success_self_modifier_enabled_state_mask_2,CommandRestricted,identifier,,,,base ability state,,ability-defined,,,,,,,,,high,"[""HSRC-0004"",""HSRC-0008""]",
silver_boot_kick,time_scale_debuff,crowd_control,time_scale_debuff,95,seconds,,,,base ability state,,ability-defined,,,,,,,,,high,"[""HSRC-0004"",""HSRC-0008""]",
silver_entangling_bola,ability_cast_delay,stat,ability_cast_delay,0.24,seconds,,,,base ability state,,ability-defined,,,,,,,,,high,"[""HSRC-0004"",""HSRC-0008""]",
silver_entangling_bola,ability_cooldown,cooldown,ability_cooldown,23,seconds,cooldown,1,,base ability state,,ability-defined,,,,,,23,,,high,"[""HSRC-0004"",""HSRC-0008""]",
silver_entangling_bola,ability_unit_target_limit,targeting,ability_unit_target_limit,1,count,,,,base ability state,,ability-defined,,,,,,,,,high,"[""HSRC-0004"",""HSRC-0008""]",
silver_entangling_bola,bonus_debuff_modifier,crowd_control,bonus_debuff_modifier,Bonusdebuff,identifier,,,,base ability state,,ability-defined,,,,,,,,,medium,"[""HSRC-0004"",""HSRC-0008""]",Strukturierter Modifier-Verweis; die Modifier-Klasse selbst wurde nicht als ausformulierte Spielregel interpretiert.
silver_entangling_bola,damage,damage,damage,40,damage,spirit,1.6,value = 40 + 1.6 * spirit,base ability state,,ability-defined,,,,,,,,,high,"[""HSRC-0004"",""HSRC-0008""]",
silver_entangling_bola,debuff_duration,crowd_control,debuff_duration,1.5,seconds,duration,1,,base ability state,,ability-defined,,,,,1.5,,,,high,"[""HSRC-0004"",""HSRC-0008""]",
silver_entangling_bola,debuff_modifier,crowd_control,debuff_modifier,Debuff,identifier,,,,base ability state,,ability-defined,,,,,,,,,medium,"[""HSRC-0004"",""HSRC-0008""]",Strukturierter Modifier-Verweis; die Modifier-Klasse selbst wurde nicht als ausformulierte Spielregel interpretiert.
silver_entangling_bola,debuff_modifier_enabled_state_mask_1,crowd_control,debuff_modifier_enabled_state_mask_1,SilenceMovementAbilites,identifier,,,,base ability state,,ability-defined,,,,,,,,,high,"[""HSRC-0004"",""HSRC-0008""]",
silver_entangling_bola,debuff_modifier_enabled_state_mask_2,crowd_control,debuff_modifier_enabled_state_mask_2,SprintDisabled,identifier,,,,base ability state,,ability-defined,,,,,,,,,high,"[""HSRC-0004"",""HSRC-0008""]",
silver_entangling_bola,debuff_modifier_enabled_state_mask_3,crowd_control,debuff_modifier_enabled_state_mask_3,DashDisabledDebuff,identifier,,,,base ability state,,ability-defined,,,,,,,,,high,"[""HSRC-0004"",""HSRC-0008""]",
silver_entangling_bola,debuff_modifier_enabled_state_mask_4,crowd_control,debuff_modifier_enabled_state_mask_4,Slowed,identifier,,,,base ability state,,ability-defined,,,,,,,,,high,"[""HSRC-0004"",""HSRC-0008""]",
silver_entangling_bola,debuff_modifier_enabled_state_mask_5,crowd_control,debuff_modifier_enabled_state_mask_5,StaminaRegenPaused,identifier,,,,base ability state,,ability-defined,,,,,,,,,high,"[""HSRC-0004"",""HSRC-0008""]",
silver_entangling_bola,root_modifier,crowd_control,root_modifier,Root,identifier,,,,base ability state,,ability-defined,,,,,,,,,medium,"[""HSRC-0004"",""HSRC-0008""]",Strukturierter Modifier-Verweis; die Modifier-Klasse selbst wurde nicht als ausformulierte Spielregel interpretiert.
silver_entangling_bola,slow_percent,crowd_control,slow_percent,20,percent,,,,base ability state,,ability-defined,,,,,,,,,high,"[""HSRC-0004"",""HSRC-0008""]",
silver_lycan_curse,ability_cast_delay,stat,ability_cast_delay,0.3,seconds,,,,base ability state,,ability-defined,,,,,,,,,high,"[""HSRC-0004"",""HSRC-0008""]",
silver_lycan_curse,ability_charges_conditionally,charge,ability_charges_conditionally,1,charges,,,,base ability state,,ability-defined,,,,,,,,,high,"[""HSRC-0004"",""HSRC-0008""]",
silver_lycan_curse,ability_cooldown,cooldown,ability_cooldown,60,seconds,cooldown,1,,base ability state,,ability-defined,,,,,,60,,,high,"[""HSRC-0004"",""HSRC-0008""]",
silver_lycan_curse,ability_duration,stat,ability_duration,15,seconds,duration,1,,base ability state,,ability-defined,,,,,15,,,,high,"[""HSRC-0004"",""HSRC-0008""]",
silver_lycan_curse,ability_post_cast_duration,stat,ability_post_cast_duration,0.5,seconds,,,,base ability state,,ability-defined,,,,,0.5,,,,high,"[""HSRC-0004"",""HSRC-0008""]",
silver_lycan_curse,ability_unit_target_limit,targeting,ability_unit_target_limit,1,count,,,,base ability state,,ability-defined,,,,,,,,,high,"[""HSRC-0004"",""HSRC-0008""]",
silver_lycan_curse,auto_activate_health_threshold,healing,auto_activate_health_threshold,20,health,,,,base ability state,,ability-defined,,,,,,,,,high,"[""HSRC-0004"",""HSRC-0008""]",
silver_lycan_curse,bonus_duration_on_bullet,stat,bonus_duration_on_bullet,0.15,seconds,,,,base ability state,,ability-defined,,,,,0.15,,,,high,"[""HSRC-0004"",""HSRC-0008""]",
silver_lycan_curse,bonus_duration_on_heavy_melee,stat,bonus_duration_on_heavy_melee,1.5,seconds,,,,base ability state,,ability-defined,,,,,1.5,,,,high,"[""HSRC-0004"",""HSRC-0008""]",
silver_lycan_curse,bonus_duration_on_light_melee,stat,bonus_duration_on_light_melee,0.5,seconds,,,,base ability state,,ability-defined,,,,,0.5,,,,high,"[""HSRC-0004"",""HSRC-0008""]",
silver_lycan_curse,bonus_duration_per_health_percent_lost,healing,bonus_duration_per_health_percent_lost,0.1,percent,,,,base ability state,,ability-defined,,,,,,,,,high,"[""HSRC-0004"",""HSRC-0008""]",
silver_lycan_curse,bonus_fire_rate,stat,bonus_fire_rate,60,percent,spirit,0.45,value = 60 + 0.45 * spirit,base ability state,,ability-defined,,,,,,,,,high,"[""HSRC-0004"",""HSRC-0008""]",
silver_lycan_curse,bonus_health,healing,bonus_health,125,health,power_increase,15,,base ability state,,ability-defined,,,,,,,,,high,"[""HSRC-0004"",""HSRC-0008""]",
silver_lycan_curse,bonus_move_speed,movement,bonus_move_speed,1.5,units_per_second,,,,base ability state,,ability-defined,,,,,,,,,high,"[""HSRC-0004"",""HSRC-0008""]",
silver_lycan_curse,channel_move_speed,movement,channel_move_speed,2.54,units_per_second,,,,base ability state,,ability-defined,,,,,,,,,high,"[""HSRC-0004"",""HSRC-0008""]",
silver_lycan_curse,headshot_resist,defense,headshot_resist,-20,percent,,,,base ability state,,ability-defined,,,,,,,,,high,"[""HSRC-0004"",""HSRC-0008""]",
silver_lycan_curse,heal_amount,healing,heal_amount,0,health,power_increase,1,,base ability state,,ability-defined,,,,,,,,,high,"[""HSRC-0004"",""HSRC-0008""]",
silver_lycan_curse,kill_credit_modifier,special_rule,kill_credit_modifier,Killcredit,identifier,,,,base ability state,,ability-defined,,,,,,,,,medium,"[""HSRC-0004"",""HSRC-0008""]",Strukturierter Modifier-Verweis; die Modifier-Klasse selbst wurde nicht als ausformulierte Spielregel interpretiert.
silver_lycan_curse,low_health_fraction,healing,low_health_fraction,30,health,,,,base ability state,,ability-defined,,,,,,,,,high,"[""HSRC-0004"",""HSRC-0008""]",
silver_lycan_curse,low_health_rage_bonus,healing,low_health_rage_bonus,40,health,power_increase,1.8,,base ability state,,ability-defined,,,,,,,,,high,"[""HSRC-0004"",""HSRC-0008""]",
silver_lycan_curse,max_rage,resource,max_rage,100,flat,power_increase,9.4,,base ability state,,ability-defined,,,,,,,,,high,"[""HSRC-0004"",""HSRC-0008""]",
silver_lycan_curse,max_stacks,passive_proc,max_stacks,15,stacks,,,,base ability state,,ability-defined,,,,15,,,,,high,"[""HSRC-0004"",""HSRC-0008""]",
silver_lycan_curse,missing_health_percent_heal,healing,missing_health_percent_heal,30,percent,healing,1,,base ability state,,ability-defined,,,,,,,,,high,"[""HSRC-0004"",""HSRC-0008""]",
silver_lycan_curse,rage_per_damage,damage,rage_per_damage,0.255,multiplier,,,,base ability state,,ability-defined,,,,,,,,,high,"[""HSRC-0004"",""HSRC-0008""]",
silver_lycan_curse,rage_percentage_per_second_in_combat,resource,rage_percentage_per_second_in_combat,1,percent,,,,base ability state,,ability-defined,,,,,,,,,high,"[""HSRC-0004"",""HSRC-0008""]",
silver_lycan_curse,rage_percentage_per_second_out_of_combat,resource,rage_percentage_per_second_out_of_combat,-3,percent,,,,base ability state,,ability-defined,,,,,,,,,high,"[""HSRC-0004"",""HSRC-0008""]",
silver_lycan_curse,ready_duration,stat,ready_duration,3,seconds,,,,base ability state,,ability-defined,,,,,3,,,,high,"[""HSRC-0004"",""HSRC-0008""]",
silver_lycan_curse,ready_modifier,special_rule,ready_modifier,Ready,identifier,,,,base ability state,,ability-defined,,,,,,,,,medium,"[""HSRC-0004"",""HSRC-0008""]",Strukturierter Modifier-Verweis; die Modifier-Klasse selbst wurde nicht als ausformulierte Spielregel interpretiert.
silver_lycan_curse,ready_modifier_enabled_state_mask_1,stat,ready_modifier_enabled_state_mask_1,WerewolfReady,identifier,,,,base ability state,,ability-defined,,,,,,,,,high,"[""HSRC-0004"",""HSRC-0008""]",
silver_lycan_curse,stack_duration,passive_proc,stack_duration,5,seconds,duration,1,,base ability state,,ability-defined,,,,,5,,,,high,"[""HSRC-0004"",""HSRC-0008""]",
silver_lycan_curse,werewolf_modifier,special_rule,werewolf_modifier,Werewolf,identifier,,,,base ability state,,ability-defined,,,,,,,,,medium,"[""HSRC-0004"",""HSRC-0008""]",Strukturierter Modifier-Verweis; die Modifier-Klasse selbst wurde nicht als ausformulierte Spielregel interpretiert.
silver_lycan_curse,werewolf_modifier_model_scale,stat,werewolf_modifier_model_scale,1,multiplier,,,,base ability state,,ability-defined,,,,,,,,,high,"[""HSRC-0004"",""HSRC-0008""]",
silver_lycan_curse,werewolf_modifier_stacking_buff_modifier,passive_proc,werewolf_modifier_stacking_buff_modifier,Stackingbuff,identifier,,,,base ability state,,ability-defined,,,,,,,,,medium,"[""HSRC-0004"",""HSRC-0008""]",Strukturierter Modifier-Verweis; die Modifier-Klasse selbst wurde nicht als ausformulierte Spielregel interpretiert.
silver_go_for_the_throat,ability_cast_delay,stat,ability_cast_delay,0.2,seconds,,,,base ability state,,ability-defined,,,,,,,,,high,"[""HSRC-0004"",""HSRC-0003""]",
silver_go_for_the_throat,ability_cast_range,targeting,ability_cast_range,7.5,meters,range,1,,base ability state,,ability-defined,,,,,,,,,high,"[""HSRC-0004"",""HSRC-0003""]",
silver_go_for_the_throat,ability_cooldown,cooldown,ability_cooldown,6.5,seconds,cooldown,1,,base ability state,,ability-defined,,,,,,6.5,,,high,"[""HSRC-0004"",""HSRC-0003""]",
silver_go_for_the_throat,ability_post_cast_duration,stat,ability_post_cast_duration,0.5,seconds,,,,base ability state,,ability-defined,,,,,0.5,,,,high,"[""HSRC-0004"",""HSRC-0003""]",
silver_go_for_the_throat,ability_unit_target_limit,targeting,ability_unit_target_limit,16,count,,,,base ability state,,ability-defined,,,,,,,,,high,"[""HSRC-0004"",""HSRC-0003""]",
silver_go_for_the_throat,damage,damage,damage,0,damage,melee,1.5,,base ability state,,ability-defined,,,,,,,,,high,"[""HSRC-0004"",""HSRC-0003""]",
silver_go_for_the_throat,life_steal_percent_on_hit,stat,life_steal_percent_on_hit,40,percent,healing,1,,base ability state,,ability-defined,,,,,,,,,high,"[""HSRC-0004"",""HSRC-0003""]",
silver_go_for_the_throat,missing_health_damage_percentage,damage,missing_health_damage_percentage,6,percent,,,,base ability state,,ability-defined,,,,,,,,,high,"[""HSRC-0004"",""HSRC-0003""]",
silver_go_for_the_throat,target_modifier,targeting,target_modifier,DrifterRendBulletLifesteal,identifier,,,,base ability state,,ability-defined,,,,,,,,,medium,"[""HSRC-0004"",""HSRC-0003""]",Strukturierter Modifier-Verweis; die Modifier-Klasse selbst wurde nicht als ausformulierte Spielregel interpretiert.
silver_go_for_the_throat,targeting_cone_angle,targeting,targeting_cone_angle,40,degrees,,,,base ability state,,ability-defined,,,,,,,,,high,"[""HSRC-0004"",""HSRC-0003""]",
silver_mauling_leap,ability_cast_delay,stat,ability_cast_delay,0.35,seconds,,,,base ability state,,ability-defined,,,,,,,,,high,"[""HSRC-0004"",""HSRC-0003""]",
silver_mauling_leap,ability_cast_range,targeting,ability_cast_range,18.1,meters,range,1,,base ability state,,ability-defined,,,,,,,,,high,"[""HSRC-0004"",""HSRC-0003""]",
silver_mauling_leap,ability_channel_time,stat,ability_channel_time,0.55,seconds,duration,1,,base ability state,,ability-defined,,,,,,,,,high,"[""HSRC-0004"",""HSRC-0003""]",
silver_mauling_leap,ability_cooldown,cooldown,ability_cooldown,16,seconds,cooldown,1,,base ability state,,ability-defined,,,,,,16,,,high,"[""HSRC-0004"",""HSRC-0003""]",
silver_mauling_leap,ability_post_cast_duration,stat,ability_post_cast_duration,0.1,seconds,,,,base ability state,,ability-defined,,,,,0.1,,,,high,"[""HSRC-0004"",""HSRC-0003""]",
silver_mauling_leap,ability_unit_target_limit,targeting,ability_unit_target_limit,1,count,,,,base ability state,,ability-defined,,,,,,,,,high,"[""HSRC-0004"",""HSRC-0003""]",
silver_mauling_leap,allow_ram_multiple,stat,allow_ram_multiple,1,multiplier,,,,base ability state,,ability-defined,,,,,,,,,high,"[""HSRC-0004"",""HSRC-0003""]",
silver_mauling_leap,bullet_armor_reduction,defense,bullet_armor_reduction,-8,percent,,,,base ability state,,ability-defined,,,,,,,,,high,"[""HSRC-0004"",""HSRC-0003""]",
silver_mauling_leap,dps,damage,dps,15,damage_per_second,spirit,0.15,value = 15 + 0.15 * spirit,base ability state,,ability-defined,,,,,,,,,high,"[""HSRC-0004"",""HSRC-0003""]",
silver_mauling_leap,damage,damage,damage,0,damage,melee,1.5,,base ability state,,ability-defined,,,,,,,,,high,"[""HSRC-0004"",""HSRC-0003""]",
silver_mauling_leap,debuff_duration,crowd_control,debuff_duration,6,seconds,duration,1,,base ability state,,ability-defined,,,,,6,,,,high,"[""HSRC-0004"",""HSRC-0003""]",
silver_mauling_leap,debuff_modifier,crowd_control,debuff_modifier,Shred,identifier,,,,base ability state,,ability-defined,,,,,,,,,medium,"[""HSRC-0004"",""HSRC-0003""]",Strukturierter Modifier-Verweis; die Modifier-Klasse selbst wurde nicht als ausformulierte Spielregel interpretiert.
silver_mauling_leap,leap_forward_offset,stat,leap_forward_offset,0.3,flat,,,,base ability state,,ability-defined,,,,,,,,,high,"[""HSRC-0004"",""HSRC-0003""]",
silver_mauling_leap,leap_multi_hit_radius,targeting,leap_multi_hit_radius,1.5,multiplier,,,,base ability state,,ability-defined,,,,,,,,,high,"[""HSRC-0004"",""HSRC-0003""]",
silver_mauling_leap,leap_radius,targeting,leap_radius,2.8,meters,,,,base ability state,,ability-defined,,,,,,,,,high,"[""HSRC-0004"",""HSRC-0003""]",
silver_mauling_leap,leaping_modifier,special_rule,leaping_modifier,Leaping,identifier,,,,base ability state,,ability-defined,,,,,,,,,medium,"[""HSRC-0004"",""HSRC-0003""]",Strukturierter Modifier-Verweis; die Modifier-Klasse selbst wurde nicht als ausformulierte Spielregel interpretiert.
silver_mauling_leap,tick_rate,stat,tick_rate,0.5,seconds,,,,base ability state,,ability-defined,,,,,,,,0.5,high,"[""HSRC-0004"",""HSRC-0003""]",
silver_mauling_leap,world_impact_radius,damage,world_impact_radius,25,meters,,,,base ability state,,ability-defined,,,,,,,,,high,"[""HSRC-0004"",""HSRC-0003""]",
silver_tail_whack,ability_cast_delay,stat,ability_cast_delay,0.15,seconds,,,,base ability state,,ability-defined,,,,,,,,,high,"[""HSRC-0004"",""HSRC-0003""]",
silver_tail_whack,ability_cooldown,cooldown,ability_cooldown,18,seconds,cooldown,1,,base ability state,,ability-defined,,,,,,18,,,high,"[""HSRC-0004"",""HSRC-0003""]",
silver_tail_whack,ability_post_cast_duration,stat,ability_post_cast_duration,0.2,seconds,,,,base ability state,,ability-defined,,,,,0.2,,,,high,"[""HSRC-0004"",""HSRC-0003""]",
silver_tail_whack,ability_unit_target_limit,targeting,ability_unit_target_limit,1,count,,,,base ability state,,ability-defined,,,,,,,,,high,"[""HSRC-0004"",""HSRC-0003""]",
silver_tail_whack,damage,damage,damage,45,damage,spirit,1.5,value = 45 + 1.5 * spirit,base ability state,,ability-defined,,,,,,,,,high,"[""HSRC-0004"",""HSRC-0003""]",
silver_tail_whack,debuff_modifier,crowd_control,debuff_modifier,Debuff,identifier,,,,base ability state,,ability-defined,,,,,,,,,medium,"[""HSRC-0004"",""HSRC-0003""]",Strukturierter Modifier-Verweis; die Modifier-Klasse selbst wurde nicht als ausformulierte Spielregel interpretiert.
silver_tail_whack,debuff_modifier_enabled_state_mask_1,crowd_control,debuff_modifier_enabled_state_mask_1,Slowed,identifier,,,,base ability state,,ability-defined,,,,,,,,,high,"[""HSRC-0004"",""HSRC-0003""]",
silver_tail_whack,disarm_duration,crowd_control,disarm_duration,2,seconds,duration,1,,base ability state,,ability-defined,,,,,2,,,,high,"[""HSRC-0004"",""HSRC-0003""]",
silver_tail_whack,disarm_modifier,crowd_control,disarm_modifier,Disarm,identifier,,,,base ability state,,ability-defined,,,,,,,,,medium,"[""HSRC-0004"",""HSRC-0003""]",Strukturierter Modifier-Verweis; die Modifier-Klasse selbst wurde nicht als ausformulierte Spielregel interpretiert.
silver_tail_whack,left_force,stat,left_force,400,flat,,,,base ability state,,ability-defined,,,,,,,,,high,"[""HSRC-0004"",""HSRC-0003""]",
silver_tail_whack,push_force,movement,push_force,300,flat,,,,base ability state,,ability-defined,,,,,,,,,high,"[""HSRC-0004"",""HSRC-0003""]",
silver_tail_whack,slash_height,stat,slash_height,3,meters,,,,base ability state,,ability-defined,,,,,,,,,high,"[""HSRC-0004"",""HSRC-0003""]",
silver_tail_whack,slash_radius,targeting,slash_radius,10,meters,range,1,,base ability state,,ability-defined,,,,,,,,,high,"[""HSRC-0004"",""HSRC-0003""]",
silver_tail_whack,slow_duration,crowd_control,slow_duration,2,seconds,duration,1,,base ability state,,ability-defined,,,,,2,,,,high,"[""HSRC-0004"",""HSRC-0003""]",
silver_tail_whack,slow_modifier,crowd_control,slow_modifier,Slow,identifier,,,,base ability state,,ability-defined,,,,,,,,,medium,"[""HSRC-0004"",""HSRC-0003""]",Strukturierter Modifier-Verweis; die Modifier-Klasse selbst wurde nicht als ausformulierte Spielregel interpretiert.
silver_tail_whack,slow_percent,crowd_control,slow_percent,30,percent,,,,base ability state,,ability-defined,,,,,,,,,high,"[""HSRC-0004"",""HSRC-0003""]",
sinclair_vexing_bolt,ability_cast_delay,stat,ability_cast_delay,0.1,seconds,,,,base ability state,,ability-defined,,,,,,,,,high,"[""HSRC-0004"",""HSRC-0008""]",
sinclair_vexing_bolt,ability_cast_range,targeting,ability_cast_range,500,meters,range,1,,base ability state,,ability-defined,,,,,,,,,high,"[""HSRC-0004"",""HSRC-0008""]",
sinclair_vexing_bolt,ability_charges,charge,ability_charges,1,charges,max_charges,1,,base ability state,,ability-defined,,,,,,,,,high,"[""HSRC-0004"",""HSRC-0008""]",
sinclair_vexing_bolt,ability_cooldown,cooldown,ability_cooldown,24,seconds,cooldown,1,,base ability state,,ability-defined,,,,,,24,,,high,"[""HSRC-0004"",""HSRC-0008""]",
sinclair_vexing_bolt,ability_cooldown_between_charge,cooldown,ability_cooldown_between_charge,3,seconds,charge_cooldown,1,,base ability state,,ability-defined,,,,,,3,,,high,"[""HSRC-0004"",""HSRC-0008""]",
sinclair_vexing_bolt,ability_post_cast_duration,stat,ability_post_cast_duration,0.3,seconds,,,,base ability state,,ability-defined,,,,,0.3,,,,high,"[""HSRC-0004"",""HSRC-0008""]",
sinclair_vexing_bolt,ability_unit_target_limit,targeting,ability_unit_target_limit,1,count,,,,base ability state,,ability-defined,,,,,,,,,high,"[""HSRC-0004"",""HSRC-0008""]",
sinclair_vexing_bolt,clone_bolt_delay,stat,clone_bolt_delay,0.1,seconds,,,,base ability state,,ability-defined,,,,,,,,,high,"[""HSRC-0004"",""HSRC-0008""]",
sinclair_vexing_bolt,clone_damage_percentage,damage,clone_damage_percentage,50,percent,,,,base ability state,,ability-defined,,,,,,,,,high,"[""HSRC-0004"",""HSRC-0008""]",
sinclair_vexing_bolt,initial_projectile_velocity,stat,initial_projectile_velocity,800,units_per_second,,,,base ability state,,ability-defined,,,,,,,,,high,"[""HSRC-0004"",""HSRC-0008""]",
sinclair_vexing_bolt,max_damage,damage,max_damage,120,damage,spirit,1.86,value = 120 + 1.86 * spirit,base ability state,,ability-defined,,,,,,,,,high,"[""HSRC-0004"",""HSRC-0008""]",
sinclair_vexing_bolt,max_damage_time,damage,max_damage_time,2,seconds,,,,base ability state,,ability-defined,,,,,,,,,high,"[""HSRC-0004"",""HSRC-0008""]",
sinclair_vexing_bolt,min_damage,damage,min_damage,60,damage,spirit,0.93,value = 60 + 0.93 * spirit,base ability state,,ability-defined,,,,,,,,,high,"[""HSRC-0004"",""HSRC-0008""]",
sinclair_vexing_bolt,projectile_lifetime,stat,projectile_lifetime,4,seconds,duration,1,,base ability state,,ability-defined,,,,,,,,,high,"[""HSRC-0004"",""HSRC-0008""]",
sinclair_vexing_bolt,projectile_redirect_count,stat,projectile_redirect_count,1,count,,,,base ability state,,ability-defined,,,,,,,,,high,"[""HSRC-0004"",""HSRC-0008""]",
sinclair_vexing_bolt,radius,targeting,radius,3.25,meters,radius,1,,base ability state,,ability-defined,,,,,,,,,high,"[""HSRC-0004"",""HSRC-0008""]",
sinclair_vexing_bolt,redirect_velocity,stat,redirect_velocity,1500,units_per_second,,,,base ability state,,ability-defined,,,,,,,,,high,"[""HSRC-0004"",""HSRC-0008""]",
sinclair_vexing_bolt,target_debuff_modifier,crowd_control,target_debuff_modifier,MagicianMagicboltDebuff,identifier,,,,base ability state,,ability-defined,,,,,,,,,medium,"[""HSRC-0004"",""HSRC-0008""]",Strukturierter Modifier-Verweis; die Modifier-Klasse selbst wurde nicht als ausformulierte Spielregel interpretiert.
sinclair_spectral_assistant,ability_cast_delay,stat,ability_cast_delay,0.15,seconds,,,,base ability state,,ability-defined,,,,,,,,,high,"[""HSRC-0004"",""HSRC-0008""]",
sinclair_spectral_assistant,ability_cast_range,targeting,ability_cast_range,15,meters,range,1,,base ability state,,ability-defined,,,,,,,,,high,"[""HSRC-0004"",""HSRC-0008""]",
sinclair_spectral_assistant,ability_cooldown,cooldown,ability_cooldown,40,seconds,cooldown,1,,base ability state,,ability-defined,,,,,,40,,,high,"[""HSRC-0004"",""HSRC-0008""]",
sinclair_spectral_assistant,ability_duration,stat,ability_duration,6,seconds,duration,1,,base ability state,,ability-defined,,,,,6,,,,high,"[""HSRC-0004"",""HSRC-0008""]",
sinclair_spectral_assistant,ability_unit_target_limit,targeting,ability_unit_target_limit,1,count,,,,base ability state,,ability-defined,,,,,,,,,high,"[""HSRC-0004"",""HSRC-0008""]",
sinclair_spectral_assistant,buff_modifier,special_rule,buff_modifier,CloneturretBuffModifier,identifier,,,,base ability state,,ability-defined,,,,,,,,,medium,"[""HSRC-0004"",""HSRC-0008""]",Strukturierter Modifier-Verweis; die Modifier-Klasse selbst wurde nicht als ausformulierte Spielregel interpretiert.
sinclair_spectral_assistant,buff_modifier_duration,stat,buff_modifier_duration,-1,seconds,,,,base ability state,,ability-defined,,,,,-1,,,,high,"[""HSRC-0004"",""HSRC-0008""]",
sinclair_spectral_assistant,damage,damage,damage,15,damage,spirit,0.36,value = 15 + 0.36 * spirit,base ability state,,ability-defined,,,,,,,,,high,"[""HSRC-0004"",""HSRC-0008""]",
sinclair_spectral_assistant,leash_radius,targeting,leash_radius,20,meters,range,1,,base ability state,,ability-defined,,,,,,,,,high,"[""HSRC-0004"",""HSRC-0008""]",
sinclair_spectral_assistant,total_swaps,stat,total_swaps,2,flat,,,,base ability state,,ability-defined,,,,,,,,,high,"[""HSRC-0004"",""HSRC-0008""]",
sinclair_spectral_assistant,turret_bullet_target_angle,summon,turret_bullet_target_angle,20,degrees,,,,base ability state,,ability-defined,,,,,,,,,high,"[""HSRC-0004"",""HSRC-0008""]",
sinclair_spectral_assistant,turret_bullet_target_radius,summon,turret_bullet_target_radius,500,meters,,,,base ability state,,ability-defined,,,,,,,,,high,"[""HSRC-0004"",""HSRC-0008""]",
sinclair_spectral_assistant,turret_bullet_vertical_offset,summon,turret_bullet_vertical_offset,2,flat,,,,base ability state,,ability-defined,,,,,,,,,high,"[""HSRC-0004"",""HSRC-0008""]",
sinclair_rabbit_hex,ability_cast_delay,stat,ability_cast_delay,0.15,seconds,,,,base ability state,,ability-defined,,,,,,,,,high,"[""HSRC-0004"",""HSRC-0008""]",
sinclair_rabbit_hex,ability_cast_range,targeting,ability_cast_range,24,meters,range,1,,base ability state,,ability-defined,,,,,,,,,high,"[""HSRC-0004"",""HSRC-0008""]",
sinclair_rabbit_hex,ability_cooldown,cooldown,ability_cooldown,26,seconds,cooldown,1,,base ability state,,ability-defined,,,,,,26,,,high,"[""HSRC-0004"",""HSRC-0008""]",
sinclair_rabbit_hex,ability_unit_target_limit,targeting,ability_unit_target_limit,1,count,,,,base ability state,,ability-defined,,,,,,,,,high,"[""HSRC-0004"",""HSRC-0008""]",
sinclair_rabbit_hex,air_damping_duration,stat,air_damping_duration,1,seconds,,,,base ability state,,ability-defined,,,,,1,,,,high,"[""HSRC-0004"",""HSRC-0008""]",
sinclair_rabbit_hex,damage_amp_percentage,damage,damage_amp_percentage,15,percent,spirit,0.0558,value = 15 + 0.0558 * spirit,base ability state,,ability-defined,,,,,,,,,high,"[""HSRC-0004"",""HSRC-0008""]",
sinclair_rabbit_hex,detonation_delay,stat,detonation_delay,0.9,seconds,,,,base ability state,,ability-defined,,,,,,,,,high,"[""HSRC-0004"",""HSRC-0008""]",
sinclair_rabbit_hex,hex_area_modifier,crowd_control,hex_area_modifier,HexareaModifier,identifier,,,,base ability state,,ability-defined,,,,,,,,,medium,"[""HSRC-0004"",""HSRC-0008""]",Strukturierter Modifier-Verweis; die Modifier-Klasse selbst wurde nicht als ausformulierte Spielregel interpretiert.
sinclair_rabbit_hex,hex_area_modifier_hex_modifier,crowd_control,hex_area_modifier_hex_modifier,AnimalhexCurseModifier,identifier,,,,base ability state,,ability-defined,,,,,,,,,medium,"[""HSRC-0004"",""HSRC-0008""]",Strukturierter Modifier-Verweis; die Modifier-Klasse selbst wurde nicht als ausformulierte Spielregel interpretiert.
sinclair_rabbit_hex,hex_area_modifier_hex_modifier_model_scale,crowd_control,hex_area_modifier_hex_modifier_model_scale,0.75,multiplier,,,,base ability state,,ability-defined,,,,,,,,,high,"[""HSRC-0004"",""HSRC-0008""]",
sinclair_rabbit_hex,hex_duration,crowd_control,hex_duration,2,seconds,duration,1,,base ability state,,ability-defined,,,,,2,,,,high,"[""HSRC-0004"",""HSRC-0008""]",
sinclair_rabbit_hex,hex_move_speed_limit,crowd_control,hex_move_speed_limit,6,units_per_second,,,,base ability state,,ability-defined,,,,,,,,,high,"[""HSRC-0004"",""HSRC-0008""]",
sinclair_rabbit_hex,move_speed_bonus_pct,movement,move_speed_bonus_pct,36,percent,,,,base ability state,,ability-defined,,,,,,,,,high,"[""HSRC-0004"",""HSRC-0008""]",
sinclair_rabbit_hex,radius,targeting,radius,6.5,meters,range,1,,base ability state,,ability-defined,,,,,,,,,high,"[""HSRC-0004"",""HSRC-0008""]",
sinclair_rabbit_hex,self_bump_impulse,stat,self_bump_impulse,500,flat,,,,base ability state,,ability-defined,,,,,,,,,high,"[""HSRC-0004"",""HSRC-0008""]",
sinclair_audience_participation,ability_cast_delay,stat,ability_cast_delay,0.15,seconds,,,,base ability state,,ability-defined,,,,,,,,,high,"[""HSRC-0004"",""HSRC-0008""]",
sinclair_audience_participation,ability_cast_range,targeting,ability_cast_range,20,meters,range,1,,base ability state,,ability-defined,,,,,,,,,high,"[""HSRC-0004"",""HSRC-0008""]",
sinclair_audience_participation,ability_cooldown,cooldown,ability_cooldown,85,seconds,cooldown,1,,base ability state,,ability-defined,,,,,,85,,,high,"[""HSRC-0004"",""HSRC-0008""]",
sinclair_audience_participation,ability_unit_target_limit,targeting,ability_unit_target_limit,1,count,,,,base ability state,,ability-defined,,,,,,,,,high,"[""HSRC-0004"",""HSRC-0008""]",
sinclair_audience_participation,copied_ult_spawned_entity_modifier,special_rule,copied_ult_spawned_entity_modifier,CopiedultSpawnedentity,identifier,,,,base ability state,,ability-defined,,,,,,,,,medium,"[""HSRC-0004"",""HSRC-0008""]",Strukturierter Modifier-Verweis; die Modifier-Klasse selbst wurde nicht als ausformulierte Spielregel interpretiert.
sinclair_audience_participation,copied_ult_spawned_entity_modifier_enabled_state_mask_1,stat,copied_ult_spawned_entity_modifier_enabled_state_mask_1,MaterialOverride,identifier,,,,base ability state,,ability-defined,,,,,,,,,high,"[""HSRC-0004"",""HSRC-0008""]",
sinclair_audience_participation,copied_ult_window,stat,copied_ult_window,12,seconds,duration,1,,base ability state,,ability-defined,,,,,,,,,high,"[""HSRC-0004"",""HSRC-0008""]",
sinclair_audience_participation,copy_cooldown_percentage,cooldown,copy_cooldown_percentage,40,percent,,,,base ability state,,ability-defined,,,,,,40,,,high,"[""HSRC-0004"",""HSRC-0008""]",
sinclair_audience_participation,copy_internal_cooldown,cooldown,copy_internal_cooldown,0.5,seconds,,,,base ability state,,ability-defined,,,,,,0.5,,,high,"[""HSRC-0004"",""HSRC-0008""]",
sinclair_audience_participation,inform_target_ult_copied_modifier,targeting,inform_target_ult_copied_modifier,CopyultInformtargetultcopied,identifier,,,,base ability state,,ability-defined,,,,,,,,,medium,"[""HSRC-0004"",""HSRC-0008""]",Strukturierter Modifier-Verweis; die Modifier-Klasse selbst wurde nicht als ausformulierte Spielregel interpretiert.
sinclair_audience_participation,ult_active_modifier,special_rule,ult_active_modifier,CopyultModifier,identifier,,,,base ability state,,ability-defined,,,,,,,,,medium,"[""HSRC-0004"",""HSRC-0008""]",Strukturierter Modifier-Verweis; die Modifier-Klasse selbst wurde nicht als ausformulierte Spielregel interpretiert.
sinclair_audience_participation,ult_copied_modifier,special_rule,ult_copied_modifier,Ultcopied,identifier,,,,base ability state,,ability-defined,,,,,,,,,medium,"[""HSRC-0004"",""HSRC-0008""]",Strukturierter Modifier-Verweis; die Modifier-Klasse selbst wurde nicht als ausformulierte Spielregel interpretiert.
the_doorman_call_bell,ability_charges,charge,ability_charges,1,charges,max_charges,1,,base ability state,,ability-defined,,,,,,,,,high,"[""HSRC-0004"",""HSRC-0008""]",
the_doorman_call_bell,ability_cooldown,cooldown,ability_cooldown,18,seconds,cooldown,1,,base ability state,,ability-defined,,,,,,18,,,high,"[""HSRC-0004"",""HSRC-0008""]",
the_doorman_call_bell,ability_cooldown_between_charge,cooldown,ability_cooldown_between_charge,7,seconds,charge_cooldown,1,,base ability state,,ability-defined,,,,,,7,,,high,"[""HSRC-0004"",""HSRC-0008""]",
the_doorman_call_bell,ability_duration,stat,ability_duration,4,seconds,duration,1,,base ability state,,ability-defined,,,,,4,,,,high,"[""HSRC-0004"",""HSRC-0008""]",
the_doorman_call_bell,ability_post_cast_duration,stat,ability_post_cast_duration,0.5,seconds,,,,base ability state,,ability-defined,,,,,0.5,,,,high,"[""HSRC-0004"",""HSRC-0008""]",
the_doorman_call_bell,ability_unit_target_limit,targeting,ability_unit_target_limit,1,count,,,,base ability state,,ability-defined,,,,,,,,,high,"[""HSRC-0004"",""HSRC-0008""]",
the_doorman_call_bell,accuracy_debuff_falloff_bias,crowd_control,accuracy_debuff_falloff_bias,0.3,flat,,,,base ability state,,ability-defined,,,,,,,,,high,"[""HSRC-0004"",""HSRC-0008""]",
the_doorman_call_bell,aura_modifier,special_rule,aura_modifier,DoormanBellAura,identifier,,,,base ability state,,ability-defined,,,,,,,,,medium,"[""HSRC-0004"",""HSRC-0008""]",Strukturierter Modifier-Verweis; die Modifier-Klasse selbst wurde nicht als ausformulierte Spielregel interpretiert.
the_doorman_call_bell,debuff_accuracy,crowd_control,debuff_accuracy,-40,flat,,,,base ability state,,ability-defined,,,,,,,,,high,"[""HSRC-0004"",""HSRC-0008""]",
the_doorman_call_bell,enable_aura,stat,enable_aura,1,boolean,,,,base ability state,,ability-defined,,,,,,,,,high,"[""HSRC-0004"",""HSRC-0008""]",
the_doorman_call_bell,explosion_damage,damage,explosion_damage,55,damage,spirit,1.2,value = 55 + 1.2 * spirit,base ability state,,ability-defined,,,,,,,,,high,"[""HSRC-0004"",""HSRC-0008""]",
the_doorman_call_bell,impact_damage,damage,impact_damage,40,damage,spirit,0.7,value = 40 + 0.7 * spirit,base ability state,,ability-defined,,,,,,,,,high,"[""HSRC-0004"",""HSRC-0008""]",
the_doorman_call_bell,inaccuracy_modifier,special_rule,inaccuracy_modifier,Debuff,identifier,,,,base ability state,,ability-defined,,,,,,,,,medium,"[""HSRC-0004"",""HSRC-0008""]",Strukturierter Modifier-Verweis; die Modifier-Klasse selbst wurde nicht als ausformulierte Spielregel interpretiert.
the_doorman_call_bell,projectile_drag,movement,projectile_drag,0.975,flat,,,,base ability state,,ability-defined,,,,,,,,,high,"[""HSRC-0004"",""HSRC-0008""]",
the_doorman_call_bell,projectile_fuse,stat,projectile_fuse,3,seconds,duration,1,,base ability state,,ability-defined,,,,,,,,,high,"[""HSRC-0004"",""HSRC-0008""]",
the_doorman_call_bell,radius,targeting,radius,5.5,meters,radius,1,,base ability state,,ability-defined,,,,,,,,,high,"[""HSRC-0004"",""HSRC-0008""]",
the_doorman_call_bell,slow_percent,crowd_control,slow_percent,35,percent,,,,base ability state,,ability-defined,,,,,,,,,high,"[""HSRC-0004"",""HSRC-0008""]",
the_doorman_doorway,ability_cast_range,targeting,ability_cast_range,50,meters,range,1,,base ability state,,ability-defined,,,,,,,,,high,"[""HSRC-0004"",""HSRC-0008""]",
the_doorman_doorway,ability_cooldown,cooldown,ability_cooldown,45,seconds,cooldown,1,,base ability state,,ability-defined,,,,,,45,,,high,"[""HSRC-0004"",""HSRC-0008""]",
the_doorman_doorway,ability_duration,stat,ability_duration,15,seconds,duration,1,,base ability state,,ability-defined,,,,,15,,,,high,"[""HSRC-0004"",""HSRC-0008""]",
the_doorman_doorway,ability_unit_target_limit,targeting,ability_unit_target_limit,1,count,,,,base ability state,,ability-defined,,,,,,,,,high,"[""HSRC-0004"",""HSRC-0008""]",
the_doorman_doorway,combat_barrier,summon,combat_barrier,0,health,spirit,0,,base ability state,,ability-defined,,,,,,,,,high,"[""HSRC-0004"",""HSRC-0008""]",
the_doorman_doorway,doorway_close_cooldown,cooldown,doorway_close_cooldown,8,seconds,,,,base ability state,,ability-defined,,,,,,8,,,high,"[""HSRC-0004"",""HSRC-0008""]",
the_doorman_doorway,doorway_distance,stat,doorway_distance,65,meters,,,,base ability state,,ability-defined,,,,,,,,,high,"[""HSRC-0004"",""HSRC-0008""]",
the_doorman_doorway,doorway_timer_modifier,special_rule,doorway_timer_modifier,DoorwayTimerModifier,identifier,,,,base ability state,,ability-defined,,,,,,,,,medium,"[""HSRC-0004"",""HSRC-0008""]",Strukturierter Modifier-Verweis; die Modifier-Klasse selbst wurde nicht als ausformulierte Spielregel interpretiert.
the_doorman_doorway,portal_barrier_modifier,shield,portal_barrier_modifier,DoorwayBarrier,identifier,,,,base ability state,,ability-defined,,,,,,,,,medium,"[""HSRC-0004"",""HSRC-0008""]",Strukturierter Modifier-Verweis; die Modifier-Klasse selbst wurde nicht als ausformulierte Spielregel interpretiert.
the_doorman_luggage_cart,ability_cast_delay,stat,ability_cast_delay,0.25,seconds,,,,base ability state,,ability-defined,,,,,,,,,high,"[""HSRC-0004"",""HSRC-0008""]",
the_doorman_luggage_cart,ability_cast_range,targeting,ability_cast_range,20,meters,range,1,,base ability state,,ability-defined,,,,,,,,,high,"[""HSRC-0004"",""HSRC-0008""]",
the_doorman_luggage_cart,ability_cooldown,cooldown,ability_cooldown,30,seconds,cooldown,1,,base ability state,,ability-defined,,,,,,30,,,high,"[""HSRC-0004"",""HSRC-0008""]",
the_doorman_luggage_cart,ability_duration,stat,ability_duration,6,seconds,duration,1,,base ability state,,ability-defined,,,,,6,,,,high,"[""HSRC-0004"",""HSRC-0008""]",
the_doorman_luggage_cart,ability_unit_target_limit,targeting,ability_unit_target_limit,1,count,,,,base ability state,,ability-defined,,,,,,,,,high,"[""HSRC-0004"",""HSRC-0008""]",
the_doorman_luggage_cart,cart_damage,damage,cart_damage,60,damage,spirit,0.75,value = 60 + 0.75 * spirit,base ability state,,ability-defined,,,,,,,,,high,"[""HSRC-0004"",""HSRC-0008""]",
the_doorman_luggage_cart,modifier_drag,movement,modifier_drag,Drag,identifier,,,,base ability state,,ability-defined,,,,,,,,,medium,"[""HSRC-0004"",""HSRC-0008""]",Strukturierter Modifier-Verweis; die Modifier-Klasse selbst wurde nicht als ausformulierte Spielregel interpretiert.
the_doorman_luggage_cart,modifier_drag_stomp_ignore_linger_modifier,movement,modifier_drag_stomp_ignore_linger_modifier,LuggageDragStompIgnoreLinger,identifier,,,,base ability state,,ability-defined,,,,,,,,,medium,"[""HSRC-0004"",""HSRC-0008""]",Strukturierter Modifier-Verweis; die Modifier-Klasse selbst wurde nicht als ausformulierte Spielregel interpretiert.
the_doorman_luggage_cart,modifier_drag_stomp_ignore_linger_modifier_enabled_state_mask_1,movement,modifier_drag_stomp_ignore_linger_modifier_enabled_state_mask_1,DoormanLuggageDragged,identifier,,,,base ability state,,ability-defined,,,,,,,,,high,"[""HSRC-0004"",""HSRC-0008""]",
the_doorman_luggage_cart,modifier_drag_stomp_ignore_linger_duration,movement,modifier_drag_stomp_ignore_linger_duration,0.5,seconds,,,,base ability state,,ability-defined,,,,,0.5,,,,high,"[""HSRC-0004"",""HSRC-0008""]",
the_doorman_luggage_cart,modifier_drag_enabled_state_mask_1,movement,modifier_drag_enabled_state_mask_1,IgnorePortals,identifier,,,,base ability state,,ability-defined,,,,,,,,,high,"[""HSRC-0004"",""HSRC-0008""]",
the_doorman_luggage_cart,wall_impact_damage,damage,wall_impact_damage,0,damage,spirit,0,,base ability state,,ability-defined,,,,,,,,,high,"[""HSRC-0004"",""HSRC-0008""]",
the_doorman_hotel_guest,ability_cast_range,targeting,ability_cast_range,7,meters,range,1,,base ability state,,ability-defined,,,,,,,,,high,"[""HSRC-0004"",""HSRC-0008""]",
the_doorman_hotel_guest,ability_channel_time,stat,ability_channel_time,1,seconds,duration,1,,base ability state,,ability-defined,,,,,,,,,high,"[""HSRC-0004"",""HSRC-0008""]",
the_doorman_hotel_guest,ability_cooldown,cooldown,ability_cooldown,140,seconds,cooldown,1,,base ability state,,ability-defined,,,,,,140,,,high,"[""HSRC-0004"",""HSRC-0008""]",
the_doorman_hotel_guest,ability_duration,stat,ability_duration,6.5,seconds,,,,base ability state,,ability-defined,,,,,6.5,,,,high,"[""HSRC-0004"",""HSRC-0008""]",
the_doorman_hotel_guest,ability_post_cast_duration,stat,ability_post_cast_duration,0.7,seconds,,,,base ability state,,ability-defined,,,,,0.7,,,,high,"[""HSRC-0004"",""HSRC-0008""]",
the_doorman_hotel_guest,ability_unit_target_limit,targeting,ability_unit_target_limit,1,count,,,,base ability state,,ability-defined,,,,,,,,,high,"[""HSRC-0004"",""HSRC-0008""]",
the_doorman_hotel_guest,damage,damage,damage,75,damage,spirit,1,value = 75 + 1 * spirit,base ability state,,ability-defined,,,,,,,,,high,"[""HSRC-0004"",""HSRC-0008""]",
the_doorman_hotel_guest,damage_modifier,damage,damage_modifier,DamageTimer,identifier,,,,base ability state,,ability-defined,,,,,,,,,medium,"[""HSRC-0004"",""HSRC-0008""]",Strukturierter Modifier-Verweis; die Modifier-Klasse selbst wurde nicht als ausformulierte Spielregel interpretiert.
the_doorman_hotel_guest,freeze_modifier,special_rule,freeze_modifier,Freeze,identifier,,,,base ability state,,ability-defined,,,,,,,,,medium,"[""HSRC-0004"",""HSRC-0008""]",Strukturierter Modifier-Verweis; die Modifier-Klasse selbst wurde nicht als ausformulierte Spielregel interpretiert.
the_doorman_hotel_guest,hotel_modifier,special_rule,hotel_modifier,Hotel,identifier,,,,base ability state,,ability-defined,,,,,,,,,medium,"[""HSRC-0004"",""HSRC-0008""]",Strukturierter Modifier-Verweis; die Modifier-Klasse selbst wurde nicht als ausformulierte Spielregel interpretiert.
the_doorman_hotel_guest,hotel_modifier_enabled_state_mask_1,stat,hotel_modifier_enabled_state_mask_1,InvalidTeleportTarget,identifier,,,,base ability state,,ability-defined,,,,,,,,,high,"[""HSRC-0004"",""HSRC-0008""]",
the_doorman_hotel_guest,hotel_modifier_enabled_state_mask_2,stat,hotel_modifier_enabled_state_mask_2,IgnoreOutOfPlayAreaCheck,identifier,,,,base ability state,,ability-defined,,,,,,,,,high,"[""HSRC-0004"",""HSRC-0008""]",
the_doorman_hotel_guest,imposter_modifier,special_rule,imposter_modifier,Imposter,identifier,,,,base ability state,,ability-defined,,,,,,,,,medium,"[""HSRC-0004"",""HSRC-0008""]",Strukturierter Modifier-Verweis; die Modifier-Klasse selbst wurde nicht als ausformulierte Spielregel interpretiert.
the_doorman_hotel_guest,late_checkout_damage,damage,late_checkout_damage,125,damage,spirit,1.5,value = 125 + 1.5 * spirit,base ability state,,ability-defined,,,,,,,,,high,"[""HSRC-0004"",""HSRC-0008""]",
the_doorman_hotel_guest,no_draw_modifier,special_rule,no_draw_modifier,Nodraw,identifier,,,,base ability state,,ability-defined,,,,,,,,,medium,"[""HSRC-0004"",""HSRC-0008""]",Strukturierter Modifier-Verweis; die Modifier-Klasse selbst wurde nicht als ausformulierte Spielregel interpretiert.
the_doorman_hotel_guest,no_draw_modifier_enabled_state_mask_1,stat,no_draw_modifier_enabled_state_mask_1,OutOfGame,identifier,,,,base ability state,,ability-defined,,,,,,,,,high,"[""HSRC-0004"",""HSRC-0008""]",
the_doorman_hotel_guest,no_draw_modifier_enabled_state_mask_2,stat,no_draw_modifier_enabled_state_mask_2,IgnoredByNpcTargeting,identifier,,,,base ability state,,ability-defined,,,,,,,,,high,"[""HSRC-0004"",""HSRC-0008""]",
the_doorman_hotel_guest,no_draw_modifier_enabled_state_mask_3,stat,no_draw_modifier_enabled_state_mask_3,UnitStatusHidden,identifier,,,,base ability state,,ability-defined,,,,,,,,,high,"[""HSRC-0004"",""HSRC-0008""]",
the_doorman_hotel_guest,no_draw_modifier_enabled_state_mask_4,stat,no_draw_modifier_enabled_state_mask_4,DoNotDrawModel,identifier,,,,base ability state,,ability-defined,,,,,,,,,high,"[""HSRC-0004"",""HSRC-0008""]",
the_doorman_hotel_guest,pre_teleport_modifier,movement,pre_teleport_modifier,PreTeleport,identifier,,,,base ability state,,ability-defined,,,,,,,,,medium,"[""HSRC-0004"",""HSRC-0008""]",Strukturierter Modifier-Verweis; die Modifier-Klasse selbst wurde nicht als ausformulierte Spielregel interpretiert.
the_doorman_hotel_guest,time_slow_duration,crowd_control,time_slow_duration,1,seconds,,,,base ability state,,ability-defined,,,,,1,,,,high,"[""HSRC-0004"",""HSRC-0008""]",
the_doorman_hotel_guest,time_slow_percentage,crowd_control,time_slow_percentage,100,percent,,,,base ability state,,ability-defined,,,,,,,,,high,"[""HSRC-0004"",""HSRC-0008""]",
the_doorman_hotel_guest,timeslow_modifier,crowd_control,timeslow_modifier,DoormanExitTimeslow,identifier,,,,base ability state,,ability-defined,,,,,,,,,medium,"[""HSRC-0004"",""HSRC-0008""]",Strukturierter Modifier-Verweis; die Modifier-Klasse selbst wurde nicht als ausformulierte Spielregel interpretiert.
the_doorman_hotel_guest,unstoppable_while_channeling_modifier,defense,unstoppable_while_channeling_modifier,DoormanHotelUnstoppable,identifier,,,,base ability state,,ability-defined,,,,,,,,,medium,"[""HSRC-0004"",""HSRC-0008""]",Strukturierter Modifier-Verweis; die Modifier-Klasse selbst wurde nicht als ausformulierte Spielregel interpretiert.
the_doorman_hotel_guest,unstoppable_while_channeling_modifier_enabled_state_mask_1,defense,unstoppable_while_channeling_modifier_enabled_state_mask_1,StatusImmune,identifier,,,,base ability state,,ability-defined,,,,,,,,,high,"[""HSRC-0004"",""HSRC-0008""]",
the_doorman_hotel_guest,unstoppable_while_channeling_modifier_enabled_state_mask_2,defense,unstoppable_while_channeling_modifier_enabled_state_mask_2,SlowImmune,identifier,,,,base ability state,,ability-defined,,,,,,,,,high,"[""HSRC-0004"",""HSRC-0008""]",
the_doorman_hotel_guest,unstoppable_while_channeling_modifier_enabled_state_mask_3,defense,unstoppable_while_channeling_modifier_enabled_state_mask_3,KnockdownImmune,identifier,,,,base ability state,,ability-defined,,,,,,,,,high,"[""HSRC-0004"",""HSRC-0008""]",
the_doorman_hotel_guest,unstoppable_while_channeling_modifier_enabled_state_mask_4,defense,unstoppable_while_channeling_modifier_enabled_state_mask_4,Unstoppable,identifier,,,,base ability state,,ability-defined,,,,,,,,,high,"[""HSRC-0004"",""HSRC-0008""]",
the_doorman_hotel_guest,unstoppable_while_channeling_modifier_disabled_state_mask_1,defense,unstoppable_while_channeling_modifier_disabled_state_mask_1,Disarmed,identifier,,,,base ability state,,ability-defined,,,,,,,,,high,"[""HSRC-0004"",""HSRC-0008""]",
the_doorman_hotel_guest,unstoppable_while_channeling_modifier_disabled_state_mask_2,defense,unstoppable_while_channeling_modifier_disabled_state_mask_2,Muted,identifier,,,,base ability state,,ability-defined,,,,,,,,,high,"[""HSRC-0004"",""HSRC-0008""]",
the_doorman_hotel_guest,unstoppable_while_channeling_modifier_disabled_state_mask_3,defense,unstoppable_while_channeling_modifier_disabled_state_mask_3,Silenced,identifier,,,,base ability state,,ability-defined,,,,,,,,,high,"[""HSRC-0004"",""HSRC-0008""]",
the_doorman_hotel_guest,unstoppable_while_channeling_modifier_disabled_state_mask_4,defense,unstoppable_while_channeling_modifier_disabled_state_mask_4,SilenceMovementAbilites,identifier,,,,base ability state,,ability-defined,,,,,,,,,high,"[""HSRC-0004"",""HSRC-0008""]",
the_doorman_hotel_guest,unstoppable_while_channeling_modifier_disabled_state_mask_5,defense,unstoppable_while_channeling_modifier_disabled_state_mask_5,Slowed,identifier,,,,base ability state,,ability-defined,,,,,,,,,high,"[""HSRC-0004"",""HSRC-0008""]",
the_doorman_hotel_guest,unstoppable_while_channeling_modifier_disabled_state_mask_6,defense,unstoppable_while_channeling_modifier_disabled_state_mask_6,Glitched,identifier,,,,base ability state,,ability-defined,,,,,,,,,high,"[""HSRC-0004"",""HSRC-0008""]",
the_doorman_hotel_guest,unstoppable_while_channeling_modifier_disabled_state_mask_7,defense,unstoppable_while_channeling_modifier_disabled_state_mask_7,MeleeDisabledDebuff,identifier,,,,base ability state,,ability-defined,,,,,,,,,high,"[""HSRC-0004"",""HSRC-0008""]",
the_doorman_hotel_guest,unstoppable_while_channeling_modifier_disabled_state_mask_8,defense,unstoppable_while_channeling_modifier_disabled_state_mask_8,DashDisabledDebuff,identifier,,,,base ability state,,ability-defined,,,,,,,,,high,"[""HSRC-0004"",""HSRC-0008""]",
venator_consecrating_grenade,ability_cast_delay,stat,ability_cast_delay,0.03,seconds,,,,base ability state,,ability-defined,,,,,,,,,high,"[""HSRC-0004"",""HSRC-0008""]",
venator_consecrating_grenade,ability_cooldown,cooldown,ability_cooldown,25,seconds,cooldown,1,,base ability state,,ability-defined,,,,,,25,,,high,"[""HSRC-0004"",""HSRC-0008""]",
venator_consecrating_grenade,ability_post_cast_duration,stat,ability_post_cast_duration,0.15,seconds,,,,base ability state,,ability-defined,,,,,0.15,,,,high,"[""HSRC-0004"",""HSRC-0008""]",
venator_consecrating_grenade,ability_unit_target_limit,targeting,ability_unit_target_limit,1,count,,,,base ability state,,ability-defined,,,,,,,,,high,"[""HSRC-0004"",""HSRC-0008""]",
venator_consecrating_grenade,bounce_grenade_speed,movement,bounce_grenade_speed,1100,units_per_second,,,,base ability state,,ability-defined,,,,,,,,,high,"[""HSRC-0004"",""HSRC-0008""]",
venator_consecrating_grenade,bounce_lifetime,stat,bounce_lifetime,0.5,seconds,,,,base ability state,,ability-defined,,,,,,,,,high,"[""HSRC-0004"",""HSRC-0008""]",
venator_consecrating_grenade,burn_duration,damage,burn_duration,3.5,seconds,duration,1,,base ability state,,ability-defined,,,,,3.5,,,,high,"[""HSRC-0004"",""HSRC-0008""]",
venator_consecrating_grenade,burn_linger_duration,damage,burn_linger_duration,0.15,seconds,,,,base ability state,,ability-defined,,,,,0.15,,,,high,"[""HSRC-0004"",""HSRC-0008""]",
venator_consecrating_grenade,burn_radius,damage,burn_radius,4.5,meters,range,1,,base ability state,,ability-defined,,,,,,,,,high,"[""HSRC-0004"",""HSRC-0008""]",
venator_consecrating_grenade,dps,damage,dps,10,damage_per_second,,,,base ability state,,ability-defined,,,,,,,,,high,"[""HSRC-0004"",""HSRC-0008""]",
venator_consecrating_grenade,damage,damage,damage,35,damage,weapon_damage_increase,1,value = 35 + 1 * weapon_damage_increase,base ability state,,ability-defined,,,,,,,,,high,"[""HSRC-0004"",""HSRC-0008""]",
venator_consecrating_grenade,enemy_debuff_modifier,crowd_control,enemy_debuff_modifier,Burnaura,identifier,,,,base ability state,,ability-defined,,,,,,,,,medium,"[""HSRC-0004"",""HSRC-0008""]",Strukturierter Modifier-Verweis; die Modifier-Klasse selbst wurde nicht als ausformulierte Spielregel interpretiert.
venator_consecrating_grenade,enemy_debuff_modifier_flash_fade_out_time,crowd_control,enemy_debuff_modifier_flash_fade_out_time,0.1,seconds,,,,base ability state,,ability-defined,,,,,,,,,high,"[""HSRC-0004"",""HSRC-0008""]",
venator_consecrating_grenade,enemy_debuff_modifier_aura_radius,crowd_control,enemy_debuff_modifier_aura_radius,0,meters,,,,base ability state,,ability-defined,,,,,,,,,high,"[""HSRC-0004"",""HSRC-0008""]",
venator_consecrating_grenade,heal_amp_receive_penalty_percent,healing,heal_amp_receive_penalty_percent,-30,percent,,,,base ability state,,ability-defined,,,,,,,,,high,"[""HSRC-0004"",""HSRC-0008""]",
venator_consecrating_grenade,heal_amp_regen_penalty_percent,healing,heal_amp_regen_penalty_percent,-30,percent,,,,base ability state,,ability-defined,,,,,,,,,high,"[""HSRC-0004"",""HSRC-0008""]",
venator_consecrating_grenade,pre_bounce_lifetime,stat,pre_bounce_lifetime,15,seconds,,,,base ability state,,ability-defined,,,,,,,,,high,"[""HSRC-0004"",""HSRC-0008""]",
venator_consecrating_grenade,radius,targeting,radius,4.5,meters,radius,1,,base ability state,,ability-defined,,,,,,,,,high,"[""HSRC-0004"",""HSRC-0008""]",
venator_consecrating_grenade,tick_rate,stat,tick_rate,0.2,seconds,,,,base ability state,,ability-defined,,,,,,,,0.2,high,"[""HSRC-0004"",""HSRC-0008""]",
venator_gutshot,ability_cast_delay,stat,ability_cast_delay,0.25,seconds,,,,base ability state,,ability-defined,,,,,,,,,high,"[""HSRC-0004"",""HSRC-0008""]",
venator_gutshot,ability_cast_range,targeting,ability_cast_range,10,meters,range,1,,base ability state,,ability-defined,,,,,,,,,high,"[""HSRC-0004"",""HSRC-0008""]",
venator_gutshot,ability_cooldown,cooldown,ability_cooldown,23,seconds,cooldown,1,,base ability state,,ability-defined,,,,,,23,,,high,"[""HSRC-0004"",""HSRC-0008""]",
venator_gutshot,ability_unit_target_limit,targeting,ability_unit_target_limit,99,count,,,,base ability state,,ability-defined,,,,,,,,,high,"[""HSRC-0004"",""HSRC-0008""]",
venator_gutshot,bonus_damage,damage,bonus_damage,30,damage,weapon_damage_increase,0.8,value = 30 + 0.8 * weapon_damage_increase,base ability state,,ability-defined,,,,,,,,,high,"[""HSRC-0004"",""HSRC-0008""]",
venator_gutshot,bonus_knockback_distance,crowd_control,bonus_knockback_distance,3.5,meters,,,,base ability state,,ability-defined,,,,,,,,,high,"[""HSRC-0004"",""HSRC-0008""]",
venator_gutshot,buff_modifier,special_rule,buff_modifier,Buff,identifier,,,,base ability state,,ability-defined,,,,,,,,,medium,"[""HSRC-0004"",""HSRC-0008""]",Strukturierter Modifier-Verweis; die Modifier-Klasse selbst wurde nicht als ausformulierte Spielregel interpretiert.
venator_gutshot,damage,damage,damage,60,damage,weapon_damage_increase,0.7,value = 60 + 0.7 * weapon_damage_increase,base ability state,,ability-defined,,,,,,,,,high,"[""HSRC-0004"",""HSRC-0008""]",
venator_gutshot,debuff_modifier,crowd_control,debuff_modifier,Debuff,identifier,,,,base ability state,,ability-defined,,,,,,,,,medium,"[""HSRC-0004"",""HSRC-0008""]",Strukturierter Modifier-Verweis; die Modifier-Klasse selbst wurde nicht als ausformulierte Spielregel interpretiert.
venator_gutshot,knockback_modifier,crowd_control,knockback_modifier,PriestKnockback,identifier,,,,base ability state,,ability-defined,,,,,,,,,medium,"[""HSRC-0004"",""HSRC-0008""]",Strukturierter Modifier-Verweis; die Modifier-Klasse selbst wurde nicht als ausformulierte Spielregel interpretiert.
venator_gutshot,knockback_modifier_momentum_maintained,crowd_control,knockback_modifier_momentum_maintained,0.3,flat,,,,base ability state,,ability-defined,,,,,,,,,high,"[""HSRC-0004"",""HSRC-0008""]",
venator_gutshot,knockback_speed,crowd_control,knockback_speed,1200,units_per_second,,,,base ability state,,ability-defined,,,,,,,,,high,"[""HSRC-0004"",""HSRC-0008""]",
venator_gutshot,knockback_to_wall_modifier,crowd_control,knockback_to_wall_modifier,PriestKnockbacktowall,identifier,,,,base ability state,,ability-defined,,,,,,,,,medium,"[""HSRC-0004"",""HSRC-0008""]",Strukturierter Modifier-Verweis; die Modifier-Klasse selbst wurde nicht als ausformulierte Spielregel interpretiert.
venator_gutshot,max_push_force_horizontal,movement,max_push_force_horizontal,1400,flat,,,,base ability state,,ability-defined,,,,,,,,,high,"[""HSRC-0004"",""HSRC-0008""]",
venator_gutshot,max_push_force_vertical,movement,max_push_force_vertical,500,flat,,,,base ability state,,ability-defined,,,,,,,,,high,"[""HSRC-0004"",""HSRC-0008""]",
venator_gutshot,push_force,movement,push_force,6,flat,,,,base ability state,,ability-defined,,,,,,,,,high,"[""HSRC-0004"",""HSRC-0008""]",
venator_gutshot,self_push_force,movement,self_push_force,500,flat,,,,base ability state,,ability-defined,,,,,,,,,high,"[""HSRC-0004"",""HSRC-0008""]",
venator_gutshot,slow_modifier,crowd_control,slow_modifier,Slow,identifier,,,,base ability state,,ability-defined,,,,,,,,,medium,"[""HSRC-0004"",""HSRC-0008""]",Strukturierter Modifier-Verweis; die Modifier-Klasse selbst wurde nicht als ausformulierte Spielregel interpretiert.
venator_gutshot,stun_duration,crowd_control,stun_duration,0.6,seconds,duration,1,,base ability state,,ability-defined,,,,,0.6,,,,high,"[""HSRC-0004"",""HSRC-0008""]",
venator_gutshot,targeting_cone_angle,targeting,targeting_cone_angle,60,degrees,,,,base ability state,,ability-defined,,,,,,,,,high,"[""HSRC-0004"",""HSRC-0008""]",
venator_gutshot,wall_stun_distance,crowd_control,wall_stun_distance,7,meters,range,1,,base ability state,,ability-defined,,,,,,,,,high,"[""HSRC-0004"",""HSRC-0008""]",
venator_hex_lined_snap_trap,ability_cast_delay,stat,ability_cast_delay,0.2,seconds,,,,base ability state,,ability-defined,,,,,,,,,high,"[""HSRC-0004"",""HSRC-0008""]",
venator_hex_lined_snap_trap,ability_charges,charge,ability_charges,2,charges,max_charges,1,,base ability state,,ability-defined,,,,,,,,,high,"[""HSRC-0004"",""HSRC-0008""]",
venator_hex_lined_snap_trap,ability_cooldown,cooldown,ability_cooldown,28,seconds,cooldown,1,,base ability state,,ability-defined,,,,,,28,,,high,"[""HSRC-0004"",""HSRC-0008""]",
venator_hex_lined_snap_trap,ability_cooldown_between_charge,cooldown,ability_cooldown_between_charge,8,seconds,charge_cooldown,1,,base ability state,,ability-defined,,,,,,8,,,high,"[""HSRC-0004"",""HSRC-0008""]",
venator_hex_lined_snap_trap,ability_unit_target_limit,targeting,ability_unit_target_limit,1,count,,,,base ability state,,ability-defined,,,,,,,,,high,"[""HSRC-0004"",""HSRC-0008""]",
venator_hex_lined_snap_trap,arm_time,stat,arm_time,0.5,seconds,,,,base ability state,,ability-defined,,,,,,,,,high,"[""HSRC-0004"",""HSRC-0008""]",
venator_hex_lined_snap_trap,damage,damage,damage,80,damage,spirit,2.2,value = 80 + 2.2 * spirit,base ability state,,ability-defined,,,,,,,,,high,"[""HSRC-0004"",""HSRC-0008""]",
venator_hex_lined_snap_trap,debuff_modifier,crowd_control,debuff_modifier,Debuff,identifier,,,,base ability state,,ability-defined,,,,,,,,,medium,"[""HSRC-0004"",""HSRC-0008""]",Strukturierter Modifier-Verweis; die Modifier-Klasse selbst wurde nicht als ausformulierte Spielregel interpretiert.
venator_hex_lined_snap_trap,debuff_modifier_enabled_state_mask_1,crowd_control,debuff_modifier_enabled_state_mask_1,VisibleToEnemy,identifier,,,,base ability state,,ability-defined,,,,,,,,,high,"[""HSRC-0004"",""HSRC-0008""]",
venator_hex_lined_snap_trap,debuff_modifier_enabled_state_mask_2,crowd_control,debuff_modifier_enabled_state_mask_2,GlowThroughWallsToEnemy,identifier,,,,base ability state,,ability-defined,,,,,,,,,high,"[""HSRC-0004"",""HSRC-0008""]",
venator_hex_lined_snap_trap,immobilize_duration,crowd_control,immobilize_duration,1.25,seconds,duration,1,,base ability state,,ability-defined,,,,,1.25,,,,high,"[""HSRC-0004"",""HSRC-0008""]",
venator_hex_lined_snap_trap,immobilize_modifier,crowd_control,immobilize_modifier,Immobilize,identifier,,,,base ability state,,ability-defined,,,,,,,,,medium,"[""HSRC-0004"",""HSRC-0008""]",Strukturierter Modifier-Verweis; die Modifier-Klasse selbst wurde nicht als ausformulierte Spielregel interpretiert.
venator_hex_lined_snap_trap,lifetime,stat,lifetime,30,seconds,duration,1,,base ability state,,ability-defined,,,,,,,,,high,"[""HSRC-0004"",""HSRC-0008""]",
venator_hex_lined_snap_trap,radius,targeting,radius,2,meters,range,1,,base ability state,,ability-defined,,,,,,,,,high,"[""HSRC-0004"",""HSRC-0008""]",
venator_hex_lined_snap_trap,reveal_duration,stat,reveal_duration,6,seconds,duration,1,,base ability state,,ability-defined,,,,,6,,,,high,"[""HSRC-0004"",""HSRC-0008""]",
venator_hex_lined_snap_trap,tether_duration,crowd_control,tether_duration,0.6,seconds,,,,base ability state,,ability-defined,,,,,0.6,,,,high,"[""HSRC-0004"",""HSRC-0008""]",
venator_hex_lined_snap_trap,tether_modifier,crowd_control,tether_modifier,Tether,identifier,,,,base ability state,,ability-defined,,,,,,,,,medium,"[""HSRC-0004"",""HSRC-0008""]",Strukturierter Modifier-Verweis; die Modifier-Klasse selbst wurde nicht als ausformulierte Spielregel interpretiert.
venator_hex_lined_snap_trap,tether_radius,crowd_control,tether_radius,0.3,meters,,,,base ability state,,ability-defined,,,,,,,,,high,"[""HSRC-0004"",""HSRC-0008""]",
venator_hex_lined_snap_trap,tick_rate,stat,tick_rate,0.1,seconds,,,,base ability state,,ability-defined,,,,,,,,0.1,high,"[""HSRC-0004"",""HSRC-0008""]",
venator_hex_lined_snap_trap,trap_height,stat,trap_height,2,meters,,,,base ability state,,ability-defined,,,,,,,,,high,"[""HSRC-0004"",""HSRC-0008""]",
venator_hex_lined_snap_trap,trip_up_speed,movement,trip_up_speed,6.35,units_per_second,,,,base ability state,,ability-defined,,,,,,,,,high,"[""HSRC-0004"",""HSRC-0008""]",
venator_ira_domini,ability_cast_delay,stat,ability_cast_delay,0.3,seconds,,,,base ability state,,ability-defined,,,,,,,,,high,"[""HSRC-0004"",""HSRC-0008""]",
venator_ira_domini,ability_cooldown,cooldown,ability_cooldown,160,seconds,cooldown,1,,base ability state,,ability-defined,,,,,,160,,,high,"[""HSRC-0004"",""HSRC-0008""]",
venator_ira_domini,ability_duration,stat,ability_duration,15,seconds,duration,1,,base ability state,,ability-defined,,,,,15,,,,high,"[""HSRC-0004"",""HSRC-0008""]",
venator_ira_domini,ability_unit_target_limit,targeting,ability_unit_target_limit,1,count,,,,base ability state,,ability-defined,,,,,,,,,high,"[""HSRC-0004"",""HSRC-0008""]",
venator_ira_domini,bonus_amp_to_vampire,stat,bonus_amp_to_vampire,5,percent,,,,base ability state,,ability-defined,,,,,,,,,high,"[""HSRC-0004"",""HSRC-0008""]",
venator_ira_domini,bonus_damage,damage,bonus_damage,115,damage,,,,base ability state,,ability-defined,,,,,,,,,high,"[""HSRC-0004"",""HSRC-0008""]",
venator_ira_domini,damage,damage,damage,120,damage,weapon_damage_increase,1.5,value = 120 + 1.5 * weapon_damage_increase,base ability state,,ability-defined,,,,,,,,,high,"[""HSRC-0004"",""HSRC-0008""]",
venator_ira_domini,execute_threshold,stat,execute_threshold,8,flat,,,,base ability state,,ability-defined,,,,,,,,,high,"[""HSRC-0004"",""HSRC-0008""]",
venator_ira_domini,explode_radius,damage,explode_radius,0.2,meters,,,,base ability state,,ability-defined,,,,,,,,,high,"[""HSRC-0004"",""HSRC-0008""]",
venator_ira_domini,push_force,movement,push_force,500,flat,,,,base ability state,,ability-defined,,,,,,,,,high,"[""HSRC-0004"",""HSRC-0008""]",
venator_ira_domini,self_modifier,special_rule,self_modifier,Self,identifier,,,,base ability state,,ability-defined,,,,,,,,,medium,"[""HSRC-0004"",""HSRC-0008""]",Strukturierter Modifier-Verweis; die Modifier-Klasse selbst wurde nicht als ausformulierte Spielregel interpretiert.
venator_ira_domini,self_modifier_enabled_state_mask_1,stat,self_modifier_enabled_state_mask_1,AmmoChangesDisabled,identifier,,,,base ability state,,ability-defined,,,,,,,,,high,"[""HSRC-0004"",""HSRC-0008""]",
venator_ira_domini,self_modifier_enabled_state_mask_2,stat,self_modifier_enabled_state_mask_2,SinclairTaxUltActive,identifier,,,,base ability state,,ability-defined,,,,,,,,,high,"[""HSRC-0004"",""HSRC-0008""]",
venator_ira_domini,slow_modifier,crowd_control,slow_modifier,BarrageSlowModifier,identifier,,,,base ability state,,ability-defined,,,,,,,,,medium,"[""HSRC-0004"",""HSRC-0008""]",Strukturierter Modifier-Verweis; die Modifier-Klasse selbst wurde nicht als ausformulierte Spielregel interpretiert.
venator_ira_domini,stake_count,stat,stake_count,3,count,,,,base ability state,,ability-defined,,,,,,,,,high,"[""HSRC-0004"",""HSRC-0008""]",
venator_ira_domini,swap_end_delay,stat,swap_end_delay,0.6,seconds,,,,base ability state,,ability-defined,,,,,,,,,high,"[""HSRC-0004"",""HSRC-0008""]",
victor_pain_battery,ability_cast_delay,stat,ability_cast_delay,0.35,seconds,,,,base ability state,,ability-defined,,,,,,,,,high,"[""HSRC-0004"",""HSRC-0008""]",
victor_pain_battery,ability_cast_range,targeting,ability_cast_range,28,meters,range,1,,base ability state,,ability-defined,,,,,,,,,high,"[""HSRC-0004"",""HSRC-0008""]",
victor_pain_battery,ability_charges_conditionally,charge,ability_charges_conditionally,1,charges,,,,base ability state,,ability-defined,,,,,,,,,high,"[""HSRC-0004"",""HSRC-0008""]",
victor_pain_battery,ability_cooldown,cooldown,ability_cooldown,2,seconds,cooldown,1,,base ability state,,ability-defined,,,,,,2,,,high,"[""HSRC-0004"",""HSRC-0008""]",
victor_pain_battery,ability_post_cast_duration,stat,ability_post_cast_duration,0.2,seconds,,,,base ability state,,ability-defined,,,,,0.2,,,,high,"[""HSRC-0004"",""HSRC-0008""]",
victor_pain_battery,ability_unit_target_limit,targeting,ability_unit_target_limit,1,count,,,,base ability state,,ability-defined,,,,,,,,,high,"[""HSRC-0004"",""HSRC-0008""]",
victor_pain_battery,battery_generation_percent,resource,battery_generation_percent,100,percent,cooldown,-1,,base ability state,,ability-defined,,,,,,,,,high,"[""HSRC-0004"",""HSRC-0008""]",
victor_pain_battery,bolt_count,stat,bolt_count,7,count,,,,base ability state,,ability-defined,,,,,,,,,high,"[""HSRC-0004"",""HSRC-0008""]",
victor_pain_battery,bonus_shocks_delay,stat,bonus_shocks_delay,0.2,seconds,,,,base ability state,,ability-defined,,,,,,,,,high,"[""HSRC-0004"",""HSRC-0008""]",
victor_pain_battery,damage,damage,damage,100,damage,spirit,1.6,value = 100 + 1.6 * spirit,base ability state,,ability-defined,,,,,,,,,high,"[""HSRC-0004"",""HSRC-0008""]",
victor_pain_battery,heal_on_hit,healing,heal_on_hit,0,health,healing,1,,base ability state,,ability-defined,,,,,,,,,high,"[""HSRC-0004"",""HSRC-0008""]",
victor_pain_battery,missing_health_percent_heal,healing,missing_health_percent_heal,0,percent,healing,1,,base ability state,,ability-defined,,,,,,,,,high,"[""HSRC-0004"",""HSRC-0008""]",
victor_pain_battery,shock_modifier,special_rule,shock_modifier,Shock,identifier,,,,base ability state,,ability-defined,,,,,,,,,medium,"[""HSRC-0004"",""HSRC-0008""]",Strukturierter Modifier-Verweis; die Modifier-Klasse selbst wurde nicht als ausformulierte Spielregel interpretiert.
victor_pain_battery,slow_modifier,crowd_control,slow_modifier,ZapSlow,identifier,,,,base ability state,,ability-defined,,,,,,,,,medium,"[""HSRC-0004"",""HSRC-0008""]",Strukturierter Modifier-Verweis; die Modifier-Klasse selbst wurde nicht als ausformulierte Spielregel interpretiert.
victor_pain_battery,spread_angle,targeting,spread_angle,40,degrees,,,,base ability state,,ability-defined,,,,,,,,,high,"[""HSRC-0004"",""HSRC-0008""]",
victor_pain_battery,spread_randomness,stat,spread_randomness,0.005,flat,,,,base ability state,,ability-defined,,,,,,,,,high,"[""HSRC-0004"",""HSRC-0008""]",
victor_pain_battery,stored_damage_health_percent_required,damage,stored_damage_health_percent_required,40,percent,,,,base ability state,,ability-defined,,,,,,,,,high,"[""HSRC-0004"",""HSRC-0008""]",
victor_jumpstart,ability_channel_time,stat,ability_channel_time,0.35,seconds,duration,1,,base ability state,,ability-defined,,,,,,,,,high,"[""HSRC-0004"",""HSRC-0008""]",
victor_jumpstart,ability_charges,charge,ability_charges,1,charges,max_charges,1,,base ability state,,ability-defined,,,,,,,,,high,"[""HSRC-0004"",""HSRC-0008""]",
victor_jumpstart,ability_cooldown,cooldown,ability_cooldown,30,seconds,cooldown,1,,base ability state,,ability-defined,,,,,,30,,,high,"[""HSRC-0004"",""HSRC-0008""]",
victor_jumpstart,ability_cooldown_between_charge,cooldown,ability_cooldown_between_charge,8,seconds,charge_cooldown,1,,base ability state,,ability-defined,,,,,,8,,,high,"[""HSRC-0004"",""HSRC-0008""]",
victor_jumpstart,ability_duration,stat,ability_duration,4.5,seconds,duration,1,,base ability state,,ability-defined,,,,,4.5,,,,high,"[""HSRC-0004"",""HSRC-0008""]",
victor_jumpstart,ability_unit_target_limit,targeting,ability_unit_target_limit,1,count,,,,base ability state,,ability-defined,,,,,,,,,high,"[""HSRC-0004"",""HSRC-0008""]",
victor_jumpstart,bonus_move_speed,movement,bonus_move_speed,3,units_per_second,,,,base ability state,,ability-defined,,,,,,,,,high,"[""HSRC-0004"",""HSRC-0008""]",
victor_jumpstart,buff_modifier,special_rule,buff_modifier,Selfzap,identifier,,,,base ability state,,ability-defined,,,,,,,,,medium,"[""HSRC-0004"",""HSRC-0008""]",Strukturierter Modifier-Verweis; die Modifier-Klasse selbst wurde nicht als ausformulierte Spielregel interpretiert.
victor_jumpstart,current_health_percent_damage,damage,current_health_percent_damage,15,percent,,,,base ability state,,ability-defined,,,,,,,,,high,"[""HSRC-0004"",""HSRC-0008""]",
victor_jumpstart,total_health_regen,healing,total_health_regen,100,health,spirit,1.2,value = 100 + 1.2 * spirit,base ability state,,ability-defined,,,,,,,,,high,"[""HSRC-0004"",""HSRC-0008""]",
victor_aura_of_suffering,ability_cooldown,cooldown,ability_cooldown,2,seconds,cooldown,1,,base ability state,,ability-defined,,,,,,2,,,high,"[""HSRC-0004"",""HSRC-0008""]",
victor_aura_of_suffering,ability_duration,stat,ability_duration,8,seconds,,,,base ability state,,ability-defined,,,,,8,,,,high,"[""HSRC-0004"",""HSRC-0008""]",
victor_aura_of_suffering,ability_unit_target_limit,targeting,ability_unit_target_limit,1,count,,,,base ability state,,ability-defined,,,,,,,,,high,"[""HSRC-0004"",""HSRC-0008""]",
victor_aura_of_suffering,aura_modifier,special_rule,aura_modifier,Painaura,identifier,,,,base ability state,,ability-defined,,,,,,,,,medium,"[""HSRC-0004"",""HSRC-0008""]",Strukturierter Modifier-Verweis; die Modifier-Klasse selbst wurde nicht als ausformulierte Spielregel interpretiert.
victor_aura_of_suffering,aura_modifier_debuff_modifier,crowd_control,aura_modifier_debuff_modifier,Painauradebuff,identifier,,,,base ability state,,ability-defined,,,,,,,,,medium,"[""HSRC-0004"",""HSRC-0008""]",Strukturierter Modifier-Verweis; die Modifier-Klasse selbst wurde nicht als ausformulierte Spielregel interpretiert.
victor_aura_of_suffering,aura_off_modifier,special_rule,aura_off_modifier,Auraoff,identifier,,,,base ability state,,ability-defined,,,,,,,,,medium,"[""HSRC-0004"",""HSRC-0008""]",Strukturierter Modifier-Verweis; die Modifier-Klasse selbst wurde nicht als ausformulierte Spielregel interpretiert.
victor_aura_of_suffering,damage,damage,damage,0,damage,spirit,1.1,value = 0 + 1.1 * spirit,base ability state,,ability-defined,,,,,,,,,high,"[""HSRC-0004"",""HSRC-0008""]",
victor_aura_of_suffering,debuff_duration,crowd_control,debuff_duration,0.5,seconds,,,,base ability state,,ability-defined,,,,,0.5,,,,high,"[""HSRC-0004"",""HSRC-0008""]",
victor_aura_of_suffering,max_dps,damage,max_dps,58,damage_per_second,spirit,0.72,value = 58 + 0.72 * spirit,base ability state,,ability-defined,,,,,,,,,high,"[""HSRC-0004"",""HSRC-0008""]",
victor_aura_of_suffering,min_dps,damage,min_dps,13,damage_per_second,spirit,0.15,value = 13 + 0.15 * spirit,base ability state,,ability-defined,,,,,,,,,high,"[""HSRC-0004"",""HSRC-0008""]",
victor_aura_of_suffering,radius,targeting,radius,8,meters,range,1,,base ability state,,ability-defined,,,,,,,,,high,"[""HSRC-0004"",""HSRC-0008""]",
victor_aura_of_suffering,self_dps,damage,self_dps,15,damage_per_second,,,,base ability state,,ability-defined,,,,,,,,,high,"[""HSRC-0004"",""HSRC-0008""]",
victor_aura_of_suffering,self_damage_percentage,damage,self_damage_percentage,70,percent,,,,base ability state,,ability-defined,,,,,,,,,high,"[""HSRC-0004"",""HSRC-0008""]",
victor_aura_of_suffering,tick_rate,stat,tick_rate,0.25,seconds,,,,base ability state,,ability-defined,,,,,,,,0.25,high,"[""HSRC-0004"",""HSRC-0008""]",
victor_aura_of_suffering,toggle_off_delay,stat,toggle_off_delay,0.5,seconds,,,,base ability state,,ability-defined,,,,,,,,,high,"[""HSRC-0004"",""HSRC-0008""]",
victor_shocking_reanimation,ability_channel_time,stat,ability_channel_time,3,seconds,duration,1,,base ability state,,ability-defined,,,,,,,,,high,"[""HSRC-0004"",""HSRC-0008""]",
victor_shocking_reanimation,ability_cooldown,cooldown,ability_cooldown,240,seconds,cooldown,1,,base ability state,,ability-defined,,,,,,240,,,high,"[""HSRC-0004"",""HSRC-0008""]",
victor_shocking_reanimation,ability_post_cast_duration,stat,ability_post_cast_duration,0.66,seconds,,,,base ability state,,ability-defined,,,,,0.66,,,,high,"[""HSRC-0004"",""HSRC-0008""]",
victor_shocking_reanimation,ability_unit_target_limit,targeting,ability_unit_target_limit,1,count,,,,base ability state,,ability-defined,,,,,,,,,high,"[""HSRC-0004"",""HSRC-0008""]",
victor_shocking_reanimation,bonus_damage_per_bullet,damage,bonus_damage_per_bullet,0,damage,spirit,0,,base ability state,,ability-defined,,,,,,,,,high,"[""HSRC-0004"",""HSRC-0008""]",
victor_shocking_reanimation,buff_modifier,special_rule,buff_modifier,Selfbuff,identifier,,,,base ability state,,ability-defined,,,,,,,,,medium,"[""HSRC-0004"",""HSRC-0008""]",Strukturierter Modifier-Verweis; die Modifier-Klasse selbst wurde nicht als ausformulierte Spielregel interpretiert.
victor_shocking_reanimation,damage,damage,damage,200,damage,spirit,2,value = 200 + 2 * spirit,base ability state,,ability-defined,,,,,,,,,high,"[""HSRC-0004"",""HSRC-0008""]",
victor_shocking_reanimation,dash_slow_modifier,crowd_control,dash_slow_modifier,Dashslow,identifier,,,,base ability state,,ability-defined,,,,,,,,,medium,"[""HSRC-0004"",""HSRC-0008""]",Strukturierter Modifier-Verweis; die Modifier-Klasse selbst wurde nicht als ausformulierte Spielregel interpretiert.
victor_shocking_reanimation,enemy_dash_slow_percent,crowd_control,enemy_dash_slow_percent,-30,percent,,,,base ability state,,ability-defined,,,,,,,,,high,"[""HSRC-0004"",""HSRC-0008""]",
victor_shocking_reanimation,half_height,stat,half_height,15,meters,range,1,,base ability state,,ability-defined,,,,,,,,,high,"[""HSRC-0004"",""HSRC-0008""]",
victor_shocking_reanimation,initial_delay,stat,initial_delay,0.5,seconds,,,,base ability state,,ability-defined,,,,,,,,,high,"[""HSRC-0004"",""HSRC-0008""]",
victor_shocking_reanimation,radius,targeting,radius,18,meters,range,1,,base ability state,,ability-defined,,,,,,,,,high,"[""HSRC-0004"",""HSRC-0008""]",
victor_shocking_reanimation,respawn_delay,stat,respawn_delay,3,seconds,,,,base ability state,,ability-defined,,,,,,,,,high,"[""HSRC-0004"",""HSRC-0008""]",
victor_shocking_reanimation,respawn_health_percent,healing,respawn_health_percent,50,percent,,,,base ability state,,ability-defined,,,,,,,,,high,"[""HSRC-0004"",""HSRC-0008""]",
victor_shocking_reanimation,reviving_modifier,special_rule,reviving_modifier,Reviving,identifier,,,,base ability state,,ability-defined,,,,,,,,,medium,"[""HSRC-0004"",""HSRC-0008""]",Strukturierter Modifier-Verweis; die Modifier-Klasse selbst wurde nicht als ausformulierte Spielregel interpretiert.
victor_shocking_reanimation,reviving_modifier_enabled_state_mask_1,stat,reviving_modifier_enabled_state_mask_1,Invulnerable,identifier,,,,base ability state,,ability-defined,,,,,,,,,high,"[""HSRC-0004"",""HSRC-0008""]",
victor_shocking_reanimation,reviving_modifier_enabled_state_mask_2,stat,reviving_modifier_enabled_state_mask_2,HideCrosshair,identifier,,,,base ability state,,ability-defined,,,,,,,,,high,"[""HSRC-0004"",""HSRC-0008""]",
victor_shocking_reanimation,reviving_modifier_enabled_state_mask_3,stat,reviving_modifier_enabled_state_mask_3,HideStamina,identifier,,,,base ability state,,ability-defined,,,,,,,,,high,"[""HSRC-0004"",""HSRC-0008""]",
victor_shocking_reanimation,reviving_modifier_enabled_state_mask_4,stat,reviving_modifier_enabled_state_mask_4,HideAmmo,identifier,,,,base ability state,,ability-defined,,,,,,,,,high,"[""HSRC-0004"",""HSRC-0008""]",
victor_shocking_reanimation,slow_duration,crowd_control,slow_duration,3,seconds,duration,1,,base ability state,,ability-defined,,,,,3,,,,high,"[""HSRC-0004"",""HSRC-0008""]",
victor_shocking_reanimation,slow_modifier,crowd_control,slow_modifier,Slow,identifier,,,,base ability state,,ability-defined,,,,,,,,,medium,"[""HSRC-0004"",""HSRC-0008""]",Strukturierter Modifier-Verweis; die Modifier-Klasse selbst wurde nicht als ausformulierte Spielregel interpretiert.
victor_shocking_reanimation,slow_percent,crowd_control,slow_percent,120,percent,,,,base ability state,,ability-defined,,,,,,,,,high,"[""HSRC-0004"",""HSRC-0008""]",
victor_shocking_reanimation,stun_duration,crowd_control,stun_duration,1.5,seconds,duration,1,,base ability state,,ability-defined,,,,,1.5,,,,high,"[""HSRC-0004"",""HSRC-0008""]",
victor_shocking_reanimation,zombie_modifier,summon,zombie_modifier,Zombie,identifier,,,,base ability state,,ability-defined,,,,,,,,,medium,"[""HSRC-0004"",""HSRC-0008""]",Strukturierter Modifier-Verweis; die Modifier-Klasse selbst wurde nicht als ausformulierte Spielregel interpretiert.
victor_shocking_reanimation,zombie_tick_rate,summon,zombie_tick_rate,0.02,seconds,,,,base ability state,,ability-defined,,,,,,,,0.02,high,"[""HSRC-0004"",""HSRC-0008""]",
vindicta_stake,ability_cast_delay,stat,ability_cast_delay,0.2,seconds,,,,base ability state,,ability-defined,,,,,,,,,high,"[""HSRC-0004"",""HSRC-0008""]",
vindicta_stake,ability_cooldown,cooldown,ability_cooldown,40,seconds,cooldown,1,,base ability state,,ability-defined,,,,,,40,,,high,"[""HSRC-0004"",""HSRC-0008""]",
vindicta_stake,ability_unit_target_limit,targeting,ability_unit_target_limit,1,count,,,,base ability state,,ability-defined,,,,,,,,,high,"[""HSRC-0004"",""HSRC-0008""]",
vindicta_stake,capture_radius,targeting,capture_radius,9,meters,range,1,,base ability state,,ability-defined,,,,,,,,,high,"[""HSRC-0004"",""HSRC-0008""]",
vindicta_stake,chain_duration,stat,chain_duration,1.75,seconds,duration,1,,base ability state,,ability-defined,,,,,1.75,,,,high,"[""HSRC-0004"",""HSRC-0008""]",
vindicta_stake,chain_length,stat,chain_length,9,meters,,,,base ability state,,ability-defined,,,,,,,,,high,"[""HSRC-0004"",""HSRC-0008""]",
vindicta_stake,chain_modifier,special_rule,chain_modifier,CitadelHornetChainConnection,identifier,,,,base ability state,,ability-defined,,,,,,,,,medium,"[""HSRC-0004"",""HSRC-0008""]",Strukturierter Modifier-Verweis; die Modifier-Klasse selbst wurde nicht als ausformulierte Spielregel interpretiert.
vindicta_stake,damage,damage,damage,40,damage,spirit,0.5,value = 40 + 0.5 * spirit,base ability state,,ability-defined,,,,,,,,,high,"[""HSRC-0004"",""HSRC-0008""]",
vindicta_stake,disarm_modifier,crowd_control,disarm_modifier,CitadelDisarmed,identifier,,,,base ability state,,ability-defined,,,,,,,,,medium,"[""HSRC-0004"",""HSRC-0008""]",Strukturierter Modifier-Verweis; die Modifier-Klasse selbst wurde nicht als ausformulierte Spielregel interpretiert.
vindicta_stake,enemy_drag_speed,movement,enemy_drag_speed,25.4,units_per_second,,,,base ability state,,ability-defined,,,,,,,,,high,"[""HSRC-0004"",""HSRC-0008""]",
vindicta_stake,slow_percent,crowd_control,slow_percent,40,percent,,,,base ability state,,ability-defined,,,,,,,,,high,"[""HSRC-0004"",""HSRC-0008""]",
vindicta_flight,ability_channel_time,stat,ability_channel_time,0.2,seconds,,,,base ability state,,ability-defined,,,,,,,,,high,"[""HSRC-0004"",""HSRC-0008""]",
vindicta_flight,ability_cooldown,cooldown,ability_cooldown,42,seconds,cooldown,1,,base ability state,,ability-defined,,,,,,42,,,high,"[""HSRC-0004"",""HSRC-0008""]",
vindicta_flight,ability_duration,stat,ability_duration,13,seconds,duration,1,,base ability state,,ability-defined,,,,,13,,,,high,"[""HSRC-0004"",""HSRC-0008""]",
vindicta_flight,ability_unit_target_limit,targeting,ability_unit_target_limit,1,count,,,,base ability state,,ability-defined,,,,,,,,,high,"[""HSRC-0004"",""HSRC-0008""]",
vindicta_flight,air_side_move_speed_percentage,movement,air_side_move_speed_percentage,-35,percent,,,,base ability state,,ability-defined,,,,,,,,,high,"[""HSRC-0004"",""HSRC-0008""]",
vindicta_flight,flying_item_cast_range,targeting,flying_item_cast_range,50,meters,,,,base ability state,,ability-defined,,,,,,,,,high,"[""HSRC-0004"",""HSRC-0008""]",
vindicta_flight,jump_velocity,movement,jump_velocity,1000,units_per_second,,,,base ability state,,ability-defined,,,,,,,,,high,"[""HSRC-0004"",""HSRC-0008""]",
vindicta_flight,kill_check_modifier,special_rule,kill_check_modifier,KillcheckModifier,identifier,,,,base ability state,,ability-defined,,,,,,,,,medium,"[""HSRC-0004"",""HSRC-0008""]",Strukturierter Modifier-Verweis; die Modifier-Klasse selbst wurde nicht als ausformulierte Spielregel interpretiert.
vindicta_flight,kill_check_modifier_duration,stat,kill_check_modifier_duration,1,seconds,,,,base ability state,,ability-defined,,,,,1,,,,high,"[""HSRC-0004"",""HSRC-0008""]",
vindicta_flight,leap_modifier,special_rule,leap_modifier,HornetLeap,identifier,,,,base ability state,,ability-defined,,,,,,,,,medium,"[""HSRC-0004"",""HSRC-0008""]",Strukturierter Modifier-Verweis; die Modifier-Klasse selbst wurde nicht als ausformulierte Spielregel interpretiert.
vindicta_flight,leap_modifier_enabled_state_mask_1,stat,leap_modifier_enabled_state_mask_1,AbilityMovement,identifier,,,,base ability state,,ability-defined,,,,,,,,,high,"[""HSRC-0004"",""HSRC-0008""]",
vindicta_flight,leap_modifier_enabled_state_mask_2,stat,leap_modifier_enabled_state_mask_2,JumpDisabled,identifier,,,,base ability state,,ability-defined,,,,,,,,,high,"[""HSRC-0004"",""HSRC-0008""]",
vindicta_flight,leap_modifier_enabled_state_mask_3,stat,leap_modifier_enabled_state_mask_3,DisableAirSpreadPenalty,identifier,,,,base ability state,,ability-defined,,,,,,,,,high,"[""HSRC-0004"",""HSRC-0008""]",
vindicta_flight,leap_modifier_enabled_state_mask_4,stat,leap_modifier_enabled_state_mask_4,UnlimitedAirDashes,identifier,,,,base ability state,,ability-defined,,,,,,,,,high,"[""HSRC-0004"",""HSRC-0008""]",
vindicta_flight,leap_modifier_enabled_state_mask_5,stat,leap_modifier_enabled_state_mask_5,ZiplineDisabled,identifier,,,,base ability state,,ability-defined,,,,,,,,,high,"[""HSRC-0004"",""HSRC-0008""]",
vindicta_flight,magic_damage_per_bullet,damage,magic_damage_per_bullet,10,damage,spirit,0.18,value = 10 + 0.18 * spirit,base ability state,,ability-defined,,,,,,,,,high,"[""HSRC-0004"",""HSRC-0008""]",
vindicta_flight,max_fly_height,stat,max_fly_height,1720,meters,,,,base ability state,,ability-defined,,,,,,,,,high,"[""HSRC-0004"",""HSRC-0008""]",
vindicta_flight,min_velocity_z,stat,min_velocity_z,-20,units_per_second,,,,base ability state,,ability-defined,,,,,,,,,high,"[""HSRC-0004"",""HSRC-0008""]",
vindicta_flight,weapon_recoil_reduction,stat,weapon_recoil_reduction,40,percent,,,,base ability state,,ability-defined,,,,,,,,,high,"[""HSRC-0004"",""HSRC-0008""]",
vindicta_crow_familiar,ability_cooldown,cooldown,ability_cooldown,32,seconds,cooldown,1,,base ability state,,ability-defined,,,,,,32,,,high,"[""HSRC-0004"",""HSRC-0008""]",
vindicta_crow_familiar,ability_post_cast_duration,stat,ability_post_cast_duration,0.2,seconds,,,,base ability state,,ability-defined,,,,,0.2,,,,high,"[""HSRC-0004"",""HSRC-0008""]",
vindicta_crow_familiar,ability_unit_target_limit,targeting,ability_unit_target_limit,1,count,,,,base ability state,,ability-defined,,,,,,,,,high,"[""HSRC-0004"",""HSRC-0008""]",
vindicta_crow_familiar,bullet_resist_reduction,defense,bullet_resist_reduction,-6,percent,,,,base ability state,,ability-defined,,,,,,,,,high,"[""HSRC-0004"",""HSRC-0008""]",
vindicta_crow_familiar,debuff_duration,crowd_control,debuff_duration,5,seconds,duration,1,,base ability state,,ability-defined,,,,,5,,,,high,"[""HSRC-0004"",""HSRC-0008""]",
vindicta_crow_familiar,debuff_modifier,crowd_control,debuff_modifier,CitadelHornetStingDebuff,identifier,,,,base ability state,,ability-defined,,,,,,,,,medium,"[""HSRC-0004"",""HSRC-0008""]",Strukturierter Modifier-Verweis; die Modifier-Klasse selbst wurde nicht als ausformulierte Spielregel interpretiert.
vindicta_crow_familiar,dot_health_percent,healing,dot_health_percent,2.2,percent,,,,base ability state,,ability-defined,,,,,,,,,high,"[""HSRC-0004"",""HSRC-0008""]",
vindicta_crow_familiar,impact_damage,damage,impact_damage,40,damage,spirit,0.744,value = 40 + 0.744 * spirit,base ability state,,ability-defined,,,,,,,,,high,"[""HSRC-0004"",""HSRC-0008""]",
vindicta_crow_familiar,tech_armor_damage_reduction,damage,tech_armor_damage_reduction,-6,percent,,,,base ability state,,ability-defined,,,,,,,,,high,"[""HSRC-0004"",""HSRC-0008""]",
vindicta_crow_familiar,tick_rate,stat,tick_rate,1,seconds,,,,base ability state,,ability-defined,,,,,,,,1,high,"[""HSRC-0004"",""HSRC-0008""]",
vindicta_assassinate,ability_charges,charge,ability_charges,2,charges,max_charges,1,,base ability state,,ability-defined,,,,,,,,,high,"[""HSRC-0004"",""HSRC-0008""]",
vindicta_assassinate,ability_cooldown,cooldown,ability_cooldown,55,seconds,cooldown,1,,base ability state,,ability-defined,,,,,,55,,,high,"[""HSRC-0004"",""HSRC-0008""]",
vindicta_assassinate,ability_cooldown_between_charge,cooldown,ability_cooldown_between_charge,2.5,seconds,charge_cooldown,1,,base ability state,,ability-defined,,,,,,2.5,,,high,"[""HSRC-0004"",""HSRC-0008""]",
vindicta_assassinate,ability_unit_target_limit,targeting,ability_unit_target_limit,1,count,,,,base ability state,,ability-defined,,,,,,,,,high,"[""HSRC-0004"",""HSRC-0008""]",
vindicta_assassinate,bonus_gold_on_kill,stat,bonus_gold_on_kill,250,flat,,,,base ability state,,ability-defined,,,,,,,,,high,"[""HSRC-0004"",""HSRC-0008""]",
vindicta_assassinate,damage,damage,damage,90,damage,spirit,0.93,value = 90 + 0.93 * spirit,base ability state,,ability-defined,,,,,,,,,high,"[""HSRC-0004"",""HSRC-0008""]",
vindicta_assassinate,glow_enemy_modifier,special_rule,glow_enemy_modifier,LowHealthGlow,identifier,,,,base ability state,,ability-defined,,,,,,,,,medium,"[""HSRC-0004"",""HSRC-0008""]",Strukturierter Modifier-Verweis; die Modifier-Klasse selbst wurde nicht als ausformulierte Spielregel interpretiert.
vindicta_assassinate,glow_enemy_modifier_enabled_state_mask_1,stat,glow_enemy_modifier_enabled_state_mask_1,AssassinateLowhealthTarget,identifier,,,,base ability state,,ability-defined,,,,,,,,,high,"[""HSRC-0004"",""HSRC-0008""]",
vindicta_assassinate,headshot_bonus,stat,headshot_bonus,20,flat,,,,base ability state,,ability-defined,,,,,,,,,high,"[""HSRC-0004"",""HSRC-0008""]",
vindicta_assassinate,kill_check_modifier,special_rule,kill_check_modifier,KillcheckModifier,identifier,,,,base ability state,,ability-defined,,,,,,,,,medium,"[""HSRC-0004"",""HSRC-0008""]",Strukturierter Modifier-Verweis; die Modifier-Klasse selbst wurde nicht als ausformulierte Spielregel interpretiert.
vindicta_assassinate,low_health_enemy_damage_bonus,damage,low_health_enemy_damage_bonus,90,health,spirit,2.3,value = 90 + 2.3 * spirit,base ability state,,ability-defined,,,,,,,,,high,"[""HSRC-0004"",""HSRC-0008""]",
vindicta_assassinate,low_health_enemy_threshold_pct,healing,low_health_enemy_threshold_pct,50,percent,,,,base ability state,,ability-defined,,,,,,,,,high,"[""HSRC-0004"",""HSRC-0008""]",
vindicta_assassinate,min_charge_damage_percent,damage,min_charge_damage_percent,50,percent,,,,base ability state,,ability-defined,,,,,,,,,high,"[""HSRC-0004"",""HSRC-0008""]",
vindicta_assassinate,move_speed,movement,move_speed,4,units_per_second,,,,base ability state,,ability-defined,,,,,,,,,high,"[""HSRC-0004"",""HSRC-0008""]",
vindicta_assassinate,range,targeting,range,1000,meters,,,,base ability state,,ability-defined,,,,,,,,,high,"[""HSRC-0004"",""HSRC-0008""]",
vindicta_assassinate,shot_radius,targeting,shot_radius,4,meters,,,,base ability state,,ability-defined,,,,,,,,,high,"[""HSRC-0004"",""HSRC-0008""]",
vindicta_assassinate,snipe_modifier,special_rule,snipe_modifier,CitadelHornetSnipe,identifier,,,,base ability state,,ability-defined,,,,,,,,,medium,"[""HSRC-0004"",""HSRC-0008""]",Strukturierter Modifier-Verweis; die Modifier-Klasse selbst wurde nicht als ausformulierte Spielregel interpretiert.
vindicta_assassinate,time_to_full_charge,charge,time_to_full_charge,1,seconds,,,,base ability state,,ability-defined,,,,,,,1,,high,"[""HSRC-0004"",""HSRC-0008""]",
vindicta_assassinate,weapon_damage_bonus_per_kill,damage,weapon_damage_bonus_per_kill,6,damage,,,,base ability state,,ability-defined,,,,,,,,,high,"[""HSRC-0004"",""HSRC-0008""]",
viscous_splatter,ability_cast_delay,stat,ability_cast_delay,0.001,seconds,,,,base ability state,,ability-defined,,,,,,,,,high,"[""HSRC-0004"",""HSRC-0008""]",
viscous_splatter,ability_cooldown,cooldown,ability_cooldown,26,seconds,cooldown,1,,base ability state,,ability-defined,,,,,,26,,,high,"[""HSRC-0004"",""HSRC-0008""]",
viscous_splatter,ability_post_cast_duration,stat,ability_post_cast_duration,0.2,seconds,,,,base ability state,,ability-defined,,,,,0.2,,,,high,"[""HSRC-0004"",""HSRC-0008""]",
viscous_splatter,ability_unit_target_limit,targeting,ability_unit_target_limit,1,count,,,,base ability state,,ability-defined,,,,,,,,,high,"[""HSRC-0004"",""HSRC-0008""]",
viscous_splatter,damage,damage,damage,55,damage,spirit,0.7,value = 55 + 0.7 * spirit,base ability state,,ability-defined,,,,,,,,,high,"[""HSRC-0004"",""HSRC-0008""]",
viscous_splatter,detonate_cooldown,cooldown,detonate_cooldown,0.15,seconds,,,,base ability state,,ability-defined,,,,,,0.15,,,high,"[""HSRC-0004"",""HSRC-0008""]",
viscous_splatter,fourth_hit_damage_percentage,damage,fourth_hit_damage_percentage,0.26,percent,,,,base ability state,,ability-defined,,,,,,,,,high,"[""HSRC-0004"",""HSRC-0008""]",
viscous_splatter,goo_grenade_impact_modifier,damage,goo_grenade_impact_modifier,ViscousGooGrenadeDebuff,identifier,,,,base ability state,,ability-defined,,,,,,,,,medium,"[""HSRC-0004"",""HSRC-0008""]",Strukturierter Modifier-Verweis; die Modifier-Klasse selbst wurde nicht als ausformulierte Spielregel interpretiert.
viscous_splatter,goo_grenade_puddle_aura_friendly_modifier,special_rule,goo_grenade_puddle_aura_friendly_modifier,GooGrenadeFriendlyAura,identifier,,,,base ability state,,ability-defined,,,,,,,,,medium,"[""HSRC-0004"",""HSRC-0008""]",Strukturierter Modifier-Verweis; die Modifier-Klasse selbst wurde nicht als ausformulierte Spielregel interpretiert.
viscous_splatter,goo_grenade_puddle_aura_friendly_modifier_aura_radius,targeting,goo_grenade_puddle_aura_friendly_modifier_aura_radius,-1,meters,,,,base ability state,,ability-defined,,,,,,,,,high,"[""HSRC-0004"",""HSRC-0008""]",
viscous_splatter,goo_grenade_puddle_aura_modifier,special_rule,goo_grenade_puddle_aura_modifier,GooGrenadePuddleAura,identifier,,,,base ability state,,ability-defined,,,,,,,,,medium,"[""HSRC-0004"",""HSRC-0008""]",Strukturierter Modifier-Verweis; die Modifier-Klasse selbst wurde nicht als ausformulierte Spielregel interpretiert.
viscous_splatter,goo_grenade_puddle_aura_modifier_aura_radius,targeting,goo_grenade_puddle_aura_modifier_aura_radius,-1,meters,,,,base ability state,,ability-defined,,,,,,,,,high,"[""HSRC-0004"",""HSRC-0008""]",
viscous_splatter,max_bounces,stat,max_bounces,2,count,,,,base ability state,,ability-defined,,,,,,,,,high,"[""HSRC-0004"",""HSRC-0008""]",
viscous_splatter,puddle_duration,stat,puddle_duration,10,seconds,duration,1.1,,base ability state,,ability-defined,,,,,10,,,,high,"[""HSRC-0004"",""HSRC-0008""]",
viscous_splatter,puddle_slide_buff,stat,puddle_slide_buff,60,flat,,,,base ability state,,ability-defined,,,,,,,,,high,"[""HSRC-0004"",""HSRC-0008""]",
viscous_splatter,radius,targeting,radius,5,meters,range,1,,base ability state,,ability-defined,,,,,,,,,high,"[""HSRC-0004"",""HSRC-0008""]",
viscous_splatter,second_hit_damage_percentage,damage,second_hit_damage_percentage,0.5,percent,,,,base ability state,,ability-defined,,,,,,,,,high,"[""HSRC-0004"",""HSRC-0008""]",
viscous_splatter,slow_percent,crowd_control,slow_percent,35,percent,,,,base ability state,,ability-defined,,,,,,,,,high,"[""HSRC-0004"",""HSRC-0008""]",
viscous_splatter,third_hit_damage_percentage,damage,third_hit_damage_percentage,0.38,percent,,,,base ability state,,ability-defined,,,,,,,,,high,"[""HSRC-0004"",""HSRC-0008""]",
viscous_the_cube,ability_cast_delay,stat,ability_cast_delay,0.1,seconds,,,,base ability state,,ability-defined,,,,,,,,,high,"[""HSRC-0004"",""HSRC-0008""]",
viscous_the_cube,ability_cast_range,targeting,ability_cast_range,26,meters,range,1,,base ability state,,ability-defined,,,,,,,,,high,"[""HSRC-0004"",""HSRC-0008""]",
viscous_the_cube,ability_cooldown,cooldown,ability_cooldown,42,seconds,cooldown,1,,base ability state,,ability-defined,,,,,,42,,,high,"[""HSRC-0004"",""HSRC-0008""]",
viscous_the_cube,ability_duration,stat,ability_duration,3,seconds,duration,1,,base ability state,,ability-defined,,,,,3,,,,high,"[""HSRC-0004"",""HSRC-0008""]",
viscous_the_cube,ability_unit_target_limit,targeting,ability_unit_target_limit,1,count,,,,base ability state,,ability-defined,,,,,,,,,high,"[""HSRC-0004"",""HSRC-0008""]",
viscous_the_cube,bonus_health_regen,healing,bonus_health_regen,40,health,spirit,0.3,value = 40 + 0.3 * spirit,base ability state,,ability-defined,,,,,,,,,high,"[""HSRC-0004"",""HSRC-0008""]",
viscous_the_cube,breakout_time,stat,breakout_time,1,seconds,,,,base ability state,,ability-defined,,,,,,,,,high,"[""HSRC-0004"",""HSRC-0008""]",
viscous_the_cube,bullet_force,stat,bullet_force,600,flat,,,,base ability state,,ability-defined,,,,,,,,,high,"[""HSRC-0004"",""HSRC-0008""]",
viscous_the_cube,cube_scale,stat,cube_scale,1.5,multiplier,,,,base ability state,,ability-defined,,,,,,,,,high,"[""HSRC-0004"",""HSRC-0008""]",
viscous_the_cube,friction,stat,friction,-80,flat,,,,base ability state,,ability-defined,,,,,,,,,high,"[""HSRC-0004"",""HSRC-0008""]",
viscous_the_cube,heavy_melee_force,stat,heavy_melee_force,700,flat,,,,base ability state,,ability-defined,,,,,,,,,high,"[""HSRC-0004"",""HSRC-0008""]",
viscous_the_cube,light_melee_force,stat,light_melee_force,300,flat,,,,base ability state,,ability-defined,,,,,,,,,high,"[""HSRC-0004"",""HSRC-0008""]",
viscous_the_cube,post_cube_buff_duration,stat,post_cube_buff_duration,8,seconds,duration,1,,base ability state,,ability-defined,,,,,8,,,,high,"[""HSRC-0004"",""HSRC-0008""]",
viscous_the_cube,push_back_force,movement,push_back_force,250,flat,,,,base ability state,,ability-defined,,,,,,,,,high,"[""HSRC-0004"",""HSRC-0008""]",
viscous_the_cube,push_back_radius,movement,push_back_radius,50,meters,,,,base ability state,,ability-defined,,,,,,,,,high,"[""HSRC-0004"",""HSRC-0008""]",
viscous_the_cube,restorative_goo_modifier,special_rule,restorative_goo_modifier,RestorativeGoo,identifier,,,,base ability state,,ability-defined,,,,,,,,,medium,"[""HSRC-0004"",""HSRC-0008""]",Strukturierter Modifier-Verweis; die Modifier-Klasse selbst wurde nicht als ausformulierte Spielregel interpretiert.
viscous_the_cube,restorative_goo_modifier_breakout_progress_bar_modifier,special_rule,restorative_goo_modifier_breakout_progress_bar_modifier,Breakoutprogress,identifier,,,,base ability state,,ability-defined,,,,,,,,,medium,"[""HSRC-0004"",""HSRC-0008""]",Strukturierter Modifier-Verweis; die Modifier-Klasse selbst wurde nicht als ausformulierte Spielregel interpretiert.
viscous_the_cube,restorative_goo_modifier_post_cube_buff_modifier,special_rule,restorative_goo_modifier_post_cube_buff_modifier,CubePostSpeedBuff,identifier,,,,base ability state,,ability-defined,,,,,,,,,medium,"[""HSRC-0004"",""HSRC-0008""]",Strukturierter Modifier-Verweis; die Modifier-Klasse selbst wurde nicht als ausformulierte Spielregel interpretiert.
viscous_the_cube,slide_force,stat,slide_force,70,flat,,,,base ability state,,ability-defined,,,,,,,,,high,"[""HSRC-0004"",""HSRC-0008""]",
viscous_puddle_punch,ability_cast_range,targeting,ability_cast_range,40,meters,range,1,,base ability state,,ability-defined,,,,,,,,,high,"[""HSRC-0004"",""HSRC-0008""]",
viscous_puddle_punch,ability_charges,charge,ability_charges,1,charges,max_charges,1,,base ability state,,ability-defined,,,,,,,,,high,"[""HSRC-0004"",""HSRC-0008""]",
viscous_puddle_punch,ability_cooldown,cooldown,ability_cooldown,21,seconds,cooldown,1,,base ability state,,ability-defined,,,,,,21,,,high,"[""HSRC-0004"",""HSRC-0008""]",
viscous_puddle_punch,ability_cooldown_between_charge,cooldown,ability_cooldown_between_charge,1.7,seconds,charge_cooldown,1,,base ability state,,ability-defined,,,,,,1.7,,,high,"[""HSRC-0004"",""HSRC-0008""]",
viscous_puddle_punch,ability_unit_target_limit,targeting,ability_unit_target_limit,1,count,,,,base ability state,,ability-defined,,,,,,,,,high,"[""HSRC-0004"",""HSRC-0008""]",
viscous_puddle_punch,damage,damage,damage,20,damage,melee,0.6,,base ability state,,ability-defined,,,,,,,,,high,"[""HSRC-0004"",""HSRC-0008""]",
viscous_puddle_punch,damage_heavy_melee,damage,damage_heavy_melee,0,damage,heavy_melee,0,,base ability state,,ability-defined,,,,,,,,,high,"[""HSRC-0004"",""HSRC-0008""]",
viscous_puddle_punch,friendly_impact_duration,damage,friendly_impact_duration,2,seconds,,,,base ability state,,ability-defined,,,,,2,,,,high,"[""HSRC-0004"",""HSRC-0008""]",
viscous_puddle_punch,friendly_impact_modifier,damage,friendly_impact_modifier,FriendlyPunchAirControl,identifier,,,,base ability state,,ability-defined,,,,,,,,,medium,"[""HSRC-0004"",""HSRC-0008""]",Strukturierter Modifier-Verweis; die Modifier-Klasse selbst wurde nicht als ausformulierte Spielregel interpretiert.
viscous_puddle_punch,impact_duration,damage,impact_duration,3,seconds,duration,1,,base ability state,,ability-defined,,,,,3,,,,high,"[""HSRC-0004"",""HSRC-0008""]",
viscous_puddle_punch,impact_modifier,damage,impact_modifier,ViscousTelepunchMovementSlow,identifier,,,,base ability state,,ability-defined,,,,,,,,,medium,"[""HSRC-0004"",""HSRC-0008""]",Strukturierter Modifier-Verweis; die Modifier-Klasse selbst wurde nicht als ausformulierte Spielregel interpretiert.
viscous_puddle_punch,punch_friendly_air_control,stat,punch_friendly_air_control,30,flat,,,,base ability state,,ability-defined,,,,,,,,,high,"[""HSRC-0004"",""HSRC-0008""]",
viscous_puddle_punch,punch_half_height,stat,punch_half_height,5.5,meters,,,,base ability state,,ability-defined,,,,,,,,,high,"[""HSRC-0004"",""HSRC-0008""]",
viscous_puddle_punch,punch_roll_slow,crowd_control,punch_roll_slow,-40,flat,,,,base ability state,,ability-defined,,,,,,,,,high,"[""HSRC-0004"",""HSRC-0008""]",
viscous_puddle_punch,punch_roll_slow_duration,crowd_control,punch_roll_slow_duration,1,seconds,,,,base ability state,,ability-defined,,,,,1,,,,high,"[""HSRC-0004"",""HSRC-0008""]",
viscous_puddle_punch,punch_roll_slow_modifier,crowd_control,punch_roll_slow_modifier,ViscousPunchRollSlow,identifier,,,,base ability state,,ability-defined,,,,,,,,,medium,"[""HSRC-0004"",""HSRC-0008""]",Strukturierter Modifier-Verweis; die Modifier-Klasse selbst wurde nicht als ausformulierte Spielregel interpretiert.
viscous_puddle_punch,radius,targeting,radius,4,meters,range,1,,base ability state,,ability-defined,,,,,,,,,high,"[""HSRC-0004"",""HSRC-0008""]",
viscous_puddle_punch,slow_percent,crowd_control,slow_percent,30,percent,,,,base ability state,,ability-defined,,,,,,,,,high,"[""HSRC-0004"",""HSRC-0008""]",
viscous_puddle_punch,toss_duration,movement,toss_duration,0.6,seconds,,,,base ability state,,ability-defined,,,,,0.6,,,,high,"[""HSRC-0004"",""HSRC-0008""]",
viscous_puddle_punch,toss_ground_side_ratio,movement,toss_ground_side_ratio,0.7,multiplier,,,,base ability state,,ability-defined,,,,,,,,,high,"[""HSRC-0004"",""HSRC-0008""]",
viscous_puddle_punch,toss_speed,movement,toss_speed,625,units_per_second,,,,base ability state,,ability-defined,,,,,,,,,high,"[""HSRC-0004"",""HSRC-0008""]",
viscous_puddle_punch,toss_speed_up_wall,movement,toss_speed_up_wall,500,units_per_second,,,,base ability state,,ability-defined,,,,,,,,,high,"[""HSRC-0004"",""HSRC-0008""]",
viscous_puddle_punch,toss_speed_wall,movement,toss_speed_wall,750,units_per_second,,,,base ability state,,ability-defined,,,,,,,,,high,"[""HSRC-0004"",""HSRC-0008""]",
viscous_goo_ball,ability_cast_delay,stat,ability_cast_delay,0.55,seconds,,,,base ability state,,ability-defined,,,,,,,,,high,"[""HSRC-0004"",""HSRC-0008""]",
viscous_goo_ball,ability_cooldown,cooldown,ability_cooldown,150,seconds,cooldown,1,,base ability state,,ability-defined,,,,,,150,,,high,"[""HSRC-0004"",""HSRC-0008""]",
viscous_goo_ball,ability_duration,stat,ability_duration,11,seconds,duration,1,,base ability state,,ability-defined,,,,,11,,,,high,"[""HSRC-0004"",""HSRC-0008""]",
viscous_goo_ball,ability_unit_target_limit,targeting,ability_unit_target_limit,1,count,,,,base ability state,,ability-defined,,,,,,,,,high,"[""HSRC-0004"",""HSRC-0008""]",
viscous_goo_ball,acceleration_percentage,stat,acceleration_percentage,-60,percent,,,,base ability state,,ability-defined,,,,,,,,,high,"[""HSRC-0004"",""HSRC-0008""]",
viscous_goo_ball,air_jump_force,movement,air_jump_force,500,flat,,,,base ability state,,ability-defined,,,,,,,,,high,"[""HSRC-0004"",""HSRC-0008""]",
viscous_goo_ball,ball_hit_radius,targeting,ball_hit_radius,1.8,meters,radius,1,,base ability state,,ability-defined,,,,,,,,,high,"[""HSRC-0004"",""HSRC-0008""]",
viscous_goo_ball,ball_offset,stat,ball_offset,50,flat,,,,base ability state,,ability-defined,,,,,,,,,high,"[""HSRC-0004"",""HSRC-0008""]",
viscous_goo_ball,ball_radius,targeting,ball_radius,1.4,meters,radius,1,,base ability state,,ability-defined,,,,,,,,,high,"[""HSRC-0004"",""HSRC-0008""]",
viscous_goo_ball,breakable_prop_damage_radius,damage,breakable_prop_damage_radius,75,meters,,,,base ability state,,ability-defined,,,,,,,,,high,"[""HSRC-0004"",""HSRC-0008""]",
viscous_goo_ball,bullet_resist,defense,bullet_resist,35,percent,,,,base ability state,,ability-defined,,,,,,,,,high,"[""HSRC-0004"",""HSRC-0008""]",
viscous_goo_ball,cast_while_rolling,stat,cast_while_rolling,1,flat,,,,base ability state,,ability-defined,,,,,,,,,high,"[""HSRC-0004"",""HSRC-0008""]",
viscous_goo_ball,channel_move_speed,movement,channel_move_speed,7,units_per_second,,,,base ability state,,ability-defined,,,,,,,,,high,"[""HSRC-0004"",""HSRC-0008""]",
viscous_goo_ball,damage,damage,damage,110,damage,spirit,1,value = 110 + 1 * spirit,base ability state,,ability-defined,,,,,,,,,high,"[""HSRC-0004"",""HSRC-0008""]",
viscous_goo_ball,damage_prevention_modifier,damage,damage_prevention_modifier,ViscousBallDamagePrevention,identifier,,,,base ability state,,ability-defined,,,,,,,,,medium,"[""HSRC-0004"",""HSRC-0008""]",Strukturierter Modifier-Verweis; die Modifier-Klasse selbst wurde nicht als ausformulierte Spielregel interpretiert.
viscous_goo_ball,damage_prevention_modifier_duration,damage,damage_prevention_modifier_duration,1.2,seconds,,,,base ability state,,ability-defined,,,,,1.2,,,,high,"[""HSRC-0004"",""HSRC-0008""]",
viscous_goo_ball,friction_percentage,stat,friction_percentage,-85,percent,,,,base ability state,,ability-defined,,,,,,,,,high,"[""HSRC-0004"",""HSRC-0008""]",
viscous_goo_ball,jump_force,movement,jump_force,500,flat,,,,base ability state,,ability-defined,,,,,,,,,high,"[""HSRC-0004"",""HSRC-0008""]",
viscous_goo_ball,knock_force,crowd_control,knock_force,400,flat,,,,base ability state,,ability-defined,,,,,,,,,high,"[""HSRC-0004"",""HSRC-0008""]",
viscous_goo_ball,move_speed_max,movement,move_speed_max,7,units_per_second,,,,base ability state,,ability-defined,,,,,,,,,high,"[""HSRC-0004"",""HSRC-0008""]",
viscous_goo_ball,rolling_modifier,special_rule,rolling_modifier,ViscousRollingResist,identifier,,,,base ability state,,ability-defined,,,,,,,,,medium,"[""HSRC-0004"",""HSRC-0008""]",Strukturierter Modifier-Verweis; die Modifier-Klasse selbst wurde nicht als ausformulierte Spielregel interpretiert.
viscous_goo_ball,stun_duration,crowd_control,stun_duration,0.5,seconds,duration,1,,base ability state,,ability-defined,,,,,0.5,,,,high,"[""HSRC-0004"",""HSRC-0008""]",
viscous_goo_ball,tech_resist,defense,tech_resist,35,percent,,,,base ability state,,ability-defined,,,,,,,,,high,"[""HSRC-0004"",""HSRC-0008""]",
viscous_goo_ball,tick_rate,stat,tick_rate,0.25,seconds,,,,base ability state,,ability-defined,,,,,,,,0.25,high,"[""HSRC-0004"",""HSRC-0008""]",
vyper_screwjab_dagger,ability_cast_delay,stat,ability_cast_delay,0.2,seconds,,,,base ability state,,ability-defined,,,,,,,,,high,"[""HSRC-0004"",""HSRC-0008""]",
vyper_screwjab_dagger,ability_charges,charge,ability_charges,2,charges,max_charges,1,,base ability state,,ability-defined,,,,,,,,,high,"[""HSRC-0004"",""HSRC-0008""]",
vyper_screwjab_dagger,ability_cooldown,cooldown,ability_cooldown,10,seconds,cooldown,1,,base ability state,,ability-defined,,,,,,10,,,high,"[""HSRC-0004"",""HSRC-0008""]",
vyper_screwjab_dagger,ability_cooldown_between_charge,cooldown,ability_cooldown_between_charge,4,seconds,charge_cooldown,1,,base ability state,,ability-defined,,,,,,4,,,high,"[""HSRC-0004"",""HSRC-0008""]",
vyper_screwjab_dagger,ability_unit_target_limit,targeting,ability_unit_target_limit,1,count,,,,base ability state,,ability-defined,,,,,,,,,high,"[""HSRC-0004"",""HSRC-0008""]",
vyper_screwjab_dagger,damage,damage,damage,50,damage,spirit,0.8,value = 50 + 0.8 * spirit,base ability state,,ability-defined,,,,,,,,,high,"[""HSRC-0004"",""HSRC-0008""]",
vyper_screwjab_dagger,damage_per_stack,damage,damage_per_stack,25,damage,spirit,0.4,value = 25 + 0.4 * spirit,base ability state,,ability-defined,,,,,,,,,high,"[""HSRC-0004"",""HSRC-0008""]",
vyper_screwjab_dagger,debuff_modifier,crowd_control,debuff_modifier,Debuff,identifier,,,,base ability state,,ability-defined,,,,,,,,,medium,"[""HSRC-0004"",""HSRC-0008""]",Strukturierter Modifier-Verweis; die Modifier-Klasse selbst wurde nicht als ausformulierte Spielregel interpretiert.
vyper_screwjab_dagger,max_stacks,passive_proc,max_stacks,3,stacks,,,,base ability state,,ability-defined,,,,3,,,,,high,"[""HSRC-0004"",""HSRC-0008""]",
vyper_screwjab_dagger,slow_duration,crowd_control,slow_duration,2,seconds,duration,1,,base ability state,,ability-defined,,,,,2,,,,high,"[""HSRC-0004"",""HSRC-0008""]",
vyper_screwjab_dagger,slow_modifier,crowd_control,slow_modifier,DebuffdaggerDebuff,identifier,,,,base ability state,,ability-defined,,,,,,,,,medium,"[""HSRC-0004"",""HSRC-0008""]",Strukturierter Modifier-Verweis; die Modifier-Klasse selbst wurde nicht als ausformulierte Spielregel interpretiert.
vyper_screwjab_dagger,slow_percent,crowd_control,slow_percent,35,percent,,,,base ability state,,ability-defined,,,,,,,,,high,"[""HSRC-0004"",""HSRC-0008""]",
vyper_screwjab_dagger,slow_percent_per_stack,crowd_control,slow_percent_per_stack,15,percent,,,,base ability state,,ability-defined,,,,,,,,,high,"[""HSRC-0004"",""HSRC-0008""]",
vyper_screwjab_dagger,stack_duration,passive_proc,stack_duration,10,seconds,duration,1,,base ability state,,ability-defined,,,,,10,,,,high,"[""HSRC-0004"",""HSRC-0008""]",
vyper_lethal_venom,ability_cast_range,targeting,ability_cast_range,10,meters,,,,base ability state,,ability-defined,,,,,,,,,high,"[""HSRC-0004"",""HSRC-0008""]",
vyper_lethal_venom,ability_cooldown,cooldown,ability_cooldown,28,seconds,cooldown,1,,base ability state,,ability-defined,,,,,,28,,,high,"[""HSRC-0004"",""HSRC-0008""]",
vyper_lethal_venom,ability_unit_target_limit,targeting,ability_unit_target_limit,1,count,,,,base ability state,,ability-defined,,,,,,,,,high,"[""HSRC-0004"",""HSRC-0008""]",
vyper_lethal_venom,auto_intrinsic_modifiers_1,special_rule,auto_intrinsic_modifiers_1,VenomProcWatcher,identifier,,,,base ability state,,ability-defined,,,,,,,,,medium,"[""HSRC-0004"",""HSRC-0008""]",Strukturierter Modifier-Verweis; die Modifier-Klasse selbst wurde nicht als ausformulierte Spielregel interpretiert.
vyper_lethal_venom,build_up_duration,passive_proc,build_up_duration,5,seconds,,,,base ability state,,ability-defined,,,,,5,,,,high,"[""HSRC-0004"",""HSRC-0008""]",
vyper_lethal_venom,build_up_modifier,passive_proc,build_up_modifier,CitadelBaseBuildup,identifier,,,,base ability state,,ability-defined,,,,,,,,,medium,"[""HSRC-0004"",""HSRC-0008""]",Strukturierter Modifier-Verweis; die Modifier-Klasse selbst wurde nicht als ausformulierte Spielregel interpretiert.
vyper_lethal_venom,build_up_modifier_build_up_decay_delay,passive_proc,build_up_modifier_build_up_decay_delay,2,seconds,,,,base ability state,,ability-defined,,,,,,,,,high,"[""HSRC-0004"",""HSRC-0008""]",
vyper_lethal_venom,venom_buildup_per_shot,passive_proc,venom_buildup_per_shot,1,flat,,,,base ability state,,ability-defined,,,,,,,,,high,"[""HSRC-0004"",""HSRC-0008""]",
vyper_lethal_venom,venom_duration,stat,venom_duration,3,seconds,,,,base ability state,,ability-defined,,,,,3,,,,high,"[""HSRC-0004"",""HSRC-0008""]",
vyper_lethal_venom,venom_max_damage,damage,venom_max_damage,140,damage,spirit,2.79,value = 140 + 2.79 * spirit,base ability state,,ability-defined,,,,,,,,,high,"[""HSRC-0004"",""HSRC-0008""]",
vyper_lethal_venom,venom_max_damage_health_percentage,damage,venom_max_damage_health_percentage,30,percent,,,,base ability state,,ability-defined,,,,,,,,,high,"[""HSRC-0004"",""HSRC-0008""]",
vyper_lethal_venom,venom_min_damage,damage,venom_min_damage,20,damage,spirit,0.651,value = 20 + 0.651 * spirit,base ability state,,ability-defined,,,,,,,,,high,"[""HSRC-0004"",""HSRC-0008""]",
vyper_lethal_venom,venom_min_damage_health_percentage,damage,venom_min_damage_health_percentage,100,percent,,,,base ability state,,ability-defined,,,,,,,,,high,"[""HSRC-0004"",""HSRC-0008""]",
vyper_lethal_venom,venom_modifier,special_rule,venom_modifier,ViperVenomModifierSubclass,identifier,,,,base ability state,,ability-defined,,,,,,,,,medium,"[""HSRC-0004"",""HSRC-0008""]",Strukturierter Modifier-Verweis; die Modifier-Klasse selbst wurde nicht als ausformulierte Spielregel interpretiert.
vyper_slither,ability_unit_target_limit,targeting,ability_unit_target_limit,1,count,,,,base ability state,,ability-defined,,,,,,,,,high,"[""HSRC-0004"",""HSRC-0008""]",
vyper_slither,auto_intrinsic_modifiers_1,special_rule,auto_intrinsic_modifiers_1,ViperslideIntrinsic,identifier,,,,base ability state,,ability-defined,,,,,,,,,medium,"[""HSRC-0004"",""HSRC-0008""]",Strukturierter Modifier-Verweis; die Modifier-Klasse selbst wurde nicht als ausformulierte Spielregel interpretiert.
vyper_slither,auto_intrinsic_modifiers_2,special_rule,auto_intrinsic_modifiers_2,ViperSlidebuffModifier,identifier,,,,base ability state,,ability-defined,,,,,,,,,medium,"[""HSRC-0004"",""HSRC-0008""]",Strukturierter Modifier-Verweis; die Modifier-Klasse selbst wurde nicht als ausformulierte Spielregel interpretiert.
vyper_slither,auto_intrinsic_modifiers_2_buff_modifier,special_rule,auto_intrinsic_modifiers_2_buff_modifier,Slidebarrier,identifier,,,,base ability state,,ability-defined,,,,,,,,,medium,"[""HSRC-0004"",""HSRC-0008""]",Strukturierter Modifier-Verweis; die Modifier-Klasse selbst wurde nicht als ausformulierte Spielregel interpretiert.
vyper_slither,combat_barrier,summon,combat_barrier,0,health,spirit,0,,base ability state,,ability-defined,,,,,,,,,high,"[""HSRC-0004"",""HSRC-0008""]",
vyper_slither,slide_scale,stat,slide_scale,15,multiplier,,,,base ability state,,ability-defined,,,,,,,,,high,"[""HSRC-0004"",""HSRC-0008""]",
vyper_petrifying_bola,ability_cast_delay,stat,ability_cast_delay,0.1,seconds,,,,base ability state,,ability-defined,,,,,,,,,high,"[""HSRC-0004"",""HSRC-0008""]",
vyper_petrifying_bola,ability_cooldown,cooldown,ability_cooldown,105,seconds,cooldown,1,,base ability state,,ability-defined,,,,,,105,,,high,"[""HSRC-0004"",""HSRC-0008""]",
vyper_petrifying_bola,ability_unit_target_limit,targeting,ability_unit_target_limit,1,count,,,,base ability state,,ability-defined,,,,,,,,,high,"[""HSRC-0004"",""HSRC-0008""]",
vyper_petrifying_bola,damage,damage,damage,50,damage,spirit,0.744,value = 50 + 0.744 * spirit,base ability state,,ability-defined,,,,,,,,,high,"[""HSRC-0004"",""HSRC-0008""]",
vyper_petrifying_bola,petrify_damage,damage,petrify_damage,180,damage,spirit,2.046,value = 180 + 2.046 * spirit,base ability state,,ability-defined,,,,,,,,,high,"[""HSRC-0004"",""HSRC-0008""]",
vyper_petrifying_bola,petrify_damage_break_threshold,damage,petrify_damage_break_threshold,200,damage,,,,base ability state,,ability-defined,,,,,,,,,high,"[""HSRC-0004"",""HSRC-0008""]",
vyper_petrifying_bola,petrify_duration,crowd_control,petrify_duration,2.2,seconds,duration,1,,base ability state,,ability-defined,,,,,2.2,,,,high,"[""HSRC-0004"",""HSRC-0008""]",
vyper_petrifying_bola,petrify_modifier,crowd_control,petrify_modifier,PetrifybolaPetrify,identifier,,,,base ability state,,ability-defined,,,,,,,,,medium,"[""HSRC-0004"",""HSRC-0008""]",Strukturierter Modifier-Verweis; die Modifier-Klasse selbst wurde nicht als ausformulierte Spielregel interpretiert.
vyper_petrifying_bola,radius,targeting,radius,12,meters,range,1,,base ability state,,ability-defined,,,,,,,,,high,"[""HSRC-0004"",""HSRC-0008""]",
vyper_petrifying_bola,slow_duration,crowd_control,slow_duration,1.5,seconds,duration,1,,base ability state,,ability-defined,,,,,1.5,,,,high,"[""HSRC-0004"",""HSRC-0008""]",
vyper_petrifying_bola,slow_modifier,crowd_control,slow_modifier,PetrifybolaSlow,identifier,,,,base ability state,,ability-defined,,,,,,,,,medium,"[""HSRC-0004"",""HSRC-0008""]",Strukturierter Modifier-Verweis; die Modifier-Klasse selbst wurde nicht als ausformulierte Spielregel interpretiert.
vyper_petrifying_bola,slow_percent,crowd_control,slow_percent,50,percent,,,,base ability state,,ability-defined,,,,,,,,,high,"[""HSRC-0004"",""HSRC-0008""]",
warden_alchemical_flask,ability_cast_delay,stat,ability_cast_delay,0.1,seconds,,,,base ability state,,ability-defined,,,,,,,,,high,"[""HSRC-0004"",""HSRC-0008""]",
warden_alchemical_flask,ability_cooldown,cooldown,ability_cooldown,12,seconds,cooldown,1,,base ability state,,ability-defined,,,,,,12,,,high,"[""HSRC-0004"",""HSRC-0008""]",
warden_alchemical_flask,ability_unit_target_limit,targeting,ability_unit_target_limit,1,count,,,,base ability state,,ability-defined,,,,,,,,,high,"[""HSRC-0004"",""HSRC-0008""]",
warden_alchemical_flask,damage,damage,damage,60,damage,spirit,0.63,value = 60 + 0.63 * spirit,base ability state,,ability-defined,,,,,,,,,high,"[""HSRC-0004"",""HSRC-0008""]",
warden_alchemical_flask,debuff_duration,crowd_control,debuff_duration,7,seconds,duration,1,,base ability state,,ability-defined,,,,,7,,,,high,"[""HSRC-0004"",""HSRC-0008""]",
warden_alchemical_flask,debuff_modifier,crowd_control,debuff_modifier,WardenCrowdControlDebuff,identifier,,,,base ability state,,ability-defined,,,,,,,,,medium,"[""HSRC-0004"",""HSRC-0008""]",Strukturierter Modifier-Verweis; die Modifier-Klasse selbst wurde nicht als ausformulierte Spielregel interpretiert.
warden_alchemical_flask,debuff_modifier_enabled_state_mask_1,crowd_control,debuff_modifier_enabled_state_mask_1,Slowed,identifier,,,,base ability state,,ability-defined,,,,,,,,,high,"[""HSRC-0004"",""HSRC-0008""]",
warden_alchemical_flask,forward_velocity,stat,forward_velocity,800,units_per_second,,,,base ability state,,ability-defined,,,,,,,,,high,"[""HSRC-0004"",""HSRC-0008""]",
warden_alchemical_flask,move_speed_slow_pct,crowd_control,move_speed_slow_pct,20,percent,,,,base ability state,,ability-defined,,,,,,,,,high,"[""HSRC-0004"",""HSRC-0008""]",
warden_alchemical_flask,projectile_lifetime,stat,projectile_lifetime,60,seconds,,,,base ability state,,ability-defined,,,,,,,,,high,"[""HSRC-0004"",""HSRC-0008""]",
warden_alchemical_flask,radius,targeting,radius,5.5,meters,radius,1,,base ability state,,ability-defined,,,,,,,,,high,"[""HSRC-0004"",""HSRC-0008""]",
warden_alchemical_flask,slow_duration,crowd_control,slow_duration,3,seconds,duration,1,,base ability state,,ability-defined,,,,,3,,,,high,"[""HSRC-0004"",""HSRC-0008""]",
warden_alchemical_flask,slow_modifier,crowd_control,slow_modifier,Slow,identifier,,,,base ability state,,ability-defined,,,,,,,,,medium,"[""HSRC-0004"",""HSRC-0008""]",Strukturierter Modifier-Verweis; die Modifier-Klasse selbst wurde nicht als ausformulierte Spielregel interpretiert.
warden_alchemical_flask,weapon_power_debuff,crowd_control,weapon_power_debuff,-25,flat,,,,base ability state,,ability-defined,,,,,,,,,high,"[""HSRC-0004"",""HSRC-0008""]",
warden_willpower,ability_cooldown,cooldown,ability_cooldown,40,seconds,cooldown,1,,base ability state,,ability-defined,,,,,,40,,,high,"[""HSRC-0004"",""HSRC-0008""]",
warden_willpower,ability_duration,stat,ability_duration,5,seconds,duration,1,,base ability state,,ability-defined,,,,,5,,,,high,"[""HSRC-0004"",""HSRC-0008""]",
warden_willpower,ability_unit_target_limit,targeting,ability_unit_target_limit,1,count,,,,base ability state,,ability-defined,,,,,,,,,high,"[""HSRC-0004"",""HSRC-0008""]",
warden_willpower,buff_modifier,special_rule,buff_modifier,WardenHighAlert,identifier,,,,base ability state,,ability-defined,,,,,,,,,medium,"[""HSRC-0004"",""HSRC-0008""]",Strukturierter Modifier-Verweis; die Modifier-Klasse selbst wurde nicht als ausformulierte Spielregel interpretiert.
warden_willpower,combat_barrier,summon,combat_barrier,125,health,spirit,0.8,value = 125 + 0.8 * spirit,base ability state,,ability-defined,,,,,,,,,high,"[""HSRC-0004"",""HSRC-0008""]",
warden_willpower,move_speed_bonus_pct,movement,move_speed_bonus_pct,15,percent,,,,base ability state,,ability-defined,,,,,,,,,high,"[""HSRC-0004"",""HSRC-0008""]",
warden_binding_word,ability_cast_delay,stat,ability_cast_delay,0.15,seconds,,,,base ability state,,ability-defined,,,,,,,,,high,"[""HSRC-0004"",""HSRC-0008""]",
warden_binding_word,ability_cast_range,targeting,ability_cast_range,15,meters,range,1,,base ability state,,ability-defined,,,,,,,,,high,"[""HSRC-0004"",""HSRC-0008""]",
warden_binding_word,ability_cooldown,cooldown,ability_cooldown,34,seconds,cooldown,1,,base ability state,,ability-defined,,,,,,34,,,high,"[""HSRC-0004"",""HSRC-0008""]",
warden_binding_word,ability_unit_target_limit,targeting,ability_unit_target_limit,1,count,,,,base ability state,,ability-defined,,,,,,,,,high,"[""HSRC-0004"",""HSRC-0008""]",
warden_binding_word,additional_target_radius,targeting,additional_target_radius,20,meters,,,,base ability state,,ability-defined,,,,,,,,,high,"[""HSRC-0004"",""HSRC-0008""]",
warden_binding_word,damage,damage,damage,110,damage,spirit,2.437344,value = 110 + 2.437344 * spirit,base ability state,,ability-defined,,,,,,,,,high,"[""HSRC-0004"",""HSRC-0008""]",
warden_binding_word,debuff_modifier,crowd_control,debuff_modifier,WardenLockdownDebuff,identifier,,,,base ability state,,ability-defined,,,,,,,,,medium,"[""HSRC-0004"",""HSRC-0008""]",Strukturierter Modifier-Verweis; die Modifier-Klasse selbst wurde nicht als ausformulierte Spielregel interpretiert.
warden_binding_word,debuff_modifier_root_modifier,crowd_control,debuff_modifier_root_modifier,CitadelRoot,identifier,,,,base ability state,,ability-defined,,,,,,,,,medium,"[""HSRC-0004"",""HSRC-0008""]",Strukturierter Modifier-Verweis; die Modifier-Klasse selbst wurde nicht als ausformulierte Spielregel interpretiert.
warden_binding_word,debuff_modifier_bullet_resist_modifier,defense,debuff_modifier_bullet_resist_modifier,LockdownBulletResist,identifier,,,,base ability state,,ability-defined,,,,,,,,,medium,"[""HSRC-0004"",""HSRC-0008""]",Strukturierter Modifier-Verweis; die Modifier-Klasse selbst wurde nicht als ausformulierte Spielregel interpretiert.
warden_binding_word,debuff_modifier_silenced_modifier,crowd_control,debuff_modifier_silenced_modifier,CitadelSilenced,identifier,,,,base ability state,,ability-defined,,,,,,,,,medium,"[""HSRC-0004"",""HSRC-0008""]",Strukturierter Modifier-Verweis; die Modifier-Klasse selbst wurde nicht als ausformulierte Spielregel interpretiert.
warden_binding_word,escape_range,targeting,escape_range,20,meters,range,1,,base ability state,,ability-defined,,,,,,,,,high,"[""HSRC-0004"",""HSRC-0008""]",
warden_binding_word,escape_time,stat,escape_time,2.8,seconds,,,,base ability state,,ability-defined,,,,,,,,,high,"[""HSRC-0004"",""HSRC-0008""]",
warden_binding_word,immobilize_duration,crowd_control,immobilize_duration,1.75,seconds,duration,1,,base ability state,,ability-defined,,,,,1.75,,,,high,"[""HSRC-0004"",""HSRC-0008""]",
warden_last_stand,ability_cast_delay,stat,ability_cast_delay,2,seconds,,,,base ability state,,ability-defined,,,,,,,,,high,"[""HSRC-0004"",""HSRC-0008""]",
warden_last_stand,ability_cooldown,cooldown,ability_cooldown,180,seconds,cooldown,1,,base ability state,,ability-defined,,,,,,180,,,high,"[""HSRC-0004"",""HSRC-0008""]",
warden_last_stand,ability_duration,stat,ability_duration,6,seconds,duration,1,,base ability state,,ability-defined,,,,,6,,,,high,"[""HSRC-0004"",""HSRC-0008""]",
warden_last_stand,ability_unit_target_limit,targeting,ability_unit_target_limit,1,count,,,,base ability state,,ability-defined,,,,,,,,,high,"[""HSRC-0004"",""HSRC-0008""]",
warden_last_stand,auto_cast_delay_modifier,special_rule,auto_cast_delay_modifier,WardenRiotProtocolCastDelay,identifier,,,,base ability state,,ability-defined,,,,,,,,,medium,"[""HSRC-0004"",""HSRC-0008""]",Strukturierter Modifier-Verweis; die Modifier-Klasse selbst wurde nicht als ausformulierte Spielregel interpretiert.
warden_last_stand,auto_cast_delay_modifier_unstoppable_modifier,defense,auto_cast_delay_modifier_unstoppable_modifier,Unstoppable,identifier,,,,base ability state,,ability-defined,,,,,,,,,medium,"[""HSRC-0004"",""HSRC-0008""]",Strukturierter Modifier-Verweis; die Modifier-Klasse selbst wurde nicht als ausformulierte Spielregel interpretiert.
warden_last_stand,auto_cast_delay_modifier_unstoppable_modifier_enabled_state_mask_1,defense,auto_cast_delay_modifier_unstoppable_modifier_enabled_state_mask_1,StatusImmune,identifier,,,,base ability state,,ability-defined,,,,,,,,,high,"[""HSRC-0004"",""HSRC-0008""]",
warden_last_stand,auto_cast_delay_modifier_unstoppable_modifier_enabled_state_mask_2,defense,auto_cast_delay_modifier_unstoppable_modifier_enabled_state_mask_2,SlowImmune,identifier,,,,base ability state,,ability-defined,,,,,,,,,high,"[""HSRC-0004"",""HSRC-0008""]",
warden_last_stand,auto_cast_delay_modifier_unstoppable_modifier_enabled_state_mask_3,defense,auto_cast_delay_modifier_unstoppable_modifier_enabled_state_mask_3,KnockdownImmune,identifier,,,,base ability state,,ability-defined,,,,,,,,,high,"[""HSRC-0004"",""HSRC-0008""]",
warden_last_stand,auto_cast_delay_modifier_unstoppable_modifier_enabled_state_mask_4,defense,auto_cast_delay_modifier_unstoppable_modifier_enabled_state_mask_4,Unstoppable,identifier,,,,base ability state,,ability-defined,,,,,,,,,high,"[""HSRC-0004"",""HSRC-0008""]",
warden_last_stand,auto_cast_delay_modifier_unstoppable_modifier_disabled_state_mask_1,defense,auto_cast_delay_modifier_unstoppable_modifier_disabled_state_mask_1,Disarmed,identifier,,,,base ability state,,ability-defined,,,,,,,,,high,"[""HSRC-0004"",""HSRC-0008""]",
warden_last_stand,auto_cast_delay_modifier_unstoppable_modifier_disabled_state_mask_2,defense,auto_cast_delay_modifier_unstoppable_modifier_disabled_state_mask_2,Muted,identifier,,,,base ability state,,ability-defined,,,,,,,,,high,"[""HSRC-0004"",""HSRC-0008""]",
warden_last_stand,auto_cast_delay_modifier_unstoppable_modifier_disabled_state_mask_3,defense,auto_cast_delay_modifier_unstoppable_modifier_disabled_state_mask_3,Silenced,identifier,,,,base ability state,,ability-defined,,,,,,,,,high,"[""HSRC-0004"",""HSRC-0008""]",
warden_last_stand,auto_cast_delay_modifier_unstoppable_modifier_disabled_state_mask_4,defense,auto_cast_delay_modifier_unstoppable_modifier_disabled_state_mask_4,SilenceMovementAbilites,identifier,,,,base ability state,,ability-defined,,,,,,,,,high,"[""HSRC-0004"",""HSRC-0008""]",
warden_last_stand,auto_cast_delay_modifier_unstoppable_modifier_disabled_state_mask_5,defense,auto_cast_delay_modifier_unstoppable_modifier_disabled_state_mask_5,Slowed,identifier,,,,base ability state,,ability-defined,,,,,,,,,high,"[""HSRC-0004"",""HSRC-0008""]",
warden_last_stand,auto_cast_delay_modifier_unstoppable_modifier_disabled_state_mask_6,defense,auto_cast_delay_modifier_unstoppable_modifier_disabled_state_mask_6,Glitched,identifier,,,,base ability state,,ability-defined,,,,,,,,,high,"[""HSRC-0004"",""HSRC-0008""]",
warden_last_stand,auto_cast_delay_modifier_unstoppable_modifier_disabled_state_mask_7,defense,auto_cast_delay_modifier_unstoppable_modifier_disabled_state_mask_7,MeleeDisabledDebuff,identifier,,,,base ability state,,ability-defined,,,,,,,,,high,"[""HSRC-0004"",""HSRC-0008""]",
warden_last_stand,auto_cast_delay_modifier_unstoppable_modifier_disabled_state_mask_8,defense,auto_cast_delay_modifier_unstoppable_modifier_disabled_state_mask_8,DashDisabledDebuff,identifier,,,,base ability state,,ability-defined,,,,,,,,,high,"[""HSRC-0004"",""HSRC-0008""]",
warden_last_stand,bullet_resist,defense,bullet_resist,50,percent,,,,base ability state,,ability-defined,,,,,,,,,high,"[""HSRC-0004"",""HSRC-0008""]",
warden_last_stand,cone_angle,targeting,cone_angle,115,degrees,,,,base ability state,,ability-defined,,,,,,,,,high,"[""HSRC-0004"",""HSRC-0008""]",
warden_last_stand,health_steal_pct,healing,health_steal_pct,10,percent,healing,1,,base ability state,,ability-defined,,,,,,,,,high,"[""HSRC-0004"",""HSRC-0008""]",
warden_last_stand,health_steal_pct_hero,healing,health_steal_pct_hero,75,percent,healing,1,,base ability state,,ability-defined,,,,,,,,,high,"[""HSRC-0004"",""HSRC-0008""]",
warden_last_stand,pulse_dps,damage,pulse_dps,70,damage_per_second,spirit,1.3,value = 70 + 1.3 * spirit,base ability state,,ability-defined,,,,,,,,,high,"[""HSRC-0004"",""HSRC-0008""]",
warden_last_stand,pulse_interval,stat,pulse_interval,0.5,seconds,,,,base ability state,,ability-defined,,,,,,,,,high,"[""HSRC-0004"",""HSRC-0008""]",
warden_last_stand,radius,targeting,radius,12,meters,radius,1,,base ability state,,ability-defined,,,,,,,,,high,"[""HSRC-0004"",""HSRC-0008""]",
warden_last_stand,tech_resist,defense,tech_resist,50,percent,,,,base ability state,,ability-defined,,,,,,,,,high,"[""HSRC-0004"",""HSRC-0008""]",
warden_last_stand,warden_buff_modifier,special_rule,warden_buff_modifier,WardenRiotProtocol,identifier,,,,base ability state,,ability-defined,,,,,,,,,medium,"[""HSRC-0004"",""HSRC-0008""]",Strukturierter Modifier-Verweis; die Modifier-Klasse selbst wurde nicht als ausformulierte Spielregel interpretiert.
warden_last_stand,warden_buff_modifier_enabled_state_mask_1,stat,warden_buff_modifier_enabled_state_mask_1,SinclairTaxUltActive,identifier,,,,base ability state,,ability-defined,,,,,,,,,high,"[""HSRC-0004"",""HSRC-0008""]",
warden_last_stand,warden_buff_modifier_enabled_state_mask_2,stat,warden_buff_modifier_enabled_state_mask_2,SinclairTaxKeepModelSwap,identifier,,,,base ability state,,ability-defined,,,,,,,,,high,"[""HSRC-0004"",""HSRC-0008""]",
warden_last_stand,warden_buff_modifier_enemy_debuff_modifier,crowd_control,warden_buff_modifier_enemy_debuff_modifier,WardenRiotProtocolEnemyDebuff,identifier,,,,base ability state,,ability-defined,,,,,,,,,medium,"[""HSRC-0004"",""HSRC-0008""]",Strukturierter Modifier-Verweis; die Modifier-Klasse selbst wurde nicht als ausformulierte Spielregel interpretiert.
wraith_card_trick,ability_cast_range,targeting,ability_cast_range,500,meters,range,0,,base ability state,,ability-defined,,,,,,,,,high,"[""HSRC-0004"",""HSRC-0008""]",
wraith_card_trick,ability_charges,charge,ability_charges,2,charges,max_charges,1,,base ability state,,ability-defined,,,,,,,,,high,"[""HSRC-0004"",""HSRC-0008""]",
wraith_card_trick,ability_charges_conditionally,charge,ability_charges_conditionally,1,charges,,,,base ability state,,ability-defined,,,,,,,,,high,"[""HSRC-0004"",""HSRC-0008""]",
wraith_card_trick,ability_cooldown,cooldown,ability_cooldown,0.6,seconds,cooldown,0,,base ability state,,ability-defined,,,,,,0.6,,,high,"[""HSRC-0004"",""HSRC-0008""]",
wraith_card_trick,ability_post_cast_duration,stat,ability_post_cast_duration,0.1,seconds,,,,base ability state,,ability-defined,,,,,0.1,,,,high,"[""HSRC-0004"",""HSRC-0008""]",
wraith_card_trick,ability_unit_target_limit,targeting,ability_unit_target_limit,1,count,,,,base ability state,,ability-defined,,,,,,,,,high,"[""HSRC-0004"",""HSRC-0008""]",
wraith_card_trick,bonus_ability_resource,resource,bonus_ability_resource,100,flat,,,,base ability state,,ability-defined,,,,,,,,,high,"[""HSRC-0004"",""HSRC-0008""]",
wraith_card_trick,card_resource_gen_pct_scale,resource,card_resource_gen_pct_scale,85,percent,cooldown,-1,,base ability state,,nonhero_unit,Explicit structured field: 85 percent.,,,,,,,,high,"[""HSRC-0004"",""HSRC-0008""]",
wraith_card_trick,card_resource_per_bullet_crit,resource,card_resource_per_bullet_crit,6,flat,,,,base ability state,,ability-defined,,,,,,,,,high,"[""HSRC-0004"",""HSRC-0008""]",
wraith_card_trick,card_resource_per_bullet_hit,resource,card_resource_per_bullet_hit,4,flat,,,,base ability state,,ability-defined,,,,,,,,,high,"[""HSRC-0004"",""HSRC-0008""]",
wraith_card_trick,card_resource_per_heavy_melee,resource,card_resource_per_heavy_melee,25,flat,,,,base ability state,,ability-defined,,,,,,,,,high,"[""HSRC-0004"",""HSRC-0008""]",
wraith_card_trick,card_resource_per_light_melee,resource,card_resource_per_light_melee,10,flat,,,,base ability state,,ability-defined,,,,,,,,,high,"[""HSRC-0004"",""HSRC-0008""]",
wraith_card_trick,club_modifier,special_rule,club_modifier,ClubDebuff,identifier,,,,base ability state,,ability-defined,,,,,,,,,medium,"[""HSRC-0004"",""HSRC-0008""]",Strukturierter Modifier-Verweis; die Modifier-Klasse selbst wurde nicht als ausformulierte Spielregel interpretiert.
wraith_card_trick,club_slow_duration,crowd_control,club_slow_duration,3,seconds,duration,1,,base ability state,,ability-defined,,,,,3,,,,high,"[""HSRC-0004"",""HSRC-0008""]",
wraith_card_trick,club_slow_percent,crowd_control,club_slow_percent,30,percent,,,,base ability state,,ability-defined,,,,,,,,,high,"[""HSRC-0004"",""HSRC-0008""]",
wraith_card_trick,cooldown_between_cards,cooldown,cooldown_between_cards,0.5,seconds,,,,base ability state,,ability-defined,,,,,,0.5,,,high,"[""HSRC-0004"",""HSRC-0008""]",
wraith_card_trick,damage,damage,damage,45,damage,spirit,0.55,value = 45 + 0.55 * spirit,base ability state,,ability-defined,,,,,,,,,high,"[""HSRC-0004"",""HSRC-0008""]",
wraith_card_trick,diamond_modifier,special_rule,diamond_modifier,DiamondCardDebuff,identifier,,,,base ability state,,ability-defined,,,,,,,,,medium,"[""HSRC-0004"",""HSRC-0008""]",Strukturierter Modifier-Verweis; die Modifier-Klasse selbst wurde nicht als ausformulierte Spielregel interpretiert.
wraith_card_trick,diamond_resist_shred,defense,diamond_resist_shred,-8,percent,,,,base ability state,,ability-defined,,,,,,,,,high,"[""HSRC-0004"",""HSRC-0008""]",
wraith_card_trick,diamond_resist_shred_duration,defense,diamond_resist_shred_duration,5,percent,stats_count,1,,base ability state,,ability-defined,,,,,,,,,high,"[""HSRC-0004"",""HSRC-0008""]",
wraith_card_trick,heart_heal,healing,heart_heal,75,health,spirit,0.75,value = 75 + 0.75 * spirit,base ability state,,ability-defined,,,,,,,,,high,"[""HSRC-0004"",""HSRC-0008""]",
wraith_card_trick,heart_heal_non_hero_ratio,healing,heart_heal_non_hero_ratio,0.5,multiplier,,,,base ability state,,nonhero_unit,Explicit structured field: 0.5 multiplier.,,,,,,,,high,"[""HSRC-0004"",""HSRC-0008""]",
wraith_card_trick,joker_extra_card_search_radius,targeting,joker_extra_card_search_radius,20,meters,range,1,,base ability state,,ability-defined,,,,,,,,,high,"[""HSRC-0004"",""HSRC-0008""]",
wraith_card_trick,non_player_card_resource_scale,resource,non_player_card_resource_scale,0.35,multiplier,,,,base ability state,,nonhero_unit,Explicit structured field: 0.35 multiplier.,,,,,,,,high,"[""HSRC-0004"",""HSRC-0008""]",
wraith_card_trick,projectile_origin_height_offset,stat,projectile_origin_height_offset,50,meters,,,,base ability state,,ability-defined,,,,,,,,,high,"[""HSRC-0004"",""HSRC-0008""]",
wraith_card_trick,radius,targeting,radius,4,meters,radius,1,,base ability state,,ability-defined,,,,,,,,,high,"[""HSRC-0004"",""HSRC-0008""]",
wraith_card_trick,resource_per_card,resource,resource_per_card,100,flat,,,,base ability state,,ability-defined,,,,,,,,,high,"[""HSRC-0004"",""HSRC-0008""]",
wraith_card_trick,spade_damage_bonus,damage,spade_damage_bonus,60,damage,,,,base ability state,,ability-defined,,,,,,,,,high,"[""HSRC-0004"",""HSRC-0008""]",
wraith_project_mind,ability_cast_delay,stat,ability_cast_delay,0.75,seconds,,,,base ability state,,ability-defined,,,,,,,,,high,"[""HSRC-0004"",""HSRC-0008""]",
wraith_project_mind,ability_cast_range,targeting,ability_cast_range,25,meters,range,1,,base ability state,,ability-defined,,,,,,,,,high,"[""HSRC-0004"",""HSRC-0008""]",
wraith_project_mind,ability_cooldown,cooldown,ability_cooldown,46,seconds,cooldown,1,,base ability state,,ability-defined,,,,,,46,,,high,"[""HSRC-0004"",""HSRC-0008""]",
wraith_project_mind,ability_unit_target_limit,targeting,ability_unit_target_limit,1,count,,,,base ability state,,ability-defined,,,,,,,,,high,"[""HSRC-0004"",""HSRC-0008""]",
wraith_project_mind,channel_move_speed,movement,channel_move_speed,5.1,units_per_second,,,,base ability state,,ability-defined,,,,,,,,,high,"[""HSRC-0004"",""HSRC-0008""]",
wraith_project_mind,combat_barrier,summon,combat_barrier,0,health,spirit,0,,base ability state,,ability-defined,,,,,,,,,high,"[""HSRC-0004"",""HSRC-0008""]",
wraith_project_mind,project_mind_modifier,special_rule,project_mind_modifier,CitadelProjectmind,identifier,,,,base ability state,,ability-defined,,,,,,,,,medium,"[""HSRC-0004"",""HSRC-0008""]",Strukturierter Modifier-Verweis; die Modifier-Klasse selbst wurde nicht als ausformulierte Spielregel interpretiert.
wraith_project_mind,project_mind_modifier_shield_modifier,shield,project_mind_modifier_shield_modifier,WraithProjectMindShield,identifier,,,,base ability state,,ability-defined,,,,,,,,,medium,"[""HSRC-0004"",""HSRC-0008""]",Strukturierter Modifier-Verweis; die Modifier-Klasse selbst wurde nicht als ausformulierte Spielregel interpretiert.
wraith_project_mind,trail_interval,stat,trail_interval,0.1,seconds,,,,base ability state,,ability-defined,,,,,,,,,high,"[""HSRC-0004"",""HSRC-0008""]",
wraith_full_auto,ability_cooldown,cooldown,ability_cooldown,45,seconds,cooldown,1,,base ability state,,ability-defined,,,,,,45,,,high,"[""HSRC-0004"",""HSRC-0008""]",
wraith_full_auto,ability_duration,stat,ability_duration,5,seconds,duration,1,,base ability state,,ability-defined,,,,,5,,,,high,"[""HSRC-0004"",""HSRC-0008""]",
wraith_full_auto,ability_unit_target_limit,targeting,ability_unit_target_limit,1,count,,,,base ability state,,ability-defined,,,,,,,,,high,"[""HSRC-0004"",""HSRC-0008""]",
wraith_full_auto,bonus_fire_rate,stat,bonus_fire_rate,20,percent,,,,base ability state,,ability-defined,,,,,,,,,high,"[""HSRC-0004"",""HSRC-0008""]",
wraith_full_auto,magic_damage_per_bullet,damage,magic_damage_per_bullet,2,damage,spirit,0.03,value = 2 + 0.03 * spirit,base ability state,,ability-defined,,,,,,,,,high,"[""HSRC-0004"",""HSRC-0008""]",
wraith_full_auto,rapid_fire_modifier,special_rule,rapid_fire_modifier,Rapidfire,identifier,,,,base ability state,,ability-defined,,,,,,,,,medium,"[""HSRC-0004"",""HSRC-0008""]",Strukturierter Modifier-Verweis; die Modifier-Klasse selbst wurde nicht als ausformulierte Spielregel interpretiert.
wraith_telekinesis,ability_cast_delay,stat,ability_cast_delay,0.45,seconds,,,,base ability state,,ability-defined,,,,,,,,,high,"[""HSRC-0004"",""HSRC-0008""]",
wraith_telekinesis,ability_cast_range,targeting,ability_cast_range,10,meters,range,1,,base ability state,,ability-defined,,,,,,,,,high,"[""HSRC-0004"",""HSRC-0008""]",
wraith_telekinesis,ability_channel_time,stat,ability_channel_time,0.65,seconds,duration,1,,base ability state,,ability-defined,,,,,,,,,high,"[""HSRC-0004"",""HSRC-0008""]",
wraith_telekinesis,ability_cooldown,cooldown,ability_cooldown,150,seconds,cooldown,1,,base ability state,,ability-defined,,,,,,150,,,high,"[""HSRC-0004"",""HSRC-0008""]",
wraith_telekinesis,ability_duration,stat,ability_duration,2.25,seconds,duration,1,,base ability state,,ability-defined,,,,,2.25,,,,high,"[""HSRC-0004"",""HSRC-0008""]",
wraith_telekinesis,ability_unit_target_limit,targeting,ability_unit_target_limit,1,count,,,,base ability state,,ability-defined,,,,,,,,,high,"[""HSRC-0004"",""HSRC-0008""]",
wraith_telekinesis,damage,damage,damage,100,damage,spirit,1,value = 100 + 1 * spirit,base ability state,,ability-defined,,,,,,,,,high,"[""HSRC-0004"",""HSRC-0008""]",
wraith_telekinesis,damping_factor,stat,damping_factor,0.3,multiplier,,,,base ability state,,ability-defined,,,,,,,,,high,"[""HSRC-0004"",""HSRC-0008""]",
wraith_telekinesis,lift_chain_radius,targeting,lift_chain_radius,20,meters,,,,base ability state,,ability-defined,,,,,,,,,high,"[""HSRC-0004"",""HSRC-0008""]",
wraith_telekinesis,lift_duration,stat,lift_duration,2,seconds,,,,base ability state,,ability-defined,,,,,2,,,,high,"[""HSRC-0004"",""HSRC-0008""]",
wraith_telekinesis,lift_height,stat,lift_height,80,meters,,,,base ability state,,ability-defined,,,,,,,,,high,"[""HSRC-0004"",""HSRC-0008""]",
wraith_telekinesis,lift_modifier,special_rule,lift_modifier,Lift,identifier,,,,base ability state,,ability-defined,,,,,,,,,medium,"[""HSRC-0004"",""HSRC-0008""]",Strukturierter Modifier-Verweis; die Modifier-Klasse selbst wurde nicht als ausformulierte Spielregel interpretiert.
wraith_telekinesis,lift_modifier_enabled_state_mask_1,stat,lift_modifier_enabled_state_mask_1,Stunned,identifier,,,,base ability state,,ability-defined,,,,,,,,,high,"[""HSRC-0004"",""HSRC-0008""]",
wraith_telekinesis,lift_modifier_rise_max_speed,movement,lift_modifier_rise_max_speed,750,units_per_second,,,,base ability state,,ability-defined,,,,,,,,,high,"[""HSRC-0004"",""HSRC-0008""]",
wraith_telekinesis,lift_modifier_rise_acc,stat,lift_modifier_rise_acc,3000,flat,,,,base ability state,,ability-defined,,,,,,,,,high,"[""HSRC-0004"",""HSRC-0008""]",
wraith_telekinesis,lift_modifier_rise_time,stat,lift_modifier_rise_time,0.75,seconds,,,,base ability state,,ability-defined,,,,,,,,,high,"[""HSRC-0004"",""HSRC-0008""]",
wraith_telekinesis,lift_modifier_slam_acc,stat,lift_modifier_slam_acc,6000,flat,,,,base ability state,,ability-defined,,,,,,,,,high,"[""HSRC-0004"",""HSRC-0008""]",
wraith_telekinesis,lift_modifier_slam_impact_radius,damage,lift_modifier_slam_impact_radius,100,meters,,,,base ability state,,ability-defined,,,,,,,,,high,"[""HSRC-0004"",""HSRC-0008""]",
wraith_telekinesis,lift_modifier_silence_modifier,crowd_control,lift_modifier_silence_modifier,Silence,identifier,,,,base ability state,,ability-defined,,,,,,,,,medium,"[""HSRC-0004"",""HSRC-0008""]",Strukturierter Modifier-Verweis; die Modifier-Klasse selbst wurde nicht als ausformulierte Spielregel interpretiert.
wraith_telekinesis,lift_modifier_silence_modifier_enabled_state_mask_1,crowd_control,lift_modifier_silence_modifier_enabled_state_mask_1,Silenced,identifier,,,,base ability state,,ability-defined,,,,,,,,,high,"[""HSRC-0004"",""HSRC-0008""]",
wraith_telekinesis,lift_modifier_disarm_modifier,crowd_control,lift_modifier_disarm_modifier,Disarm,identifier,,,,base ability state,,ability-defined,,,,,,,,,medium,"[""HSRC-0004"",""HSRC-0008""]",Strukturierter Modifier-Verweis; die Modifier-Klasse selbst wurde nicht als ausformulierte Spielregel interpretiert.
wraith_telekinesis,lift_modifier_disarm_modifier_enabled_state_mask_1,crowd_control,lift_modifier_disarm_modifier_enabled_state_mask_1,Disarmed,identifier,,,,base ability state,,ability-defined,,,,,,,,,high,"[""HSRC-0004"",""HSRC-0008""]",
wraith_telekinesis,lift_modifier_rise_decay_frac_end,stat,lift_modifier_rise_decay_frac_end,0.95,flat,,,,base ability state,,ability-defined,,,,,,,,,high,"[""HSRC-0004"",""HSRC-0008""]",
wraith_telekinesis,lift_modifier_rise_decay_frac_start,stat,lift_modifier_rise_decay_frac_start,0.3,flat,,,,base ability state,,ability-defined,,,,,,,,,high,"[""HSRC-0004"",""HSRC-0008""]",
wraith_telekinesis,lift_modifier_occilate_max_distance,stat,lift_modifier_occilate_max_distance,400,meters,,,,base ability state,,ability-defined,,,,,,,,,high,"[""HSRC-0004"",""HSRC-0008""]",
wraith_telekinesis,lift_modifier_occilate_degrees_per_second,stat,lift_modifier_occilate_degrees_per_second,300,degrees,,,,base ability state,,ability-defined,,,,,,,,,high,"[""HSRC-0004"",""HSRC-0008""]",
wraith_telekinesis,lift_modifier_slow_modifier,crowd_control,lift_modifier_slow_modifier,LiftSlowModifier,identifier,,,,base ability state,,ability-defined,,,,,,,,,medium,"[""HSRC-0004"",""HSRC-0008""]",Strukturierter Modifier-Verweis; die Modifier-Klasse selbst wurde nicht als ausformulierte Spielregel interpretiert.
wraith_telekinesis,lift_modifier_slow_modifier_enabled_state_mask_1,crowd_control,lift_modifier_slow_modifier_enabled_state_mask_1,Slowed,identifier,,,,base ability state,,ability-defined,,,,,,,,,high,"[""HSRC-0004"",""HSRC-0008""]",
wraith_telekinesis,lift_modifier_slow_modifier_enabled_state_mask_2,crowd_control,lift_modifier_slow_modifier_enabled_state_mask_2,DashDisabledDebuff,identifier,,,,base ability state,,ability-defined,,,,,,,,,high,"[""HSRC-0004"",""HSRC-0008""]",
wraith_telekinesis,lift_modifier_slow_modifier_enabled_state_mask_3,crowd_control,lift_modifier_slow_modifier_enabled_state_mask_3,SilenceMovementAbilites,identifier,,,,base ability state,,ability-defined,,,,,,,,,high,"[""HSRC-0004"",""HSRC-0008""]",
wraith_telekinesis,lift_modifier_slam_time,stat,lift_modifier_slam_time,0.5,seconds,,,,base ability state,,ability-defined,,,,,,,,,high,"[""HSRC-0004"",""HSRC-0008""]",
wraith_telekinesis,slow_percent,crowd_control,slow_percent,40,percent,,,,base ability state,,ability-defined,,,,,,,,,high,"[""HSRC-0004"",""HSRC-0008""]",
wraith_telekinesis,toss_distance,movement,toss_distance,13,meters,range,1,,base ability state,,ability-defined,,,,,,,,,high,"[""HSRC-0004"",""HSRC-0008""]",
wraith_telekinesis,toss_up_strength,movement,toss_up_strength,220,flat,,,,base ability state,,ability-defined,,,,,,,,,high,"[""HSRC-0004"",""HSRC-0008""]",
yamato_power_slash,ability_cast_delay,stat,ability_cast_delay,1.4,seconds,,,,base ability state,,ability-defined,,,,,,,,,high,"[""HSRC-0004"",""HSRC-0008""]",
yamato_power_slash,ability_cooldown,cooldown,ability_cooldown,12,seconds,cooldown,1,,base ability state,,ability-defined,,,,,,12,,,high,"[""HSRC-0004"",""HSRC-0008""]",
yamato_power_slash,ability_post_cast_duration,stat,ability_post_cast_duration,0.2,seconds,,,,base ability state,,ability-defined,,,,,0.2,,,,high,"[""HSRC-0004"",""HSRC-0008""]",
yamato_power_slash,ability_unit_target_limit,targeting,ability_unit_target_limit,1,count,,,,base ability state,,ability-defined,,,,,,,,,high,"[""HSRC-0004"",""HSRC-0008""]",
yamato_power_slash,bullet_resist,defense,bullet_resist,60,percent,,,,base ability state,,ability-defined,,,,,,,,,high,"[""HSRC-0004"",""HSRC-0008""]",
yamato_power_slash,channel_move_speed,movement,channel_move_speed,1.3,units_per_second,,,,base ability state,,ability-defined,,,,,,,,,high,"[""HSRC-0004"",""HSRC-0008""]",
yamato_power_slash,fall_speed_max,movement,fall_speed_max,5,units_per_second,,,,base ability state,,ability-defined,,,,,,,,,high,"[""HSRC-0004"",""HSRC-0008""]",
yamato_power_slash,full_charge_damage,damage,full_charge_damage,145,damage,spirit,1.85,value = 145 + 1.85 * spirit,base ability state,,ability-defined,,,,,,,,,high,"[""HSRC-0004"",""HSRC-0008""]",
yamato_power_slash,medium_charge_damage_pct,damage,medium_charge_damage_pct,50,percent,,,,base ability state,,ability-defined,,,,,,,,,high,"[""HSRC-0004"",""HSRC-0008""]",
yamato_power_slash,power_up_stages,stat,power_up_stages,3,flat,,,,base ability state,,ability-defined,,,,,,,,,high,"[""HSRC-0004"",""HSRC-0008""]",
yamato_power_slash,short_charge_damage_pct,damage,short_charge_damage_pct,30,percent,,,,base ability state,,ability-defined,,,,,,,,,high,"[""HSRC-0004"",""HSRC-0008""]",
yamato_power_slash,slash_collision_radius,targeting,slash_collision_radius,4,meters,,,,base ability state,,ability-defined,,,,,,,,,high,"[""HSRC-0004"",""HSRC-0008""]",
yamato_power_slash,slash_length,stat,slash_length,22,meters,range,1,,base ability state,,ability-defined,,,,,,,,,high,"[""HSRC-0004"",""HSRC-0008""]",
yamato_power_slash,slash_radius,targeting,slash_radius,41,meters,,,,base ability state,,ability-defined,,,,,,,,,high,"[""HSRC-0004"",""HSRC-0008""]",
yamato_power_slash,slow_modifier,crowd_control,slow_modifier,Slow,identifier,,,,base ability state,,ability-defined,,,,,,,,,medium,"[""HSRC-0004"",""HSRC-0008""]",Strukturierter Modifier-Verweis; die Modifier-Klasse selbst wurde nicht als ausformulierte Spielregel interpretiert.
yamato_power_slash,unstoppable_while_casting_modifier,defense,unstoppable_while_casting_modifier,YamatoPowerslashUnstoppable,identifier,,,,base ability state,,ability-defined,,,,,,,,,medium,"[""HSRC-0004"",""HSRC-0008""]",Strukturierter Modifier-Verweis; die Modifier-Klasse selbst wurde nicht als ausformulierte Spielregel interpretiert.
yamato_power_slash,unstoppable_while_casting_modifier_enabled_state_mask_1,defense,unstoppable_while_casting_modifier_enabled_state_mask_1,StatusImmune,identifier,,,,base ability state,,ability-defined,,,,,,,,,high,"[""HSRC-0004"",""HSRC-0008""]",
yamato_power_slash,unstoppable_while_casting_modifier_enabled_state_mask_2,defense,unstoppable_while_casting_modifier_enabled_state_mask_2,SlowImmune,identifier,,,,base ability state,,ability-defined,,,,,,,,,high,"[""HSRC-0004"",""HSRC-0008""]",
yamato_power_slash,unstoppable_while_casting_modifier_enabled_state_mask_3,defense,unstoppable_while_casting_modifier_enabled_state_mask_3,KnockdownImmune,identifier,,,,base ability state,,ability-defined,,,,,,,,,high,"[""HSRC-0004"",""HSRC-0008""]",
yamato_power_slash,unstoppable_while_casting_modifier_enabled_state_mask_4,defense,unstoppable_while_casting_modifier_enabled_state_mask_4,Unstoppable,identifier,,,,base ability state,,ability-defined,,,,,,,,,high,"[""HSRC-0004"",""HSRC-0008""]",
yamato_power_slash,unstoppable_while_casting_modifier_disabled_state_mask_1,defense,unstoppable_while_casting_modifier_disabled_state_mask_1,Disarmed,identifier,,,,base ability state,,ability-defined,,,,,,,,,high,"[""HSRC-0004"",""HSRC-0008""]",
yamato_power_slash,unstoppable_while_casting_modifier_disabled_state_mask_2,defense,unstoppable_while_casting_modifier_disabled_state_mask_2,Muted,identifier,,,,base ability state,,ability-defined,,,,,,,,,high,"[""HSRC-0004"",""HSRC-0008""]",
yamato_power_slash,unstoppable_while_casting_modifier_disabled_state_mask_3,defense,unstoppable_while_casting_modifier_disabled_state_mask_3,Silenced,identifier,,,,base ability state,,ability-defined,,,,,,,,,high,"[""HSRC-0004"",""HSRC-0008""]",
yamato_power_slash,unstoppable_while_casting_modifier_disabled_state_mask_4,defense,unstoppable_while_casting_modifier_disabled_state_mask_4,SilenceMovementAbilites,identifier,,,,base ability state,,ability-defined,,,,,,,,,high,"[""HSRC-0004"",""HSRC-0008""]",
yamato_power_slash,unstoppable_while_casting_modifier_disabled_state_mask_5,defense,unstoppable_while_casting_modifier_disabled_state_mask_5,Slowed,identifier,,,,base ability state,,ability-defined,,,,,,,,,high,"[""HSRC-0004"",""HSRC-0008""]",
yamato_power_slash,unstoppable_while_casting_modifier_disabled_state_mask_6,defense,unstoppable_while_casting_modifier_disabled_state_mask_6,Glitched,identifier,,,,base ability state,,ability-defined,,,,,,,,,high,"[""HSRC-0004"",""HSRC-0008""]",
yamato_power_slash,unstoppable_while_casting_modifier_disabled_state_mask_7,defense,unstoppable_while_casting_modifier_disabled_state_mask_7,MeleeDisabledDebuff,identifier,,,,base ability state,,ability-defined,,,,,,,,,high,"[""HSRC-0004"",""HSRC-0008""]",
yamato_power_slash,unstoppable_while_casting_modifier_disabled_state_mask_8,defense,unstoppable_while_casting_modifier_disabled_state_mask_8,DashDisabledDebuff,identifier,,,,base ability state,,ability-defined,,,,,,,,,high,"[""HSRC-0004"",""HSRC-0008""]",
yamato_flying_slash,ability_cast_range,targeting,ability_cast_range,26,meters,range,1,,base ability state,,ability-defined,,,,,,,,,high,"[""HSRC-0004"",""HSRC-0008""]",
yamato_flying_slash,ability_cooldown,cooldown,ability_cooldown,36,seconds,cooldown,1,,base ability state,,ability-defined,,,,,,36,,,high,"[""HSRC-0004"",""HSRC-0008""]",
yamato_flying_slash,ability_post_cast_duration,stat,ability_post_cast_duration,0.2,seconds,,,,base ability state,,ability-defined,,,,,0.2,,,,high,"[""HSRC-0004"",""HSRC-0008""]",
yamato_flying_slash,ability_unit_target_limit,targeting,ability_unit_target_limit,10,count,,,,base ability state,,ability-defined,,,,,,,,,high,"[""HSRC-0004"",""HSRC-0008""]",
yamato_flying_slash,buff_modifier,special_rule,buff_modifier,SpiritBuff,identifier,,,,base ability state,,ability-defined,,,,,,,,,medium,"[""HSRC-0004"",""HSRC-0008""]",Strukturierter Modifier-Verweis; die Modifier-Klasse selbst wurde nicht als ausformulierte Spielregel interpretiert.
yamato_flying_slash,damage,damage,damage,0,damage,melee,1,,base ability state,,ability-defined,,,,,,,,,high,"[""HSRC-0004"",""HSRC-0008""]",
yamato_flying_slash,grapple_target_modifier,targeting,grapple_target_modifier,Target,identifier,,,,base ability state,,ability-defined,,,,,,,,,medium,"[""HSRC-0004"",""HSRC-0008""]",Strukturierter Modifier-Verweis; die Modifier-Klasse selbst wurde nicht als ausformulierte Spielregel interpretiert.
yamato_flying_slash,slow_duration,crowd_control,slow_duration,2.5,seconds,duration,1,,base ability state,,ability-defined,,,,,2.5,,,,high,"[""HSRC-0004"",""HSRC-0008""]",
yamato_flying_slash,slow_modifier,crowd_control,slow_modifier,Slow,identifier,,,,base ability state,,ability-defined,,,,,,,,,medium,"[""HSRC-0004"",""HSRC-0008""]",Strukturierter Modifier-Verweis; die Modifier-Klasse selbst wurde nicht als ausformulierte Spielregel interpretiert.
yamato_flying_slash,slow_percent,crowd_control,slow_percent,50,percent,,,,base ability state,,ability-defined,,,,,,,,,high,"[""HSRC-0004"",""HSRC-0008""]",
yamato_crimson_slash,ability_cast_delay,stat,ability_cast_delay,0.3,seconds,,,,base ability state,,ability-defined,,,,,,,,,high,"[""HSRC-0004"",""HSRC-0008""]",
yamato_crimson_slash,ability_cooldown,cooldown,ability_cooldown,16,seconds,cooldown,1,,base ability state,,ability-defined,,,,,,16,,,high,"[""HSRC-0004"",""HSRC-0008""]",
yamato_crimson_slash,ability_post_cast_duration,stat,ability_post_cast_duration,0.4,seconds,,,,base ability state,,ability-defined,,,,,0.4,,,,high,"[""HSRC-0004"",""HSRC-0008""]",
yamato_crimson_slash,ability_unit_target_limit,targeting,ability_unit_target_limit,1,count,,,,base ability state,,ability-defined,,,,,,,,,high,"[""HSRC-0004"",""HSRC-0008""]",
yamato_crimson_slash,buff_duration,stat,buff_duration,0,seconds,duration,1,,base ability state,,ability-defined,,,,,0,,,,high,"[""HSRC-0004"",""HSRC-0008""]",
yamato_crimson_slash,buff_modifier,special_rule,buff_modifier,HealingSlashBuffModifier,identifier,,,,base ability state,,ability-defined,,,,,,,,,medium,"[""HSRC-0004"",""HSRC-0008""]",Strukturierter Modifier-Verweis; die Modifier-Klasse selbst wurde nicht als ausformulierte Spielregel interpretiert.
yamato_crimson_slash,damage,damage,damage,55,damage,spirit,0.37,value = 55 + 0.37 * spirit,base ability state,,ability-defined,,,,,,,,,high,"[""HSRC-0004"",""HSRC-0008""]",
yamato_crimson_slash,debuff_duration,crowd_control,debuff_duration,4,seconds,duration,1,,base ability state,,ability-defined,,,,,4,,,,high,"[""HSRC-0004"",""HSRC-0008""]",
yamato_crimson_slash,debuff_modifier,crowd_control,debuff_modifier,Debuff,identifier,,,,base ability state,,ability-defined,,,,,,,,,medium,"[""HSRC-0004"",""HSRC-0008""]",Strukturierter Modifier-Verweis; die Modifier-Klasse selbst wurde nicht als ausformulierte Spielregel interpretiert.
yamato_crimson_slash,fire_rate_slow,crowd_control,fire_rate_slow,30,percent,,,,base ability state,,ability-defined,,,,,,,,,high,"[""HSRC-0004"",""HSRC-0008""]",
yamato_crimson_slash,heal_fixed_health,healing,heal_fixed_health,55,health,spirit,1.035871,value = 55 + 1.035871 * spirit,base ability state,,ability-defined,,,,,,,,,high,"[""HSRC-0004"",""HSRC-0008""]",
yamato_crimson_slash,radius,targeting,radius,13,meters,radius,1,,base ability state,,ability-defined,,,,,,,,,high,"[""HSRC-0004"",""HSRC-0008""]",
yamato_shadow_transformation,ability_channel_time,stat,ability_channel_time,1.5,seconds,,,,base ability state,,ability-defined,,,,,,,,,high,"[""HSRC-0004"",""HSRC-0008""]",
yamato_shadow_transformation,ability_cooldown,cooldown,ability_cooldown,150,seconds,cooldown,1,,base ability state,,ability-defined,,,,,,150,,,high,"[""HSRC-0004"",""HSRC-0008""]",
yamato_shadow_transformation,ability_duration,stat,ability_duration,5,seconds,duration,1,,base ability state,,ability-defined,,,,,5,,,,high,"[""HSRC-0004"",""HSRC-0008""]",
yamato_shadow_transformation,ability_speed_pct,movement,ability_speed_pct,60,percent,,,,base ability state,,ability-defined,,,,,,,,,high,"[""HSRC-0004"",""HSRC-0008""]",
yamato_shadow_transformation,ability_unit_target_limit,targeting,ability_unit_target_limit,1,count,,,,base ability state,,ability-defined,,,,,,,,,high,"[""HSRC-0004"",""HSRC-0008""]",
yamato_shadow_transformation,auto_channel_modifier,special_rule,auto_channel_modifier,Channel,identifier,,,,base ability state,,ability-defined,,,,,,,,,medium,"[""HSRC-0004"",""HSRC-0008""]",Strukturierter Modifier-Verweis; die Modifier-Klasse selbst wurde nicht als ausformulierte Spielregel interpretiert.
yamato_shadow_transformation,auto_channel_modifier_enabled_state_mask_1,stat,auto_channel_modifier_enabled_state_mask_1,Invulnerable,identifier,,,,base ability state,,ability-defined,,,,,,,,,high,"[""HSRC-0004"",""HSRC-0008""]",
yamato_shadow_transformation,auto_channel_modifier_enabled_state_mask_2,stat,auto_channel_modifier_enabled_state_mask_2,TechUntargetable,identifier,,,,base ability state,,ability-defined,,,,,,,,,high,"[""HSRC-0004"",""HSRC-0008""]",
yamato_shadow_transformation,auto_channel_modifier_enabled_state_mask_3,stat,auto_channel_modifier_enabled_state_mask_3,UnitStatusHealthHidden,identifier,,,,base ability state,,ability-defined,,,,,,,,,high,"[""HSRC-0004"",""HSRC-0008""]",
yamato_shadow_transformation,auto_channel_modifier_enabled_state_mask_4,stat,auto_channel_modifier_enabled_state_mask_4,IgnoreBullets,identifier,,,,base ability state,,ability-defined,,,,,,,,,high,"[""HSRC-0004"",""HSRC-0008""]",
yamato_shadow_transformation,auto_channel_modifier_enabled_state_mask_5,stat,auto_channel_modifier_enabled_state_mask_5,IgnoreMelee,identifier,,,,base ability state,,ability-defined,,,,,,,,,high,"[""HSRC-0004"",""HSRC-0008""]",
yamato_shadow_transformation,auto_channel_modifier_enabled_state_mask_6,stat,auto_channel_modifier_enabled_state_mask_6,StatusImmune,identifier,,,,base ability state,,ability-defined,,,,,,,,,high,"[""HSRC-0004"",""HSRC-0008""]",
yamato_shadow_transformation,auto_channel_modifier_enabled_state_mask_7,stat,auto_channel_modifier_enabled_state_mask_7,SlowImmune,identifier,,,,base ability state,,ability-defined,,,,,,,,,high,"[""HSRC-0004"",""HSRC-0008""]",
yamato_shadow_transformation,auto_channel_modifier_enabled_state_mask_8,stat,auto_channel_modifier_enabled_state_mask_8,KnockdownImmune,identifier,,,,base ability state,,ability-defined,,,,,,,,,high,"[""HSRC-0004"",""HSRC-0008""]",
yamato_shadow_transformation,auto_channel_modifier_enabled_state_mask_9,stat,auto_channel_modifier_enabled_state_mask_9,Unstoppable,identifier,,,,base ability state,,ability-defined,,,,,,,,,high,"[""HSRC-0004"",""HSRC-0008""]",
yamato_shadow_transformation,buff_modifier,special_rule,buff_modifier,Buff,identifier,,,,base ability state,,ability-defined,,,,,,,,,medium,"[""HSRC-0004"",""HSRC-0008""]",Strukturierter Modifier-Verweis; die Modifier-Klasse selbst wurde nicht als ausformulierte Spielregel interpretiert.
yamato_shadow_transformation,buff_modifier_enabled_state_mask_1,stat,buff_modifier_enabled_state_mask_1,YamatoShadowForm,identifier,,,,base ability state,,ability-defined,,,,,,,,,high,"[""HSRC-0004"",""HSRC-0008""]",
yamato_shadow_transformation,buff_modifier_enabled_state_mask_2,stat,buff_modifier_enabled_state_mask_2,StatusImmune,identifier,,,,base ability state,,ability-defined,,,,,,,,,high,"[""HSRC-0004"",""HSRC-0008""]",
yamato_shadow_transformation,buff_modifier_enabled_state_mask_3,stat,buff_modifier_enabled_state_mask_3,SlowImmune,identifier,,,,base ability state,,ability-defined,,,,,,,,,high,"[""HSRC-0004"",""HSRC-0008""]",
yamato_shadow_transformation,buff_modifier_enabled_state_mask_4,stat,buff_modifier_enabled_state_mask_4,KnockdownImmune,identifier,,,,base ability state,,ability-defined,,,,,,,,,high,"[""HSRC-0004"",""HSRC-0008""]",
yamato_shadow_transformation,buff_modifier_enabled_state_mask_5,stat,buff_modifier_enabled_state_mask_5,Unstoppable,identifier,,,,base ability state,,ability-defined,,,,,,,,,high,"[""HSRC-0004"",""HSRC-0008""]",
yamato_shadow_transformation,buff_modifier_disabled_state_mask_1,stat,buff_modifier_disabled_state_mask_1,Disarmed,identifier,,,,base ability state,,ability-defined,,,,,,,,,high,"[""HSRC-0004"",""HSRC-0008""]",
yamato_shadow_transformation,buff_modifier_disabled_state_mask_2,stat,buff_modifier_disabled_state_mask_2,Muted,identifier,,,,base ability state,,ability-defined,,,,,,,,,high,"[""HSRC-0004"",""HSRC-0008""]",
yamato_shadow_transformation,buff_modifier_disabled_state_mask_3,stat,buff_modifier_disabled_state_mask_3,Silenced,identifier,,,,base ability state,,ability-defined,,,,,,,,,high,"[""HSRC-0004"",""HSRC-0008""]",
yamato_shadow_transformation,buff_modifier_disabled_state_mask_4,stat,buff_modifier_disabled_state_mask_4,SilenceMovementAbilites,identifier,,,,base ability state,,ability-defined,,,,,,,,,high,"[""HSRC-0004"",""HSRC-0008""]",
yamato_shadow_transformation,buff_modifier_disabled_state_mask_5,stat,buff_modifier_disabled_state_mask_5,Slowed,identifier,,,,base ability state,,ability-defined,,,,,,,,,high,"[""HSRC-0004"",""HSRC-0008""]",
yamato_shadow_transformation,buff_modifier_disabled_state_mask_6,stat,buff_modifier_disabled_state_mask_6,Glitched,identifier,,,,base ability state,,ability-defined,,,,,,,,,high,"[""HSRC-0004"",""HSRC-0008""]",
yamato_shadow_transformation,buff_modifier_disabled_state_mask_7,stat,buff_modifier_disabled_state_mask_7,MeleeDisabledDebuff,identifier,,,,base ability state,,ability-defined,,,,,,,,,high,"[""HSRC-0004"",""HSRC-0008""]",
yamato_shadow_transformation,buff_modifier_disabled_state_mask_8,stat,buff_modifier_disabled_state_mask_8,DashDisabledDebuff,identifier,,,,base ability state,,ability-defined,,,,,,,,,high,"[""HSRC-0004"",""HSRC-0008""]",
yamato_shadow_transformation,buff_timer_modifier,special_rule,buff_timer_modifier,Timer,identifier,,,,base ability state,,ability-defined,,,,,,,,,medium,"[""HSRC-0004"",""HSRC-0008""]",Strukturierter Modifier-Verweis; die Modifier-Klasse selbst wurde nicht als ausformulierte Spielregel interpretiert.
yamato_shadow_transformation,bullet_resist,defense,bullet_resist,30,percent,,,,base ability state,,ability-defined,,,,,,,,,high,"[""HSRC-0004"",""HSRC-0008""]",
yamato_shadow_transformation,max_health_regen,healing,max_health_regen,15,health,healing,1,,base ability state,,ability-defined,,,,,,,,,high,"[""HSRC-0004"",""HSRC-0008""]",
yamato_shadow_transformation,shadow_form_duration_on_kill,stat,shadow_form_duration_on_kill,2,seconds,duration,1,,base ability state,,ability-defined,,,,,2,,,,high,"[""HSRC-0004"",""HSRC-0008""]",
yamato_shadow_transformation,tech_resist,defense,tech_resist,30,percent,,,,base ability state,,ability-defined,,,,,,,,,high,"[""HSRC-0004"",""HSRC-0008""]",
abrams_shoulder_charge,slow_percent,crowd_control,slow_percent,,percent,,,,unlocked or modified by tier 1,,ability-defined,,,,,,,,,high,"[""HSRC-0004"",""HSRC-0008""]",Platzhalter-Basiseffekt für eine erst durch ein Upgrade exponierte Mechanik.
abrams_shoulder_charge,slow_duration,crowd_control,slow_duration,,seconds,,,,unlocked or modified by tier 1,,ability-defined,,,,,,,,,high,"[""HSRC-0004"",""HSRC-0008""]",Platzhalter-Basiseffekt für eine erst durch ein Upgrade exponierte Mechanik.
abrams_shoulder_charge,weapon_damage_bonus,damage,weapon_damage_bonus,,damage,,,,unlocked or modified by tier 3,,ability-defined,,,,,,,,,high,"[""HSRC-0004"",""HSRC-0008""]",Platzhalter-Basiseffekt für eine erst durch ein Upgrade exponierte Mechanik.
abrams_shoulder_charge,weapon_power_increase_duration,stat,weapon_power_increase_duration,,seconds,,,,unlocked or modified by tier 3,,ability-defined,,,,,,,,,high,"[""HSRC-0004"",""HSRC-0008""]",Platzhalter-Basiseffekt für eine erst durch ein Upgrade exponierte Mechanik.
abrams_infernal_resilience,bonus_max_health,healing,bonus_max_health,,health,,,,unlocked or modified by tier 1,,ability-defined,,,,,,,,,high,"[""HSRC-0004"",""HSRC-0008""]",Platzhalter-Basiseffekt für eine erst durch ein Upgrade exponierte Mechanik.
abrams_infernal_resilience,melee_lifesteal,healing,melee_lifesteal,,percent,,,,unlocked or modified by tier 2,,ability-defined,,,,,,,,,high,"[""HSRC-0004"",""HSRC-0008""]",Platzhalter-Basiseffekt für eine erst durch ein Upgrade exponierte Mechanik.
abrams_infernal_resilience,status_resistance_percent,defense,status_resistance_percent,,percent,,,,unlocked or modified by tier 3,,ability-defined,,,,,,,,,high,"[""HSRC-0004"",""HSRC-0008""]",Platzhalter-Basiseffekt für eine erst durch ein Upgrade exponierte Mechanik.
abrams_seismic_impact,immunity_duration,defense,immunity_duration,,seconds,,,,unlocked or modified by tier 3,,ability-defined,,,,,,,,,high,"[""HSRC-0004"",""HSRC-0008""]",Platzhalter-Basiseffekt für eine erst durch ein Upgrade exponierte Mechanik.
apollo_disengaging_sigil,bonus_fire_rate,stat,bonus_fire_rate,,percent,,,,unlocked or modified by tier 1,,ability-defined,,,,,,,,,high,"[""HSRC-0004"",""HSRC-0008""]",Platzhalter-Basiseffekt für eine erst durch ein Upgrade exponierte Mechanik.
apollo_disengaging_sigil,bonus_bullet_speed_percent,movement,bonus_bullet_speed_percent,,percent,,,,unlocked or modified by tier 1,,ability-defined,,,,,,,,,high,"[""HSRC-0004"",""HSRC-0008""]",Platzhalter-Basiseffekt für eine erst durch ein Upgrade exponierte Mechanik.
apollo_disengaging_sigil,buff_duration,stat,buff_duration,,seconds,,,,unlocked or modified by tier 1,,ability-defined,,,,,,,,,high,"[""HSRC-0004"",""HSRC-0008""]",Platzhalter-Basiseffekt für eine erst durch ein Upgrade exponierte Mechanik.
apollo_disengaging_sigil,stamina_to_restore,stat,stamina_to_restore,,flat,,,,unlocked or modified by tier 2,,ability-defined,,,,,,,,,high,"[""HSRC-0004"",""HSRC-0008""]",Platzhalter-Basiseffekt für eine erst durch ein Upgrade exponierte Mechanik.
apollo_disengaging_sigil,resets_air_limit,stat,resets_air_limit,,flat,,,,unlocked or modified by tier 2,,ability-defined,,,,,,,,,high,"[""HSRC-0004"",""HSRC-0008""]",Platzhalter-Basiseffekt für eine erst durch ein Upgrade exponierte Mechanik.
apollo_disengaging_sigil,recast_time,stat,recast_time,,seconds,,,,unlocked or modified by tier 3,,ability-defined,,,,,,,,,high,"[""HSRC-0004"",""HSRC-0008""]",Platzhalter-Basiseffekt für eine erst durch ein Upgrade exponierte Mechanik.
apollo_riposte,target_lifesteal,healing,target_lifesteal,,percent,,,,unlocked or modified by tier 3,,ability-defined,,,,,,,,,high,"[""HSRC-0004"",""HSRC-0008""]",Platzhalter-Basiseffekt für eine erst durch ein Upgrade exponierte Mechanik.
apollo_riposte,target_lifesteal_duration,healing,target_lifesteal_duration,,percent,,,,unlocked or modified by tier 3,,ability-defined,,,,,,,,,high,"[""HSRC-0004"",""HSRC-0008""]",Platzhalter-Basiseffekt für eine erst durch ein Upgrade exponierte Mechanik.
apollo_flawless_advance,bullet_resist,defense,bullet_resist,,percent,,,,unlocked or modified by tier 2,,ability-defined,,,,,,,,,high,"[""HSRC-0004"",""HSRC-0008""]",Platzhalter-Basiseffekt für eine erst durch ein Upgrade exponierte Mechanik.
apollo_flawless_advance,dash_buff_duration,movement,dash_buff_duration,,seconds,,,,unlocked or modified by tier 2,,ability-defined,,,,,,,,,high,"[""HSRC-0004"",""HSRC-0008""]",Platzhalter-Basiseffekt für eine erst durch ein Upgrade exponierte Mechanik.
bebop_exploding_uppercut,uppercut_buff_on_hit,stat,uppercut_buff_on_hit,,flat,,,,unlocked or modified by tier 2,,ability-defined,,,,,,,,,high,"[""HSRC-0004"",""HSRC-0008""]",Platzhalter-Basiseffekt für eine erst durch ein Upgrade exponierte Mechanik.
bebop_exploding_uppercut,buff_base_weapon_pct,stat,buff_base_weapon_pct,,percent,,,,unlocked or modified by tier 2,,ability-defined,,,,,,,,,high,"[""HSRC-0004"",""HSRC-0008""]",Platzhalter-Basiseffekt für eine erst durch ein Upgrade exponierte Mechanik.
bebop_exploding_uppercut,restore_hook_cooldown,cooldown,restore_hook_cooldown,,seconds,,,,unlocked or modified by tier 3,,ability-defined,,,,,,,,,high,"[""HSRC-0004"",""HSRC-0008""]",Platzhalter-Basiseffekt für eine erst durch ein Upgrade exponierte Mechanik.
bebop_exploding_uppercut,missing_hp_heal,healing,missing_hp_heal,,health,,,,unlocked or modified by tier 3,,ability-defined,,,,,,,,,high,"[""HSRC-0004"",""HSRC-0008""]",Platzhalter-Basiseffekt für eine erst durch ein Upgrade exponierte Mechanik.
bebop_sticky_bomb,movement_speed_bonus,movement,movement_speed_bonus,,units_per_second,,,,unlocked or modified by tier 3,,ability-defined,,,,,,,,,high,"[""HSRC-0004"",""HSRC-0008""]",Platzhalter-Basiseffekt für eine erst durch ein Upgrade exponierte Mechanik.
bebop_sticky_bomb,status_resistance_percent,defense,status_resistance_percent,,percent,,,,unlocked or modified by tier 3,,ability-defined,,,,,,,,,high,"[""HSRC-0004"",""HSRC-0008""]",Platzhalter-Basiseffekt für eine erst durch ein Upgrade exponierte Mechanik.
bebop_sticky_bomb,movement_speed_bonus_duration,movement,movement_speed_bonus_duration,,seconds,,,,unlocked or modified by tier 3,,ability-defined,,,,,,,,,high,"[""HSRC-0004"",""HSRC-0008""]",Platzhalter-Basiseffekt für eine erst durch ein Upgrade exponierte Mechanik.
bebop_grapple_arm,bullet_amp,stat,bullet_amp,,percent,,,,unlocked or modified by tier 1,,ability-defined,,,,,,,,,high,"[""HSRC-0004"",""HSRC-0008""]",Platzhalter-Basiseffekt für eine erst durch ein Upgrade exponierte Mechanik.
bebop_grapple_arm,bullet_amp_duration,stat,bullet_amp_duration,,seconds,,,,unlocked or modified by tier 1,,ability-defined,,,,,,,,,high,"[""HSRC-0004"",""HSRC-0008""]",Platzhalter-Basiseffekt für eine erst durch ein Upgrade exponierte Mechanik.
bebop_hyper_beam,beam_lifesteal,healing,beam_lifesteal,,percent,,,,unlocked or modified by tier 3,,ability-defined,,,,,,,,,high,"[""HSRC-0004"",""HSRC-0008""]",Platzhalter-Basiseffekt für eine erst durch ein Upgrade exponierte Mechanik.
bebop_hyper_beam,beam_lifesteal_non_hero_percent,healing,beam_lifesteal_non_hero_percent,,percent,,,,unlocked or modified by tier 3,,ability-defined,,,,,,,,,high,"[""HSRC-0004"",""HSRC-0008""]",Platzhalter-Basiseffekt für eine erst durch ein Upgrade exponierte Mechanik.
billy_bashdown,counts_as_heavy_melee,stat,counts_as_heavy_melee,,count,,,,unlocked or modified by tier 3,,ability-defined,,,,,,,,,high,"[""HSRC-0004"",""HSRC-0008""]",Platzhalter-Basiseffekt für eine erst durch ein Upgrade exponierte Mechanik.
billy_rising_ram,weapon_damage_burst,damage,weapon_damage_burst,,damage,,,,unlocked or modified by tier 1,,ability-defined,,,,,,,,,high,"[""HSRC-0004"",""HSRC-0008""]",Platzhalter-Basiseffekt für eine erst durch ein Upgrade exponierte Mechanik.
billy_rising_ram,weapon_damage_burst_duration,damage,weapon_damage_burst_duration,,seconds,,,,unlocked or modified by tier 1,,ability-defined,,,,,,,,,high,"[""HSRC-0004"",""HSRC-0008""]",Platzhalter-Basiseffekt für eine erst durch ein Upgrade exponierte Mechanik.
billy_rising_ram,max_health_buff_pct,healing,max_health_buff_pct,,percent,,,,unlocked or modified by tier 3,,ability-defined,,,,,,,,,high,"[""HSRC-0004"",""HSRC-0008""]",Platzhalter-Basiseffekt für eine erst durch ein Upgrade exponierte Mechanik.
billy_rising_ram,max_health_buff_duration,healing,max_health_buff_duration,,seconds,,,,unlocked or modified by tier 3,,ability-defined,,,,,,,,,high,"[""HSRC-0004"",""HSRC-0008""]",Platzhalter-Basiseffekt für eine erst durch ein Upgrade exponierte Mechanik.
billy_blasted,bonus_move_speed,movement,bonus_move_speed,,units_per_second,,,,unlocked or modified by tier 1,,ability-defined,,,,,,,,,high,"[""HSRC-0004"",""HSRC-0008""]",Platzhalter-Basiseffekt für eine erst durch ein Upgrade exponierte Mechanik.
billy_blasted,gain_slam_on_use,stat,gain_slam_on_use,,flat,,,,unlocked or modified by tier 2,,ability-defined,,,,,,,,,high,"[""HSRC-0004"",""HSRC-0008""]",Platzhalter-Basiseffekt für eine erst durch ein Upgrade exponierte Mechanik.
billy_chain_gang,bullet_resist,defense,bullet_resist,,percent,,,,unlocked or modified by tier 1,,ability-defined,,,,,,,,,high,"[""HSRC-0004"",""HSRC-0008""]",Platzhalter-Basiseffekt für eine erst durch ein Upgrade exponierte Mechanik.
billy_chain_gang,tech_resist,defense,tech_resist,,percent,,,,unlocked or modified by tier 1,,ability-defined,,,,,,,,,high,"[""HSRC-0004"",""HSRC-0008""]",Platzhalter-Basiseffekt für eine erst durch ein Upgrade exponierte Mechanik.
billy_chain_gang,unstoppable_per_hero,defense,unstoppable_per_hero,,flat,,,,unlocked or modified by tier 3,,ability-defined,,,,,,,,,high,"[""HSRC-0004"",""HSRC-0008""]",Platzhalter-Basiseffekt für eine erst durch ein Upgrade exponierte Mechanik.
calico_gloom_bombs,melee_resist_reduction,defense,melee_resist_reduction,,percent,,,,unlocked or modified by tier 2,,ability-defined,,,,,,,,,high,"[""HSRC-0004"",""HSRC-0008""]",Platzhalter-Basiseffekt für eine erst durch ein Upgrade exponierte Mechanik.
calico_gloom_bombs,melee_resist_reduction_duration,defense,melee_resist_reduction_duration,,percent,,,,unlocked or modified by tier 2,,ability-defined,,,,,,,,,high,"[""HSRC-0004"",""HSRC-0008""]",Platzhalter-Basiseffekt für eine erst durch ein Upgrade exponierte Mechanik.
calico_leaping_slash,bonus_gold_on_kill,stat,bonus_gold_on_kill,,flat,,,,unlocked or modified by tier 2,,ability-defined,,,,,,,,,high,"[""HSRC-0004"",""HSRC-0008""]",Platzhalter-Basiseffekt für eine erst durch ein Upgrade exponierte Mechanik.
calico_leaping_slash,bounty_duration,stat,bounty_duration,,seconds,,,,unlocked or modified by tier 2,,ability-defined,,,,,,,,,high,"[""HSRC-0004"",""HSRC-0008""]",Platzhalter-Basiseffekt für eine erst durch ein Upgrade exponierte Mechanik.
calico_leaping_slash,cooldown_refund_percent,cooldown,cooldown_refund_percent,,percent,,,,unlocked or modified by tier 3,,ability-defined,,,,,,,,,high,"[""HSRC-0004"",""HSRC-0008""]",Platzhalter-Basiseffekt für eine erst durch ein Upgrade exponierte Mechanik.
calico_ava,health_regen,healing,health_regen,,health,,,,unlocked or modified by tier 2,,ability-defined,,,,,,,,,high,"[""HSRC-0004"",""HSRC-0008""]",Platzhalter-Basiseffekt für eine erst durch ein Upgrade exponierte Mechanik.
calico_ava,outgoing_damage_percent,damage,outgoing_damage_percent,,percent,,,,unlocked or modified by tier 3,,ability-defined,,,,,,,,,high,"[""HSRC-0004"",""HSRC-0008""]",Platzhalter-Basiseffekt für eine erst durch ein Upgrade exponierte Mechanik.
calico_ava,damage_amp_duration,damage,damage_amp_duration,,seconds,,,,unlocked or modified by tier 3,,ability-defined,,,,,,,,,high,"[""HSRC-0004"",""HSRC-0008""]",Platzhalter-Basiseffekt für eine erst durch ein Upgrade exponierte Mechanik.
calico_ava,damage_amp_build_duration,damage,damage_amp_build_duration,,seconds,,,,unlocked or modified by tier 3,,ability-defined,,,,,,,,,high,"[""HSRC-0004"",""HSRC-0008""]",Platzhalter-Basiseffekt für eine erst durch ein Upgrade exponierte Mechanik.
calico_return_to_shadows,refund_cooldowns,cooldown,refund_cooldowns,,seconds,,,,unlocked or modified by tier 3,,ability-defined,,,,,,,,,high,"[""HSRC-0004"",""HSRC-0008""]",Platzhalter-Basiseffekt für eine erst durch ein Upgrade exponierte Mechanik.
calico_return_to_shadows,heal_amount,healing,heal_amount,,health,,,,unlocked or modified by tier 3,,ability-defined,,,,,,,,,high,"[""HSRC-0004"",""HSRC-0008""]",Platzhalter-Basiseffekt für eine erst durch ein Upgrade exponierte Mechanik.
celeste_dazzling_trick,bonus_move_speed,movement,bonus_move_speed,,units_per_second,,,,unlocked or modified by tier 1,,ability-defined,,,,,,,,,high,"[""HSRC-0004"",""HSRC-0008""]",Platzhalter-Basiseffekt für eine erst durch ein Upgrade exponierte Mechanik.
celeste_radiant_daggers,fire_rate_per_stack,passive_proc,fire_rate_per_stack,,percent,,,,unlocked or modified by tier 3,,ability-defined,,,,,,,,,high,"[""HSRC-0004"",""HSRC-0008""]",Platzhalter-Basiseffekt für eine erst durch ein Upgrade exponierte Mechanik.
drifter_rend,debuff_duration,crowd_control,debuff_duration,,seconds,,,,unlocked or modified by tier 3,,ability-defined,,,,,,,,,high,"[""HSRC-0004"",""HSRC-0008""]",Platzhalter-Basiseffekt für eine erst durch ein Upgrade exponierte Mechanik.
drifter_rend,use_heavy_melee,stat,use_heavy_melee,,flat,,,,unlocked or modified by tier 3,,ability-defined,,,,,,,,,high,"[""HSRC-0004"",""HSRC-0008""]",Platzhalter-Basiseffekt für eine erst durch ein Upgrade exponierte Mechanik.
drifter_stalker_s_mark,bullet_resist_reduction,defense,bullet_resist_reduction,,percent,,,,unlocked or modified by tier 1,,ability-defined,,,,,,,,,high,"[""HSRC-0004"",""HSRC-0008""]",Platzhalter-Basiseffekt für eine erst durch ein Upgrade exponierte Mechanik.
drifter_stalker_s_mark,heal_amp_receive_penalty_percent,healing,heal_amp_receive_penalty_percent,,percent,,,,unlocked or modified by tier 3,,ability-defined,,,,,,,,,high,"[""HSRC-0004"",""HSRC-0008""]",Platzhalter-Basiseffekt für eine erst durch ein Upgrade exponierte Mechanik.
drifter_stalker_s_mark,heal_amp_regen_penalty_percent,healing,heal_amp_regen_penalty_percent,,percent,,,,unlocked or modified by tier 3,,ability-defined,,,,,,,,,high,"[""HSRC-0004"",""HSRC-0008""]",Platzhalter-Basiseffekt für eine erst durch ein Upgrade exponierte Mechanik.
drifter_bloodscent,bonus_move_speed,movement,bonus_move_speed,,units_per_second,,,,unlocked or modified by tier 1,,ability-defined,,,,,,,,,high,"[""HSRC-0004"",""HSRC-0008""]",Platzhalter-Basiseffekt für eine erst durch ein Upgrade exponierte Mechanik.
drifter_bloodscent,stamina_to_restore,stat,stamina_to_restore,,flat,,,,unlocked or modified by tier 2,,ability-defined,,,,,,,,,high,"[""HSRC-0004"",""HSRC-0008""]",Platzhalter-Basiseffekt für eine erst durch ein Upgrade exponierte Mechanik.
dynamo_kinetic_pulse,bullet_resist_reduction,defense,bullet_resist_reduction,,percent,,,,unlocked or modified by tier 2,,ability-defined,,,,,,,,,high,"[""HSRC-0004"",""HSRC-0008""]",Platzhalter-Basiseffekt für eine erst durch ein Upgrade exponierte Mechanik.
dynamo_kinetic_pulse,slow_percent,crowd_control,slow_percent,,percent,,,,unlocked or modified by tier 2,,ability-defined,,,,,,,,,high,"[""HSRC-0004"",""HSRC-0008""]",Platzhalter-Basiseffekt für eine erst durch ein Upgrade exponierte Mechanik.
dynamo_kinetic_pulse,slow_duration,crowd_control,slow_duration,,seconds,,,,unlocked or modified by tier 2,,ability-defined,,,,,,,,,high,"[""HSRC-0004"",""HSRC-0008""]",Platzhalter-Basiseffekt für eine erst durch ein Upgrade exponierte Mechanik.
dynamo_quantum_entanglement,reduce_debuffs,crowd_control,reduce_debuffs,,flat,,,,unlocked or modified by tier 3,,ability-defined,,,,,,,,,high,"[""HSRC-0004"",""HSRC-0008""]",Platzhalter-Basiseffekt für eine erst durch ein Upgrade exponierte Mechanik.
dynamo_quantum_entanglement,charge_replenish,charge,charge_replenish,,charges,,,,unlocked or modified by tier 3,,ability-defined,,,,,,,,,high,"[""HSRC-0004"",""HSRC-0008""]",Platzhalter-Basiseffekt für eine erst durch ein Upgrade exponierte Mechanik.
dynamo_rejuvenating_aurora,movement_speed_bonus,movement,movement_speed_bonus,,units_per_second,,,,unlocked or modified by tier 1,,ability-defined,,,,,,,,,high,"[""HSRC-0004"",""HSRC-0008""]",Platzhalter-Basiseffekt für eine erst durch ein Upgrade exponierte Mechanik.
dynamo_rejuvenating_aurora,movement_speed_bonus_duration,movement,movement_speed_bonus_duration,,seconds,,,,unlocked or modified by tier 1,,ability-defined,,,,,,,,,high,"[""HSRC-0004"",""HSRC-0008""]",Platzhalter-Basiseffekt für eine erst durch ein Upgrade exponierte Mechanik.
dynamo_rejuvenating_aurora,no_channel,stat,no_channel,,flat,,,,unlocked or modified by tier 3,,ability-defined,,,,,,,,,high,"[""HSRC-0004"",""HSRC-0008""]",Platzhalter-Basiseffekt für eine erst durch ein Upgrade exponierte Mechanik.
dynamo_rejuvenating_aurora,heal_max_health_percent,healing,heal_max_health_percent,,percent,,,,unlocked or modified by tier 3,,ability-defined,,,,,,,,,high,"[""HSRC-0004"",""HSRC-0008""]",Platzhalter-Basiseffekt für eine erst durch ein Upgrade exponierte Mechanik.
dynamo_singularity,dps_percent_health,damage,dps_percent_health,,percent,,,,unlocked or modified by tier 3,,ability-defined,,,,,,,,,high,"[""HSRC-0004"",""HSRC-0008""]",Platzhalter-Basiseffekt für eine erst durch ein Upgrade exponierte Mechanik.
graves_jar_of_dead,slow_percent,crowd_control,slow_percent,,percent,,,,unlocked or modified by tier 2,,ability-defined,,,,,,,,,high,"[""HSRC-0004"",""HSRC-0008""]",Platzhalter-Basiseffekt für eine erst durch ein Upgrade exponierte Mechanik.
graves_jar_of_dead,slow_duration,crowd_control,slow_duration,,seconds,,,,unlocked or modified by tier 2,,ability-defined,,,,,,,,,high,"[""HSRC-0004"",""HSRC-0008""]",Platzhalter-Basiseffekt für eine erst durch ein Upgrade exponierte Mechanik.
graves_essence_theft,skull_build_up,summon,skull_build_up,,flat,,,,unlocked or modified by tier 3,,ability-defined,,,,,,,,,high,"[""HSRC-0004"",""HSRC-0008""]",Platzhalter-Basiseffekt für eine erst durch ein Upgrade exponierte Mechanik.
graves_essence_theft,zombie_melee_build_up,summon,zombie_melee_build_up,,flat,,,,unlocked or modified by tier 3,,ability-defined,,,,,,,,,high,"[""HSRC-0004"",""HSRC-0008""]",Platzhalter-Basiseffekt für eine erst durch ein Upgrade exponierte Mechanik.
graves_essence_theft,zombie_explosion_build_up,summon,zombie_explosion_build_up,,flat,,,,unlocked or modified by tier 3,,ability-defined,,,,,,,,,high,"[""HSRC-0004"",""HSRC-0008""]",Platzhalter-Basiseffekt für eine erst durch ein Upgrade exponierte Mechanik.
graves_borrowed_decree,move_speed_percent,movement,move_speed_percent,,percent,,,,unlocked or modified by tier 1,,ability-defined,,,,,,,,,high,"[""HSRC-0004"",""HSRC-0008""]",Platzhalter-Basiseffekt für eine erst durch ein Upgrade exponierte Mechanik.
graves_borrowed_decree,current_health_damage_percentage,damage,current_health_damage_percentage,,percent,,,,unlocked or modified by tier 3,,ability-defined,,,,,,,,,high,"[""HSRC-0004"",""HSRC-0008""]",Platzhalter-Basiseffekt für eine erst durch ein Upgrade exponierte Mechanik.
grey_talon_rain_of_arrows,slow_percent,crowd_control,slow_percent,,percent,,,,unlocked or modified by tier 1,,ability-defined,,,,,,,,,high,"[""HSRC-0004"",""HSRC-0008""]",Platzhalter-Basiseffekt für eine erst durch ein Upgrade exponierte Mechanik.
grey_talon_rain_of_arrows,slow_duration,crowd_control,slow_duration,,seconds,,,,unlocked or modified by tier 1,,ability-defined,,,,,,,,,high,"[""HSRC-0004"",""HSRC-0008""]",Platzhalter-Basiseffekt für eine erst durch ein Upgrade exponierte Mechanik.
grey_talon_rain_of_arrows,bullet_lifesteal_percent,healing,bullet_lifesteal_percent,,percent,,,,unlocked or modified by tier 3,,ability-defined,,,,,,,,,high,"[""HSRC-0004"",""HSRC-0008""]",Platzhalter-Basiseffekt für eine erst durch ein Upgrade exponierte Mechanik.
grey_talon_rain_of_arrows,tech_lifesteal_percent,healing,tech_lifesteal_percent,,percent,,,,unlocked or modified by tier 3,,ability-defined,,,,,,,,,high,"[""HSRC-0004"",""HSRC-0008""]",Platzhalter-Basiseffekt für eine erst durch ein Upgrade exponierte Mechanik.
grey_talon_rain_of_arrows,evasion_percent,defense,evasion_percent,,percent,,,,unlocked or modified by tier 3,,ability-defined,,,,,,,,,high,"[""HSRC-0004"",""HSRC-0008""]",Platzhalter-Basiseffekt für eine erst durch ein Upgrade exponierte Mechanik.
grey_talon_spirit_snare,bullet_armor_reduction,defense,bullet_armor_reduction,,percent,,,,unlocked or modified by tier 2,,ability-defined,,,,,,,,,high,"[""HSRC-0004"",""HSRC-0008""]",Platzhalter-Basiseffekt für eine erst durch ein Upgrade exponierte Mechanik.
grey_talon_spirit_snare,debuff_duration,crowd_control,debuff_duration,,seconds,,,,unlocked or modified by tier 2,,ability-defined,,,,,,,,,high,"[""HSRC-0004"",""HSRC-0008""]",Platzhalter-Basiseffekt für eine erst durch ein Upgrade exponierte Mechanik.
grey_talon_guided_owl,low_health_enemy_threshold_pct,healing,low_health_enemy_threshold_pct,,percent,,,,unlocked or modified by tier 3,,ability-defined,,,,,,,,,high,"[""HSRC-0004"",""HSRC-0008""]",Platzhalter-Basiseffekt für eine erst durch ein Upgrade exponierte Mechanik.
haze_sleep_dagger,bullet_resist_reduction,defense,bullet_resist_reduction,,percent,,,,unlocked or modified by tier 1,,ability-defined,,,,,,,,,high,"[""HSRC-0004"",""HSRC-0008""]",Platzhalter-Basiseffekt für eine erst durch ein Upgrade exponierte Mechanik.
haze_sleep_dagger,bullet_resist_reduction_duration,defense,bullet_resist_reduction_duration,,percent,,,,unlocked or modified by tier 1,,ability-defined,,,,,,,,,high,"[""HSRC-0004"",""HSRC-0008""]",Platzhalter-Basiseffekt für eine erst durch ein Upgrade exponierte Mechanik.
haze_sleep_dagger,fixation_stacks,passive_proc,fixation_stacks,,stacks,,,,unlocked or modified by tier 2,,ability-defined,,,,,,,,,high,"[""HSRC-0004"",""HSRC-0008""]",Platzhalter-Basiseffekt für eine erst durch ein Upgrade exponierte Mechanik.
haze_sleep_dagger,slow_percent,crowd_control,slow_percent,,percent,,,,unlocked or modified by tier 3,,ability-defined,,,,,,,,,high,"[""HSRC-0004"",""HSRC-0008""]",Platzhalter-Basiseffekt für eine erst durch ein Upgrade exponierte Mechanik.
haze_sleep_dagger,ground_dash_reduction_percent,movement,ground_dash_reduction_percent,,percent,,,,unlocked or modified by tier 3,,ability-defined,,,,,,,,,high,"[""HSRC-0004"",""HSRC-0008""]",Platzhalter-Basiseffekt für eine erst durch ein Upgrade exponierte Mechanik.
haze_sleep_dagger,debuff_duration,crowd_control,debuff_duration,,seconds,,,,unlocked or modified by tier 3,,ability-defined,,,,,,,,,high,"[""HSRC-0004"",""HSRC-0008""]",Platzhalter-Basiseffekt für eine erst durch ein Upgrade exponierte Mechanik.
haze_smoke_bomb,invis_move_speed_mod,movement,invis_move_speed_mod,,units_per_second,,,,unlocked or modified by tier 1,,ability-defined,,,,,,,,,high,"[""HSRC-0004"",""HSRC-0008""]",Platzhalter-Basiseffekt für eine erst durch ein Upgrade exponierte Mechanik.
haze_smoke_bomb,ability_charges,charge,ability_charges,,charges,,,,unlocked or modified by tier 2,,ability-defined,,,,,,,,,high,"[""HSRC-0004"",""HSRC-0008""]",Platzhalter-Basiseffekt für eine erst durch ein Upgrade exponierte Mechanik.
haze_smoke_bomb,ability_cooldown_between_charge,cooldown,ability_cooldown_between_charge,,seconds,,,,unlocked or modified by tier 2,,ability-defined,,,,,,,,,high,"[""HSRC-0004"",""HSRC-0008""]",Platzhalter-Basiseffekt für eine erst durch ein Upgrade exponierte Mechanik.
haze_smoke_bomb,bullet_lifesteal,healing,bullet_lifesteal,,percent,,,,unlocked or modified by tier 3,,ability-defined,,,,,,,,,high,"[""HSRC-0004"",""HSRC-0008""]",Platzhalter-Basiseffekt für eine erst durch ein Upgrade exponierte Mechanik.
haze_smoke_bomb,post_invis_buff_duration,stat,post_invis_buff_duration,,seconds,,,,unlocked or modified by tier 3,,ability-defined,,,,,,,,,high,"[""HSRC-0004"",""HSRC-0008""]",Platzhalter-Basiseffekt für eine erst durch ein Upgrade exponierte Mechanik.
haze_smoke_bomb,dispel_on_use,stat,dispel_on_use,,flat,,,,unlocked or modified by tier 3,,ability-defined,,,,,,,,,high,"[""HSRC-0004"",""HSRC-0008""]",Platzhalter-Basiseffekt für eine erst durch ein Upgrade exponierte Mechanik.
haze_fixation,proc_damage_stack_count,damage,proc_damage_stack_count,,damage,,,,unlocked or modified by tier 1,,ability-defined,,,,,,,,,high,"[""HSRC-0004"",""HSRC-0008""]",Platzhalter-Basiseffekt für eine erst durch ein Upgrade exponierte Mechanik.
haze_fixation,slow_percent,crowd_control,slow_percent,,percent,,,,unlocked or modified by tier 1,,ability-defined,,,,,,,,,high,"[""HSRC-0004"",""HSRC-0008""]",Platzhalter-Basiseffekt für eine erst durch ein Upgrade exponierte Mechanik.
haze_fixation,slow_duration,crowd_control,slow_duration,,seconds,,,,unlocked or modified by tier 1,,ability-defined,,,,,,,,,high,"[""HSRC-0004"",""HSRC-0008""]",Platzhalter-Basiseffekt für eine erst durch ein Upgrade exponierte Mechanik.
holliday_bounce_pad,speed_on_land,movement,speed_on_land,,units_per_second,,,,unlocked or modified by tier 2,,ability-defined,,,,,,,,,high,"[""HSRC-0004"",""HSRC-0008""]",Platzhalter-Basiseffekt für eine erst durch ein Upgrade exponierte Mechanik.
holliday_bounce_pad,speed_on_land_duration,movement,speed_on_land_duration,,seconds,,,,unlocked or modified by tier 2,,ability-defined,,,,,,,,,high,"[""HSRC-0004"",""HSRC-0008""]",Platzhalter-Basiseffekt für eine erst durch ein Upgrade exponierte Mechanik.
holliday_bounce_pad,stomp_stun_duration,crowd_control,stomp_stun_duration,,seconds,,,,unlocked or modified by tier 3,,ability-defined,,,,,,,,,high,"[""HSRC-0004"",""HSRC-0008""]",Platzhalter-Basiseffekt für eine erst durch ein Upgrade exponierte Mechanik.
holliday_crackshot,ability_cooldown_per_headshot,cooldown,ability_cooldown_per_headshot,,seconds,,,,unlocked or modified by tier 3,,ability-defined,,,,,,,,,high,"[""HSRC-0004"",""HSRC-0008""]",Platzhalter-Basiseffekt für eine erst durch ein Upgrade exponierte Mechanik.
holliday_crackshot,ability_cooldown_per_headshot_npc,cooldown,ability_cooldown_per_headshot_npc,,seconds,,,,unlocked or modified by tier 3,,ability-defined,,,,,,,,,high,"[""HSRC-0004"",""HSRC-0008""]",Platzhalter-Basiseffekt für eine erst durch ein Upgrade exponierte Mechanik.
infernus_napalm,lifesteal_percent_hero,healing,lifesteal_percent_hero,,percent,,,,unlocked or modified by tier 2,,ability-defined,,,,,,,,,high,"[""HSRC-0004"",""HSRC-0008""]",Platzhalter-Basiseffekt für eine erst durch ein Upgrade exponierte Mechanik.
infernus_napalm,heal_amp_receive_penalty_percent,healing,heal_amp_receive_penalty_percent,,percent,,,,unlocked or modified by tier 3,,ability-defined,,,,,,,,,high,"[""HSRC-0004"",""HSRC-0008""]",Platzhalter-Basiseffekt für eine erst durch ein Upgrade exponierte Mechanik.
infernus_napalm,heal_amp_regen_penalty_percent,healing,heal_amp_regen_penalty_percent,,percent,,,,unlocked or modified by tier 3,,ability-defined,,,,,,,,,high,"[""HSRC-0004"",""HSRC-0008""]",Platzhalter-Basiseffekt für eine erst durch ein Upgrade exponierte Mechanik.
infernus_flame_dash,ability_charges,charge,ability_charges,,charges,,,,unlocked or modified by tier 3,,ability-defined,,,,,,,,,high,"[""HSRC-0004"",""HSRC-0008""]",Platzhalter-Basiseffekt für eine erst durch ein Upgrade exponierte Mechanik.
infernus_flame_dash,ability_cooldown_between_charge,cooldown,ability_cooldown_between_charge,,seconds,,,,unlocked or modified by tier 3,,ability-defined,,,,,,,,,high,"[""HSRC-0004"",""HSRC-0008""]",Platzhalter-Basiseffekt für eine erst durch ein Upgrade exponierte Mechanik.
infernus_afterburn,outgoing_tech_damage_percent,damage,outgoing_tech_damage_percent,,percent,,,,unlocked or modified by tier 2,,ability-defined,,,,,,,,,high,"[""HSRC-0004"",""HSRC-0008""]",Platzhalter-Basiseffekt für eine erst durch ein Upgrade exponierte Mechanik.
infernus_concussive_combustion,life_steal_percent_on_hit,stat,life_steal_percent_on_hit,,percent,,,,unlocked or modified by tier 2,,ability-defined,,,,,,,,,high,"[""HSRC-0004"",""HSRC-0008""]",Platzhalter-Basiseffekt für eine erst durch ein Upgrade exponierte Mechanik.
ivy_entangling_thorns,time_to_entangle,targeting,time_to_entangle,,seconds,,,,unlocked or modified by tier 3,,ability-defined,,,,,,,,,high,"[""HSRC-0004"",""HSRC-0008""]",Platzhalter-Basiseffekt für eine erst durch ein Upgrade exponierte Mechanik.
ivy_entangling_thorns,entangle_duration,targeting,entangle_duration,,seconds,,,,unlocked or modified by tier 3,,ability-defined,,,,,,,,,high,"[""HSRC-0004"",""HSRC-0008""]",Platzhalter-Basiseffekt für eine erst durch ein Upgrade exponierte Mechanik.
ivy_kudzu_connection,move_speed_bonus,movement,move_speed_bonus,,units_per_second,,,,unlocked or modified by tier 1,,ability-defined,,,,,,,,,high,"[""HSRC-0004"",""HSRC-0008""]",Platzhalter-Basiseffekt für eine erst durch ein Upgrade exponierte Mechanik.
ivy_air_drop,slow_percent,crowd_control,slow_percent,,percent,,,,unlocked or modified by tier 2,,ability-defined,,,,,,,,,high,"[""HSRC-0004"",""HSRC-0008""]",Platzhalter-Basiseffekt für eine erst durch ein Upgrade exponierte Mechanik.
ivy_air_drop,debuff_duration,crowd_control,debuff_duration,,seconds,,,,unlocked or modified by tier 2,,ability-defined,,,,,,,,,high,"[""HSRC-0004"",""HSRC-0008""]",Platzhalter-Basiseffekt für eine erst durch ein Upgrade exponierte Mechanik.
ivy_air_drop,silence_duration,crowd_control,silence_duration,,seconds,,,,unlocked or modified by tier 3,,ability-defined,,,,,,,,,high,"[""HSRC-0004"",""HSRC-0008""]",Platzhalter-Basiseffekt für eine erst durch ein Upgrade exponierte Mechanik.
kelvin_frost_grenade,pause_stamina_regen,healing,pause_stamina_regen,,flat,,,,unlocked or modified by tier 2,,ability-defined,,,,,,,,,high,"[""HSRC-0004"",""HSRC-0008""]",Platzhalter-Basiseffekt für eine erst durch ein Upgrade exponierte Mechanik.
kelvin_ice_path,bullet_resist,defense,bullet_resist,,percent,,,,unlocked or modified by tier 1,,ability-defined,,,,,,,,,high,"[""HSRC-0004"",""HSRC-0008""]",Platzhalter-Basiseffekt für eine erst durch ein Upgrade exponierte Mechanik.
kelvin_ice_path,bonus_spirit_pct,stat,bonus_spirit_pct,,percent,,,,unlocked or modified by tier 3,,ability-defined,,,,,,,,,high,"[""HSRC-0004"",""HSRC-0008""]",Platzhalter-Basiseffekt für eine erst durch ein Upgrade exponierte Mechanik.
kelvin_ice_path,bonus_spirit,stat,bonus_spirit,,flat,,,,unlocked or modified by tier 3,,ability-defined,,,,,,,,,high,"[""HSRC-0004"",""HSRC-0008""]",Platzhalter-Basiseffekt für eine erst durch ein Upgrade exponierte Mechanik.
kelvin_arctic_beam,beam_split_count,stat,beam_split_count,,count,,,,unlocked or modified by tier 3,,ability-defined,,,,,,,,,high,"[""HSRC-0004"",""HSRC-0008""]",Platzhalter-Basiseffekt für eine erst durch ein Upgrade exponierte Mechanik.
kelvin_frozen_shelter,purge_on_cast,stat,purge_on_cast,,flat,,,,unlocked or modified by tier 3,,ability-defined,,,,,,,,,high,"[""HSRC-0004"",""HSRC-0008""]",Platzhalter-Basiseffekt für eine erst durch ein Upgrade exponierte Mechanik.
lady_geist_essence_bomb,blood_spill_dps_percent,damage,blood_spill_dps_percent,,percent,,,,unlocked or modified by tier 3,,ability-defined,,,,,,,,,high,"[""HSRC-0004"",""HSRC-0008""]",Platzhalter-Basiseffekt für eine erst durch ein Upgrade exponierte Mechanik.
lady_geist_essence_bomb,blood_spill_duration,stat,blood_spill_duration,,seconds,,,,unlocked or modified by tier 3,,ability-defined,,,,,,,,,high,"[""HSRC-0004"",""HSRC-0008""]",Platzhalter-Basiseffekt für eine erst durch ein Upgrade exponierte Mechanik.
lady_geist_life_drain,ability_charges,charge,ability_charges,,charges,,,,unlocked or modified by tier 3,,ability-defined,,,,,,,,,high,"[""HSRC-0004"",""HSRC-0008""]",Platzhalter-Basiseffekt für eine erst durch ein Upgrade exponierte Mechanik.
lady_geist_life_drain,ability_cooldown_between_charge,cooldown,ability_cooldown_between_charge,,seconds,,,,unlocked or modified by tier 3,,ability-defined,,,,,,,,,high,"[""HSRC-0004"",""HSRC-0008""]",Platzhalter-Basiseffekt für eine erst durch ein Upgrade exponierte Mechanik.
lady_geist_soul_exchange,silence_duration,crowd_control,silence_duration,,seconds,,,,unlocked or modified by tier 2,,ability-defined,,,,,,,,,high,"[""HSRC-0004"",""HSRC-0008""]",Platzhalter-Basiseffekt für eine erst durch ein Upgrade exponierte Mechanik.
lady_geist_soul_exchange,silence_radius,crowd_control,silence_radius,,meters,,,,unlocked or modified by tier 2,,ability-defined,,,,,,,,,high,"[""HSRC-0004"",""HSRC-0008""]",Platzhalter-Basiseffekt für eine erst durch ein Upgrade exponierte Mechanik.
lady_geist_soul_exchange,self_buff_duration,stat,self_buff_duration,,seconds,,,,unlocked or modified by tier 3,,ability-defined,,,,,,,,,high,"[""HSRC-0004"",""HSRC-0008""]",Platzhalter-Basiseffekt für eine erst durch ein Upgrade exponierte Mechanik.
lady_geist_soul_exchange,tech_resist,defense,tech_resist,,percent,,,,unlocked or modified by tier 3,,ability-defined,,,,,,,,,high,"[""HSRC-0004"",""HSRC-0008""]",Platzhalter-Basiseffekt für eine erst durch ein Upgrade exponierte Mechanik.
lady_geist_soul_exchange,bonus_fire_rate,stat,bonus_fire_rate,,percent,,,,unlocked or modified by tier 3,,ability-defined,,,,,,,,,high,"[""HSRC-0004"",""HSRC-0008""]",Platzhalter-Basiseffekt für eine erst durch ein Upgrade exponierte Mechanik.
lady_geist_soul_exchange,bonus_spirit,stat,bonus_spirit,,flat,,,,unlocked or modified by tier 3,,ability-defined,,,,,,,,,high,"[""HSRC-0004"",""HSRC-0008""]",Platzhalter-Basiseffekt für eine erst durch ein Upgrade exponierte Mechanik.
lash_ground_strike,enemy_slow_pct,crowd_control,enemy_slow_pct,,percent,,,,unlocked or modified by tier 2,,ability-defined,,,,,,,,,high,"[""HSRC-0004"",""HSRC-0008""]",Platzhalter-Basiseffekt für eine erst durch ein Upgrade exponierte Mechanik.
lash_ground_strike,slow_duration,crowd_control,slow_duration,,seconds,,,,unlocked or modified by tier 2,,ability-defined,,,,,,,,,high,"[""HSRC-0004"",""HSRC-0008""]",Platzhalter-Basiseffekt für eine erst durch ein Upgrade exponierte Mechanik.
lash_ground_strike,stomp_bounce_height,stat,stomp_bounce_height,,meters,,,,unlocked or modified by tier 2,,ability-defined,,,,,,,,,high,"[""HSRC-0004"",""HSRC-0008""]",Platzhalter-Basiseffekt für eine erst durch ein Upgrade exponierte Mechanik.
lash_ground_strike,toss_duration,movement,toss_duration,,seconds,,,,unlocked or modified by tier 2,,ability-defined,,,,,,,,,high,"[""HSRC-0004"",""HSRC-0008""]",Platzhalter-Basiseffekt für eine erst durch ein Upgrade exponierte Mechanik.
lash_ground_strike,stomp_damage_per_meter_primary_value,damage,stomp_damage_per_meter_primary_value,,damage,,,,unlocked or modified by tier 3,,ability-defined,,,,,,,,,high,"[""HSRC-0004"",""HSRC-0008""]",Platzhalter-Basiseffekt für eine erst durch ein Upgrade exponierte Mechanik.
lash_ground_strike,stomp_damage_per_meter_primary_scale_value,damage,stomp_damage_per_meter_primary_scale_value,,damage,,,,unlocked or modified by tier 3,,ability-defined,,,,,,,,,high,"[""HSRC-0004"",""HSRC-0008""]",Platzhalter-Basiseffekt für eine erst durch ein Upgrade exponierte Mechanik.
lash_ground_strike,stomp_damage_per_meter_primary_scale_type,damage,stomp_damage_per_meter_primary_scale_type,,identifier,,,,unlocked or modified by tier 3,,ability-defined,,,,,,,,,high,"[""HSRC-0004"",""HSRC-0008""]",Platzhalter-Basiseffekt für eine erst durch ein Upgrade exponierte Mechanik.
lash_ground_strike,stomp_damage_per_meter_primary_multiply,damage,stomp_damage_per_meter_primary_multiply,,boolean,,,,unlocked or modified by tier 3,,ability-defined,,,,,,,,,high,"[""HSRC-0004"",""HSRC-0008""]",Platzhalter-Basiseffekt für eine erst durch ein Upgrade exponierte Mechanik.
lash_ground_strike,stomp_damage_per_meter_secondary_value,damage,stomp_damage_per_meter_secondary_value,,damage,,,,unlocked or modified by tier 3,,ability-defined,,,,,,,,,high,"[""HSRC-0004"",""HSRC-0008""]",Platzhalter-Basiseffekt für eine erst durch ein Upgrade exponierte Mechanik.
lash_ground_strike,stomp_damage_per_meter_secondary_scale_value,damage,stomp_damage_per_meter_secondary_scale_value,,damage,,,,unlocked or modified by tier 3,,ability-defined,,,,,,,,,high,"[""HSRC-0004"",""HSRC-0008""]",Platzhalter-Basiseffekt für eine erst durch ein Upgrade exponierte Mechanik.
lash_ground_strike,stomp_damage_per_meter_secondary_scale_type,damage,stomp_damage_per_meter_secondary_scale_type,,identifier,,,,unlocked or modified by tier 3,,ability-defined,,,,,,,,,high,"[""HSRC-0004"",""HSRC-0008""]",Platzhalter-Basiseffekt für eine erst durch ein Upgrade exponierte Mechanik.
lash_ground_strike,stomp_damage_per_meter_secondary_multiply,damage,stomp_damage_per_meter_secondary_multiply,,boolean,,,,unlocked or modified by tier 3,,ability-defined,,,,,,,,,high,"[""HSRC-0004"",""HSRC-0008""]",Platzhalter-Basiseffekt für eine erst durch ein Upgrade exponierte Mechanik.
lash_grapple,weapon_damage_bonus,damage,weapon_damage_bonus,,damage,,,,unlocked or modified by tier 2,,ability-defined,,,,,,,,,high,"[""HSRC-0004"",""HSRC-0008""]",Platzhalter-Basiseffekt für eine erst durch ein Upgrade exponierte Mechanik.
lash_grapple,weapon_damage_bonus_duration,damage,weapon_damage_bonus_duration,,seconds,,,,unlocked or modified by tier 2,,ability-defined,,,,,,,,,high,"[""HSRC-0004"",""HSRC-0008""]",Platzhalter-Basiseffekt für eine erst durch ein Upgrade exponierte Mechanik.
lash_grapple,restore_stamina_on_use,stat,restore_stamina_on_use,,flat,,,,unlocked or modified by tier 3,,ability-defined,,,,,,,,,high,"[""HSRC-0004"",""HSRC-0008""]",Platzhalter-Basiseffekt für eine erst durch ein Upgrade exponierte Mechanik.
lash_grapple,air_control_percent,stat,air_control_percent,,percent,,,,unlocked or modified by tier 3,,ability-defined,,,,,,,,,high,"[""HSRC-0004"",""HSRC-0008""]",Platzhalter-Basiseffekt für eine erst durch ein Upgrade exponierte Mechanik.
lash_flog,enemy_slow_duration,crowd_control,enemy_slow_duration,,seconds,,,,unlocked or modified by tier 1,,ability-defined,,,,,,,,,high,"[""HSRC-0004"",""HSRC-0008""]",Platzhalter-Basiseffekt für eine erst durch ein Upgrade exponierte Mechanik.
lash_flog,enemy_slow_pct,crowd_control,enemy_slow_pct,,percent,,,,unlocked or modified by tier 1,,ability-defined,,,,,,,,,high,"[""HSRC-0004"",""HSRC-0008""]",Platzhalter-Basiseffekt für eine erst durch ein Upgrade exponierte Mechanik.
lash_flog,fire_rate_slow,crowd_control,fire_rate_slow,,percent,,,,unlocked or modified by tier 2,,ability-defined,,,,,,,,,high,"[""HSRC-0004"",""HSRC-0008""]",Platzhalter-Basiseffekt für eine erst durch ein Upgrade exponierte Mechanik.
lash_death_slam,stun_duration,crowd_control,stun_duration,,seconds,,,,unlocked or modified by tier 3,,ability-defined,,,,,,,,,high,"[""HSRC-0004"",""HSRC-0008""]",Platzhalter-Basiseffekt für eine erst durch ein Upgrade exponierte Mechanik.
mcginnis_medicinal_specter,stamina_cooldown_reduction,cooldown,stamina_cooldown_reduction,,percent,,,,unlocked or modified by tier 2,,ability-defined,,,,,,,,,high,"[""HSRC-0004"",""HSRC-0008""]",Platzhalter-Basiseffekt für eine erst durch ein Upgrade exponierte Mechanik.
mcginnis_medicinal_specter,max_health_regen_pct,healing,max_health_regen_pct,,percent,,,,unlocked or modified by tier 3,,ability-defined,,,,,,,,,high,"[""HSRC-0004"",""HSRC-0008""]",Platzhalter-Basiseffekt für eine erst durch ein Upgrade exponierte Mechanik.
mcginnis_medicinal_specter,spirit_resist,defense,spirit_resist,,percent,,,,unlocked or modified by tier 3,,ability-defined,,,,,,,,,high,"[""HSRC-0004"",""HSRC-0008""]",Platzhalter-Basiseffekt für eine erst durch ein Upgrade exponierte Mechanik.
mcginnis_spectral_wall,bonus_damage_percent,damage,bonus_damage_percent,,percent,,,,unlocked or modified by tier 1,,ability-defined,,,,,,,,,high,"[""HSRC-0004"",""HSRC-0008""]",Platzhalter-Basiseffekt für eine erst durch ein Upgrade exponierte Mechanik.
mcginnis_spectral_wall,debuff_duration,crowd_control,debuff_duration,,seconds,,,,unlocked or modified by tier 1,,ability-defined,,,,,,,,,high,"[""HSRC-0004"",""HSRC-0008""]",Platzhalter-Basiseffekt für eine erst durch ein Upgrade exponierte Mechanik.
mcginnis_spectral_wall,create_turrets,summon,create_turrets,,flat,,,,unlocked or modified by tier 3,,ability-defined,,,,,,,,,high,"[""HSRC-0004"",""HSRC-0008""]",Platzhalter-Basiseffekt für eine erst durch ein Upgrade exponierte Mechanik.
mcginnis_spectral_wall,turret_life_time,summon,turret_life_time,,seconds,,,,unlocked or modified by tier 3,,ability-defined,,,,,,,,,high,"[""HSRC-0004"",""HSRC-0008""]",Platzhalter-Basiseffekt für eine erst durch ein Upgrade exponierte Mechanik.
mcginnis_heavy_barrage,move_slow_percent,crowd_control,move_slow_percent,,percent,,,,unlocked or modified by tier 1,,ability-defined,,,,,,,,,high,"[""HSRC-0004"",""HSRC-0008""]",Platzhalter-Basiseffekt für eine erst durch ein Upgrade exponierte Mechanik.
mcginnis_heavy_barrage,enemy_dash_slow_percent,crowd_control,enemy_dash_slow_percent,,percent,,,,unlocked or modified by tier 1,,ability-defined,,,,,,,,,high,"[""HSRC-0004"",""HSRC-0008""]",Platzhalter-Basiseffekt für eine erst durch ein Upgrade exponierte Mechanik.
mcginnis_heavy_barrage,move_slow_duration,crowd_control,move_slow_duration,,seconds,,,,unlocked or modified by tier 1,,ability-defined,,,,,,,,,high,"[""HSRC-0004"",""HSRC-0008""]",Platzhalter-Basiseffekt für eine erst durch ein Upgrade exponierte Mechanik.
mina_sanguine_retreat,bonus_fire_rate,stat,bonus_fire_rate,,percent,,,,unlocked or modified by tier 1,,ability-defined,,,,,,,,,high,"[""HSRC-0004"",""HSRC-0008""]",Platzhalter-Basiseffekt für eine erst durch ein Upgrade exponierte Mechanik.
mina_sanguine_retreat,buff_duration,stat,buff_duration,,seconds,,,,unlocked or modified by tier 1,,ability-defined,,,,,,,,,high,"[""HSRC-0004"",""HSRC-0008""]",Platzhalter-Basiseffekt für eine erst durch ein Upgrade exponierte Mechanik.
mina_sanguine_retreat,bonus_bullets,stat,bonus_bullets,,flat,,,,unlocked or modified by tier 1,,ability-defined,,,,,,,,,high,"[""HSRC-0004"",""HSRC-0008""]",Platzhalter-Basiseffekt für eine erst durch ein Upgrade exponierte Mechanik.
mina_love_bites,slow_duration,crowd_control,slow_duration,,seconds,,,,unlocked or modified by tier 1,,ability-defined,,,,,,,,,high,"[""HSRC-0004"",""HSRC-0008""]",Platzhalter-Basiseffekt für eine erst durch ein Upgrade exponierte Mechanik.
mina_love_bites,slow_percent,crowd_control,slow_percent,,percent,,,,unlocked or modified by tier 1,,ability-defined,,,,,,,,,high,"[""HSRC-0004"",""HSRC-0008""]",Platzhalter-Basiseffekt für eine erst durch ein Upgrade exponierte Mechanik.
mina_love_bites,bonus_fire_rate,stat,bonus_fire_rate,,percent,,,,unlocked or modified by tier 3,,ability-defined,,,,,,,,,high,"[""HSRC-0004"",""HSRC-0008""]",Platzhalter-Basiseffekt für eine erst durch ein Upgrade exponierte Mechanik.
mina_love_bites,buff_duration,stat,buff_duration,,seconds,,,,unlocked or modified by tier 3,,ability-defined,,,,,,,,,high,"[""HSRC-0004"",""HSRC-0008""]",Platzhalter-Basiseffekt für eine erst durch ein Upgrade exponierte Mechanik.
mina_nox_nostra,current_health_percent,healing,current_health_percent,,percent,,,,unlocked or modified by tier 3,,ability-defined,,,,,,,,,high,"[""HSRC-0004"",""HSRC-0008""]",Platzhalter-Basiseffekt für eine erst durch ein Upgrade exponierte Mechanik.
mirage_dust_devil,recast_window,stat,recast_window,,seconds,,,,unlocked or modified by tier 3,,ability-defined,,,,,,,,,high,"[""HSRC-0004"",""HSRC-0008""]",Platzhalter-Basiseffekt für eine erst durch ein Upgrade exponierte Mechanik.
mirage_djinn_s_mark,movement_speed_slow,crowd_control,movement_speed_slow,,units_per_second,,,,unlocked or modified by tier 1,,ability-defined,,,,,,,,,high,"[""HSRC-0004"",""HSRC-0008""]",Platzhalter-Basiseffekt für eine erst durch ein Upgrade exponierte Mechanik.
mirage_djinn_s_mark,slow_duration,crowd_control,slow_duration,,seconds,,,,unlocked or modified by tier 1,,ability-defined,,,,,,,,,high,"[""HSRC-0004"",""HSRC-0008""]",Platzhalter-Basiseffekt für eine erst durch ein Upgrade exponierte Mechanik.
mirage_djinn_s_mark,stun_duration,crowd_control,stun_duration,,seconds,,,,unlocked or modified by tier 3,,ability-defined,,,,,,,,,high,"[""HSRC-0004"",""HSRC-0008""]",Platzhalter-Basiseffekt für eine erst durch ein Upgrade exponierte Mechanik.
mirage_traveler,bonus_move_speed,movement,bonus_move_speed,,units_per_second,,,,unlocked or modified by tier 1,,ability-defined,,,,,,,,,high,"[""HSRC-0004"",""HSRC-0008""]",Platzhalter-Basiseffekt für eine erst durch ein Upgrade exponierte Mechanik.
mirage_traveler,bonus_fire_rate,stat,bonus_fire_rate,,percent,,,,unlocked or modified by tier 1,,ability-defined,,,,,,,,,high,"[""HSRC-0004"",""HSRC-0008""]",Platzhalter-Basiseffekt für eine erst durch ein Upgrade exponierte Mechanik.
mirage_traveler,movement_speed_bonus_duration,movement,movement_speed_bonus_duration,,seconds,,,,unlocked or modified by tier 1,,ability-defined,,,,,,,,,high,"[""HSRC-0004"",""HSRC-0008""]",Platzhalter-Basiseffekt für eine erst durch ein Upgrade exponierte Mechanik.
mo_and_krill_scorn,damage_bonus,damage,damage_bonus,,damage,,,,unlocked or modified by tier 3,,ability-defined,,,,,,,,,high,"[""HSRC-0004"",""HSRC-0008""]",Platzhalter-Basiseffekt für eine erst durch ein Upgrade exponierte Mechanik.
mo_and_krill_scorn,debuff_duration,crowd_control,debuff_duration,,seconds,,,,unlocked or modified by tier 3,,ability-defined,,,,,,,,,high,"[""HSRC-0004"",""HSRC-0008""]",Platzhalter-Basiseffekt für eine erst durch ein Upgrade exponierte Mechanik.
mo_and_krill_sand_blast,slow_percent,crowd_control,slow_percent,,percent,,,,unlocked or modified by tier 2,,ability-defined,,,,,,,,,high,"[""HSRC-0004"",""HSRC-0008""]",Platzhalter-Basiseffekt für eine erst durch ein Upgrade exponierte Mechanik.
mo_and_krill_sand_blast,ground_dash_reduction_percent,movement,ground_dash_reduction_percent,,percent,,,,unlocked or modified by tier 2,,ability-defined,,,,,,,,,high,"[""HSRC-0004"",""HSRC-0008""]",Platzhalter-Basiseffekt für eine erst durch ein Upgrade exponierte Mechanik.
mo_and_krill_combo,life_steal_percent_on_hit,stat,life_steal_percent_on_hit,,percent,,,,unlocked or modified by tier 1,,ability-defined,,,,,,,,,high,"[""HSRC-0004"",""HSRC-0008""]",Platzhalter-Basiseffekt für eine erst durch ein Upgrade exponierte Mechanik.
mo_and_krill_combo,bullet_resist,defense,bullet_resist,,percent,,,,unlocked or modified by tier 2,,ability-defined,,,,,,,,,high,"[""HSRC-0004"",""HSRC-0008""]",Platzhalter-Basiseffekt für eine erst durch ein Upgrade exponierte Mechanik.
paige_plot_armor,bonus_targets,targeting,bonus_targets,,count,,,,unlocked or modified by tier 3,,ability-defined,,,,,,,,,high,"[""HSRC-0004"",""HSRC-0008""]",Platzhalter-Basiseffekt für eine erst durch ein Upgrade exponierte Mechanik.
paige_plot_armor,bonus_targets_barrier_percentage,shield,bonus_targets_barrier_percentage,,percent,,,,unlocked or modified by tier 3,,ability-defined,,,,,,,,,high,"[""HSRC-0004"",""HSRC-0008""]",Platzhalter-Basiseffekt für eine erst durch ein Upgrade exponierte Mechanik.
paige_captivating_read,tech_armor_damage_reduction,damage,tech_armor_damage_reduction,,percent,,,,unlocked or modified by tier 3,,ability-defined,,,,,,,,,high,"[""HSRC-0004"",""HSRC-0008""]",Platzhalter-Basiseffekt für eine erst durch ein Upgrade exponierte Mechanik.
paige_captivating_read,debuff_duration,crowd_control,debuff_duration,,seconds,,,,unlocked or modified by tier 3,,ability-defined,,,,,,,,,high,"[""HSRC-0004"",""HSRC-0008""]",Platzhalter-Basiseffekt für eine erst durch ein Upgrade exponierte Mechanik.
paradox_time_wall,debuff_duration,crowd_control,debuff_duration,,seconds,,,,unlocked or modified by tier 2,,ability-defined,,,,,,,,,high,"[""HSRC-0004"",""HSRC-0008""]",Platzhalter-Basiseffekt für eine erst durch ein Upgrade exponierte Mechanik.
paradox_time_wall,ability_charges,charge,ability_charges,,charges,,,,unlocked or modified by tier 3,,ability-defined,,,,,,,,,high,"[""HSRC-0004"",""HSRC-0008""]",Platzhalter-Basiseffekt für eine erst durch ein Upgrade exponierte Mechanik.
paradox_time_wall,ability_cooldown_between_charge,cooldown,ability_cooldown_between_charge,,seconds,,,,unlocked or modified by tier 3,,ability-defined,,,,,,,,,high,"[""HSRC-0004"",""HSRC-0008""]",Platzhalter-Basiseffekt für eine erst durch ein Upgrade exponierte Mechanik.
paradox_paradoxical_swap,barrier_duration,shield,barrier_duration,,seconds,,,,unlocked or modified by tier 1,,ability-defined,,,,,,,,,high,"[""HSRC-0004"",""HSRC-0008""]",Platzhalter-Basiseffekt für eine erst durch ein Upgrade exponierte Mechanik.
paradox_paradoxical_swap,multi_swap,stat,multi_swap,,multiplier,,,,unlocked or modified by tier 3,,ability-defined,,,,,,,,,high,"[""HSRC-0004"",""HSRC-0008""]",Platzhalter-Basiseffekt für eine erst durch ein Upgrade exponierte Mechanik.
paradox_paradoxical_swap,max_health_damage,damage,max_health_damage,,health,,,,unlocked or modified by tier 3,,ability-defined,,,,,,,,,high,"[""HSRC-0004"",""HSRC-0008""]",Platzhalter-Basiseffekt für eine erst durch ein Upgrade exponierte Mechanik.
pocket_flying_cloak,weapon_damage_bonus,damage,weapon_damage_bonus,,damage,,,,unlocked or modified by tier 2,,ability-defined,,,,,,,,,high,"[""HSRC-0004"",""HSRC-0008""]",Platzhalter-Basiseffekt für eine erst durch ein Upgrade exponierte Mechanik.
pocket_flying_cloak,weapon_damage_bonus_duration,damage,weapon_damage_bonus_duration,,seconds,,,,unlocked or modified by tier 2,,ability-defined,,,,,,,,,high,"[""HSRC-0004"",""HSRC-0008""]",Platzhalter-Basiseffekt für eine erst durch ein Upgrade exponierte Mechanik.
pocket_enchanter_s_satchel,fire_rate_slow,crowd_control,fire_rate_slow,,percent,,,,unlocked or modified by tier 3,,ability-defined,,,,,,,,,high,"[""HSRC-0004"",""HSRC-0008""]",Platzhalter-Basiseffekt für eine erst durch ein Upgrade exponierte Mechanik.
pocket_enchanter_s_satchel,move_slow_percent,crowd_control,move_slow_percent,,percent,,,,unlocked or modified by tier 3,,ability-defined,,,,,,,,,high,"[""HSRC-0004"",""HSRC-0008""]",Platzhalter-Basiseffekt für eine erst durch ein Upgrade exponierte Mechanik.
pocket_enchanter_s_satchel,debuff_duration,crowd_control,debuff_duration,,seconds,,,,unlocked or modified by tier 3,,ability-defined,,,,,,,,,high,"[""HSRC-0004"",""HSRC-0008""]",Platzhalter-Basiseffekt für eine erst durch ein Upgrade exponierte Mechanik.
pocket_affliction,disable_healing,healing,disable_healing,,health,,,,unlocked or modified by tier 3,,ability-defined,,,,,,,,,high,"[""HSRC-0004"",""HSRC-0008""]",Platzhalter-Basiseffekt für eine erst durch ein Upgrade exponierte Mechanik.
rem_pillow_toss,fire_rate_slow,crowd_control,fire_rate_slow,,percent,,,,unlocked or modified by tier 2,,ability-defined,,,,,,,,,high,"[""HSRC-0004"",""HSRC-0008""]",Platzhalter-Basiseffekt für eine erst durch ein Upgrade exponierte Mechanik.
rem_tag_along,bonus_barrier_amp_percent,shield,bonus_barrier_amp_percent,,percent,,,,unlocked or modified by tier 2,,ability-defined,,,,,,,,,high,"[""HSRC-0004"",""HSRC-0008""]",Platzhalter-Basiseffekt für eine erst durch ein Upgrade exponierte Mechanik.
rem_tag_along,bonus_item_duration_percent,stat,bonus_item_duration_percent,,percent,,,,unlocked or modified by tier 2,,ability-defined,,,,,,,,,high,"[""HSRC-0004"",""HSRC-0008""]",Platzhalter-Basiseffekt für eine erst durch ein Upgrade exponierte Mechanik.
rem_tag_along,bonus_item_range_percent,targeting,bonus_item_range_percent,,percent,,,,unlocked or modified by tier 2,,ability-defined,,,,,,,,,high,"[""HSRC-0004"",""HSRC-0008""]",Platzhalter-Basiseffekt für eine erst durch ein Upgrade exponierte Mechanik.
rem_tag_along,tech_power_percent,stat,tech_power_percent,,percent,,,,unlocked or modified by tier 3,,ability-defined,,,,,,,,,high,"[""HSRC-0004"",""HSRC-0008""]",Platzhalter-Basiseffekt für eine erst durch ein Upgrade exponierte Mechanik.
rem_tag_along,bonus_spirit_power,stat,bonus_spirit_power,,flat,,,,unlocked or modified by tier 3,,ability-defined,,,,,,,,,high,"[""HSRC-0004"",""HSRC-0008""]",Platzhalter-Basiseffekt für eine erst durch ein Upgrade exponierte Mechanik.
rem_tag_along,hop_off_effec_duration,stat,hop_off_effec_duration,,seconds,,,,unlocked or modified by tier 3,,ability-defined,,,,,,,,,high,"[""HSRC-0004"",""HSRC-0008""]",Platzhalter-Basiseffekt für eine erst durch ein Upgrade exponierte Mechanik.
rem_naptime,consume_stamina_on_wake,stat,consume_stamina_on_wake,,flat,,,,unlocked or modified by tier 1,,ability-defined,,,,,,,,,high,"[""HSRC-0004"",""HSRC-0008""]",Platzhalter-Basiseffekt für eine erst durch ein Upgrade exponierte Mechanik.
rem_naptime,no_stamina_regen_during_sleep,healing,no_stamina_regen_during_sleep,,flat,,,,unlocked or modified by tier 1,,ability-defined,,,,,,,,,high,"[""HSRC-0004"",""HSRC-0008""]",Platzhalter-Basiseffekt für eine erst durch ein Upgrade exponierte Mechanik.
rem_naptime,unstoppable_while_channeling,defense,unstoppable_while_channeling,,flat,,,,unlocked or modified by tier 3,,ability-defined,,,,,,,,,high,"[""HSRC-0004"",""HSRC-0008""]",Platzhalter-Basiseffekt für eine erst durch ein Upgrade exponierte Mechanik.
seven_lightning_ball,slow_percent,crowd_control,slow_percent,,percent,,,,unlocked or modified by tier 2,,ability-defined,,,,,,,,,high,"[""HSRC-0004"",""HSRC-0008""]",Platzhalter-Basiseffekt für eine erst durch ein Upgrade exponierte Mechanik.
seven_power_surge,bonus_move_speed,movement,bonus_move_speed,,units_per_second,,,,unlocked or modified by tier 2,,ability-defined,,,,,,,,,high,"[""HSRC-0004"",""HSRC-0008""]",Platzhalter-Basiseffekt für eine erst durch ein Upgrade exponierte Mechanik.
seven_power_surge,tech_resist_debuff,defense,tech_resist_debuff,,percent,,,,unlocked or modified by tier 3,,ability-defined,,,,,,,,,high,"[""HSRC-0004"",""HSRC-0008""]",Platzhalter-Basiseffekt für eine erst durch ein Upgrade exponierte Mechanik.
seven_power_surge,debuff_duration,crowd_control,debuff_duration,,seconds,,,,unlocked or modified by tier 3,,ability-defined,,,,,,,,,high,"[""HSRC-0004"",""HSRC-0008""]",Platzhalter-Basiseffekt für eine erst durch ein Upgrade exponierte Mechanik.
seven_storm_cloud,bullet_resist_on_active,defense,bullet_resist_on_active,,percent,,,,unlocked or modified by tier 1,,ability-defined,,,,,,,,,high,"[""HSRC-0004"",""HSRC-0008""]",Platzhalter-Basiseffekt für eine erst durch ein Upgrade exponierte Mechanik.
shiv_slice_and_dice,cooldown_reduction_on_hit,cooldown,cooldown_reduction_on_hit,,percent,,,,unlocked or modified by tier 3,,ability-defined,,,,,,,,,high,"[""HSRC-0004"",""HSRC-0008""]",Platzhalter-Basiseffekt für eine erst durch ein Upgrade exponierte Mechanik.
shiv_slice_and_dice,cooldown_reduction_on_hit_non_hero,cooldown,cooldown_reduction_on_hit_non_hero,,percent,,,,unlocked or modified by tier 3,,ability-defined,,,,,,,,,high,"[""HSRC-0004"",""HSRC-0008""]",Platzhalter-Basiseffekt für eine erst durch ein Upgrade exponierte Mechanik.
shiv_slice_and_dice,max_cooldown_reductions_from_hits,cooldown,max_cooldown_reductions_from_hits,,percent,,,,unlocked or modified by tier 3,,ability-defined,,,,,,,,,high,"[""HSRC-0004"",""HSRC-0008""]",Platzhalter-Basiseffekt für eine erst durch ein Upgrade exponierte Mechanik.
shiv_killing_blow,bonus_move_speed,movement,bonus_move_speed,,units_per_second,,,,unlocked or modified by tier 1,,ability-defined,,,,,,,,,high,"[""HSRC-0004"",""HSRC-0008""]",Platzhalter-Basiseffekt für eine erst durch ein Upgrade exponierte Mechanik.
silver_slam_fire,base_attack_damage_percent,damage,base_attack_damage_percent,,percent,,,,unlocked or modified by tier 1,,ability-defined,,,,,,,,,high,"[""HSRC-0004"",""HSRC-0008""]",Platzhalter-Basiseffekt für eine erst durch ein Upgrade exponierte Mechanik.
silver_slam_fire,stack_duration,passive_proc,stack_duration,,seconds,,,,unlocked or modified by tier 3,,ability-defined,,,,,,,,,high,"[""HSRC-0004"",""HSRC-0008""]",Platzhalter-Basiseffekt für eine erst durch ein Upgrade exponierte Mechanik.
silver_slam_fire,max_stacks,passive_proc,max_stacks,,stacks,,,,unlocked or modified by tier 3,,ability-defined,,,,,,,,,high,"[""HSRC-0004"",""HSRC-0008""]",Platzhalter-Basiseffekt für eine erst durch ein Upgrade exponierte Mechanik.
silver_slam_fire,bonus_current_health_damage_percentage,damage,bonus_current_health_damage_percentage,,percent,,,,unlocked or modified by tier 3,,ability-defined,,,,,,,,,high,"[""HSRC-0004"",""HSRC-0008""]",Platzhalter-Basiseffekt für eine erst durch ein Upgrade exponierte Mechanik.
silver_boot_kick,stamina_restore,stat,stamina_restore,,flat,,,,unlocked or modified by tier 2,,ability-defined,,,,,,,,,high,"[""HSRC-0004"",""HSRC-0008""]",Platzhalter-Basiseffekt für eine erst durch ein Upgrade exponierte Mechanik.
silver_boot_kick,outgoing_damage_percent,damage,outgoing_damage_percent,,percent,,,,unlocked or modified by tier 3,,ability-defined,,,,,,,,,high,"[""HSRC-0004"",""HSRC-0008""]",Platzhalter-Basiseffekt für eine erst durch ein Upgrade exponierte Mechanik.
silver_boot_kick,debuff_duration,crowd_control,debuff_duration,,seconds,,,,unlocked or modified by tier 3,,ability-defined,,,,,,,,,high,"[""HSRC-0004"",""HSRC-0008""]",Platzhalter-Basiseffekt für eine erst durch ein Upgrade exponierte Mechanik.
silver_entangling_bola,ricochet_count,stat,ricochet_count,,count,,,,unlocked or modified by tier 3,,ability-defined,,,,,,,,,high,"[""HSRC-0004"",""HSRC-0008""]",Platzhalter-Basiseffekt für eine erst durch ein Upgrade exponierte Mechanik.
silver_entangling_bola,ricochet_range,targeting,ricochet_range,,meters,,,,unlocked or modified by tier 3,,ability-defined,,,,,,,,,high,"[""HSRC-0004"",""HSRC-0008""]",Platzhalter-Basiseffekt für eine erst durch ein Upgrade exponierte Mechanik.
silver_lycan_curse,bullet_resist,defense,bullet_resist,,percent,,,,unlocked or modified by tier 1,,ability-defined,,,,,,,,,high,"[""HSRC-0004"",""HSRC-0008""]",Platzhalter-Basiseffekt für eine erst durch ein Upgrade exponierte Mechanik.
silver_lycan_curse,tech_resist,defense,tech_resist,,percent,,,,unlocked or modified by tier 1,,ability-defined,,,,,,,,,high,"[""HSRC-0004"",""HSRC-0008""]",Platzhalter-Basiseffekt für eine erst durch ein Upgrade exponierte Mechanik.
silver_lycan_curse,kill_duration_bonus,stat,kill_duration_bonus,,seconds,,,,unlocked or modified by tier 3,,ability-defined,,,,,,,,,high,"[""HSRC-0004"",""HSRC-0008""]",Platzhalter-Basiseffekt für eine erst durch ein Upgrade exponierte Mechanik.
silver_lycan_curse,kill_credit_window,stat,kill_credit_window,,seconds,,,,unlocked or modified by tier 3,,ability-defined,,,,,,,,,high,"[""HSRC-0004"",""HSRC-0008""]",Platzhalter-Basiseffekt für eine erst durch ein Upgrade exponierte Mechanik.
sinclair_vexing_bolt,fire_rate_slow,crowd_control,fire_rate_slow,,percent,,,,unlocked or modified by tier 1,,ability-defined,,,,,,,,,high,"[""HSRC-0004"",""HSRC-0008""]",Platzhalter-Basiseffekt für eine erst durch ein Upgrade exponierte Mechanik.
sinclair_vexing_bolt,debuff_duration,crowd_control,debuff_duration,,seconds,,,,unlocked or modified by tier 1,,ability-defined,,,,,,,,,high,"[""HSRC-0004"",""HSRC-0008""]",Platzhalter-Basiseffekt für eine erst durch ein Upgrade exponierte Mechanik.
sinclair_spectral_assistant,bonus_fire_rate,stat,bonus_fire_rate,,percent,,,,unlocked or modified by tier 3,,ability-defined,,,,,,,,,high,"[""HSRC-0004"",""HSRC-0008""]",Platzhalter-Basiseffekt für eine erst durch ein Upgrade exponierte Mechanik.
the_doorman_doorway,barrier_duration,shield,barrier_duration,,seconds,,,,unlocked or modified by tier 2,,ability-defined,,,,,,,,,high,"[""HSRC-0004"",""HSRC-0008""]",Platzhalter-Basiseffekt für eine erst durch ein Upgrade exponierte Mechanik.
the_doorman_luggage_cart,stun_duration,crowd_control,stun_duration,,seconds,,,,unlocked or modified by tier 3,,ability-defined,,,,,,,,,high,"[""HSRC-0004"",""HSRC-0008""]",Platzhalter-Basiseffekt für eine erst durch ein Upgrade exponierte Mechanik.
the_doorman_hotel_guest,stamina_drain,stat,stamina_drain,,flat,,,,unlocked or modified by tier 1,,ability-defined,,,,,,,,,high,"[""HSRC-0004"",""HSRC-0008""]",Platzhalter-Basiseffekt für eine erst durch ein Upgrade exponierte Mechanik.
the_doorman_hotel_guest,late_checkout_stun,crowd_control,late_checkout_stun,,flat,,,,unlocked or modified by tier 2,,ability-defined,,,,,,,,,high,"[""HSRC-0004"",""HSRC-0008""]",Platzhalter-Basiseffekt für eine erst durch ein Upgrade exponierte Mechanik.
the_doorman_hotel_guest,unstoppable_while_hotel_occupied,defense,unstoppable_while_hotel_occupied,,flat,,,,unlocked or modified by tier 3,,ability-defined,,,,,,,,,high,"[""HSRC-0004"",""HSRC-0008""]",Platzhalter-Basiseffekt für eine erst durch ein Upgrade exponierte Mechanik.
the_doorman_hotel_guest,late_checkout_cooldown,cooldown,late_checkout_cooldown,,seconds,,,,unlocked or modified by tier 3,,ability-defined,,,,,,,,,high,"[""HSRC-0004"",""HSRC-0008""]",Platzhalter-Basiseffekt für eine erst durch ein Upgrade exponierte Mechanik.
venator_consecrating_grenade,ability_charges,charge,ability_charges,,charges,,,,unlocked or modified by tier 3,,ability-defined,,,,,,,,,high,"[""HSRC-0004"",""HSRC-0008""]",Platzhalter-Basiseffekt für eine erst durch ein Upgrade exponierte Mechanik.
venator_consecrating_grenade,ability_cooldown_between_charge,cooldown,ability_cooldown_between_charge,,seconds,,,,unlocked or modified by tier 3,,ability-defined,,,,,,,,,high,"[""HSRC-0004"",""HSRC-0008""]",Platzhalter-Basiseffekt für eine erst durch ein Upgrade exponierte Mechanik.
venator_gutshot,buff_duration,stat,buff_duration,,seconds,,,,unlocked or modified by tier 3,,ability-defined,,,,,,,,,high,"[""HSRC-0004"",""HSRC-0008""]",Platzhalter-Basiseffekt für eine erst durch ein Upgrade exponierte Mechanik.
venator_hex_lined_snap_trap,incoming_damage_percent_from_caster,damage,incoming_damage_percent_from_caster,,percent,,,,unlocked or modified by tier 3,,ability-defined,,,,,,,,,high,"[""HSRC-0004"",""HSRC-0008""]",Platzhalter-Basiseffekt für eine erst durch ein Upgrade exponierte Mechanik.
venator_ira_domini,bonus_move_speed,movement,bonus_move_speed,,units_per_second,,,,unlocked or modified by tier 1,,ability-defined,,,,,,,,,high,"[""HSRC-0004"",""HSRC-0008""]",Platzhalter-Basiseffekt für eine erst durch ein Upgrade exponierte Mechanik.
venator_ira_domini,all_stakes_blessed,stat,all_stakes_blessed,,flat,,,,unlocked or modified by tier 3,,ability-defined,,,,,,,,,high,"[""HSRC-0004"",""HSRC-0008""]",Platzhalter-Basiseffekt für eine erst durch ein Upgrade exponierte Mechanik.
victor_pain_battery,slow_percent,crowd_control,slow_percent,,percent,,,,unlocked or modified by tier 1,,ability-defined,,,,,,,,,high,"[""HSRC-0004"",""HSRC-0008""]",Platzhalter-Basiseffekt für eine erst durch ein Upgrade exponierte Mechanik.
victor_pain_battery,slow_duration,crowd_control,slow_duration,,identifier,,,,unlocked or modified by tier 1,,ability-defined,,,,,,,,,high,"[""HSRC-0004"",""HSRC-0008""]",Platzhalter-Basiseffekt für eine erst durch ein Upgrade exponierte Mechanik.
victor_jumpstart,status_resistance_percent,defense,status_resistance_percent,,percent,,,,unlocked or modified by tier 3,,ability-defined,,,,,,,,,high,"[""HSRC-0004"",""HSRC-0008""]",Platzhalter-Basiseffekt für eine erst durch ein Upgrade exponierte Mechanik.
victor_aura_of_suffering,slow_percent,crowd_control,slow_percent,,percent,,,,unlocked or modified by tier 1,,ability-defined,,,,,,,,,high,"[""HSRC-0004"",""HSRC-0008""]",Platzhalter-Basiseffekt für eine erst durch ein Upgrade exponierte Mechanik.
victor_aura_of_suffering,enemy_dash_slow_percent,crowd_control,enemy_dash_slow_percent,,percent,,,,unlocked or modified by tier 1,,ability-defined,,,,,,,,,high,"[""HSRC-0004"",""HSRC-0008""]",Platzhalter-Basiseffekt für eine erst durch ein Upgrade exponierte Mechanik.
victor_aura_of_suffering,min_dps_2,damage,min_dps,,damage_per_second,,,,unlocked or modified by tier 2,,ability-defined,,,,,,,,,high,"[""HSRC-0004"",""HSRC-0008""]",Platzhalter-Basiseffekt für eine erst durch ein Upgrade exponierte Mechanik.
victor_aura_of_suffering,incoming_damage_percent,damage,incoming_damage_percent,,percent,,,,unlocked or modified by tier 3,,ability-defined,,,,,,,,,high,"[""HSRC-0004"",""HSRC-0008""]",Platzhalter-Basiseffekt für eine erst durch ein Upgrade exponierte Mechanik.
victor_shocking_reanimation,bonus_fire_rate,stat,bonus_fire_rate,,percent,,,,unlocked or modified by tier 1,,ability-defined,,,,,,,,,high,"[""HSRC-0004"",""HSRC-0008""]",Platzhalter-Basiseffekt für eine erst durch ein Upgrade exponierte Mechanik.
vindicta_flight,bonus_clip_size_percent,stat,bonus_clip_size_percent,,percent,,,,unlocked or modified by tier 1,,ability-defined,,,,,,,,,high,"[""HSRC-0004"",""HSRC-0008""]",Platzhalter-Basiseffekt für eine erst durch ein Upgrade exponierte Mechanik.
vindicta_flight,refresh_on_kill,stat,refresh_on_kill,,flat,,,,unlocked or modified by tier 3,,ability-defined,,,,,,,,,high,"[""HSRC-0004"",""HSRC-0008""]",Platzhalter-Basiseffekt für eine erst durch ein Upgrade exponierte Mechanik.
vindicta_crow_familiar,heal_amp_receive_penalty_percent,healing,heal_amp_receive_penalty_percent,,percent,,,,unlocked or modified by tier 1,,ability-defined,,,,,,,,,high,"[""HSRC-0004"",""HSRC-0008""]",Platzhalter-Basiseffekt für eine erst durch ein Upgrade exponierte Mechanik.
vindicta_crow_familiar,heal_amp_regen_penalty_percent,healing,heal_amp_regen_penalty_percent,,percent,,,,unlocked or modified by tier 1,,ability-defined,,,,,,,,,high,"[""HSRC-0004"",""HSRC-0008""]",Platzhalter-Basiseffekt für eine erst durch ein Upgrade exponierte Mechanik.
viscous_the_cube,bonus_move_speed,movement,bonus_move_speed,,units_per_second,,,,unlocked or modified by tier 1,,ability-defined,,,,,,,,,high,"[""HSRC-0004"",""HSRC-0008""]",Platzhalter-Basiseffekt für eine erst durch ein Upgrade exponierte Mechanik.
viscous_the_cube,stamina_cooldown_reduction,cooldown,stamina_cooldown_reduction,,percent,,,,unlocked or modified by tier 1,,ability-defined,,,,,,,,,high,"[""HSRC-0004"",""HSRC-0008""]",Platzhalter-Basiseffekt für eine erst durch ein Upgrade exponierte Mechanik.
viscous_the_cube,post_cube_buff,stat,post_cube_buff,,flat,,,,unlocked or modified by tier 1,,ability-defined,,,,,,,,,high,"[""HSRC-0004"",""HSRC-0008""]",Platzhalter-Basiseffekt für eine erst durch ein Upgrade exponierte Mechanik.
viscous_the_cube,purge_debuffs,crowd_control,purge_debuffs,,flat,,,,unlocked or modified by tier 3,,ability-defined,,,,,,,,,high,"[""HSRC-0004"",""HSRC-0008""]",Platzhalter-Basiseffekt für eine erst durch ein Upgrade exponierte Mechanik.
viscous_puddle_punch,life_steal_percent_on_hit,stat,life_steal_percent_on_hit,,percent,,,,unlocked or modified by tier 2,,ability-defined,,,,,,,,,high,"[""HSRC-0004"",""HSRC-0008""]",Platzhalter-Basiseffekt für eine erst durch ein Upgrade exponierte Mechanik.
viscous_puddle_punch,use_heavy_melee,stat,use_heavy_melee,,flat,,,,unlocked or modified by tier 3,,ability-defined,,,,,,,,,high,"[""HSRC-0004"",""HSRC-0008""]",Platzhalter-Basiseffekt für eine erst durch ein Upgrade exponierte Mechanik.
vyper_screwjab_dagger,bullet_resist_reduction,defense,bullet_resist_reduction,,percent,,,,unlocked or modified by tier 2,,ability-defined,,,,,,,,,high,"[""HSRC-0004"",""HSRC-0008""]",Platzhalter-Basiseffekt für eine erst durch ein Upgrade exponierte Mechanik.
vyper_screwjab_dagger,bullet_resist_reduction_per_stack,defense,bullet_resist_reduction_per_stack,,percent,,,,unlocked or modified by tier 2,,ability-defined,,,,,,,,,high,"[""HSRC-0004"",""HSRC-0008""]",Platzhalter-Basiseffekt für eine erst durch ein Upgrade exponierte Mechanik.
vyper_screwjab_dagger,cooldown_refund_percent,cooldown,cooldown_refund_percent,,percent,,,,unlocked or modified by tier 3,,ability-defined,,,,,,,,,high,"[""HSRC-0004"",""HSRC-0008""]",Platzhalter-Basiseffekt für eine erst durch ein Upgrade exponierte Mechanik.
vyper_lethal_venom,heal_amp_regen_penalty_percent,healing,heal_amp_regen_penalty_percent,,percent,,,,unlocked or modified by tier 2,,ability-defined,,,,,,,,,high,"[""HSRC-0004"",""HSRC-0008""]",Platzhalter-Basiseffekt für eine erst durch ein Upgrade exponierte Mechanik.
vyper_lethal_venom,heal_amp_receive_penalty_percent,healing,heal_amp_receive_penalty_percent,,percent,,,,unlocked or modified by tier 2,,ability-defined,,,,,,,,,high,"[""HSRC-0004"",""HSRC-0008""]",Platzhalter-Basiseffekt für eine erst durch ein Upgrade exponierte Mechanik.
vyper_lethal_venom,build_up_per_shot,passive_proc,build_up_per_shot,,flat,,,,unlocked or modified by tier 3,,ability-defined,,,,,,,,,high,"[""HSRC-0004"",""HSRC-0008""]",Platzhalter-Basiseffekt für eine erst durch ein Upgrade exponierte Mechanik.
vyper_slither,stamina,stat,stamina,,count,,,,unlocked or modified by tier 2,,ability-defined,,,,,,,,,high,"[""HSRC-0004"",""HSRC-0008""]",Platzhalter-Basiseffekt für eine erst durch ein Upgrade exponierte Mechanik.
vyper_slither,buff_duration,stat,buff_duration,,seconds,,,,unlocked or modified by tier 3,,ability-defined,,,,,,,,,high,"[""HSRC-0004"",""HSRC-0008""]",Platzhalter-Basiseffekt für eine erst durch ein Upgrade exponierte Mechanik.
vyper_slither,ability_cooldown,cooldown,ability_cooldown,,seconds,,,,unlocked or modified by tier 3,,ability-defined,,,,,,,,,high,"[""HSRC-0004"",""HSRC-0008""]",Platzhalter-Basiseffekt für eine erst durch ein Upgrade exponierte Mechanik.
warden_alchemical_flask,stamina_reduction,stat,stamina_reduction,,percent,,,,unlocked or modified by tier 1,,ability-defined,,,,,,,,,high,"[""HSRC-0004"",""HSRC-0008""]",Platzhalter-Basiseffekt für eine erst durch ein Upgrade exponierte Mechanik.
warden_alchemical_flask,fire_rate_slow,crowd_control,fire_rate_slow,,percent,,,,unlocked or modified by tier 3,,ability-defined,,,,,,,,,high,"[""HSRC-0004"",""HSRC-0008""]",Platzhalter-Basiseffekt für eine erst durch ein Upgrade exponierte Mechanik.
warden_willpower,status_resistance_percent,defense,status_resistance_percent,,percent,,,,unlocked or modified by tier 3,,ability-defined,,,,,,,,,high,"[""HSRC-0004"",""HSRC-0008""]",Platzhalter-Basiseffekt für eine erst durch ein Upgrade exponierte Mechanik.
warden_binding_word,bullet_armor_reduction,defense,bullet_armor_reduction,,percent,,,,unlocked or modified by tier 1,,ability-defined,,,,,,,,,high,"[""HSRC-0004"",""HSRC-0008""]",Platzhalter-Basiseffekt für eine erst durch ein Upgrade exponierte Mechanik.
warden_binding_word,bullet_armor_reduction_duration,defense,bullet_armor_reduction_duration,,percent,,,,unlocked or modified by tier 1,,ability-defined,,,,,,,,,high,"[""HSRC-0004"",""HSRC-0008""]",Platzhalter-Basiseffekt für eine erst durch ein Upgrade exponierte Mechanik.
warden_binding_word,silence_debuff,crowd_control,silence_debuff,,flat,,,,unlocked or modified by tier 3,,ability-defined,,,,,,,,,high,"[""HSRC-0004"",""HSRC-0008""]",Platzhalter-Basiseffekt für eine erst durch ein Upgrade exponierte Mechanik.
warden_last_stand,unstoppable_cast_delay,defense,unstoppable_cast_delay,,seconds,,,,unlocked or modified by tier 3,,ability-defined,,,,,,,,,high,"[""HSRC-0004"",""HSRC-0008""]",Platzhalter-Basiseffekt für eine erst durch ein Upgrade exponierte Mechanik.
wraith_card_trick,improved_joker_chance,stat,improved_joker_chance,,flat,,,,unlocked or modified by tier 3,,ability-defined,,,,,,,,,high,"[""HSRC-0004"",""HSRC-0008""]",Platzhalter-Basiseffekt für eine erst durch ein Upgrade exponierte Mechanik.
wraith_project_mind,barrier_duration,shield,barrier_duration,,seconds,,,,unlocked or modified by tier 2,,ability-defined,,,,,,,,,high,"[""HSRC-0004"",""HSRC-0008""]",Platzhalter-Basiseffekt für eine erst durch ein Upgrade exponierte Mechanik.
wraith_full_auto,unlimited_ammo,stat,unlimited_ammo,,ammo,,,,unlocked or modified by tier 3,,ability-defined,,,,,,,,,high,"[""HSRC-0004"",""HSRC-0008""]",Platzhalter-Basiseffekt für eine erst durch ein Upgrade exponierte Mechanik.
yamato_power_slash,slow_duration,crowd_control,slow_duration,,seconds,,,,unlocked or modified by tier 1,,ability-defined,,,,,,,,,high,"[""HSRC-0004"",""HSRC-0008""]",Platzhalter-Basiseffekt für eine erst durch ein Upgrade exponierte Mechanik.
yamato_power_slash,slow_percent,crowd_control,slow_percent,,percent,,,,unlocked or modified by tier 1,,ability-defined,,,,,,,,,high,"[""HSRC-0004"",""HSRC-0008""]",Platzhalter-Basiseffekt für eine erst durch ein Upgrade exponierte Mechanik.
yamato_flying_slash,spirit_bonus,stat,spirit_bonus,,flat,,,,unlocked or modified by tier 2,,ability-defined,,,,,,,,,high,"[""HSRC-0004"",""HSRC-0008""]",Platzhalter-Basiseffekt für eine erst durch ein Upgrade exponierte Mechanik.
yamato_flying_slash,buff_duration,stat,buff_duration,,seconds,,,,unlocked or modified by tier 2,,ability-defined,,,,,,,,,high,"[""HSRC-0004"",""HSRC-0008""]",Platzhalter-Basiseffekt für eine erst durch ein Upgrade exponierte Mechanik.
yamato_flying_slash,can_grapple_ally_heroes,stat,can_grapple_ally_heroes,,boolean,,,,unlocked or modified by tier 3,,ability-defined,,,,,,,,,high,"[""HSRC-0004"",""HSRC-0008""]",Platzhalter-Basiseffekt für eine erst durch ein Upgrade exponierte Mechanik.
yamato_flying_slash,ability_charges,charge,ability_charges,,charges,,,,unlocked or modified by tier 3,,ability-defined,,,,,,,,,high,"[""HSRC-0004"",""HSRC-0008""]",Platzhalter-Basiseffekt für eine erst durch ein Upgrade exponierte Mechanik.
yamato_flying_slash,ability_cooldown_between_charge,cooldown,ability_cooldown_between_charge,,seconds,,,,unlocked or modified by tier 3,,ability-defined,,,,,,,,,high,"[""HSRC-0004"",""HSRC-0008""]",Platzhalter-Basiseffekt für eine erst durch ein Upgrade exponierte Mechanik.
yamato_crimson_slash,buff_melee_damage,damage,buff_melee_damage,,damage,,,,unlocked or modified by tier 1,,ability-defined,,,,,,,,,high,"[""HSRC-0004"",""HSRC-0008""]",Platzhalter-Basiseffekt für eine erst durch ein Upgrade exponierte Mechanik.
yamato_crimson_slash,heal_max_health,healing,heal_max_health,,health,,,,unlocked or modified by tier 2,,ability-defined,,,,,,,,,high,"[""HSRC-0004"",""HSRC-0008""]",Platzhalter-Basiseffekt für eine erst durch ein Upgrade exponierte Mechanik.
yamato_shadow_transformation,weapon_damage_bonus,damage,weapon_damage_bonus,,damage,,,,unlocked or modified by tier 1,,ability-defined,,,,,,,,,high,"[""HSRC-0004"",""HSRC-0008""]",Platzhalter-Basiseffekt für eine erst durch ein Upgrade exponierte Mechanik.
yamato_shadow_transformation,bonus_move_speed,movement,bonus_move_speed,,units_per_second,,,,unlocked or modified by tier 2,,ability-defined,,,,,,,,,high,"[""HSRC-0004"",""HSRC-0008""]",Platzhalter-Basiseffekt für eine erst durch ein Upgrade exponierte Mechanik.
