ability_id,upgrade_id,upgrade_level,ability_point_cost,effect_reference,mechanic,operation,value,unit,condition,confidence,source_ids,notes
abrams_siphon_life,abrams_siphon_life_t1,1,1,abrams_siphon_life::ability_cooldown,ability_cooldown,reduce_cooldown,-20,seconds,tier 1 purchased,high,"[""HSRC-0004"",""HSRC-0008""]",
abrams_siphon_life,abrams_siphon_life_t2,2,2,abrams_siphon_life::ability_duration,ability_duration,add,2,seconds,tier 2 purchased,high,"[""HSRC-0004"",""HSRC-0008""]",
abrams_siphon_life,abrams_siphon_life_t3,3,5,abrams_siphon_life::dps,dps,add,18,damage_per_second,tier 3 purchased,high,"[""HSRC-0004"",""HSRC-0008""]",Structured scaling attribute=spirit; coefficient=0.12.
abrams_siphon_life,abrams_siphon_life_t3,3,5,abrams_siphon_life::dps,dps_spirit_scaling,modify_scaling,0.12,multiplier,tier 3 purchased,high,"[""HSRC-0004"",""HSRC-0008""]",Atomar vom Basiswert getrennte Skalierungsänderung; structured attribute=spirit.
abrams_siphon_life,abrams_siphon_life_t3,3,5,abrams_siphon_life::radius,radius,add,2,meters,tier 3 purchased,high,"[""HSRC-0004"",""HSRC-0008""]",
abrams_shoulder_charge,abrams_shoulder_charge_t1,1,1,abrams_shoulder_charge::slow_percent,slow_percent,unlock,40,percent,tier 1 purchased,high,"[""HSRC-0004"",""HSRC-0008""]",
abrams_shoulder_charge,abrams_shoulder_charge_t1,1,1,abrams_shoulder_charge::slow_duration,slow_duration,unlock,3,seconds,tier 1 purchased,high,"[""HSRC-0004"",""HSRC-0008""]",
abrams_shoulder_charge,abrams_shoulder_charge_t2,2,2,abrams_shoulder_charge::stun_duration,stun_duration,add,0.8,seconds,tier 2 purchased,high,"[""HSRC-0004"",""HSRC-0008""]",
abrams_shoulder_charge,abrams_shoulder_charge_t3,3,5,abrams_shoulder_charge::ability_cooldown,ability_cooldown,reduce_cooldown,-18,seconds,tier 3 purchased,high,"[""HSRC-0004"",""HSRC-0008""]",
abrams_shoulder_charge,abrams_shoulder_charge_t3,3,5,abrams_shoulder_charge::weapon_damage_bonus,weapon_damage_bonus,unlock,1.5,damage,tier 3 purchased,high,"[""HSRC-0004"",""HSRC-0008""]",
abrams_shoulder_charge,abrams_shoulder_charge_t3,3,5,abrams_shoulder_charge::weapon_power_increase_duration,weapon_power_increase_duration,unlock,6,seconds,tier 3 purchased,high,"[""HSRC-0004"",""HSRC-0008""]",
abrams_infernal_resilience,abrams_infernal_resilience_t1,1,1,abrams_infernal_resilience::bonus_max_health,bonus_max_health,unlock,200,health,tier 1 purchased,high,"[""HSRC-0004"",""HSRC-0008""]",
abrams_infernal_resilience,abrams_infernal_resilience_t2,2,2,abrams_infernal_resilience::melee_lifesteal,melee_lifesteal,unlock,18,percent,tier 2 purchased,high,"[""HSRC-0004"",""HSRC-0008""]",
abrams_infernal_resilience,abrams_infernal_resilience_t3,3,5,abrams_infernal_resilience::regen_incoming_damage_percent,regen_incoming_damage_percent,add,8,percent,tier 3 purchased,high,"[""HSRC-0004"",""HSRC-0008""]",
abrams_infernal_resilience,abrams_infernal_resilience_t3,3,5,abrams_infernal_resilience::status_resistance_percent,status_resistance_percent,unlock,20,percent,tier 3 purchased,high,"[""HSRC-0004"",""HSRC-0008""]",
abrams_seismic_impact,abrams_seismic_impact_t1,1,1,abrams_seismic_impact::ability_cooldown,ability_cooldown,reduce_cooldown,-30,seconds,tier 1 purchased,high,"[""HSRC-0004"",""HSRC-0008""]",
abrams_seismic_impact,abrams_seismic_impact_t2,2,2,abrams_seismic_impact::stun_duration,stun_duration,add,0.8,seconds,tier 2 purchased,high,"[""HSRC-0004"",""HSRC-0008""]",
abrams_seismic_impact,abrams_seismic_impact_t3,3,5,abrams_seismic_impact::immunity_duration,immunity_duration,unlock,6,seconds,tier 3 purchased,high,"[""HSRC-0004"",""HSRC-0008""]",
abrams_seismic_impact,abrams_seismic_impact_t3,3,5,abrams_seismic_impact::impact_radius,impact_radius,add,6,meters,tier 3 purchased,high,"[""HSRC-0004"",""HSRC-0008""]",
apollo_disengaging_sigil,apollo_disengaging_sigil_t1,1,1,apollo_disengaging_sigil::bonus_fire_rate,bonus_fire_rate,unlock,25,percent,tier 1 purchased,high,"[""HSRC-0004"",""HSRC-0008""]",
apollo_disengaging_sigil,apollo_disengaging_sigil_t1,1,1,apollo_disengaging_sigil::bonus_bullet_speed_percent,bonus_bullet_speed_percent,unlock,25,percent,tier 1 purchased,high,"[""HSRC-0004"",""HSRC-0008""]",
apollo_disengaging_sigil,apollo_disengaging_sigil_t1,1,1,apollo_disengaging_sigil::buff_duration,buff_duration,unlock,8,seconds,tier 1 purchased,high,"[""HSRC-0004"",""HSRC-0008""]",
apollo_disengaging_sigil,apollo_disengaging_sigil_t2,2,2,apollo_disengaging_sigil::stamina_to_restore,stamina_to_restore,unlock,1,flat,tier 2 purchased,high,"[""HSRC-0004"",""HSRC-0008""]",
apollo_disengaging_sigil,apollo_disengaging_sigil_t2,2,2,apollo_disengaging_sigil::resets_air_limit,resets_air_limit,unlock,1,flat,tier 2 purchased,high,"[""HSRC-0004"",""HSRC-0008""]",
apollo_disengaging_sigil,apollo_disengaging_sigil_t3,3,5,apollo_disengaging_sigil::recast_time,recast_time,unlock,4,seconds,tier 3 purchased,high,"[""HSRC-0004"",""HSRC-0008""]",
apollo_riposte,apollo_riposte_t1,1,1,apollo_riposte::ability_cooldown,ability_cooldown,reduce_cooldown,-8,seconds,tier 1 purchased,high,"[""HSRC-0004"",""HSRC-0008""]",
apollo_riposte,apollo_riposte_t2,2,2,apollo_riposte::melee_resist_reduction,melee_resist_reduction,subtract,-25,percent,tier 2 purchased,high,"[""HSRC-0004"",""HSRC-0008""]",
apollo_riposte,apollo_riposte_t2,2,2,apollo_riposte::stun_duration,stun_duration,add,0.4,seconds,tier 2 purchased,high,"[""HSRC-0004"",""HSRC-0008""]",
apollo_riposte,apollo_riposte_t3,3,5,apollo_riposte::target_lifesteal,target_lifesteal,unlock,75,percent,tier 3 purchased,high,"[""HSRC-0004"",""HSRC-0008""]",
apollo_riposte,apollo_riposte_t3,3,5,apollo_riposte::target_lifesteal_duration,target_lifesteal_duration,unlock,13,percent,tier 3 purchased,high,"[""HSRC-0004"",""HSRC-0008""]",
apollo_flawless_advance,apollo_flawless_advance_t1,1,1,apollo_flawless_advance::heal_fixed_health,heal_fixed_health,add,35,health,tier 1 purchased,high,"[""HSRC-0004"",""HSRC-0008""]",Structured scaling attribute=spirit; coefficient=1.3.
apollo_flawless_advance,apollo_flawless_advance_t1,1,1,apollo_flawless_advance::heal_fixed_health,heal_fixed_health_spirit_scaling,modify_scaling,1.3,multiplier,tier 1 purchased,high,"[""HSRC-0004"",""HSRC-0008""]",Atomar vom Basiswert getrennte Skalierungsänderung; structured attribute=spirit.
apollo_flawless_advance,apollo_flawless_advance_t2,2,2,apollo_flawless_advance::ability_cooldown,ability_cooldown,reduce_cooldown,-12,seconds,tier 2 purchased,high,"[""HSRC-0004"",""HSRC-0008""]",
apollo_flawless_advance,apollo_flawless_advance_t2,2,2,apollo_flawless_advance::bullet_resist,bullet_resist,unlock,60,percent,tier 2 purchased,high,"[""HSRC-0004"",""HSRC-0008""]",
apollo_flawless_advance,apollo_flawless_advance_t2,2,2,apollo_flawless_advance::dash_buff_duration,dash_buff_duration,unlock,1.5,seconds,tier 2 purchased,high,"[""HSRC-0004"",""HSRC-0008""]",
apollo_flawless_advance,apollo_flawless_advance_t3,3,5,apollo_flawless_advance::base_damage,base_damage,add,30,damage,tier 3 purchased,high,"[""HSRC-0004"",""HSRC-0008""]",Structured scaling attribute=spirit; coefficient=1.15.
apollo_flawless_advance,apollo_flawless_advance_t3,3,5,apollo_flawless_advance::base_damage,base_damage_spirit_scaling,modify_scaling,1.15,multiplier,tier 3 purchased,high,"[""HSRC-0004"",""HSRC-0008""]",Atomar vom Basiswert getrennte Skalierungsänderung; structured attribute=spirit.
apollo_flawless_advance,apollo_flawless_advance_t3,3,5,apollo_flawless_advance::max_damage_before_perfect,max_damage_before_perfect,add,45,damage,tier 3 purchased,high,"[""HSRC-0004"",""HSRC-0008""]",Structured scaling attribute=spirit; coefficient=1.15.
apollo_flawless_advance,apollo_flawless_advance_t3,3,5,apollo_flawless_advance::max_damage_before_perfect,max_damage_before_perfect_spirit_scaling,modify_scaling,1.15,multiplier,tier 3 purchased,high,"[""HSRC-0004"",""HSRC-0008""]",Atomar vom Basiswert getrennte Skalierungsänderung; structured attribute=spirit.
apollo_flawless_advance,apollo_flawless_advance_t3,3,5,apollo_flawless_advance::perfect_damage,perfect_damage,add,65,damage,tier 3 purchased,high,"[""HSRC-0004"",""HSRC-0008""]",Structured scaling attribute=spirit; coefficient=1.15.
apollo_flawless_advance,apollo_flawless_advance_t3,3,5,apollo_flawless_advance::perfect_damage,perfect_damage_spirit_scaling,modify_scaling,1.15,multiplier,tier 3 purchased,high,"[""HSRC-0004"",""HSRC-0008""]",Atomar vom Basiswert getrennte Skalierungsänderung; structured attribute=spirit.
apollo_flawless_advance,apollo_flawless_advance_t3,3,5,apollo_flawless_advance::attack_dash_range,attack_dash_range,add,3,meters,tier 3 purchased,high,"[""HSRC-0004"",""HSRC-0008""]",
apollo_flawless_advance,apollo_flawless_advance_t3,3,5,apollo_flawless_advance::dash_speed,dash_speed,add,13.97,units_per_second,tier 3 purchased,high,"[""HSRC-0004"",""HSRC-0008""]",
apollo_itani_lo_sahn,apollo_itani_lo_sahn_t1,1,1,apollo_itani_lo_sahn::dash_range,dash_range,add,8,meters,tier 1 purchased,high,"[""HSRC-0004"",""HSRC-0008""]",
apollo_itani_lo_sahn,apollo_itani_lo_sahn_t2,2,2,apollo_itani_lo_sahn::ability_cooldown,ability_cooldown,reduce_cooldown,-35,seconds,tier 2 purchased,high,"[""HSRC-0004"",""HSRC-0008""]",
apollo_itani_lo_sahn,apollo_itani_lo_sahn_t3,3,5,apollo_itani_lo_sahn::bonus_damage_percent,bonus_damage_percent,add,50,percent,tier 3 purchased,high,"[""HSRC-0004"",""HSRC-0008""]",
bebop_exploding_uppercut,bebop_exploding_uppercut_t1,1,1,bebop_exploding_uppercut::ability_cooldown,ability_cooldown,reduce_cooldown,-11,seconds,tier 1 purchased,high,"[""HSRC-0004"",""HSRC-0008""]",
bebop_exploding_uppercut,bebop_exploding_uppercut_t2,2,2,bebop_exploding_uppercut::uppercut_buff_on_hit,uppercut_buff_on_hit,unlock,9,flat,tier 2 purchased,high,"[""HSRC-0004"",""HSRC-0008""]",
bebop_exploding_uppercut,bebop_exploding_uppercut_t2,2,2,bebop_exploding_uppercut::buff_base_weapon_pct,buff_base_weapon_pct,unlock,30,percent,tier 2 purchased,high,"[""HSRC-0004"",""HSRC-0008""]",
bebop_exploding_uppercut,bebop_exploding_uppercut_t3,3,5,bebop_exploding_uppercut::restore_hook_cooldown,restore_hook_cooldown,unlock,1,seconds,tier 3 purchased,high,"[""HSRC-0004"",""HSRC-0008""]",
bebop_exploding_uppercut,bebop_exploding_uppercut_t3,3,5,bebop_exploding_uppercut::missing_hp_heal,missing_hp_heal,unlock,18,health,tier 3 purchased,high,"[""HSRC-0004"",""HSRC-0008""]",
bebop_sticky_bomb,bebop_sticky_bomb_t1,1,1,bebop_sticky_bomb::ability_cooldown,ability_cooldown,reduce_cooldown,-8,seconds,tier 1 purchased,high,"[""HSRC-0004"",""HSRC-0008""]",
bebop_sticky_bomb,bebop_sticky_bomb_t2,2,2,bebop_sticky_bomb::damage,damage,add,85,damage,tier 2 purchased,high,"[""HSRC-0004"",""HSRC-0008""]",
bebop_sticky_bomb,bebop_sticky_bomb_t3,3,5,bebop_sticky_bomb::movement_speed_bonus,movement_speed_bonus,unlock,5,units_per_second,tier 3 purchased,high,"[""HSRC-0004"",""HSRC-0008""]",
bebop_sticky_bomb,bebop_sticky_bomb_t3,3,5,bebop_sticky_bomb::status_resistance_percent,status_resistance_percent,unlock,25,percent,tier 3 purchased,high,"[""HSRC-0004"",""HSRC-0008""]",
bebop_sticky_bomb,bebop_sticky_bomb_t3,3,5,bebop_sticky_bomb::movement_speed_bonus_duration,movement_speed_bonus_duration,unlock,6,seconds,tier 3 purchased,high,"[""HSRC-0004"",""HSRC-0008""]",
bebop_grapple_arm,bebop_grapple_arm_t1,1,1,bebop_grapple_arm::bullet_amp,bullet_amp,unlock,20,percent,tier 1 purchased,high,"[""HSRC-0004"",""HSRC-0008""]",
bebop_grapple_arm,bebop_grapple_arm_t1,1,1,bebop_grapple_arm::bullet_amp_duration,bullet_amp_duration,unlock,6,seconds,tier 1 purchased,high,"[""HSRC-0004"",""HSRC-0008""]",
bebop_grapple_arm,bebop_grapple_arm_t2,2,2,bebop_grapple_arm::ability_cast_range,ability_cast_range,add,30,meters,tier 2 purchased,high,"[""HSRC-0004"",""HSRC-0008""]",
bebop_grapple_arm,bebop_grapple_arm_t3,3,5,bebop_grapple_arm::ability_cooldown,ability_cooldown,reduce_cooldown,-11.5,seconds,tier 3 purchased,high,"[""HSRC-0004"",""HSRC-0008""]",
bebop_hyper_beam,bebop_hyper_beam_t1,1,1,bebop_hyper_beam::ability_cooldown,ability_cooldown,reduce_cooldown,-20,seconds,tier 1 purchased,high,"[""HSRC-0004"",""HSRC-0008""]",
bebop_hyper_beam,bebop_hyper_beam_t2,2,2,bebop_hyper_beam::dps,dps,add,108,damage_per_second,tier 2 purchased,high,"[""HSRC-0004"",""HSRC-0008""]",
bebop_hyper_beam,bebop_hyper_beam_t3,3,5,bebop_hyper_beam::beam_lifesteal,beam_lifesteal,unlock,65,percent,tier 3 purchased,high,"[""HSRC-0004"",""HSRC-0008""]",
bebop_hyper_beam,bebop_hyper_beam_t3,3,5,bebop_hyper_beam::beam_lifesteal_non_hero_percent,beam_lifesteal_non_hero_percent,unlock,20,percent,tier 3 purchased,high,"[""HSRC-0004"",""HSRC-0008""]",
billy_bashdown,billy_bashdown_t1,1,1,billy_bashdown::ability_cooldown,ability_cooldown,reduce_cooldown,-10,seconds,tier 1 purchased,high,"[""HSRC-0004"",""HSRC-0008""]",
billy_bashdown,billy_bashdown_t2,2,2,billy_bashdown::ability_cast_range,ability_cast_range,add,2,meters,tier 2 purchased,high,"[""HSRC-0004"",""HSRC-0008""]",
billy_bashdown,billy_bashdown_t2,2,2,billy_bashdown::ability_charges,ability_charges,add_charge,1,charges,tier 2 purchased,high,"[""HSRC-0004"",""HSRC-0008""]",
billy_bashdown,billy_bashdown_t3,3,5,billy_bashdown::counts_as_light_melee,counts_as_light_melee,subtract,-1,count,tier 3 purchased,high,"[""HSRC-0004"",""HSRC-0008""]",
billy_bashdown,billy_bashdown_t3,3,5,billy_bashdown::counts_as_heavy_melee,counts_as_heavy_melee,unlock,1,count,tier 3 purchased,high,"[""HSRC-0004"",""HSRC-0008""]",
billy_bashdown,billy_bashdown_t3,3,5,billy_bashdown::heavy_melee_damage,heavy_melee_damage,add,0,damage,tier 3 purchased,high,"[""HSRC-0004"",""HSRC-0008""]",Structured scaling attribute=heavy_melee; coefficient=0.5.
billy_bashdown,billy_bashdown_t3,3,5,billy_bashdown::heavy_melee_damage,heavy_melee_damage_heavy_melee_scaling,modify_scaling,0.5,multiplier,tier 3 purchased,high,"[""HSRC-0004"",""HSRC-0008""]",Atomar vom Basiswert getrennte Skalierungsänderung; structured attribute=heavy_melee.
billy_bashdown,billy_bashdown_t3,3,5,billy_bashdown::melee_damage,melee_damage,add,0,damage,tier 3 purchased,high,"[""HSRC-0004"",""HSRC-0008""]",Structured scaling attribute=melee; coefficient=0.
billy_bashdown,billy_bashdown_t3,3,5,billy_bashdown::melee_damage,melee_damage_melee_scaling,modify_scaling,0,multiplier,tier 3 purchased,high,"[""HSRC-0004"",""HSRC-0008""]",Atomar vom Basiswert getrennte Skalierungsänderung; structured attribute=melee.
billy_bashdown,billy_bashdown_t3,3,5,billy_bashdown::ability_cooldown_between_charge,ability_cooldown_between_charge,reduce_cooldown,-3,seconds,tier 3 purchased,high,"[""HSRC-0004"",""HSRC-0008""]",
billy_rising_ram,billy_rising_ram_t1,1,1,billy_rising_ram::weapon_damage_burst,weapon_damage_burst,unlock,25,damage,tier 1 purchased,high,"[""HSRC-0004"",""HSRC-0008""]",
billy_rising_ram,billy_rising_ram_t1,1,1,billy_rising_ram::weapon_damage_burst_duration,weapon_damage_burst_duration,unlock,5,seconds,tier 1 purchased,high,"[""HSRC-0004"",""HSRC-0008""]",
billy_rising_ram,billy_rising_ram_t2,2,2,billy_rising_ram::ability_duration,ability_duration,add,0.4,seconds,tier 2 purchased,high,"[""HSRC-0004"",""HSRC-0008""]",
billy_rising_ram,billy_rising_ram_t3,3,5,billy_rising_ram::max_health_buff_pct,max_health_buff_pct,unlock,10,percent,tier 3 purchased,high,"[""HSRC-0004"",""HSRC-0008""]",
billy_rising_ram,billy_rising_ram_t3,3,5,billy_rising_ram::max_health_buff_duration,max_health_buff_duration,unlock,16,seconds,tier 3 purchased,high,"[""HSRC-0004"",""HSRC-0008""]",
billy_rising_ram,billy_rising_ram_t3,3,5,billy_rising_ram::ability_cooldown,ability_cooldown,reduce_cooldown,-13,seconds,tier 3 purchased,high,"[""HSRC-0004"",""HSRC-0008""]",
billy_blasted,billy_blasted_t1,1,1,billy_blasted::bonus_move_speed,bonus_move_speed,unlock,2.25,units_per_second,tier 1 purchased,high,"[""HSRC-0004"",""HSRC-0008""]",
billy_blasted,billy_blasted_t2,2,2,billy_blasted::gain_slam_on_use,gain_slam_on_use,unlock,1,flat,tier 2 purchased,high,"[""HSRC-0004"",""HSRC-0008""]",
billy_blasted,billy_blasted_t2,2,2,billy_blasted::bullet_damage_amp,bullet_damage_amp,add,7,percent,tier 2 purchased,high,"[""HSRC-0004"",""HSRC-0008""]",
billy_blasted,billy_blasted_t3,3,5,billy_blasted::max_health_melee,max_health_melee,add,50,health,tier 3 purchased,high,"[""HSRC-0004"",""HSRC-0008""]",Structured scaling attribute=spirit; coefficient=0.6.
billy_blasted,billy_blasted_t3,3,5,billy_blasted::max_health_melee,max_health_melee_spirit_scaling,modify_scaling,0.6,multiplier,tier 3 purchased,high,"[""HSRC-0004"",""HSRC-0008""]",Atomar vom Basiswert getrennte Skalierungsänderung; structured attribute=spirit.
billy_chain_gang,billy_chain_gang_t1,1,1,billy_chain_gang::bullet_resist,bullet_resist,unlock,40,percent,tier 1 purchased,high,"[""HSRC-0004"",""HSRC-0008""]",
billy_chain_gang,billy_chain_gang_t1,1,1,billy_chain_gang::tech_resist,tech_resist,unlock,40,percent,tier 1 purchased,high,"[""HSRC-0004"",""HSRC-0008""]",
billy_chain_gang,billy_chain_gang_t2,2,2,billy_chain_gang::ability_cooldown,ability_cooldown,reduce_cooldown,-40,seconds,tier 2 purchased,high,"[""HSRC-0004"",""HSRC-0008""]",
billy_chain_gang,billy_chain_gang_t3,3,5,billy_chain_gang::unstoppable_per_hero,unstoppable_per_hero,unlock,1.3,flat,tier 3 purchased,high,"[""HSRC-0004"",""HSRC-0008""]",
billy_chain_gang,billy_chain_gang_t3,3,5,billy_chain_gang::ability_cast_range,ability_cast_range,add,5,meters,tier 3 purchased,high,"[""HSRC-0004"",""HSRC-0008""]",
calico_gloom_bombs,calico_gloom_bombs_t1,1,1,calico_gloom_bombs::ability_cooldown,ability_cooldown,reduce_cooldown,-3,seconds,tier 1 purchased,high,"[""HSRC-0004"",""HSRC-0008""]",
calico_gloom_bombs,calico_gloom_bombs_t2,2,2,calico_gloom_bombs::melee_resist_reduction,melee_resist_reduction,unlock,-6,percent,tier 2 purchased,high,"[""HSRC-0004"",""HSRC-0008""]",
calico_gloom_bombs,calico_gloom_bombs_t2,2,2,calico_gloom_bombs::melee_resist_reduction_duration,melee_resist_reduction_duration,unlock,6,percent,tier 2 purchased,high,"[""HSRC-0004"",""HSRC-0008""]",
calico_gloom_bombs,calico_gloom_bombs_t3,3,5,calico_gloom_bombs::grenade_count,grenade_count,add,3,count,tier 3 purchased,high,"[""HSRC-0004"",""HSRC-0008""]",
calico_leaping_slash,calico_leaping_slash_t1,1,1,calico_leaping_slash::heal_amount,heal_amount,add,25,health,tier 1 purchased,high,"[""HSRC-0004"",""HSRC-0008""]",
calico_leaping_slash,calico_leaping_slash_t2,2,2,calico_leaping_slash::bonus_gold_on_kill,bonus_gold_on_kill,unlock,200,flat,tier 2 purchased,high,"[""HSRC-0004"",""HSRC-0008""]",
calico_leaping_slash,calico_leaping_slash_t2,2,2,calico_leaping_slash::bounty_duration,bounty_duration,unlock,3,seconds,tier 2 purchased,high,"[""HSRC-0004"",""HSRC-0008""]",
calico_leaping_slash,calico_leaping_slash_t3,3,5,calico_leaping_slash::cooldown_refund_percent,cooldown_refund_percent,unlock,50,percent,tier 3 purchased,high,"[""HSRC-0004"",""HSRC-0008""]",
calico_leaping_slash,calico_leaping_slash_t3,3,5,calico_leaping_slash::impact_damage,impact_damage,add,60,damage,tier 3 purchased,high,"[""HSRC-0004"",""HSRC-0008""]",
calico_ava,calico_ava_t1,1,1,calico_ava::buff_duration,buff_duration,add,15,seconds,tier 1 purchased,high,"[""HSRC-0004"",""HSRC-0008""]",
calico_ava,calico_ava_t2,2,2,calico_ava::max_bonus_move_speed_percent,max_bonus_move_speed_percent,add,40,percent,tier 2 purchased,high,"[""HSRC-0004"",""HSRC-0008""]",
calico_ava,calico_ava_t2,2,2,calico_ava::health_regen,health_regen,unlock,15,health,tier 2 purchased,high,"[""HSRC-0004"",""HSRC-0008""]",
calico_ava,calico_ava_t3,3,5,calico_ava::outgoing_damage_percent,outgoing_damage_percent,unlock,18,percent,tier 3 purchased,high,"[""HSRC-0004"",""HSRC-0008""]",
calico_ava,calico_ava_t3,3,5,calico_ava::damage_amp_duration,damage_amp_duration,unlock,6,seconds,tier 3 purchased,high,"[""HSRC-0004"",""HSRC-0008""]",
calico_ava,calico_ava_t3,3,5,calico_ava::damage_amp_build_duration,damage_amp_build_duration,unlock,10,seconds,tier 3 purchased,high,"[""HSRC-0004"",""HSRC-0008""]",
calico_return_to_shadows,calico_return_to_shadows_t1,1,1,calico_return_to_shadows::ability_cooldown,ability_cooldown,reduce_cooldown,-20,seconds,tier 1 purchased,high,"[""HSRC-0004"",""HSRC-0008""]",
calico_return_to_shadows,calico_return_to_shadows_t2,2,2,calico_return_to_shadows::damage,damage,add,75,damage,tier 2 purchased,high,"[""HSRC-0004"",""HSRC-0008""]",
calico_return_to_shadows,calico_return_to_shadows_t2,2,2,calico_return_to_shadows::bonus_move_speed_percent,bonus_move_speed_percent,add,20,percent,tier 2 purchased,high,"[""HSRC-0004"",""HSRC-0008""]",
calico_return_to_shadows,calico_return_to_shadows_t3,3,5,calico_return_to_shadows::refund_cooldowns,refund_cooldowns,unlock,1,seconds,tier 3 purchased,high,"[""HSRC-0004"",""HSRC-0008""]",
calico_return_to_shadows,calico_return_to_shadows_t3,3,5,calico_return_to_shadows::heal_amount,heal_amount,unlock,450,health,tier 3 purchased,high,"[""HSRC-0004"",""HSRC-0008""]",
celeste_light_eater,celeste_light_eater_t1,1,1,celeste_light_eater::ability_lifesteal_percent_hero,ability_lifesteal_percent_hero,add,15,percent,tier 1 purchased,high,"[""HSRC-0004"",""HSRC-0008""]",
celeste_light_eater,celeste_light_eater_t2,2,2,celeste_light_eater::ability_cast_range,ability_cast_range,add,3,meters,tier 2 purchased,high,"[""HSRC-0004"",""HSRC-0008""]",
celeste_light_eater,celeste_light_eater_t2,2,2,celeste_light_eater::ability_cooldown,ability_cooldown,reduce_cooldown,-10,seconds,tier 2 purchased,high,"[""HSRC-0004"",""HSRC-0008""]",
celeste_light_eater,celeste_light_eater_t3,3,5,celeste_light_eater::damage,damage,add,25,damage,tier 3 purchased,high,"[""HSRC-0004"",""HSRC-0008""]",Structured scaling attribute=spirit; coefficient=0.2.
celeste_light_eater,celeste_light_eater_t3,3,5,celeste_light_eater::damage,damage_spirit_scaling,modify_scaling,0.2,multiplier,tier 3 purchased,high,"[""HSRC-0004"",""HSRC-0008""]",Atomar vom Basiswert getrennte Skalierungsänderung; structured attribute=spirit.
celeste_dazzling_trick,celeste_dazzling_trick_t1,1,1,celeste_dazzling_trick::bonus_move_speed,bonus_move_speed,unlock,3.5,units_per_second,tier 1 purchased,high,"[""HSRC-0004"",""HSRC-0008""]",
celeste_dazzling_trick,celeste_dazzling_trick_t2,2,2,celeste_dazzling_trick::combat_barrier,combat_barrier,add,70,health,tier 2 purchased,high,"[""HSRC-0004"",""HSRC-0008""]",Structured scaling attribute=spirit; coefficient=0.76.
celeste_dazzling_trick,celeste_dazzling_trick_t2,2,2,celeste_dazzling_trick::combat_barrier,combat_barrier_spirit_scaling,modify_scaling,0.76,multiplier,tier 2 purchased,high,"[""HSRC-0004"",""HSRC-0008""]",Atomar vom Basiswert getrennte Skalierungsänderung; structured attribute=spirit.
celeste_dazzling_trick,celeste_dazzling_trick_t3,3,5,celeste_dazzling_trick::debuff_duration,debuff_duration,add,1.25,seconds,tier 3 purchased,high,"[""HSRC-0004"",""HSRC-0008""]",
celeste_dazzling_trick,celeste_dazzling_trick_t3,3,5,celeste_dazzling_trick::ability_cooldown,ability_cooldown,reduce_cooldown,-20,seconds,tier 3 purchased,high,"[""HSRC-0004"",""HSRC-0008""]",
celeste_radiant_daggers,celeste_radiant_daggers_t1,1,1,celeste_radiant_daggers::ability_charges,ability_charges,add_charge,2,charges,tier 1 purchased,high,"[""HSRC-0004"",""HSRC-0008""]",
celeste_radiant_daggers,celeste_radiant_daggers_t2,2,2,celeste_radiant_daggers::impact_damage,impact_damage,add,80,damage,tier 2 purchased,high,"[""HSRC-0004"",""HSRC-0008""]",
celeste_radiant_daggers,celeste_radiant_daggers_t2,2,2,celeste_radiant_daggers::ability_cooldown,ability_cooldown,reduce_cooldown,-22,seconds,tier 2 purchased,high,"[""HSRC-0004"",""HSRC-0008""]",
celeste_radiant_daggers,celeste_radiant_daggers_t3,3,5,celeste_radiant_daggers::magic_increase_per_stack,magic_increase_per_stack,add,4,percent,tier 3 purchased,high,"[""HSRC-0004"",""HSRC-0008""]",
celeste_radiant_daggers,celeste_radiant_daggers_t3,3,5,celeste_radiant_daggers::fire_rate_per_stack,fire_rate_per_stack,unlock,9,percent,tier 3 purchased,high,"[""HSRC-0004"",""HSRC-0008""]",
celeste_shining_wonder,celeste_shining_wonder_t1,1,1,celeste_shining_wonder::ground_dash_reduction_percent,ground_dash_reduction_percent,subtract,-15,percent,tier 1 purchased,high,"[""HSRC-0004"",""HSRC-0008""]",
celeste_shining_wonder,celeste_shining_wonder_t1,1,1,celeste_shining_wonder::slow_percent,slow_percent,add,20,percent,tier 1 purchased,high,"[""HSRC-0004"",""HSRC-0008""]",
celeste_shining_wonder,celeste_shining_wonder_t2,2,2,celeste_shining_wonder::damage,damage,add,90,damage,tier 2 purchased,high,"[""HSRC-0004"",""HSRC-0008""]",Structured scaling attribute=spirit; coefficient=0.45.
celeste_shining_wonder,celeste_shining_wonder_t2,2,2,celeste_shining_wonder::damage,damage_spirit_scaling,modify_scaling,0.45,multiplier,tier 2 purchased,high,"[""HSRC-0004"",""HSRC-0008""]",Atomar vom Basiswert getrennte Skalierungsänderung; structured attribute=spirit.
celeste_shining_wonder,celeste_shining_wonder_t3,3,5,celeste_shining_wonder::max_bounces,max_bounces,add,8,count,tier 3 purchased,high,"[""HSRC-0004"",""HSRC-0008""]",
celeste_shining_wonder,celeste_shining_wonder_t3,3,5,celeste_shining_wonder::ability_cooldown,ability_cooldown,reduce_cooldown,-30,seconds,tier 3 purchased,high,"[""HSRC-0004"",""HSRC-0008""]",
drifter_rend,drifter_rend_t1,1,1,drifter_rend::bonus_damage,bonus_damage,add,40,damage,tier 1 purchased,high,"[""HSRC-0004"",""HSRC-0008""]",
drifter_rend,drifter_rend_t2,2,2,drifter_rend::ability_cooldown,ability_cooldown,reduce_cooldown,-8,seconds,tier 2 purchased,high,"[""HSRC-0004"",""HSRC-0008""]",
drifter_rend,drifter_rend_t3,3,5,drifter_rend::debuff_duration,debuff_duration,unlock,2,seconds,tier 3 purchased,high,"[""HSRC-0004"",""HSRC-0008""]",
drifter_rend,drifter_rend_t3,3,5,drifter_rend::use_heavy_melee,use_heavy_melee,unlock,1,flat,tier 3 purchased,high,"[""HSRC-0004"",""HSRC-0008""]",
drifter_rend,drifter_rend_t3,3,5,drifter_rend::damage_heavy_melee,damage_heavy_melee,add,0,damage,tier 3 purchased,high,"[""HSRC-0004"",""HSRC-0008""]",Structured scaling attribute=heavy_melee; coefficient=0.55.
drifter_rend,drifter_rend_t3,3,5,drifter_rend::damage_heavy_melee,damage_heavy_melee_heavy_melee_scaling,modify_scaling,0.55,multiplier,tier 3 purchased,high,"[""HSRC-0004"",""HSRC-0008""]",Atomar vom Basiswert getrennte Skalierungsänderung; structured attribute=heavy_melee.
drifter_rend,drifter_rend_t3,3,5,drifter_rend::damage,damage,add,0,damage,tier 3 purchased,high,"[""HSRC-0004"",""HSRC-0008""]",Structured scaling attribute=melee; coefficient=0.
drifter_rend,drifter_rend_t3,3,5,drifter_rend::damage,damage_melee_scaling,modify_scaling,0,multiplier,tier 3 purchased,high,"[""HSRC-0004"",""HSRC-0008""]",Atomar vom Basiswert getrennte Skalierungsänderung; structured attribute=melee.
drifter_stalker_s_mark,drifter_stalker_s_mark_t1,1,1,drifter_stalker_s_mark::bullet_resist_reduction,bullet_resist_reduction,unlock,-8,percent,tier 1 purchased,high,"[""HSRC-0004"",""HSRC-0008""]",
drifter_stalker_s_mark,drifter_stalker_s_mark_t2,2,2,drifter_stalker_s_mark::ability_duration,ability_duration,add,3,seconds,tier 2 purchased,high,"[""HSRC-0004"",""HSRC-0008""]",
drifter_stalker_s_mark,drifter_stalker_s_mark_t2,2,2,drifter_stalker_s_mark::ability_cooldown,ability_cooldown,reduce_cooldown,-10,seconds,tier 2 purchased,high,"[""HSRC-0004"",""HSRC-0008""]",
drifter_stalker_s_mark,drifter_stalker_s_mark_t3,3,5,drifter_stalker_s_mark::dot_health_percent,dot_health_percent,add,1.5,percent,tier 3 purchased,high,"[""HSRC-0004"",""HSRC-0008""]",
drifter_stalker_s_mark,drifter_stalker_s_mark_t3,3,5,drifter_stalker_s_mark::heal_amp_receive_penalty_percent,heal_amp_receive_penalty_percent,unlock,-40,percent,tier 3 purchased,high,"[""HSRC-0004"",""HSRC-0008""]",
drifter_stalker_s_mark,drifter_stalker_s_mark_t3,3,5,drifter_stalker_s_mark::heal_amp_regen_penalty_percent,heal_amp_regen_penalty_percent,unlock,-40,percent,tier 3 purchased,high,"[""HSRC-0004"",""HSRC-0008""]",
drifter_bloodscent,drifter_bloodscent_t1,1,1,drifter_bloodscent::bonus_move_speed,bonus_move_speed,unlock,3,units_per_second,tier 1 purchased,high,"[""HSRC-0004"",""HSRC-0008""]",
drifter_bloodscent,drifter_bloodscent_t2,2,2,drifter_bloodscent::heal_on_kill_pct,heal_on_kill_pct,add,24,percent,tier 2 purchased,high,"[""HSRC-0004"",""HSRC-0008""]",
drifter_bloodscent,drifter_bloodscent_t2,2,2,drifter_bloodscent::stamina_to_restore,stamina_to_restore,unlock,2,flat,tier 2 purchased,high,"[""HSRC-0004"",""HSRC-0008""]",
drifter_bloodscent,drifter_bloodscent_t3,3,5,drifter_bloodscent::amp_damage_percent,amp_damage_percent,add,11,percent,tier 3 purchased,high,"[""HSRC-0004"",""HSRC-0008""]",
drifter_eternal_night,drifter_eternal_night_t1,1,1,drifter_eternal_night::bonus_sprint_speed,bonus_sprint_speed,add,10,units_per_second,tier 1 purchased,high,"[""HSRC-0004"",""HSRC-0008""]",
drifter_eternal_night,drifter_eternal_night_t2,2,2,drifter_eternal_night::ability_cooldown,ability_cooldown,reduce_cooldown,-40,seconds,tier 2 purchased,high,"[""HSRC-0004"",""HSRC-0008""]",
drifter_eternal_night,drifter_eternal_night_t3,3,5,drifter_eternal_night::ability_duration,ability_duration,add,2.5,seconds,tier 3 purchased,high,"[""HSRC-0004"",""HSRC-0008""]",
drifter_eternal_night,drifter_eternal_night_t3,3,5,drifter_eternal_night::max_targets,max_targets,add,1,count,tier 3 purchased,high,"[""HSRC-0004"",""HSRC-0008""]",
dynamo_kinetic_pulse,dynamo_kinetic_pulse_t1,1,1,dynamo_kinetic_pulse::ability_charges,ability_charges,add_charge,1,charges,tier 1 purchased,high,"[""HSRC-0004"",""HSRC-0008""]",
dynamo_kinetic_pulse,dynamo_kinetic_pulse_t2,2,2,dynamo_kinetic_pulse::bullet_resist_reduction,bullet_resist_reduction,unlock,-15,percent,tier 2 purchased,high,"[""HSRC-0004"",""HSRC-0008""]",
dynamo_kinetic_pulse,dynamo_kinetic_pulse_t2,2,2,dynamo_kinetic_pulse::slow_percent,slow_percent,unlock,30,percent,tier 2 purchased,high,"[""HSRC-0004"",""HSRC-0008""]",
dynamo_kinetic_pulse,dynamo_kinetic_pulse_t2,2,2,dynamo_kinetic_pulse::slow_duration,slow_duration,unlock,4,seconds,tier 2 purchased,high,"[""HSRC-0004"",""HSRC-0008""]",
dynamo_kinetic_pulse,dynamo_kinetic_pulse_t3,3,5,dynamo_kinetic_pulse::damage,damage,add,135,damage,tier 3 purchased,high,"[""HSRC-0004"",""HSRC-0008""]",
dynamo_kinetic_pulse,dynamo_kinetic_pulse_t3,3,5,dynamo_kinetic_pulse::stomp_range,stomp_range,add,20,meters,tier 3 purchased,high,"[""HSRC-0004"",""HSRC-0008""]",
dynamo_quantum_entanglement,dynamo_quantum_entanglement_t1,1,1,dynamo_quantum_entanglement::ability_cast_range,ability_cast_range,add,6,meters,tier 1 purchased,high,"[""HSRC-0004"",""HSRC-0008""]",
dynamo_quantum_entanglement,dynamo_quantum_entanglement_t2,2,2,dynamo_quantum_entanglement::ability_cooldown,ability_cooldown,reduce_cooldown,-6,seconds,tier 2 purchased,high,"[""HSRC-0004"",""HSRC-0008""]",
dynamo_quantum_entanglement,dynamo_quantum_entanglement_t3,3,5,dynamo_quantum_entanglement::reduce_debuffs,reduce_debuffs,unlock,50,flat,tier 3 purchased,high,"[""HSRC-0004"",""HSRC-0008""]",
dynamo_quantum_entanglement,dynamo_quantum_entanglement_t3,3,5,dynamo_quantum_entanglement::charge_replenish,charge_replenish,unlock,1,charges,tier 3 purchased,high,"[""HSRC-0004"",""HSRC-0008""]",
dynamo_rejuvenating_aurora,dynamo_rejuvenating_aurora_t1,1,1,dynamo_rejuvenating_aurora::movement_speed_bonus,movement_speed_bonus,unlock,4,units_per_second,tier 1 purchased,high,"[""HSRC-0004"",""HSRC-0008""]",
dynamo_rejuvenating_aurora,dynamo_rejuvenating_aurora_t1,1,1,dynamo_rejuvenating_aurora::movement_speed_bonus_duration,movement_speed_bonus_duration,unlock,8,seconds,tier 1 purchased,high,"[""HSRC-0004"",""HSRC-0008""]",
dynamo_rejuvenating_aurora,dynamo_rejuvenating_aurora_t2,2,2,dynamo_rejuvenating_aurora::ability_cooldown,ability_cooldown,reduce_cooldown,-20,seconds,tier 2 purchased,high,"[""HSRC-0004"",""HSRC-0008""]",
dynamo_rejuvenating_aurora,dynamo_rejuvenating_aurora_t2,2,2,dynamo_rejuvenating_aurora::ability_channel_time,ability_channel_time,add,1,seconds,tier 2 purchased,high,"[""HSRC-0004"",""HSRC-0008""]",
dynamo_rejuvenating_aurora,dynamo_rejuvenating_aurora_t3,3,5,dynamo_rejuvenating_aurora::no_channel,no_channel,unlock,1,flat,tier 3 purchased,high,"[""HSRC-0004"",""HSRC-0008""]",
dynamo_rejuvenating_aurora,dynamo_rejuvenating_aurora_t3,3,5,dynamo_rejuvenating_aurora::heal_max_health_percent,heal_max_health_percent,unlock,2.5,percent,tier 3 purchased,high,"[""HSRC-0004"",""HSRC-0008""]",
dynamo_singularity,dynamo_singularity_t1,1,1,dynamo_singularity::vacuum_radius,vacuum_radius,add,2,meters,tier 1 purchased,high,"[""HSRC-0004"",""HSRC-0008""]",
dynamo_singularity,dynamo_singularity_t2,2,2,dynamo_singularity::ability_channel_time,ability_channel_time,add,0.75,seconds,tier 2 purchased,high,"[""HSRC-0004"",""HSRC-0008""]",
dynamo_singularity,dynamo_singularity_t3,3,5,dynamo_singularity::dps_percent_health,dps_percent_health,unlock,6,percent,tier 3 purchased,high,"[""HSRC-0004"",""HSRC-0008""]",
graves_jar_of_dead,graves_jar_of_dead_t1,1,1,graves_jar_of_dead::heal_per_pickup,heal_per_pickup,add,5,health,tier 1 purchased,high,"[""HSRC-0004"",""HSRC-0008""]",Structured scaling attribute=spirit; coefficient=0.16.
graves_jar_of_dead,graves_jar_of_dead_t1,1,1,graves_jar_of_dead::heal_per_pickup,heal_per_pickup_spirit_scaling,modify_scaling,0.16,multiplier,tier 1 purchased,high,"[""HSRC-0004"",""HSRC-0008""]",Atomar vom Basiswert getrennte Skalierungsänderung; structured attribute=spirit.
graves_jar_of_dead,graves_jar_of_dead_t2,2,2,graves_jar_of_dead::slow_percent,slow_percent,unlock,30,percent,tier 2 purchased,high,"[""HSRC-0004"",""HSRC-0008""]",
graves_jar_of_dead,graves_jar_of_dead_t2,2,2,graves_jar_of_dead::slow_duration,slow_duration,unlock,1,seconds,tier 2 purchased,high,"[""HSRC-0004"",""HSRC-0008""]",
graves_jar_of_dead,graves_jar_of_dead_t3,3,5,graves_jar_of_dead::skull_count,skull_count,add,2,count,tier 3 purchased,high,"[""HSRC-0004"",""HSRC-0008""]",
graves_jar_of_dead,graves_jar_of_dead_t3,3,5,graves_jar_of_dead::skull_lifetime,skull_lifetime,add,4,seconds,tier 3 purchased,high,"[""HSRC-0004"",""HSRC-0008""]",
graves_grasping_hands,graves_grasping_hands_t1,1,1,graves_grasping_hands::ability_duration,ability_duration,add,2,seconds,tier 1 purchased,high,"[""HSRC-0004"",""HSRC-0008""]",
graves_grasping_hands,graves_grasping_hands_t2,2,2,graves_grasping_hands::damage,damage,add,90,damage,tier 2 purchased,high,"[""HSRC-0004"",""HSRC-0008""]",
graves_grasping_hands,graves_grasping_hands_t2,2,2,graves_grasping_hands::zombie_wall_length,zombie_wall_length,add,10,meters,tier 2 purchased,high,"[""HSRC-0004"",""HSRC-0008""]",
graves_grasping_hands,graves_grasping_hands_t3,3,5,graves_grasping_hands::immobilize_duration,immobilize_duration,add,0.75,seconds,tier 3 purchased,high,"[""HSRC-0004"",""HSRC-0008""]",
graves_grasping_hands,graves_grasping_hands_t3,3,5,graves_grasping_hands::summon_count,summon_count,add,1,count,tier 3 purchased,high,"[""HSRC-0004"",""HSRC-0008""]",
graves_grasping_hands,graves_grasping_hands_t3,3,5,graves_grasping_hands::ability_cooldown,ability_cooldown,reduce_cooldown,-14,seconds,tier 3 purchased,high,"[""HSRC-0004"",""HSRC-0008""]",
graves_essence_theft,graves_essence_theft_t1,1,1,graves_essence_theft::max_stolen_spirit_resist,max_stolen_spirit_resist,add,5,percent,tier 1 purchased,high,"[""HSRC-0004"",""HSRC-0008""]",
graves_essence_theft,graves_essence_theft_t2,2,2,graves_essence_theft::max_stolen_attack_damage,max_stolen_attack_damage,add,20,damage,tier 2 purchased,high,"[""HSRC-0004"",""HSRC-0008""]",
graves_essence_theft,graves_essence_theft_t3,3,5,graves_essence_theft::skull_build_up,skull_build_up,unlock,0.15,flat,tier 3 purchased,high,"[""HSRC-0004"",""HSRC-0008""]",
graves_essence_theft,graves_essence_theft_t3,3,5,graves_essence_theft::zombie_melee_build_up,zombie_melee_build_up,unlock,0.15,flat,tier 3 purchased,high,"[""HSRC-0004"",""HSRC-0008""]",
graves_essence_theft,graves_essence_theft_t3,3,5,graves_essence_theft::zombie_explosion_build_up,zombie_explosion_build_up,unlock,1,flat,tier 3 purchased,high,"[""HSRC-0004"",""HSRC-0008""]",
graves_essence_theft,graves_essence_theft_t3,3,5,graves_essence_theft::max_stolen_targets,max_stolen_targets,add,1,count,tier 3 purchased,high,"[""HSRC-0004"",""HSRC-0008""]",
graves_borrowed_decree,graves_borrowed_decree_t1,1,1,graves_borrowed_decree::ability_cooldown,ability_cooldown,reduce_cooldown,-15,seconds,tier 1 purchased,high,"[""HSRC-0004"",""HSRC-0008""]",
graves_borrowed_decree,graves_borrowed_decree_t1,1,1,graves_borrowed_decree::move_speed_percent,move_speed_percent,unlock,25,percent,tier 1 purchased,high,"[""HSRC-0004"",""HSRC-0008""]",
graves_borrowed_decree,graves_borrowed_decree_t2,2,2,graves_borrowed_decree::ability_duration,ability_duration,add,10,seconds,tier 2 purchased,high,"[""HSRC-0004"",""HSRC-0008""]",
graves_borrowed_decree,graves_borrowed_decree_t2,2,2,graves_borrowed_decree::summon_frequency,summon_frequency,subtract,-0.3,flat,tier 2 purchased,high,"[""HSRC-0004"",""HSRC-0008""]",
graves_borrowed_decree,graves_borrowed_decree_t3,3,5,graves_borrowed_decree::current_health_damage_percentage,current_health_damage_percentage,unlock,5,percent,tier 3 purchased,high,"[""HSRC-0004"",""HSRC-0008""]",
grey_talon_charged_shot,grey_talon_charged_shot_t1,1,1,grey_talon_charged_shot::ability_charges,ability_charges,add_charge,1,charges,tier 1 purchased,high,"[""HSRC-0004"",""HSRC-0008""]",
grey_talon_charged_shot,grey_talon_charged_shot_t2,2,2,grey_talon_charged_shot::damage,damage,add,54,damage,tier 2 purchased,high,"[""HSRC-0004"",""HSRC-0008""]",
grey_talon_charged_shot,grey_talon_charged_shot_t3,3,5,grey_talon_charged_shot::ability_cooldown_between_charge,ability_cooldown_between_charge,reduce_cooldown,-3,seconds,tier 3 purchased,high,"[""HSRC-0004"",""HSRC-0008""]",
grey_talon_charged_shot,grey_talon_charged_shot_t3,3,5,grey_talon_charged_shot::damage,damage,add,0,damage,tier 3 purchased,high,"[""HSRC-0004"",""HSRC-0008""]",Structured scaling attribute=spirit; coefficient=1.
grey_talon_charged_shot,grey_talon_charged_shot_t3,3,5,grey_talon_charged_shot::damage,damage_spirit_scaling,modify_scaling,1,multiplier,tier 3 purchased,high,"[""HSRC-0004"",""HSRC-0008""]",Atomar vom Basiswert getrennte Skalierungsänderung; structured attribute=spirit.
grey_talon_rain_of_arrows,grey_talon_rain_of_arrows_t1,1,1,grey_talon_rain_of_arrows::weapon_damage_bonus,weapon_damage_bonus,add,3,damage,tier 1 purchased,high,"[""HSRC-0004"",""HSRC-0008""]",
grey_talon_rain_of_arrows,grey_talon_rain_of_arrows_t1,1,1,grey_talon_rain_of_arrows::slow_percent,slow_percent,unlock,30,percent,tier 1 purchased,high,"[""HSRC-0004"",""HSRC-0008""]",
grey_talon_rain_of_arrows,grey_talon_rain_of_arrows_t1,1,1,grey_talon_rain_of_arrows::slow_duration,slow_duration,unlock,1.5,seconds,tier 1 purchased,high,"[""HSRC-0004"",""HSRC-0008""]",
grey_talon_rain_of_arrows,grey_talon_rain_of_arrows_t2,2,2,grey_talon_rain_of_arrows::ability_cooldown,ability_cooldown,reduce_cooldown,-12,seconds,tier 2 purchased,high,"[""HSRC-0004"",""HSRC-0008""]",
grey_talon_rain_of_arrows,grey_talon_rain_of_arrows_t3,3,5,grey_talon_rain_of_arrows::bullet_lifesteal_percent,bullet_lifesteal_percent,unlock,30,percent,tier 3 purchased,high,"[""HSRC-0004"",""HSRC-0008""]",
grey_talon_rain_of_arrows,grey_talon_rain_of_arrows_t3,3,5,grey_talon_rain_of_arrows::tech_lifesteal_percent,tech_lifesteal_percent,unlock,30,percent,tier 3 purchased,high,"[""HSRC-0004"",""HSRC-0008""]",
grey_talon_rain_of_arrows,grey_talon_rain_of_arrows_t3,3,5,grey_talon_rain_of_arrows::evasion_percent,evasion_percent,unlock,30,percent,tier 3 purchased,high,"[""HSRC-0004"",""HSRC-0008""]",
grey_talon_spirit_snare,grey_talon_spirit_snare_t1,1,1,grey_talon_spirit_snare::ability_cooldown,ability_cooldown,reduce_cooldown,-20,seconds,tier 1 purchased,high,"[""HSRC-0004"",""HSRC-0008""]",
grey_talon_spirit_snare,grey_talon_spirit_snare_t2,2,2,grey_talon_spirit_snare::bullet_armor_reduction,bullet_armor_reduction,unlock,-15,percent,tier 2 purchased,high,"[""HSRC-0004"",""HSRC-0008""]",
grey_talon_spirit_snare,grey_talon_spirit_snare_t2,2,2,grey_talon_spirit_snare::debuff_duration,debuff_duration,unlock,10,seconds,tier 2 purchased,high,"[""HSRC-0004"",""HSRC-0008""]",
grey_talon_spirit_snare,grey_talon_spirit_snare_t3,3,5,grey_talon_spirit_snare::tether_duration,tether_duration,add,1,seconds,tier 3 purchased,high,"[""HSRC-0004"",""HSRC-0008""]",
grey_talon_spirit_snare,grey_talon_spirit_snare_t3,3,5,grey_talon_spirit_snare::radius,radius,add,1.5,meters,tier 3 purchased,high,"[""HSRC-0004"",""HSRC-0008""]",
grey_talon_guided_owl,grey_talon_guided_owl_t1,1,1,grey_talon_guided_owl::damage,damage,add,85,damage,tier 1 purchased,high,"[""HSRC-0004"",""HSRC-0008""]",
grey_talon_guided_owl,grey_talon_guided_owl_t2,2,2,grey_talon_guided_owl::ability_cooldown,ability_cooldown,reduce_cooldown,-40,seconds,tier 2 purchased,high,"[""HSRC-0004"",""HSRC-0008""]",
grey_talon_guided_owl,grey_talon_guided_owl_t3,3,5,grey_talon_guided_owl::low_health_enemy_threshold_pct,low_health_enemy_threshold_pct,unlock,22,percent,tier 3 purchased,high,"[""HSRC-0004"",""HSRC-0008""]",
haze_sleep_dagger,haze_sleep_dagger_t1,1,1,haze_sleep_dagger::bullet_resist_reduction,bullet_resist_reduction,unlock,-10,percent,tier 1 purchased,high,"[""HSRC-0004"",""HSRC-0008""]",
haze_sleep_dagger,haze_sleep_dagger_t1,1,1,haze_sleep_dagger::bullet_resist_reduction_duration,bullet_resist_reduction_duration,unlock,6,percent,tier 1 purchased,high,"[""HSRC-0004"",""HSRC-0008""]",
haze_sleep_dagger,haze_sleep_dagger_t2,2,2,haze_sleep_dagger::sleep_duration,sleep_duration,add,1,seconds,tier 2 purchased,high,"[""HSRC-0004"",""HSRC-0008""]",
haze_sleep_dagger,haze_sleep_dagger_t2,2,2,haze_sleep_dagger::fixation_stacks,fixation_stacks,unlock,15,stacks,tier 2 purchased,high,"[""HSRC-0004"",""HSRC-0008""]",
haze_sleep_dagger,haze_sleep_dagger_t3,3,5,haze_sleep_dagger::ability_cooldown,ability_cooldown,reduce_cooldown,-17,seconds,tier 3 purchased,high,"[""HSRC-0004"",""HSRC-0008""]",
haze_sleep_dagger,haze_sleep_dagger_t3,3,5,haze_sleep_dagger::slow_percent,slow_percent,unlock,50,percent,tier 3 purchased,high,"[""HSRC-0004"",""HSRC-0008""]",
haze_sleep_dagger,haze_sleep_dagger_t3,3,5,haze_sleep_dagger::ground_dash_reduction_percent,ground_dash_reduction_percent,unlock,-50,percent,tier 3 purchased,high,"[""HSRC-0004"",""HSRC-0008""]",
haze_sleep_dagger,haze_sleep_dagger_t3,3,5,haze_sleep_dagger::debuff_duration,debuff_duration,unlock,3,seconds,tier 3 purchased,high,"[""HSRC-0004"",""HSRC-0008""]",
haze_smoke_bomb,haze_smoke_bomb_t1,1,1,haze_smoke_bomb::invis_move_speed_mod,invis_move_speed_mod,unlock,7,units_per_second,tier 1 purchased,high,"[""HSRC-0004"",""HSRC-0008""]",
haze_smoke_bomb,haze_smoke_bomb_t2,2,2,haze_smoke_bomb::ability_charges,ability_charges,add_charge,2,charges,tier 2 purchased,high,"[""HSRC-0004"",""HSRC-0008""]",
haze_smoke_bomb,haze_smoke_bomb_t2,2,2,haze_smoke_bomb::ability_cooldown_between_charge,ability_cooldown_between_charge,unlock,7,seconds,tier 2 purchased,high,"[""HSRC-0004"",""HSRC-0008""]",
haze_smoke_bomb,haze_smoke_bomb_t3,3,5,haze_smoke_bomb::bullet_lifesteal,bullet_lifesteal,unlock,50,percent,tier 3 purchased,high,"[""HSRC-0004"",""HSRC-0008""]",
haze_smoke_bomb,haze_smoke_bomb_t3,3,5,haze_smoke_bomb::post_invis_buff_duration,post_invis_buff_duration,unlock,5,seconds,tier 3 purchased,high,"[""HSRC-0004"",""HSRC-0008""]",
haze_smoke_bomb,haze_smoke_bomb_t3,3,5,haze_smoke_bomb::dispel_on_use,dispel_on_use,unlock,1,flat,tier 3 purchased,high,"[""HSRC-0004"",""HSRC-0008""]",
haze_fixation,haze_fixation_t1,1,1,haze_fixation::proc_damage,proc_damage,add,40,damage,tier 1 purchased,high,"[""HSRC-0004"",""HSRC-0008""]",Structured scaling attribute=spirit; coefficient=0.8.
haze_fixation,haze_fixation_t1,1,1,haze_fixation::proc_damage,proc_damage_spirit_scaling,modify_scaling,0.8,multiplier,tier 1 purchased,high,"[""HSRC-0004"",""HSRC-0008""]",Atomar vom Basiswert getrennte Skalierungsänderung; structured attribute=spirit.
haze_fixation,haze_fixation_t1,1,1,haze_fixation::proc_damage_stack_count,proc_damage_stack_count,unlock,20,damage,tier 1 purchased,high,"[""HSRC-0004"",""HSRC-0008""]",
haze_fixation,haze_fixation_t1,1,1,haze_fixation::slow_percent,slow_percent,unlock,15,percent,tier 1 purchased,high,"[""HSRC-0004"",""HSRC-0008""]",
haze_fixation,haze_fixation_t1,1,1,haze_fixation::slow_duration,slow_duration,unlock,2,seconds,tier 1 purchased,high,"[""HSRC-0004"",""HSRC-0008""]",
haze_fixation,haze_fixation_t2,2,2,haze_fixation::ability_duration,ability_duration,add,5,seconds,tier 2 purchased,high,"[""HSRC-0004"",""HSRC-0008""]",
haze_fixation,haze_fixation_t2,2,2,haze_fixation::max_stacks,max_stacks,add,40,stacks,tier 2 purchased,high,"[""HSRC-0004"",""HSRC-0008""]",
haze_fixation,haze_fixation_t3,3,5,haze_fixation::damage_bonus_fixed_per_stack,damage_bonus_fixed_per_stack,add,0.11,damage,tier 3 purchased,high,"[""HSRC-0004"",""HSRC-0008""]",Structured scaling attribute=weapon_damage_increase; coefficient=0.0003.
haze_fixation,haze_fixation_t3,3,5,haze_fixation::damage_bonus_fixed_per_stack,damage_bonus_fixed_per_stack_weapon_damage_increase_scaling,modify_scaling,0.0003,multiplier,tier 3 purchased,high,"[""HSRC-0004"",""HSRC-0008""]",Atomar vom Basiswert getrennte Skalierungsänderung; structured attribute=weapon_damage_increase.
haze_bullet_dance,haze_bullet_dance_t1,1,1,haze_bullet_dance::weapon_damage_bonus,weapon_damage_bonus,add,7,damage,tier 1 purchased,high,"[""HSRC-0004"",""HSRC-0008""]",
haze_bullet_dance,haze_bullet_dance_t2,2,2,haze_bullet_dance::bonus_fire_rate,bonus_fire_rate,add,10,percent,tier 2 purchased,high,"[""HSRC-0004"",""HSRC-0008""]",
haze_bullet_dance,haze_bullet_dance_t2,2,2,haze_bullet_dance::channel_move_speed,channel_move_speed,add,3,units_per_second,tier 2 purchased,high,"[""HSRC-0004"",""HSRC-0008""]",
haze_bullet_dance,haze_bullet_dance_t3,3,5,haze_bullet_dance::evasion_percent,evasion_percent,add,40,percent,tier 3 purchased,high,"[""HSRC-0004"",""HSRC-0008""]",
haze_bullet_dance,haze_bullet_dance_t3,3,5,haze_bullet_dance::ability_cooldown,ability_cooldown,reduce_cooldown,-65,seconds,tier 3 purchased,high,"[""HSRC-0004"",""HSRC-0008""]",
holliday_powder_keg,holliday_powder_keg_t1,1,1,holliday_powder_keg::ability_cooldown,ability_cooldown,reduce_cooldown,-10,seconds,tier 1 purchased,high,"[""HSRC-0004"",""HSRC-0008""]",
holliday_powder_keg,holliday_powder_keg_t2,2,2,holliday_powder_keg::ability_charges,ability_charges,add_charge,1,charges,tier 2 purchased,high,"[""HSRC-0004"",""HSRC-0008""]",
holliday_powder_keg,holliday_powder_keg_t3,3,5,holliday_powder_keg::impact_damage,impact_damage,add,40,damage,tier 3 purchased,high,"[""HSRC-0004"",""HSRC-0008""]",Structured scaling attribute=spirit; coefficient=0.25.
holliday_powder_keg,holliday_powder_keg_t3,3,5,holliday_powder_keg::impact_damage,impact_damage_spirit_scaling,modify_scaling,0.25,multiplier,tier 3 purchased,high,"[""HSRC-0004"",""HSRC-0008""]",Atomar vom Basiswert getrennte Skalierungsänderung; structured attribute=spirit.
holliday_powder_keg,holliday_powder_keg_t3,3,5,holliday_powder_keg::dps,dps,add,13.3333,damage_per_second,tier 3 purchased,high,"[""HSRC-0004"",""HSRC-0008""]",Structured scaling attribute=spirit; coefficient=0.083333.
holliday_powder_keg,holliday_powder_keg_t3,3,5,holliday_powder_keg::dps,dps_spirit_scaling,modify_scaling,0.083333,multiplier,tier 3 purchased,high,"[""HSRC-0004"",""HSRC-0008""]",Atomar vom Basiswert getrennte Skalierungsänderung; structured attribute=spirit.
holliday_powder_keg,holliday_powder_keg_t3,3,5,holliday_powder_keg::ability_cooldown_between_charge,ability_cooldown_between_charge,reduce_cooldown,-5,seconds,tier 3 purchased,high,"[""HSRC-0004"",""HSRC-0008""]",
holliday_bounce_pad,holliday_bounce_pad_t1,1,1,holliday_bounce_pad::ability_cooldown,ability_cooldown,reduce_cooldown,-10,seconds,tier 1 purchased,high,"[""HSRC-0004"",""HSRC-0008""]",
holliday_bounce_pad,holliday_bounce_pad_t2,2,2,holliday_bounce_pad::speed_on_land,speed_on_land,unlock,4,units_per_second,tier 2 purchased,high,"[""HSRC-0004"",""HSRC-0008""]",
holliday_bounce_pad,holliday_bounce_pad_t2,2,2,holliday_bounce_pad::speed_on_land_duration,speed_on_land_duration,unlock,4,seconds,tier 2 purchased,high,"[""HSRC-0004"",""HSRC-0008""]",
holliday_bounce_pad,holliday_bounce_pad_t3,3,5,holliday_bounce_pad::stomp_stun_duration,stomp_stun_duration,unlock,0.7,seconds,tier 3 purchased,high,"[""HSRC-0004"",""HSRC-0008""]",
holliday_crackshot,holliday_crackshot_t1,1,1,holliday_crackshot::fading_slow_percent,fading_slow_percent,add,25,percent,tier 1 purchased,high,"[""HSRC-0004"",""HSRC-0008""]",
holliday_crackshot,holliday_crackshot_t2,2,2,holliday_crackshot::damage,damage,add,49.5,damage,tier 2 purchased,high,"[""HSRC-0004"",""HSRC-0008""]",
holliday_crackshot,holliday_crackshot_t3,3,5,holliday_crackshot::ability_cooldown_per_headshot,ability_cooldown_per_headshot,reduce_cooldown,-6,seconds,tier 3 purchased,high,"[""HSRC-0004"",""HSRC-0008""]",
holliday_crackshot,holliday_crackshot_t3,3,5,holliday_crackshot::ability_cooldown_per_headshot_npc,ability_cooldown_per_headshot_npc,reduce_cooldown,-3,seconds,tier 3 purchased,high,"[""HSRC-0004"",""HSRC-0008""]",
holliday_spirit_lasso,holliday_spirit_lasso_t1,1,1,holliday_spirit_lasso::damage,damage,add,80,damage,tier 1 purchased,high,"[""HSRC-0004"",""HSRC-0008""]",
holliday_spirit_lasso,holliday_spirit_lasso_t2,2,2,holliday_spirit_lasso::ability_duration,ability_duration,add,0.75,seconds,tier 2 purchased,high,"[""HSRC-0004"",""HSRC-0008""]",
holliday_spirit_lasso,holliday_spirit_lasso_t3,3,5,holliday_spirit_lasso::ability_cooldown,ability_cooldown,reduce_cooldown,-40,seconds,tier 3 purchased,high,"[""HSRC-0004"",""HSRC-0008""]",
infernus_napalm,infernus_napalm_t1,1,1,infernus_napalm::ability_charges,ability_charges,add_charge,1,charges,tier 1 purchased,high,"[""HSRC-0004"",""HSRC-0008""]",
infernus_napalm,infernus_napalm_t2,2,2,infernus_napalm::lifesteal_percent_hero,lifesteal_percent_hero,unlock,15,percent,tier 2 purchased,high,"[""HSRC-0004"",""HSRC-0008""]",
infernus_napalm,infernus_napalm_t3,3,5,infernus_napalm::incoming_damage_percent_from_caster,incoming_damage_percent_from_caster,add,17,percent,tier 3 purchased,high,"[""HSRC-0004"",""HSRC-0008""]",
infernus_napalm,infernus_napalm_t3,3,5,infernus_napalm::heal_amp_receive_penalty_percent,heal_amp_receive_penalty_percent,unlock,-33,percent,tier 3 purchased,high,"[""HSRC-0004"",""HSRC-0008""]",
infernus_napalm,infernus_napalm_t3,3,5,infernus_napalm::heal_amp_regen_penalty_percent,heal_amp_regen_penalty_percent,unlock,-33,percent,tier 3 purchased,high,"[""HSRC-0004"",""HSRC-0008""]",
infernus_flame_dash,infernus_flame_dash_t1,1,1,infernus_flame_dash::ability_cooldown,ability_cooldown,reduce_cooldown,-12,seconds,tier 1 purchased,high,"[""HSRC-0004"",""HSRC-0008""]",
infernus_flame_dash,infernus_flame_dash_t2,2,2,infernus_flame_dash::dps,dps,add,20,damage_per_second,tier 2 purchased,high,"[""HSRC-0004"",""HSRC-0008""]",
infernus_flame_dash,infernus_flame_dash_t2,2,2,infernus_flame_dash::ground_flame_duration,ground_flame_duration,add,1,seconds,tier 2 purchased,high,"[""HSRC-0004"",""HSRC-0008""]",
infernus_flame_dash,infernus_flame_dash_t3,3,5,infernus_flame_dash::ability_charges,ability_charges,add_charge,2,charges,tier 3 purchased,high,"[""HSRC-0004"",""HSRC-0008""]",
infernus_flame_dash,infernus_flame_dash_t3,3,5,infernus_flame_dash::ability_cooldown_between_charge,ability_cooldown_between_charge,unlock,14,seconds,tier 3 purchased,high,"[""HSRC-0004"",""HSRC-0008""]",
infernus_afterburn,infernus_afterburn_t1,1,1,infernus_afterburn::dps,dps,add,16,damage_per_second,tier 1 purchased,high,"[""HSRC-0004"",""HSRC-0008""]",
infernus_afterburn,infernus_afterburn_t2,2,2,infernus_afterburn::outgoing_tech_damage_percent,outgoing_tech_damage_percent,unlock,-35,percent,tier 2 purchased,high,"[""HSRC-0004"",""HSRC-0008""]",
infernus_afterburn,infernus_afterburn_t3,3,5,infernus_afterburn::burn_duration,burn_duration,add,3,seconds,tier 3 purchased,high,"[""HSRC-0004"",""HSRC-0008""]",
infernus_concussive_combustion,infernus_concussive_combustion_t1,1,1,infernus_concussive_combustion::damage,damage,add,100,damage,tier 1 purchased,high,"[""HSRC-0004"",""HSRC-0008""]",
infernus_concussive_combustion,infernus_concussive_combustion_t2,2,2,infernus_concussive_combustion::ability_cooldown,ability_cooldown,reduce_cooldown,-65,seconds,tier 2 purchased,high,"[""HSRC-0004"",""HSRC-0008""]",
infernus_concussive_combustion,infernus_concussive_combustion_t2,2,2,infernus_concussive_combustion::life_steal_percent_on_hit,life_steal_percent_on_hit,unlock,100,percent,tier 2 purchased,high,"[""HSRC-0004"",""HSRC-0008""]",
infernus_concussive_combustion,infernus_concussive_combustion_t3,3,5,infernus_concussive_combustion::stun_duration,stun_duration,add,0.9,seconds,tier 3 purchased,high,"[""HSRC-0004"",""HSRC-0008""]",
infernus_concussive_combustion,infernus_concussive_combustion_t3,3,5,infernus_concussive_combustion::radius,radius,add,10,meters,tier 3 purchased,high,"[""HSRC-0004"",""HSRC-0008""]",
ivy_entangling_thorns,ivy_entangling_thorns_t1,1,1,ivy_entangling_thorns::ability_charges,ability_charges,add_charge,1,charges,tier 1 purchased,high,"[""HSRC-0004"",""HSRC-0008""]",
ivy_entangling_thorns,ivy_entangling_thorns_t2,2,2,ivy_entangling_thorns::radius,radius,add,2,meters,tier 2 purchased,high,"[""HSRC-0004"",""HSRC-0008""]",
ivy_entangling_thorns,ivy_entangling_thorns_t2,2,2,ivy_entangling_thorns::dps,dps,add,0,damage_per_second,tier 2 purchased,high,"[""HSRC-0004"",""HSRC-0008""]",Structured scaling attribute=spirit; coefficient=0.5.
ivy_entangling_thorns,ivy_entangling_thorns_t2,2,2,ivy_entangling_thorns::dps,dps_spirit_scaling,modify_scaling,0.5,multiplier,tier 2 purchased,high,"[""HSRC-0004"",""HSRC-0008""]",Atomar vom Basiswert getrennte Skalierungsänderung; structured attribute=spirit.
ivy_entangling_thorns,ivy_entangling_thorns_t3,3,5,ivy_entangling_thorns::time_to_entangle,time_to_entangle,unlock,2,seconds,tier 3 purchased,high,"[""HSRC-0004"",""HSRC-0008""]",
ivy_entangling_thorns,ivy_entangling_thorns_t3,3,5,ivy_entangling_thorns::entangle_duration,entangle_duration,unlock,1.6,seconds,tier 3 purchased,high,"[""HSRC-0004"",""HSRC-0008""]",
ivy_kudzu_connection,ivy_kudzu_connection_t1,1,1,ivy_kudzu_connection::move_speed_bonus,move_speed_bonus,unlock,2,units_per_second,tier 1 purchased,high,"[""HSRC-0004"",""HSRC-0008""]",
ivy_kudzu_connection,ivy_kudzu_connection_t2,2,2,ivy_kudzu_connection::bonus_fire_rate,bonus_fire_rate,add,8,percent,tier 2 purchased,high,"[""HSRC-0004"",""HSRC-0008""]",
ivy_kudzu_connection,ivy_kudzu_connection_t2,2,2,ivy_kudzu_connection::bullet_lifesteal_percent,bullet_lifesteal_percent,add,8,percent,tier 2 purchased,high,"[""HSRC-0004"",""HSRC-0008""]",
ivy_kudzu_connection,ivy_kudzu_connection_t3,3,5,ivy_kudzu_connection::ability_duration,ability_duration,subtract,-13,seconds,tier 3 purchased,high,"[""HSRC-0004"",""HSRC-0008""]",
ivy_kudzu_connection,ivy_kudzu_connection_t3,3,5,ivy_kudzu_connection::ability_cooldown,ability_cooldown,reduce_cooldown,-37,seconds,tier 3 purchased,high,"[""HSRC-0004"",""HSRC-0008""]",
ivy_stone_form,ivy_stone_form_t1,1,1,ivy_stone_form::max_health_regen,max_health_regen,add,7,health,tier 1 purchased,high,"[""HSRC-0004"",""HSRC-0008""]",
ivy_stone_form,ivy_stone_form_t2,2,2,ivy_stone_form::ability_cooldown,ability_cooldown,reduce_cooldown,-25,seconds,tier 2 purchased,high,"[""HSRC-0004"",""HSRC-0008""]",
ivy_stone_form,ivy_stone_form_t3,3,5,ivy_stone_form::stun_duration,stun_duration,add,0.75,seconds,tier 3 purchased,high,"[""HSRC-0004"",""HSRC-0008""]",
ivy_stone_form,ivy_stone_form_t3,3,5,ivy_stone_form::damage,damage,add,0,damage,tier 3 purchased,high,"[""HSRC-0004"",""HSRC-0008""]",Structured scaling attribute=spirit; coefficient=1.5.
ivy_stone_form,ivy_stone_form_t3,3,5,ivy_stone_form::damage,damage_spirit_scaling,modify_scaling,1.5,multiplier,tier 3 purchased,high,"[""HSRC-0004"",""HSRC-0008""]",Atomar vom Basiswert getrennte Skalierungsänderung; structured attribute=spirit.
ivy_air_drop,ivy_air_drop_t1,1,1,ivy_air_drop::air_drop_bullet_shield,air_drop_bullet_shield,add,300,health,tier 1 purchased,high,"[""HSRC-0004"",""HSRC-0008""]",Structured scaling attribute=spirit; coefficient=0.7.
ivy_air_drop,ivy_air_drop_t1,1,1,ivy_air_drop::air_drop_bullet_shield,air_drop_bullet_shield_spirit_scaling,modify_scaling,0.7,multiplier,tier 1 purchased,high,"[""HSRC-0004"",""HSRC-0008""]",Atomar vom Basiswert getrennte Skalierungsänderung; structured attribute=spirit.
ivy_air_drop,ivy_air_drop_t2,2,2,ivy_air_drop::slow_percent,slow_percent,unlock,40,percent,tier 2 purchased,high,"[""HSRC-0004"",""HSRC-0008""]",
ivy_air_drop,ivy_air_drop_t2,2,2,ivy_air_drop::debuff_duration,debuff_duration,unlock,3,seconds,tier 2 purchased,high,"[""HSRC-0004"",""HSRC-0008""]",
ivy_air_drop,ivy_air_drop_t3,3,5,ivy_air_drop::silence_duration,silence_duration,unlock,3,seconds,tier 3 purchased,high,"[""HSRC-0004"",""HSRC-0008""]",
ivy_air_drop,ivy_air_drop_t3,3,5,ivy_air_drop::explode_damage,explode_damage,add,0,damage,tier 3 purchased,high,"[""HSRC-0004"",""HSRC-0008""]",Structured scaling attribute=spirit; coefficient=1.5.
ivy_air_drop,ivy_air_drop_t3,3,5,ivy_air_drop::explode_damage,explode_damage_spirit_scaling,modify_scaling,1.5,multiplier,tier 3 purchased,high,"[""HSRC-0004"",""HSRC-0008""]",Atomar vom Basiswert getrennte Skalierungsänderung; structured attribute=spirit.
ivy_air_drop,ivy_air_drop_t3,3,5,ivy_air_drop::air_drop_bullet_shield,air_drop_bullet_shield,add,0,health,tier 3 purchased,high,"[""HSRC-0004"",""HSRC-0008""]",Structured scaling attribute=spirit; coefficient=1.
ivy_air_drop,ivy_air_drop_t3,3,5,ivy_air_drop::air_drop_bullet_shield,air_drop_bullet_shield_spirit_scaling,modify_scaling,1,multiplier,tier 3 purchased,high,"[""HSRC-0004"",""HSRC-0008""]",Atomar vom Basiswert getrennte Skalierungsänderung; structured attribute=spirit.
kelvin_frost_grenade,kelvin_frost_grenade_t1,1,1,kelvin_frost_grenade::damage,damage,add,30,damage,tier 1 purchased,high,"[""HSRC-0004"",""HSRC-0008""]",
kelvin_frost_grenade,kelvin_frost_grenade_t1,1,1,kelvin_frost_grenade::heal_amount,heal_amount,add,30,health,tier 1 purchased,high,"[""HSRC-0004"",""HSRC-0008""]",
kelvin_frost_grenade,kelvin_frost_grenade_t2,2,2,kelvin_frost_grenade::pause_stamina_regen,pause_stamina_regen,unlock,1,flat,tier 2 purchased,high,"[""HSRC-0004"",""HSRC-0008""]",
kelvin_frost_grenade,kelvin_frost_grenade_t2,2,2,kelvin_frost_grenade::ability_cooldown,ability_cooldown,reduce_cooldown,-10,seconds,tier 2 purchased,high,"[""HSRC-0004"",""HSRC-0008""]",
kelvin_frost_grenade,kelvin_frost_grenade_t3,3,5,kelvin_frost_grenade::radius,radius,add,2,meters,tier 3 purchased,high,"[""HSRC-0004"",""HSRC-0008""]",
kelvin_frost_grenade,kelvin_frost_grenade_t3,3,5,kelvin_frost_grenade::heal_amount,heal_amount,add,0,health,tier 3 purchased,high,"[""HSRC-0004"",""HSRC-0008""]",Structured scaling attribute=spirit; coefficient=0.9.
kelvin_frost_grenade,kelvin_frost_grenade_t3,3,5,kelvin_frost_grenade::heal_amount,heal_amount_spirit_scaling,modify_scaling,0.9,multiplier,tier 3 purchased,high,"[""HSRC-0004"",""HSRC-0008""]",Atomar vom Basiswert getrennte Skalierungsänderung; structured attribute=spirit.
kelvin_frost_grenade,kelvin_frost_grenade_t3,3,5,kelvin_frost_grenade::damage,damage,add,0,damage,tier 3 purchased,high,"[""HSRC-0004"",""HSRC-0008""]",Structured scaling attribute=spirit; coefficient=0.8.
kelvin_frost_grenade,kelvin_frost_grenade_t3,3,5,kelvin_frost_grenade::damage,damage_spirit_scaling,modify_scaling,0.8,multiplier,tier 3 purchased,high,"[""HSRC-0004"",""HSRC-0008""]",Atomar vom Basiswert getrennte Skalierungsänderung; structured attribute=spirit.
kelvin_ice_path,kelvin_ice_path_t1,1,1,kelvin_ice_path::move_speed_bonus,move_speed_bonus,add,2,units_per_second,tier 1 purchased,high,"[""HSRC-0004"",""HSRC-0008""]",
kelvin_ice_path,kelvin_ice_path_t1,1,1,kelvin_ice_path::bullet_resist,bullet_resist,unlock,35,percent,tier 1 purchased,high,"[""HSRC-0004"",""HSRC-0008""]",
kelvin_ice_path,kelvin_ice_path_t2,2,2,kelvin_ice_path::ability_cooldown,ability_cooldown,reduce_cooldown,-25,seconds,tier 2 purchased,high,"[""HSRC-0004"",""HSRC-0008""]",
kelvin_ice_path,kelvin_ice_path_t3,3,5,kelvin_ice_path::bonus_spirit_pct,bonus_spirit_pct,unlock,35,percent,tier 3 purchased,high,"[""HSRC-0004"",""HSRC-0008""]",
kelvin_ice_path,kelvin_ice_path_t3,3,5,kelvin_ice_path::bonus_spirit,bonus_spirit,unlock,20,flat,tier 3 purchased,high,"[""HSRC-0004"",""HSRC-0008""]",
kelvin_arctic_beam,kelvin_arctic_beam_t1,1,1,kelvin_arctic_beam::max_slow_percent,max_slow_percent,add,25,percent,tier 1 purchased,high,"[""HSRC-0004"",""HSRC-0008""]",
kelvin_arctic_beam,kelvin_arctic_beam_t1,1,1,kelvin_arctic_beam::max_fire_rate_slow_percent,max_fire_rate_slow_percent,add,25,percent,tier 1 purchased,high,"[""HSRC-0004"",""HSRC-0008""]",
kelvin_arctic_beam,kelvin_arctic_beam_t2,2,2,kelvin_arctic_beam::dps,dps,add,20,damage_per_second,tier 2 purchased,high,"[""HSRC-0004"",""HSRC-0008""]",Structured scaling attribute=spirit; coefficient=0.6.
kelvin_arctic_beam,kelvin_arctic_beam_t2,2,2,kelvin_arctic_beam::dps,dps_spirit_scaling,modify_scaling,0.6,multiplier,tier 2 purchased,high,"[""HSRC-0004"",""HSRC-0008""]",Atomar vom Basiswert getrennte Skalierungsänderung; structured attribute=spirit.
kelvin_arctic_beam,kelvin_arctic_beam_t3,3,5,kelvin_arctic_beam::beam_split,beam_split,add,10,flat,tier 3 purchased,high,"[""HSRC-0004"",""HSRC-0008""]",Structured scaling attribute=range; coefficient=0.93.
kelvin_arctic_beam,kelvin_arctic_beam_t3,3,5,kelvin_arctic_beam::beam_split,beam_split_range_scaling,modify_scaling,0.93,multiplier,tier 3 purchased,high,"[""HSRC-0004"",""HSRC-0008""]",Atomar vom Basiswert getrennte Skalierungsänderung; structured attribute=range.
kelvin_arctic_beam,kelvin_arctic_beam_t3,3,5,kelvin_arctic_beam::beam_split_count,beam_split_count,unlock,2,count,tier 3 purchased,high,"[""HSRC-0004"",""HSRC-0008""]",
kelvin_arctic_beam,kelvin_arctic_beam_t3,3,5,kelvin_arctic_beam::ability_cooldown,ability_cooldown,reduce_cooldown,-13,seconds,tier 3 purchased,high,"[""HSRC-0004"",""HSRC-0008""]",
kelvin_frozen_shelter,kelvin_frozen_shelter_t1,1,1,kelvin_frozen_shelter::ability_cooldown,ability_cooldown,reduce_cooldown,-20,seconds,tier 1 purchased,high,"[""HSRC-0004"",""HSRC-0008""]",
kelvin_frozen_shelter,kelvin_frozen_shelter_t2,2,2,kelvin_frozen_shelter::ability_duration,ability_duration,add,1.5,seconds,tier 2 purchased,high,"[""HSRC-0004"",""HSRC-0008""]",
kelvin_frozen_shelter,kelvin_frozen_shelter_t3,3,5,kelvin_frozen_shelter::bonus_health_regen,bonus_health_regen,add,65,health,tier 3 purchased,high,"[""HSRC-0004"",""HSRC-0008""]",Structured scaling attribute=spirit; coefficient=1.
kelvin_frozen_shelter,kelvin_frozen_shelter_t3,3,5,kelvin_frozen_shelter::bonus_health_regen,bonus_health_regen_spirit_scaling,modify_scaling,1,multiplier,tier 3 purchased,high,"[""HSRC-0004"",""HSRC-0008""]",Atomar vom Basiswert getrennte Skalierungsänderung; structured attribute=spirit.
kelvin_frozen_shelter,kelvin_frozen_shelter_t3,3,5,kelvin_frozen_shelter::purge_on_cast,purge_on_cast,unlock,1,flat,tier 3 purchased,high,"[""HSRC-0004"",""HSRC-0008""]",
lady_geist_essence_bomb,lady_geist_essence_bomb_t1,1,1,lady_geist_essence_bomb::ability_cooldown,ability_cooldown,reduce_cooldown,-5,seconds,tier 1 purchased,high,"[""HSRC-0004"",""HSRC-0008""]",
lady_geist_essence_bomb,lady_geist_essence_bomb_t2,2,2,lady_geist_essence_bomb::damage,damage,add,50,damage,tier 2 purchased,high,"[""HSRC-0004"",""HSRC-0008""]",
lady_geist_essence_bomb,lady_geist_essence_bomb_t2,2,2,lady_geist_essence_bomb::radius,radius,add,2,meters,tier 2 purchased,high,"[""HSRC-0004"",""HSRC-0008""]",
lady_geist_essence_bomb,lady_geist_essence_bomb_t3,3,5,lady_geist_essence_bomb::blood_spill_dps_percent,blood_spill_dps_percent,unlock,26,percent,tier 3 purchased,high,"[""HSRC-0004"",""HSRC-0008""]",
lady_geist_essence_bomb,lady_geist_essence_bomb_t3,3,5,lady_geist_essence_bomb::blood_spill_duration,blood_spill_duration,unlock,6,seconds,tier 3 purchased,high,"[""HSRC-0004"",""HSRC-0008""]",
lady_geist_life_drain,lady_geist_life_drain_t1,1,1,lady_geist_life_drain::life_drain_per_second,life_drain_per_second,add,13,flat,tier 1 purchased,high,"[""HSRC-0004"",""HSRC-0008""]",
lady_geist_life_drain,lady_geist_life_drain_t2,2,2,lady_geist_life_drain::ability_duration,ability_duration,add,2.5,seconds,tier 2 purchased,high,"[""HSRC-0004"",""HSRC-0008""]",
lady_geist_life_drain,lady_geist_life_drain_t3,3,5,lady_geist_life_drain::ability_charges,ability_charges,add_charge,3,charges,tier 3 purchased,high,"[""HSRC-0004"",""HSRC-0008""]",
lady_geist_life_drain,lady_geist_life_drain_t3,3,5,lady_geist_life_drain::ability_cooldown_between_charge,ability_cooldown_between_charge,unlock,0.1,seconds,tier 3 purchased,high,"[""HSRC-0004"",""HSRC-0008""]",
lady_geist_life_drain,lady_geist_life_drain_t3,3,5,lady_geist_life_drain::life_drain_per_second,life_drain_per_second,add,0,flat,tier 3 purchased,high,"[""HSRC-0004"",""HSRC-0008""]",Structured scaling attribute=spirit; coefficient=0.3.
lady_geist_life_drain,lady_geist_life_drain_t3,3,5,lady_geist_life_drain::life_drain_per_second,life_drain_per_second_spirit_scaling,modify_scaling,0.3,multiplier,tier 3 purchased,high,"[""HSRC-0004"",""HSRC-0008""]",Atomar vom Basiswert getrennte Skalierungsänderung; structured attribute=spirit.
lady_geist_malice,lady_geist_malice_t1,1,1,lady_geist_malice::ability_cooldown,ability_cooldown,reduce_cooldown,-3,seconds,tier 1 purchased,high,"[""HSRC-0004"",""HSRC-0008""]",
lady_geist_malice,lady_geist_malice_t2,2,2,lady_geist_malice::health_to_damage,health_to_damage,add,25.2,health,tier 2 purchased,high,"[""HSRC-0004"",""HSRC-0008""]",
lady_geist_malice,lady_geist_malice_t2,2,2,lady_geist_malice::num_blood_shards,num_blood_shards,add,4,flat,tier 2 purchased,high,"[""HSRC-0004"",""HSRC-0008""]",
lady_geist_malice,lady_geist_malice_t2,2,2,lady_geist_malice::spread_angle_degrees,spread_angle_degrees,add,22,degrees,tier 2 purchased,high,"[""HSRC-0004"",""HSRC-0008""]",
lady_geist_malice,lady_geist_malice_t3,3,5,lady_geist_malice::vulnerability_per_stack,vulnerability_per_stack,add,8,flat,tier 3 purchased,high,"[""HSRC-0004"",""HSRC-0008""]",
lady_geist_soul_exchange,lady_geist_soul_exchange_t1,1,1,lady_geist_soul_exchange::ability_cooldown,ability_cooldown,reduce_cooldown,-50,seconds,tier 1 purchased,high,"[""HSRC-0004"",""HSRC-0008""]",
lady_geist_soul_exchange,lady_geist_soul_exchange_t2,2,2,lady_geist_soul_exchange::silence_duration,silence_duration,unlock,3,seconds,tier 2 purchased,high,"[""HSRC-0004"",""HSRC-0008""]",
lady_geist_soul_exchange,lady_geist_soul_exchange_t2,2,2,lady_geist_soul_exchange::silence_radius,silence_radius,unlock,25,meters,tier 2 purchased,high,"[""HSRC-0004"",""HSRC-0008""]",
lady_geist_soul_exchange,lady_geist_soul_exchange_t3,3,5,lady_geist_soul_exchange::self_buff_duration,self_buff_duration,unlock,8,seconds,tier 3 purchased,high,"[""HSRC-0004"",""HSRC-0008""]",
lady_geist_soul_exchange,lady_geist_soul_exchange_t3,3,5,lady_geist_soul_exchange::tech_resist,tech_resist,unlock,50,percent,tier 3 purchased,high,"[""HSRC-0004"",""HSRC-0008""]",
lady_geist_soul_exchange,lady_geist_soul_exchange_t3,3,5,lady_geist_soul_exchange::bonus_fire_rate,bonus_fire_rate,unlock,40,percent,tier 3 purchased,high,"[""HSRC-0004"",""HSRC-0008""]",
lady_geist_soul_exchange,lady_geist_soul_exchange_t3,3,5,lady_geist_soul_exchange::bonus_spirit,bonus_spirit,unlock,60,flat,tier 3 purchased,high,"[""HSRC-0004"",""HSRC-0008""]",
lash_ground_strike,lash_ground_strike_t1,1,1,lash_ground_strike::ability_cooldown,ability_cooldown,reduce_cooldown,-10,seconds,tier 1 purchased,high,"[""HSRC-0004"",""HSRC-0008""]",
lash_ground_strike,lash_ground_strike_t2,2,2,lash_ground_strike::enemy_slow_pct,enemy_slow_pct,unlock,50,percent,tier 2 purchased,high,"[""HSRC-0004"",""HSRC-0008""]",
lash_ground_strike,lash_ground_strike_t2,2,2,lash_ground_strike::slow_duration,slow_duration,unlock,3,seconds,tier 2 purchased,high,"[""HSRC-0004"",""HSRC-0008""]",
lash_ground_strike,lash_ground_strike_t2,2,2,lash_ground_strike::stomp_bounce_height,stomp_bounce_height,unlock,400,meters,tier 2 purchased,high,"[""HSRC-0004"",""HSRC-0008""]",
lash_ground_strike,lash_ground_strike_t2,2,2,lash_ground_strike::toss_duration,toss_duration,unlock,1,seconds,tier 2 purchased,high,"[""HSRC-0004"",""HSRC-0008""]",
lash_ground_strike,lash_ground_strike_t3,3,5,lash_ground_strike::stomp_damage_per_meter_primary_value,stomp_damage_per_meter_primary_value,unlock,2.13,damage,tier 3 purchased,high,"[""HSRC-0004"",""HSRC-0008""]",
lash_ground_strike,lash_ground_strike_t3,3,5,lash_ground_strike::stomp_damage_per_meter_primary_scale_value,stomp_damage_per_meter_primary_scale_value,unlock,0.03255,damage,tier 3 purchased,high,"[""HSRC-0004"",""HSRC-0008""]",
lash_ground_strike,lash_ground_strike_t3,3,5,lash_ground_strike::stomp_damage_per_meter_primary_scale_type,stomp_damage_per_meter_primary_scale_type,unlock,spirit,identifier,tier 3 purchased,high,"[""HSRC-0004"",""HSRC-0008""]",
lash_ground_strike,lash_ground_strike_t3,3,5,lash_ground_strike::stomp_damage_per_meter_primary_multiply,stomp_damage_per_meter_primary_multiply,unlock,true,boolean,tier 3 purchased,high,"[""HSRC-0004"",""HSRC-0008""]",
lash_ground_strike,lash_ground_strike_t3,3,5,lash_ground_strike::stomp_damage_per_meter_secondary_value,stomp_damage_per_meter_secondary_value,unlock,2.13,damage,tier 3 purchased,high,"[""HSRC-0004"",""HSRC-0008""]",
lash_ground_strike,lash_ground_strike_t3,3,5,lash_ground_strike::stomp_damage_per_meter_secondary_scale_value,stomp_damage_per_meter_secondary_scale_value,unlock,0.008137,damage,tier 3 purchased,high,"[""HSRC-0004"",""HSRC-0008""]",
lash_ground_strike,lash_ground_strike_t3,3,5,lash_ground_strike::stomp_damage_per_meter_secondary_scale_type,stomp_damage_per_meter_secondary_scale_type,unlock,spirit,identifier,tier 3 purchased,high,"[""HSRC-0004"",""HSRC-0008""]",
lash_ground_strike,lash_ground_strike_t3,3,5,lash_ground_strike::stomp_damage_per_meter_secondary_multiply,stomp_damage_per_meter_secondary_multiply,unlock,true,boolean,tier 3 purchased,high,"[""HSRC-0004"",""HSRC-0008""]",
lash_grapple,lash_grapple_t1,1,1,lash_grapple::ability_cooldown,ability_cooldown,reduce_cooldown,-17,seconds,tier 1 purchased,high,"[""HSRC-0004"",""HSRC-0008""]",
lash_grapple,lash_grapple_t2,2,2,lash_grapple::ability_cast_range,ability_cast_range,add,20,meters,tier 2 purchased,high,"[""HSRC-0004"",""HSRC-0008""]",
lash_grapple,lash_grapple_t2,2,2,lash_grapple::weapon_damage_bonus,weapon_damage_bonus,unlock,7,damage,tier 2 purchased,high,"[""HSRC-0004"",""HSRC-0008""]",
lash_grapple,lash_grapple_t2,2,2,lash_grapple::weapon_damage_bonus_duration,weapon_damage_bonus_duration,unlock,10,seconds,tier 2 purchased,high,"[""HSRC-0004"",""HSRC-0008""]",
lash_grapple,lash_grapple_t3,3,5,lash_grapple::ability_charges,ability_charges,add_charge,1,charges,tier 3 purchased,high,"[""HSRC-0004"",""HSRC-0008""]",
lash_grapple,lash_grapple_t3,3,5,lash_grapple::restore_stamina_on_use,restore_stamina_on_use,unlock,1,flat,tier 3 purchased,high,"[""HSRC-0004"",""HSRC-0008""]",
lash_grapple,lash_grapple_t3,3,5,lash_grapple::air_control_percent,air_control_percent,unlock,60,percent,tier 3 purchased,high,"[""HSRC-0004"",""HSRC-0008""]",
lash_flog,lash_flog_t1,1,1,lash_flog::enemy_slow_duration,enemy_slow_duration,unlock,3,seconds,tier 1 purchased,high,"[""HSRC-0004"",""HSRC-0008""]",
lash_flog,lash_flog_t1,1,1,lash_flog::enemy_slow_pct,enemy_slow_pct,unlock,35,percent,tier 1 purchased,high,"[""HSRC-0004"",""HSRC-0008""]",
lash_flog,lash_flog_t2,2,2,lash_flog::ability_cooldown,ability_cooldown,reduce_cooldown,-16,seconds,tier 2 purchased,high,"[""HSRC-0004"",""HSRC-0008""]",
lash_flog,lash_flog_t2,2,2,lash_flog::fire_rate_slow,fire_rate_slow,unlock,30,percent,tier 2 purchased,high,"[""HSRC-0004"",""HSRC-0008""]",
lash_flog,lash_flog_t3,3,5,lash_flog::damage,damage,add,80,damage,tier 3 purchased,high,"[""HSRC-0004"",""HSRC-0008""]",
lash_flog,lash_flog_t3,3,5,lash_flog::targeting_cone_angle,targeting_cone_angle,add,40,degrees,tier 3 purchased,high,"[""HSRC-0004"",""HSRC-0008""]",
lash_flog,lash_flog_t3,3,5,lash_flog::heal_pct_vs_heroes,heal_pct_vs_heroes,add,20,percent,tier 3 purchased,high,"[""HSRC-0004"",""HSRC-0008""]",
lash_flog,lash_flog_t3,3,5,lash_flog::heal_pct_vs_non_heroes,heal_pct_vs_non_heroes,add,6,percent,tier 3 purchased,high,"[""HSRC-0004"",""HSRC-0008""]",
lash_death_slam,lash_death_slam_t1,1,1,lash_death_slam::throw_distance,throw_distance,add,12,meters,tier 1 purchased,high,"[""HSRC-0004"",""HSRC-0008""]",
lash_death_slam,lash_death_slam_t2,2,2,lash_death_slam::ability_cooldown,ability_cooldown,reduce_cooldown,-35,seconds,tier 2 purchased,high,"[""HSRC-0004"",""HSRC-0008""]",
lash_death_slam,lash_death_slam_t3,3,5,lash_death_slam::stun_duration,stun_duration,unlock,1.2,seconds,tier 3 purchased,high,"[""HSRC-0004"",""HSRC-0008""]",
lash_death_slam,lash_death_slam_t3,3,5,lash_death_slam::ability_cast_range,ability_cast_range,add,6,meters,tier 3 purchased,high,"[""HSRC-0004"",""HSRC-0008""]",
mcginnis_mini_turret,mcginnis_mini_turret_t1,1,1,mcginnis_mini_turret::turret_attack_range,turret_attack_range,add,10,meters,tier 1 purchased,high,"[""HSRC-0004"",""HSRC-0008""]",
mcginnis_mini_turret,mcginnis_mini_turret_t1,1,1,mcginnis_mini_turret::turret_dps,turret_dps,add,10,damage_per_second,tier 1 purchased,high,"[""HSRC-0004"",""HSRC-0008""]",
mcginnis_mini_turret,mcginnis_mini_turret_t2,2,2,mcginnis_mini_turret::ability_charges,ability_charges,add_charge,2,charges,tier 2 purchased,high,"[""HSRC-0004"",""HSRC-0008""]",
mcginnis_mini_turret,mcginnis_mini_turret_t3,3,5,mcginnis_mini_turret::attack_speed_mult,attack_speed_mult,add,25,multiplier,tier 3 purchased,high,"[""HSRC-0004"",""HSRC-0008""]",
mcginnis_mini_turret,mcginnis_mini_turret_t3,3,5,mcginnis_mini_turret::turret_lifetime,turret_lifetime,add,12,seconds,tier 3 purchased,high,"[""HSRC-0004"",""HSRC-0008""]",
mcginnis_medicinal_specter,mcginnis_medicinal_specter_t1,1,1,mcginnis_medicinal_specter::ability_duration,ability_duration,add,1.5,seconds,tier 1 purchased,high,"[""HSRC-0004"",""HSRC-0008""]",
mcginnis_medicinal_specter,mcginnis_medicinal_specter_t2,2,2,mcginnis_medicinal_specter::ability_cooldown,ability_cooldown,reduce_cooldown,-20,seconds,tier 2 purchased,high,"[""HSRC-0004"",""HSRC-0008""]",
mcginnis_medicinal_specter,mcginnis_medicinal_specter_t2,2,2,mcginnis_medicinal_specter::stamina_cooldown_reduction,stamina_cooldown_reduction,unlock,100,percent,tier 2 purchased,high,"[""HSRC-0004"",""HSRC-0008""]",
mcginnis_medicinal_specter,mcginnis_medicinal_specter_t3,3,5,mcginnis_medicinal_specter::max_health_regen_pct,max_health_regen_pct,unlock,2,percent,tier 3 purchased,high,"[""HSRC-0004"",""HSRC-0008""]",
mcginnis_medicinal_specter,mcginnis_medicinal_specter_t3,3,5,mcginnis_medicinal_specter::heal_radius,heal_radius,add,3,meters,tier 3 purchased,high,"[""HSRC-0004"",""HSRC-0008""]",
mcginnis_medicinal_specter,mcginnis_medicinal_specter_t3,3,5,mcginnis_medicinal_specter::spirit_resist,spirit_resist,unlock,40,percent,tier 3 purchased,high,"[""HSRC-0004"",""HSRC-0008""]",
mcginnis_spectral_wall,mcginnis_spectral_wall_t1,1,1,mcginnis_spectral_wall::bonus_damage_percent,bonus_damage_percent,unlock,20,percent,tier 1 purchased,high,"[""HSRC-0004"",""HSRC-0008""]",
mcginnis_spectral_wall,mcginnis_spectral_wall_t1,1,1,mcginnis_spectral_wall::debuff_duration,debuff_duration,unlock,7,seconds,tier 1 purchased,high,"[""HSRC-0004"",""HSRC-0008""]",
mcginnis_spectral_wall,mcginnis_spectral_wall_t2,2,2,mcginnis_spectral_wall::ability_cooldown,ability_cooldown,reduce_cooldown,-20,seconds,tier 2 purchased,high,"[""HSRC-0004"",""HSRC-0008""]",
mcginnis_spectral_wall,mcginnis_spectral_wall_t2,2,2,mcginnis_spectral_wall::ability_duration,ability_duration,add,2,seconds,tier 2 purchased,high,"[""HSRC-0004"",""HSRC-0008""]",
mcginnis_spectral_wall,mcginnis_spectral_wall_t3,3,5,mcginnis_spectral_wall::create_turrets,create_turrets,unlock,2,flat,tier 3 purchased,high,"[""HSRC-0004"",""HSRC-0008""]",
mcginnis_spectral_wall,mcginnis_spectral_wall_t3,3,5,mcginnis_spectral_wall::turret_life_time,turret_life_time,unlock,8,seconds,tier 3 purchased,high,"[""HSRC-0004"",""HSRC-0008""]",
mcginnis_spectral_wall,mcginnis_spectral_wall_t3,3,5,mcginnis_spectral_wall::slow_percent,slow_percent,add,30,percent,tier 3 purchased,high,"[""HSRC-0004"",""HSRC-0008""]",
mcginnis_heavy_barrage,mcginnis_heavy_barrage_t1,1,1,mcginnis_heavy_barrage::move_slow_percent,move_slow_percent,unlock,30,percent,tier 1 purchased,high,"[""HSRC-0004"",""HSRC-0008""]",
mcginnis_heavy_barrage,mcginnis_heavy_barrage_t1,1,1,mcginnis_heavy_barrage::enemy_dash_slow_percent,enemy_dash_slow_percent,unlock,-18,percent,tier 1 purchased,high,"[""HSRC-0004"",""HSRC-0008""]",
mcginnis_heavy_barrage,mcginnis_heavy_barrage_t1,1,1,mcginnis_heavy_barrage::move_slow_duration,move_slow_duration,unlock,1,seconds,tier 1 purchased,high,"[""HSRC-0004"",""HSRC-0008""]",
mcginnis_heavy_barrage,mcginnis_heavy_barrage_t2,2,2,mcginnis_heavy_barrage::ability_cooldown,ability_cooldown,reduce_cooldown,-45,seconds,tier 2 purchased,high,"[""HSRC-0004"",""HSRC-0008""]",
mcginnis_heavy_barrage,mcginnis_heavy_barrage_t2,2,2,mcginnis_heavy_barrage::ability_duration,ability_duration,add,6,seconds,tier 2 purchased,high,"[""HSRC-0004"",""HSRC-0008""]",
mcginnis_heavy_barrage,mcginnis_heavy_barrage_t3,3,5,mcginnis_heavy_barrage::damage_per_rocket,damage_per_rocket,add,15,damage,tier 3 purchased,high,"[""HSRC-0004"",""HSRC-0008""]",Structured scaling attribute=spirit; coefficient=0.16.
mcginnis_heavy_barrage,mcginnis_heavy_barrage_t3,3,5,mcginnis_heavy_barrage::damage_per_rocket,damage_per_rocket_spirit_scaling,modify_scaling,0.16,multiplier,tier 3 purchased,high,"[""HSRC-0004"",""HSRC-0008""]",Atomar vom Basiswert getrennte Skalierungsänderung; structured attribute=spirit.
mcginnis_heavy_barrage,mcginnis_heavy_barrage_t3,3,5,mcginnis_heavy_barrage::explosion_radius,explosion_radius,add,2,meters,tier 3 purchased,high,"[""HSRC-0004"",""HSRC-0008""]",
mina_rake,mina_rake_t1,1,1,mina_rake::damage,damage,add,60,damage,tier 1 purchased,high,"[""HSRC-0004"",""HSRC-0008""]",
mina_rake,mina_rake_t2,2,2,mina_rake::rake_heal_per_kill,rake_heal_per_kill,add,30,health,tier 2 purchased,high,"[""HSRC-0004"",""HSRC-0008""]",
mina_rake,mina_rake_t2,2,2,mina_rake::ability_cooldown,ability_cooldown,reduce_cooldown,-8,seconds,tier 2 purchased,high,"[""HSRC-0004"",""HSRC-0008""]",
mina_rake,mina_rake_t3,3,5,mina_rake::missing_health_damage_percentage,missing_health_damage_percentage,add,7,percent,tier 3 purchased,high,"[""HSRC-0004"",""HSRC-0008""]",
mina_rake,mina_rake_t3,3,5,mina_rake::rake_heal_per_kill,rake_heal_per_kill,add,0,health,tier 3 purchased,high,"[""HSRC-0004"",""HSRC-0008""]",Structured scaling attribute=spirit; coefficient=1.2.
mina_rake,mina_rake_t3,3,5,mina_rake::rake_heal_per_kill,rake_heal_per_kill_spirit_scaling,modify_scaling,1.2,multiplier,tier 3 purchased,high,"[""HSRC-0004"",""HSRC-0008""]",Atomar vom Basiswert getrennte Skalierungsänderung; structured attribute=spirit.
mina_sanguine_retreat,mina_sanguine_retreat_t1,1,1,mina_sanguine_retreat::bonus_fire_rate,bonus_fire_rate,unlock,25,percent,tier 1 purchased,high,"[""HSRC-0004"",""HSRC-0008""]",
mina_sanguine_retreat,mina_sanguine_retreat_t1,1,1,mina_sanguine_retreat::buff_duration,buff_duration,unlock,8,seconds,tier 1 purchased,high,"[""HSRC-0004"",""HSRC-0008""]",
mina_sanguine_retreat,mina_sanguine_retreat_t1,1,1,mina_sanguine_retreat::bonus_bullets,bonus_bullets,unlock,8,flat,tier 1 purchased,high,"[""HSRC-0004"",""HSRC-0008""]",
mina_sanguine_retreat,mina_sanguine_retreat_t2,2,2,mina_sanguine_retreat::ability_cooldown,ability_cooldown,reduce_cooldown,-10,seconds,tier 2 purchased,high,"[""HSRC-0004"",""HSRC-0008""]",
mina_sanguine_retreat,mina_sanguine_retreat_t3,3,5,mina_sanguine_retreat::max_recasts,max_recasts,add,1,flat,tier 3 purchased,high,"[""HSRC-0004"",""HSRC-0008""]",
mina_sanguine_retreat,mina_sanguine_retreat_t3,3,5,mina_sanguine_retreat::ability_cast_range,ability_cast_range,add,4,meters,tier 3 purchased,high,"[""HSRC-0004"",""HSRC-0008""]",
mina_love_bites,mina_love_bites_t1,1,1,mina_love_bites::slow_duration,slow_duration,unlock,3,seconds,tier 1 purchased,high,"[""HSRC-0004"",""HSRC-0008""]",
mina_love_bites,mina_love_bites_t1,1,1,mina_love_bites::slow_percent,slow_percent,unlock,30,percent,tier 1 purchased,high,"[""HSRC-0004"",""HSRC-0008""]",
mina_love_bites,mina_love_bites_t2,2,2,mina_love_bites::magic_damage_per_bullet,magic_damage_per_bullet,add,3,damage,tier 2 purchased,high,"[""HSRC-0004"",""HSRC-0008""]",
mina_love_bites,mina_love_bites_t2,2,2,mina_love_bites::bonus_damage,bonus_damage,add,45,damage,tier 2 purchased,high,"[""HSRC-0004"",""HSRC-0008""]",
mina_love_bites,mina_love_bites_t3,3,5,mina_love_bites::per_target_cooldown,per_target_cooldown,reduce_cooldown,-5,seconds,tier 3 purchased,high,"[""HSRC-0004"",""HSRC-0008""]",
mina_love_bites,mina_love_bites_t3,3,5,mina_love_bites::bonus_fire_rate,bonus_fire_rate,unlock,25,percent,tier 3 purchased,high,"[""HSRC-0004"",""HSRC-0008""]",
mina_love_bites,mina_love_bites_t3,3,5,mina_love_bites::buff_duration,buff_duration,unlock,5,seconds,tier 3 purchased,high,"[""HSRC-0004"",""HSRC-0008""]",
mina_nox_nostra,mina_nox_nostra_t1,1,1,mina_nox_nostra::damage,damage,add,1.9,damage,tier 1 purchased,high,"[""HSRC-0004"",""HSRC-0008""]",
mina_nox_nostra,mina_nox_nostra_t2,2,2,mina_nox_nostra::ability_cooldown,ability_cooldown,reduce_cooldown,-45,seconds,tier 2 purchased,high,"[""HSRC-0004"",""HSRC-0008""]",
mina_nox_nostra,mina_nox_nostra_t3,3,5,mina_nox_nostra::current_health_percent,current_health_percent,unlock,0.5,percent,tier 3 purchased,high,"[""HSRC-0004"",""HSRC-0008""]",
mirage_fire_scarabs,mirage_fire_scarabs_t1,1,1,mirage_fire_scarabs::dps,dps,add,7,damage_per_second,tier 1 purchased,high,"[""HSRC-0004"",""HSRC-0008""]",
mirage_fire_scarabs,mirage_fire_scarabs_t2,2,2,mirage_fire_scarabs::ability_charges,ability_charges,add_charge,1,charges,tier 2 purchased,high,"[""HSRC-0004"",""HSRC-0008""]",
mirage_fire_scarabs,mirage_fire_scarabs_t2,2,2,mirage_fire_scarabs::steal_duration,steal_duration,add,2,seconds,tier 2 purchased,high,"[""HSRC-0004"",""HSRC-0008""]",
mirage_fire_scarabs,mirage_fire_scarabs_t3,3,5,mirage_fire_scarabs::outgoing_damage_penalty_percent,outgoing_damage_penalty_percent,subtract,-15,percent,tier 3 purchased,high,"[""HSRC-0004"",""HSRC-0008""]",
mirage_fire_scarabs,mirage_fire_scarabs_t3,3,5,mirage_fire_scarabs::dps,dps,add,0,damage_per_second,tier 3 purchased,high,"[""HSRC-0004"",""HSRC-0008""]",Structured scaling attribute=spirit; coefficient=0.13.
mirage_fire_scarabs,mirage_fire_scarabs_t3,3,5,mirage_fire_scarabs::dps,dps_spirit_scaling,modify_scaling,0.13,multiplier,tier 3 purchased,high,"[""HSRC-0004"",""HSRC-0008""]",Atomar vom Basiswert getrennte Skalierungsänderung; structured attribute=spirit.
mirage_dust_devil,mirage_dust_devil_t1,1,1,mirage_dust_devil::damage,damage,add,60,damage,tier 1 purchased,high,"[""HSRC-0004"",""HSRC-0008""]",
mirage_dust_devil,mirage_dust_devil_t2,2,2,mirage_dust_devil::ability_cooldown,ability_cooldown,reduce_cooldown,-12,seconds,tier 2 purchased,high,"[""HSRC-0004"",""HSRC-0008""]",
mirage_dust_devil,mirage_dust_devil_t2,2,2,mirage_dust_devil::whirlwind_evasion_chance,whirlwind_evasion_chance,add,30,flat,tier 2 purchased,high,"[""HSRC-0004"",""HSRC-0008""]",
mirage_dust_devil,mirage_dust_devil_t3,3,5,mirage_dust_devil::recast_window,recast_window,unlock,6,seconds,tier 3 purchased,high,"[""HSRC-0004"",""HSRC-0008""]",
mirage_dust_devil,mirage_dust_devil_t3,3,5,mirage_dust_devil::damage,damage,add,0,damage,tier 3 purchased,high,"[""HSRC-0004"",""HSRC-0008""]",Structured scaling attribute=spirit; coefficient=0.6.
mirage_dust_devil,mirage_dust_devil_t3,3,5,mirage_dust_devil::damage,damage_spirit_scaling,modify_scaling,0.6,multiplier,tier 3 purchased,high,"[""HSRC-0004"",""HSRC-0008""]",Atomar vom Basiswert getrennte Skalierungsänderung; structured attribute=spirit.
mirage_djinn_s_mark,mirage_djinn_s_mark_t1,1,1,mirage_djinn_s_mark::movement_speed_slow,movement_speed_slow,unlock,60,units_per_second,tier 1 purchased,high,"[""HSRC-0004"",""HSRC-0008""]",
mirage_djinn_s_mark,mirage_djinn_s_mark_t1,1,1,mirage_djinn_s_mark::slow_duration,slow_duration,unlock,0.8,seconds,tier 1 purchased,high,"[""HSRC-0004"",""HSRC-0008""]",
mirage_djinn_s_mark,mirage_djinn_s_mark_t2,2,2,mirage_djinn_s_mark::proc_damage_base,proc_damage_base,add,20,damage,tier 2 purchased,high,"[""HSRC-0004"",""HSRC-0008""]",
mirage_djinn_s_mark,mirage_djinn_s_mark_t2,2,2,mirage_djinn_s_mark::victim_stack_duration,victim_stack_duration,add,3,seconds,tier 2 purchased,high,"[""HSRC-0004"",""HSRC-0008""]",
mirage_djinn_s_mark,mirage_djinn_s_mark_t3,3,5,mirage_djinn_s_mark::ability_cooldown,ability_cooldown,reduce_cooldown,-0.75,seconds,tier 3 purchased,high,"[""HSRC-0004"",""HSRC-0008""]",
mirage_djinn_s_mark,mirage_djinn_s_mark_t3,3,5,mirage_djinn_s_mark::proc_cooldown,proc_cooldown,reduce_cooldown,-0.75,seconds,tier 3 purchased,high,"[""HSRC-0004"",""HSRC-0008""]",
mirage_djinn_s_mark,mirage_djinn_s_mark_t3,3,5,mirage_djinn_s_mark::stun_duration,stun_duration,unlock,0.5,seconds,tier 3 purchased,high,"[""HSRC-0004"",""HSRC-0008""]",
mirage_djinn_s_mark,mirage_djinn_s_mark_t3,3,5,mirage_djinn_s_mark::max_stacks,max_stacks,add,1,stacks,tier 3 purchased,high,"[""HSRC-0004"",""HSRC-0008""]",
mirage_traveler,mirage_traveler_t1,1,1,mirage_traveler::bonus_move_speed,bonus_move_speed,unlock,3,units_per_second,tier 1 purchased,high,"[""HSRC-0004"",""HSRC-0008""]",
mirage_traveler,mirage_traveler_t1,1,1,mirage_traveler::bonus_fire_rate,bonus_fire_rate,unlock,20,percent,tier 1 purchased,high,"[""HSRC-0004"",""HSRC-0008""]",
mirage_traveler,mirage_traveler_t1,1,1,mirage_traveler::movement_speed_bonus_duration,movement_speed_bonus_duration,unlock,12,seconds,tier 1 purchased,high,"[""HSRC-0004"",""HSRC-0008""]",
mirage_traveler,mirage_traveler_t2,2,2,mirage_traveler::combat_barrier,combat_barrier,add,400,health,tier 2 purchased,high,"[""HSRC-0004"",""HSRC-0008""]",Structured scaling attribute=spirit; coefficient=0.6.
mirage_traveler,mirage_traveler_t2,2,2,mirage_traveler::combat_barrier,combat_barrier_spirit_scaling,modify_scaling,0.6,multiplier,tier 2 purchased,high,"[""HSRC-0004"",""HSRC-0008""]",Atomar vom Basiswert getrennte Skalierungsänderung; structured attribute=spirit.
mirage_traveler,mirage_traveler_t3,3,5,mirage_traveler::ability_cooldown,ability_cooldown,reduce_cooldown,-90,seconds,tier 3 purchased,high,"[""HSRC-0004"",""HSRC-0008""]",
mo_and_krill_scorn,mo_and_krill_scorn_t1,1,1,mo_and_krill_scorn::damage,damage,add,35,damage,tier 1 purchased,high,"[""HSRC-0004"",""HSRC-0008""]",
mo_and_krill_scorn,mo_and_krill_scorn_t2,2,2,mo_and_krill_scorn::ability_cooldown,ability_cooldown,reduce_cooldown,-5,seconds,tier 2 purchased,high,"[""HSRC-0004"",""HSRC-0008""]",
mo_and_krill_scorn,mo_and_krill_scorn_t2,2,2,mo_and_krill_scorn::radius,radius,add,1,meters,tier 2 purchased,high,"[""HSRC-0004"",""HSRC-0008""]",
mo_and_krill_scorn,mo_and_krill_scorn_t3,3,5,mo_and_krill_scorn::damage_bonus,damage_bonus,unlock,15,damage,tier 3 purchased,high,"[""HSRC-0004"",""HSRC-0008""]",
mo_and_krill_scorn,mo_and_krill_scorn_t3,3,5,mo_and_krill_scorn::debuff_duration,debuff_duration,unlock,16,seconds,tier 3 purchased,high,"[""HSRC-0004"",""HSRC-0008""]",
mo_and_krill_burrow,mo_and_krill_burrow_t1,1,1,mo_and_krill_burrow::dps,dps,add,50,damage_per_second,tier 1 purchased,high,"[""HSRC-0004"",""HSRC-0008""]",
mo_and_krill_burrow,mo_and_krill_burrow_t2,2,2,mo_and_krill_burrow::ability_channel_time,ability_channel_time,add,4,seconds,tier 2 purchased,high,"[""HSRC-0004"",""HSRC-0008""]",
mo_and_krill_burrow,mo_and_krill_burrow_t2,2,2,mo_and_krill_burrow::radius,radius,add,2,meters,tier 2 purchased,high,"[""HSRC-0004"",""HSRC-0008""]",
mo_and_krill_burrow,mo_and_krill_burrow_t3,3,5,mo_and_krill_burrow::ability_cooldown,ability_cooldown,reduce_cooldown,-20,seconds,tier 3 purchased,high,"[""HSRC-0004"",""HSRC-0008""]",
mo_and_krill_burrow,mo_and_krill_burrow_t3,3,5,mo_and_krill_burrow::bonus_move_speed,bonus_move_speed,add,4,units_per_second,tier 3 purchased,high,"[""HSRC-0004"",""HSRC-0008""]",
mo_and_krill_sand_blast,mo_and_krill_sand_blast_t1,1,1,mo_and_krill_sand_blast::damage,damage,add,50,damage,tier 1 purchased,high,"[""HSRC-0004"",""HSRC-0008""]",
mo_and_krill_sand_blast,mo_and_krill_sand_blast_t1,1,1,mo_and_krill_sand_blast::ability_cast_range,ability_cast_range,add,5,meters,tier 1 purchased,high,"[""HSRC-0004"",""HSRC-0008""]",
mo_and_krill_sand_blast,mo_and_krill_sand_blast_t2,2,2,mo_and_krill_sand_blast::slow_percent,slow_percent,unlock,30,percent,tier 2 purchased,high,"[""HSRC-0004"",""HSRC-0008""]",
mo_and_krill_sand_blast,mo_and_krill_sand_blast_t2,2,2,mo_and_krill_sand_blast::ground_dash_reduction_percent,ground_dash_reduction_percent,unlock,-30,percent,tier 2 purchased,high,"[""HSRC-0004"",""HSRC-0008""]",
mo_and_krill_sand_blast,mo_and_krill_sand_blast_t3,3,5,mo_and_krill_sand_blast::ability_cooldown,ability_cooldown,reduce_cooldown,-25,seconds,tier 3 purchased,high,"[""HSRC-0004"",""HSRC-0008""]",
mo_and_krill_sand_blast,mo_and_krill_sand_blast_t3,3,5,mo_and_krill_sand_blast::ability_duration,ability_duration,add,1.5,seconds,tier 3 purchased,high,"[""HSRC-0004"",""HSRC-0008""]",
mo_and_krill_combo,mo_and_krill_combo_t1,1,1,mo_and_krill_combo::life_steal_percent_on_hit,life_steal_percent_on_hit,unlock,100,percent,tier 1 purchased,high,"[""HSRC-0004"",""HSRC-0008""]",
mo_and_krill_combo,mo_and_krill_combo_t2,2,2,mo_and_krill_combo::ability_cooldown,ability_cooldown,reduce_cooldown,-30,seconds,tier 2 purchased,high,"[""HSRC-0004"",""HSRC-0008""]",
mo_and_krill_combo,mo_and_krill_combo_t2,2,2,mo_and_krill_combo::bullet_resist,bullet_resist,unlock,50,percent,tier 2 purchased,high,"[""HSRC-0004"",""HSRC-0008""]",
mo_and_krill_combo,mo_and_krill_combo_t3,3,5,mo_and_krill_combo::ability_channel_time,ability_channel_time,add,0.7,seconds,tier 3 purchased,high,"[""HSRC-0004"",""HSRC-0008""]",
mo_and_krill_combo,mo_and_krill_combo_t3,3,5,mo_and_krill_combo::dps,dps,add,40,damage_per_second,tier 3 purchased,high,"[""HSRC-0004"",""HSRC-0008""]",Structured scaling attribute=spirit; coefficient=0.4.
mo_and_krill_combo,mo_and_krill_combo_t3,3,5,mo_and_krill_combo::dps,dps_spirit_scaling,modify_scaling,0.4,multiplier,tier 3 purchased,high,"[""HSRC-0004"",""HSRC-0008""]",Atomar vom Basiswert getrennte Skalierungsänderung; structured attribute=spirit.
paige_bookwyrm,paige_bookwyrm_t1,1,1,paige_bookwyrm::ability_cooldown,ability_cooldown,reduce_cooldown,-12,seconds,tier 1 purchased,high,"[""HSRC-0004"",""HSRC-0008""]",
paige_bookwyrm,paige_bookwyrm_t2,2,2,paige_bookwyrm::ground_flame_duration,ground_flame_duration,add,2,seconds,tier 2 purchased,high,"[""HSRC-0004"",""HSRC-0008""]",
paige_bookwyrm,paige_bookwyrm_t2,2,2,paige_bookwyrm::radius,radius,add,1,meters,tier 2 purchased,high,"[""HSRC-0004"",""HSRC-0008""]",
paige_bookwyrm,paige_bookwyrm_t2,2,2,paige_bookwyrm::ability_charges,ability_charges,add_charge,1,charges,tier 2 purchased,high,"[""HSRC-0004"",""HSRC-0008""]",
paige_bookwyrm,paige_bookwyrm_t3,3,5,paige_bookwyrm::damage,damage,add,100,damage,tier 3 purchased,high,"[""HSRC-0004"",""HSRC-0008""]",
paige_bookwyrm,paige_bookwyrm_t3,3,5,paige_bookwyrm::dps,dps,add,30,damage_per_second,tier 3 purchased,high,"[""HSRC-0004"",""HSRC-0008""]",
paige_bookwyrm,paige_bookwyrm_t3,3,5,paige_bookwyrm::dragon_travel_range,dragon_travel_range,add,12,meters,tier 3 purchased,high,"[""HSRC-0004"",""HSRC-0008""]",
paige_plot_armor,paige_plot_armor_t1,1,1,paige_plot_armor::bonus_fire_rate,bonus_fire_rate,add,14,percent,tier 1 purchased,high,"[""HSRC-0004"",""HSRC-0008""]",Structured scaling attribute=spirit; coefficient=0.16.
paige_plot_armor,paige_plot_armor_t1,1,1,paige_plot_armor::bonus_fire_rate,bonus_fire_rate_spirit_scaling,modify_scaling,0.16,multiplier,tier 1 purchased,high,"[""HSRC-0004"",""HSRC-0008""]",Atomar vom Basiswert getrennte Skalierungsänderung; structured attribute=spirit.
paige_plot_armor,paige_plot_armor_t2,2,2,paige_plot_armor::combat_barrier,combat_barrier,add,100,health,tier 2 purchased,high,"[""HSRC-0004"",""HSRC-0008""]",
paige_plot_armor,paige_plot_armor_t2,2,2,paige_plot_armor::ability_duration,ability_duration,add,2,seconds,tier 2 purchased,high,"[""HSRC-0004"",""HSRC-0008""]",
paige_plot_armor,paige_plot_armor_t3,3,5,paige_plot_armor::combat_barrier,combat_barrier,add,0,health,tier 3 purchased,high,"[""HSRC-0004"",""HSRC-0008""]",Structured scaling attribute=spirit; coefficient=0.5.
paige_plot_armor,paige_plot_armor_t3,3,5,paige_plot_armor::combat_barrier,combat_barrier_spirit_scaling,modify_scaling,0.5,multiplier,tier 3 purchased,high,"[""HSRC-0004"",""HSRC-0008""]",Atomar vom Basiswert getrennte Skalierungsänderung; structured attribute=spirit.
paige_plot_armor,paige_plot_armor_t3,3,5,paige_plot_armor::bonus_targets,bonus_targets,unlock,2,count,tier 3 purchased,high,"[""HSRC-0004"",""HSRC-0008""]",
paige_plot_armor,paige_plot_armor_t3,3,5,paige_plot_armor::bonus_targets_barrier_percentage,bonus_targets_barrier_percentage,unlock,100,percent,tier 3 purchased,high,"[""HSRC-0004"",""HSRC-0008""]",
paige_captivating_read,paige_captivating_read_t1,1,1,paige_captivating_read::ability_cooldown,ability_cooldown,reduce_cooldown,-11,seconds,tier 1 purchased,high,"[""HSRC-0004"",""HSRC-0008""]",
paige_captivating_read,paige_captivating_read_t2,2,2,paige_captivating_read::immobilize_duration,immobilize_duration,add,1,seconds,tier 2 purchased,high,"[""HSRC-0004"",""HSRC-0008""]",
paige_captivating_read,paige_captivating_read_t3,3,5,paige_captivating_read::tech_armor_damage_reduction,tech_armor_damage_reduction,unlock,-18,percent,tier 3 purchased,high,"[""HSRC-0004"",""HSRC-0008""]",
paige_captivating_read,paige_captivating_read_t3,3,5,paige_captivating_read::debuff_duration,debuff_duration,unlock,6,seconds,tier 3 purchased,high,"[""HSRC-0004"",""HSRC-0008""]",
paige_captivating_read,paige_captivating_read_t3,3,5,paige_captivating_read::radius,radius,add,1,meters,tier 3 purchased,high,"[""HSRC-0004"",""HSRC-0008""]",
paige_rallying_charge,paige_rallying_charge_t1,1,1,paige_rallying_charge::heal_amount,heal_amount,add,150,health,tier 1 purchased,high,"[""HSRC-0004"",""HSRC-0008""]",
paige_rallying_charge,paige_rallying_charge_t2,2,2,paige_rallying_charge::knight_count,knight_count,add,4,count,tier 2 purchased,high,"[""HSRC-0004"",""HSRC-0008""]",
paige_rallying_charge,paige_rallying_charge_t2,2,2,paige_rallying_charge::knight_count_in_first_wave,knight_count_in_first_wave,add,4,count,tier 2 purchased,high,"[""HSRC-0004"",""HSRC-0008""]",
paige_rallying_charge,paige_rallying_charge_t2,2,2,paige_rallying_charge::ability_cooldown,ability_cooldown,reduce_cooldown,-45,seconds,tier 2 purchased,high,"[""HSRC-0004"",""HSRC-0008""]",
paige_rallying_charge,paige_rallying_charge_t3,3,5,paige_rallying_charge::damage,damage,add,160,damage,tier 3 purchased,high,"[""HSRC-0004"",""HSRC-0008""]",
paige_rallying_charge,paige_rallying_charge_t3,3,5,paige_rallying_charge::stun_duration,stun_duration,add,0.5,seconds,tier 3 purchased,high,"[""HSRC-0004"",""HSRC-0008""]",
paige_rallying_charge,paige_rallying_charge_t3,3,5,paige_rallying_charge::max_amp,max_amp,add,70,percent,tier 3 purchased,high,"[""HSRC-0004"",""HSRC-0008""]",
paradox_pulse_grenade,paradox_pulse_grenade_t1,1,1,paradox_pulse_grenade::ability_cooldown,ability_cooldown,reduce_cooldown,-12,seconds,tier 1 purchased,high,"[""HSRC-0004"",""HSRC-0008""]",
paradox_pulse_grenade,paradox_pulse_grenade_t2,2,2,paradox_pulse_grenade::pulse_damage,pulse_damage,add,20,damage,tier 2 purchased,high,"[""HSRC-0004"",""HSRC-0008""]",Structured scaling attribute=spirit; coefficient=0.5.
paradox_pulse_grenade,paradox_pulse_grenade_t2,2,2,paradox_pulse_grenade::pulse_damage,pulse_damage_spirit_scaling,modify_scaling,0.5,multiplier,tier 2 purchased,high,"[""HSRC-0004"",""HSRC-0008""]",Atomar vom Basiswert getrennte Skalierungsänderung; structured attribute=spirit.
paradox_pulse_grenade,paradox_pulse_grenade_t3,3,5,paradox_pulse_grenade::damage_amplification_per_stack,damage_amplification_per_stack,add,4,percent,tier 3 purchased,high,"[""HSRC-0004"",""HSRC-0008""]",
paradox_pulse_grenade,paradox_pulse_grenade_t3,3,5,paradox_pulse_grenade::ability_duration,ability_duration,add,1.6,seconds,tier 3 purchased,high,"[""HSRC-0004"",""HSRC-0008""]",
paradox_time_wall,paradox_time_wall_t1,1,1,paradox_time_wall::time_wall_width,time_wall_width,add,3,seconds,tier 1 purchased,high,"[""HSRC-0004"",""HSRC-0008""]",
paradox_time_wall,paradox_time_wall_t1,1,1,paradox_time_wall::time_wall_height,time_wall_height,add,1,seconds,tier 1 purchased,high,"[""HSRC-0004"",""HSRC-0008""]",
paradox_time_wall,paradox_time_wall_t1,1,1,paradox_time_wall::ability_duration,ability_duration,add,3.5,seconds,tier 1 purchased,high,"[""HSRC-0004"",""HSRC-0008""]",
paradox_time_wall,paradox_time_wall_t2,2,2,paradox_time_wall::friendly_bullet_damage_bonus,friendly_bullet_damage_bonus,add,35,damage,tier 2 purchased,high,"[""HSRC-0004"",""HSRC-0008""]",
paradox_time_wall,paradox_time_wall_t2,2,2,paradox_time_wall::debuff_duration,debuff_duration,unlock,2.3,seconds,tier 2 purchased,high,"[""HSRC-0004"",""HSRC-0008""]",
paradox_time_wall,paradox_time_wall_t3,3,5,paradox_time_wall::ability_charges,ability_charges,add_charge,3,charges,tier 3 purchased,high,"[""HSRC-0004"",""HSRC-0008""]",
paradox_time_wall,paradox_time_wall_t3,3,5,paradox_time_wall::ability_cooldown_between_charge,ability_cooldown_between_charge,unlock,2,seconds,tier 3 purchased,high,"[""HSRC-0004"",""HSRC-0008""]",
paradox_kinetic_carbine,paradox_kinetic_carbine_t1,1,1,paradox_kinetic_carbine::max_slow_duration,max_slow_duration,add,0.4,seconds,tier 1 purchased,high,"[""HSRC-0004"",""HSRC-0008""]",
paradox_kinetic_carbine,paradox_kinetic_carbine_t2,2,2,paradox_kinetic_carbine::ability_cooldown,ability_cooldown,reduce_cooldown,-12,seconds,tier 2 purchased,high,"[""HSRC-0004"",""HSRC-0008""]",
paradox_kinetic_carbine,paradox_kinetic_carbine_t2,2,2,paradox_kinetic_carbine::speed_change,speed_change,add,0,units_per_second,tier 2 purchased,high,"[""HSRC-0004"",""HSRC-0008""]",Structured scaling attribute=spirit; coefficient=0.06.
paradox_kinetic_carbine,paradox_kinetic_carbine_t2,2,2,paradox_kinetic_carbine::speed_change,speed_change_spirit_scaling,modify_scaling,0.06,multiplier,tier 2 purchased,high,"[""HSRC-0004"",""HSRC-0008""]",Atomar vom Basiswert getrennte Skalierungsänderung; structured attribute=spirit.
paradox_kinetic_carbine,paradox_kinetic_carbine_t3,3,5,paradox_kinetic_carbine::speed_boost_duration,speed_boost_duration,add,2,seconds,tier 3 purchased,high,"[""HSRC-0004"",""HSRC-0008""]",
paradox_kinetic_carbine,paradox_kinetic_carbine_t3,3,5,paradox_kinetic_carbine::min_bonus_bullet_damage,min_bonus_bullet_damage,add,0,damage,tier 3 purchased,high,"[""HSRC-0004"",""HSRC-0008""]",Structured scaling attribute=weapon_power; coefficient=55.
paradox_kinetic_carbine,paradox_kinetic_carbine_t3,3,5,paradox_kinetic_carbine::min_bonus_bullet_damage,min_bonus_bullet_damage_weapon_power_scaling,modify_scaling,55,multiplier,tier 3 purchased,high,"[""HSRC-0004"",""HSRC-0008""]",Atomar vom Basiswert getrennte Skalierungsänderung; structured attribute=weapon_power.
paradox_kinetic_carbine,paradox_kinetic_carbine_t3,3,5,paradox_kinetic_carbine::max_bonus_bullet_damage,max_bonus_bullet_damage,add,0,damage,tier 3 purchased,high,"[""HSRC-0004"",""HSRC-0008""]",Structured scaling attribute=weapon_power; coefficient=55.
paradox_kinetic_carbine,paradox_kinetic_carbine_t3,3,5,paradox_kinetic_carbine::max_bonus_bullet_damage,max_bonus_bullet_damage_weapon_power_scaling,modify_scaling,55,multiplier,tier 3 purchased,high,"[""HSRC-0004"",""HSRC-0008""]",Atomar vom Basiswert getrennte Skalierungsänderung; structured attribute=weapon_power.
paradox_paradoxical_swap,paradox_paradoxical_swap_t1,1,1,paradox_paradoxical_swap::combat_barrier,combat_barrier,add,200,health,tier 1 purchased,high,"[""HSRC-0004"",""HSRC-0008""]",Structured scaling attribute=spirit; coefficient=1.5.
paradox_paradoxical_swap,paradox_paradoxical_swap_t1,1,1,paradox_paradoxical_swap::combat_barrier,combat_barrier_spirit_scaling,modify_scaling,1.5,multiplier,tier 1 purchased,high,"[""HSRC-0004"",""HSRC-0008""]",Atomar vom Basiswert getrennte Skalierungsänderung; structured attribute=spirit.
paradox_paradoxical_swap,paradox_paradoxical_swap_t1,1,1,paradox_paradoxical_swap::barrier_duration,barrier_duration,unlock,8,seconds,tier 1 purchased,high,"[""HSRC-0004"",""HSRC-0008""]",
paradox_paradoxical_swap,paradox_paradoxical_swap_t2,2,2,paradox_paradoxical_swap::ability_cast_range,ability_cast_range,add,13,meters,tier 2 purchased,high,"[""HSRC-0004"",""HSRC-0008""]",
paradox_paradoxical_swap,paradox_paradoxical_swap_t2,2,2,paradox_paradoxical_swap::ability_cooldown,ability_cooldown,reduce_cooldown,-30,seconds,tier 2 purchased,high,"[""HSRC-0004"",""HSRC-0008""]",
paradox_paradoxical_swap,paradox_paradoxical_swap_t3,3,5,paradox_paradoxical_swap::multi_swap,multi_swap,unlock,7,multiplier,tier 3 purchased,high,"[""HSRC-0004"",""HSRC-0008""]",
paradox_paradoxical_swap,paradox_paradoxical_swap_t3,3,5,paradox_paradoxical_swap::max_health_damage,max_health_damage,unlock,10,health,tier 3 purchased,high,"[""HSRC-0004"",""HSRC-0008""]",
pocket_barrage,pocket_barrage_t1,1,1,pocket_barrage::damage_per_projectile,damage_per_projectile,add,16,damage,tier 1 purchased,high,"[""HSRC-0004"",""HSRC-0008""]",
pocket_barrage,pocket_barrage_t2,2,2,pocket_barrage::ability_cooldown,ability_cooldown,reduce_cooldown,-16,seconds,tier 2 purchased,high,"[""HSRC-0004"",""HSRC-0008""]",
pocket_barrage,pocket_barrage_t3,3,5,pocket_barrage::amp_percent_per_stack,amp_percent_per_stack,add,4,percent,tier 3 purchased,high,"[""HSRC-0004"",""HSRC-0008""]",
pocket_barrage,pocket_barrage_t3,3,5,pocket_barrage::radius,radius,add,3,meters,tier 3 purchased,high,"[""HSRC-0004"",""HSRC-0008""]",
pocket_flying_cloak,pocket_flying_cloak_t1,1,1,pocket_flying_cloak::damage,damage,add,70,damage,tier 1 purchased,high,"[""HSRC-0004"",""HSRC-0008""]",
pocket_flying_cloak,pocket_flying_cloak_t2,2,2,pocket_flying_cloak::weapon_damage_bonus,weapon_damage_bonus,unlock,5,damage,tier 2 purchased,high,"[""HSRC-0004"",""HSRC-0008""]",
pocket_flying_cloak,pocket_flying_cloak_t2,2,2,pocket_flying_cloak::weapon_damage_bonus_duration,weapon_damage_bonus_duration,unlock,6,seconds,tier 2 purchased,high,"[""HSRC-0004"",""HSRC-0008""]",
pocket_flying_cloak,pocket_flying_cloak_t3,3,5,pocket_flying_cloak::max_lifetime,max_lifetime,add,1.6,seconds,tier 3 purchased,high,"[""HSRC-0004"",""HSRC-0008""]",
pocket_flying_cloak,pocket_flying_cloak_t3,3,5,pocket_flying_cloak::ability_cooldown,ability_cooldown,reduce_cooldown,-10,seconds,tier 3 purchased,high,"[""HSRC-0004"",""HSRC-0008""]",
pocket_enchanter_s_satchel,pocket_enchanter_s_satchel_t1,1,1,pocket_enchanter_s_satchel::ability_cooldown,ability_cooldown,reduce_cooldown,-5,seconds,tier 1 purchased,high,"[""HSRC-0004"",""HSRC-0008""]",
pocket_enchanter_s_satchel,pocket_enchanter_s_satchel_t2,2,2,pocket_enchanter_s_satchel::damage,damage,add,90,damage,tier 2 purchased,high,"[""HSRC-0004"",""HSRC-0008""]",
pocket_enchanter_s_satchel,pocket_enchanter_s_satchel_t3,3,5,pocket_enchanter_s_satchel::fire_rate_slow,fire_rate_slow,unlock,40,percent,tier 3 purchased,high,"[""HSRC-0004"",""HSRC-0008""]",
pocket_enchanter_s_satchel,pocket_enchanter_s_satchel_t3,3,5,pocket_enchanter_s_satchel::move_slow_percent,move_slow_percent,unlock,40,percent,tier 3 purchased,high,"[""HSRC-0004"",""HSRC-0008""]",
pocket_enchanter_s_satchel,pocket_enchanter_s_satchel_t3,3,5,pocket_enchanter_s_satchel::debuff_duration,debuff_duration,unlock,4,seconds,tier 3 purchased,high,"[""HSRC-0004"",""HSRC-0008""]",
pocket_enchanter_s_satchel,pocket_enchanter_s_satchel_t3,3,5,pocket_enchanter_s_satchel::ability_channel_time,ability_channel_time,add,1.5,seconds,tier 3 purchased,high,"[""HSRC-0004"",""HSRC-0008""]",
pocket_enchanter_s_satchel,pocket_enchanter_s_satchel_t3,3,5,pocket_enchanter_s_satchel::radius,radius,add,4,meters,tier 3 purchased,high,"[""HSRC-0004"",""HSRC-0008""]",
pocket_affliction,pocket_affliction_t1,1,1,pocket_affliction::ability_cooldown,ability_cooldown,reduce_cooldown,-35,seconds,tier 1 purchased,high,"[""HSRC-0004"",""HSRC-0008""]",
pocket_affliction,pocket_affliction_t2,2,2,pocket_affliction::debuff_duration,debuff_duration,add,3,seconds,tier 2 purchased,high,"[""HSRC-0004"",""HSRC-0008""]",
pocket_affliction,pocket_affliction_t2,2,2,pocket_affliction::radius,radius,add,4,meters,tier 2 purchased,high,"[""HSRC-0004"",""HSRC-0008""]",
pocket_affliction,pocket_affliction_t3,3,5,pocket_affliction::dps,dps,add,13,damage_per_second,tier 3 purchased,high,"[""HSRC-0004"",""HSRC-0008""]",Structured scaling attribute=spirit; coefficient=0.1.
pocket_affliction,pocket_affliction_t3,3,5,pocket_affliction::dps,dps_spirit_scaling,modify_scaling,0.1,multiplier,tier 3 purchased,high,"[""HSRC-0004"",""HSRC-0008""]",Atomar vom Basiswert getrennte Skalierungsänderung; structured attribute=spirit.
pocket_affliction,pocket_affliction_t3,3,5,pocket_affliction::disable_healing,disable_healing,unlock,1,health,tier 3 purchased,high,"[""HSRC-0004"",""HSRC-0008""]",
rem_pillow_toss,rem_pillow_toss_t1,1,1,rem_pillow_toss::ability_cooldown,ability_cooldown,reduce_cooldown,-7,seconds,tier 1 purchased,high,"[""HSRC-0004"",""HSRC-0008""]",
rem_pillow_toss,rem_pillow_toss_t2,2,2,rem_pillow_toss::fire_rate_slow,fire_rate_slow,unlock,35,percent,tier 2 purchased,high,"[""HSRC-0004"",""HSRC-0008""]",
rem_pillow_toss,rem_pillow_toss_t2,2,2,rem_pillow_toss::radius,radius,add,2,meters,tier 2 purchased,high,"[""HSRC-0004"",""HSRC-0008""]",
rem_pillow_toss,rem_pillow_toss_t3,3,5,rem_pillow_toss::damage,damage,add,100,damage,tier 3 purchased,high,"[""HSRC-0004"",""HSRC-0008""]",
rem_pillow_toss,rem_pillow_toss_t3,3,5,rem_pillow_toss::ability_charges,ability_charges,add_charge,1,charges,tier 3 purchased,high,"[""HSRC-0004"",""HSRC-0008""]",
rem_tag_along,rem_tag_along_t1,1,1,rem_tag_along::ability_cooldown,ability_cooldown,reduce_cooldown,-8,seconds,tier 1 purchased,high,"[""HSRC-0004"",""HSRC-0008""]",
rem_tag_along,rem_tag_along_t2,2,2,rem_tag_along::bonus_barrier_amp_percent,bonus_barrier_amp_percent,unlock,35,percent,tier 2 purchased,high,"[""HSRC-0004"",""HSRC-0008""]",
rem_tag_along,rem_tag_along_t2,2,2,rem_tag_along::bonus_item_duration_percent,bonus_item_duration_percent,unlock,35,percent,tier 2 purchased,high,"[""HSRC-0004"",""HSRC-0008""]",
rem_tag_along,rem_tag_along_t2,2,2,rem_tag_along::bonus_item_range_percent,bonus_item_range_percent,unlock,35,percent,tier 2 purchased,high,"[""HSRC-0004"",""HSRC-0008""]",
rem_tag_along,rem_tag_along_t3,3,5,rem_tag_along::tech_power_percent,tech_power_percent,unlock,15,percent,tier 3 purchased,high,"[""HSRC-0004"",""HSRC-0008""]",
rem_tag_along,rem_tag_along_t3,3,5,rem_tag_along::bonus_spirit_power,bonus_spirit_power,unlock,35,flat,tier 3 purchased,high,"[""HSRC-0004"",""HSRC-0008""]",
rem_tag_along,rem_tag_along_t3,3,5,rem_tag_along::hop_off_effec_duration,hop_off_effec_duration,unlock,10,seconds,tier 3 purchased,high,"[""HSRC-0004"",""HSRC-0008""]",
rem_tag_along,rem_tag_along_t3,3,5,rem_tag_along::missing_health_burst_pct,missing_health_burst_pct,add,0,percent,tier 3 purchased,high,"[""HSRC-0004"",""HSRC-0008""]",Structured scaling attribute=spirit; coefficient=0.016.
rem_tag_along,rem_tag_along_t3,3,5,rem_tag_along::missing_health_burst_pct,missing_health_burst_pct_spirit_scaling,modify_scaling,0.016,multiplier,tier 3 purchased,high,"[""HSRC-0004"",""HSRC-0008""]",Atomar vom Basiswert getrennte Skalierungsänderung; structured attribute=spirit.
rem_tag_along,rem_tag_along_t3,3,5,rem_tag_along::healing_per_second,healing_per_second,add,0,health_per_second,tier 3 purchased,high,"[""HSRC-0004"",""HSRC-0008""]",Structured scaling attribute=spirit; coefficient=0.34.
rem_tag_along,rem_tag_along_t3,3,5,rem_tag_along::healing_per_second,healing_per_second_spirit_scaling,modify_scaling,0.34,multiplier,tier 3 purchased,high,"[""HSRC-0004"",""HSRC-0008""]",Atomar vom Basiswert getrennte Skalierungsänderung; structured attribute=spirit.
rem_lil_helpers,rem_lil_helpers_t1,1,1,rem_lil_helpers::helper_count,helper_count,add,1,count,tier 1 purchased,high,"[""HSRC-0004"",""HSRC-0008""]",
rem_lil_helpers,rem_lil_helpers_t1,1,1,rem_lil_helpers::bonus_move_speed,bonus_move_speed,add,1.5,units_per_second,tier 1 purchased,high,"[""HSRC-0004"",""HSRC-0008""]",
rem_lil_helpers,rem_lil_helpers_t2,2,2,rem_lil_helpers::helper_count,helper_count,add,1,count,tier 2 purchased,high,"[""HSRC-0004"",""HSRC-0008""]",
rem_lil_helpers,rem_lil_helpers_t2,2,2,rem_lil_helpers::infest_damage_taken_percent,infest_damage_taken_percent,add,15,percent,tier 2 purchased,high,"[""HSRC-0004"",""HSRC-0008""]",
rem_lil_helpers,rem_lil_helpers_t3,3,5,rem_lil_helpers::helper_count,helper_count,add,1,count,tier 3 purchased,high,"[""HSRC-0004"",""HSRC-0008""]",
rem_lil_helpers,rem_lil_helpers_t3,3,5,rem_lil_helpers::tech_armor_gain,tech_armor_gain,add,15,flat,tier 3 purchased,high,"[""HSRC-0004"",""HSRC-0008""]",
rem_naptime,rem_naptime_t1,1,1,rem_naptime::consume_stamina_on_wake,consume_stamina_on_wake,unlock,1,flat,tier 1 purchased,high,"[""HSRC-0004"",""HSRC-0008""]",
rem_naptime,rem_naptime_t1,1,1,rem_naptime::no_stamina_regen_during_sleep,no_stamina_regen_during_sleep,unlock,1,flat,tier 1 purchased,high,"[""HSRC-0004"",""HSRC-0008""]",
rem_naptime,rem_naptime_t2,2,2,rem_naptime::sleep_duration,sleep_duration,add,0.75,seconds,tier 2 purchased,high,"[""HSRC-0004"",""HSRC-0008""]",
rem_naptime,rem_naptime_t2,2,2,rem_naptime::radius,radius,add,3,meters,tier 2 purchased,high,"[""HSRC-0004"",""HSRC-0008""]",
rem_naptime,rem_naptime_t3,3,5,rem_naptime::damage_resist_pct_while_channeling,damage_resist_pct_while_channeling,add,50,percent,tier 3 purchased,high,"[""HSRC-0004"",""HSRC-0008""]",
rem_naptime,rem_naptime_t3,3,5,rem_naptime::unstoppable_while_channeling,unstoppable_while_channeling,unlock,1,flat,tier 3 purchased,high,"[""HSRC-0004"",""HSRC-0008""]",
rem_naptime,rem_naptime_t3,3,5,rem_naptime::ability_cooldown,ability_cooldown,reduce_cooldown,-55,seconds,tier 3 purchased,high,"[""HSRC-0004"",""HSRC-0008""]",
seven_lightning_ball,seven_lightning_ball_t1,1,1,seven_lightning_ball::ability_charges,ability_charges,add_charge,1,charges,tier 1 purchased,high,"[""HSRC-0004"",""HSRC-0008""]",
seven_lightning_ball,seven_lightning_ball_t2,2,2,seven_lightning_ball::slow_percent,slow_percent,unlock,35,percent,tier 2 purchased,high,"[""HSRC-0004"",""HSRC-0008""]",
seven_lightning_ball,seven_lightning_ball_t2,2,2,seven_lightning_ball::max_lifetime,max_lifetime,add,1,seconds,tier 2 purchased,high,"[""HSRC-0004"",""HSRC-0008""]",
seven_lightning_ball,seven_lightning_ball_t3,3,5,seven_lightning_ball::dps,dps,add,58.5,damage_per_second,tier 3 purchased,high,"[""HSRC-0004"",""HSRC-0008""]",
seven_lightning_ball,seven_lightning_ball_t3,3,5,seven_lightning_ball::shock_radius,shock_radius,add,1.75,meters,tier 3 purchased,high,"[""HSRC-0004"",""HSRC-0008""]",
seven_static_charge,seven_static_charge_t1,1,1,seven_static_charge::ability_cooldown,ability_cooldown,reduce_cooldown,-20,seconds,tier 1 purchased,high,"[""HSRC-0004"",""HSRC-0008""]",
seven_static_charge,seven_static_charge_t2,2,2,seven_static_charge::shock_radius,shock_radius,add,7,meters,tier 2 purchased,high,"[""HSRC-0004"",""HSRC-0008""]",
seven_static_charge,seven_static_charge_t2,2,2,seven_static_charge::ability_cast_range,ability_cast_range,add,5,meters,tier 2 purchased,high,"[""HSRC-0004"",""HSRC-0008""]",
seven_static_charge,seven_static_charge_t3,3,5,seven_static_charge::stun_duration,stun_duration,add,0.9,seconds,tier 3 purchased,high,"[""HSRC-0004"",""HSRC-0008""]",
seven_static_charge,seven_static_charge_t3,3,5,seven_static_charge::damage,damage,add,160,damage,tier 3 purchased,high,"[""HSRC-0004"",""HSRC-0008""]",
seven_power_surge,seven_power_surge_t1,1,1,seven_power_surge::ability_cooldown,ability_cooldown,reduce_cooldown,-18,seconds,tier 1 purchased,high,"[""HSRC-0004"",""HSRC-0008""]",
seven_power_surge,seven_power_surge_t2,2,2,seven_power_surge::bonus_move_speed,bonus_move_speed,unlock,3,units_per_second,tier 2 purchased,high,"[""HSRC-0004"",""HSRC-0008""]",
seven_power_surge,seven_power_surge_t2,2,2,seven_power_surge::bonus_per_chain,bonus_per_chain,add,8,flat,tier 2 purchased,high,"[""HSRC-0004"",""HSRC-0008""]",Structured scaling attribute=spirit; coefficient=0.23.
seven_power_surge,seven_power_surge_t2,2,2,seven_power_surge::bonus_per_chain,bonus_per_chain_spirit_scaling,modify_scaling,0.23,multiplier,tier 2 purchased,high,"[""HSRC-0004"",""HSRC-0008""]",Atomar vom Basiswert getrennte Skalierungsänderung; structured attribute=spirit.
seven_power_surge,seven_power_surge_t2,2,2,seven_power_surge::damage_per_chain,damage_per_chain,add,8,damage,tier 2 purchased,high,"[""HSRC-0004"",""HSRC-0008""]",Structured scaling attribute=spirit; coefficient=0.23.
seven_power_surge,seven_power_surge_t2,2,2,seven_power_surge::damage_per_chain,damage_per_chain_spirit_scaling,modify_scaling,0.23,multiplier,tier 2 purchased,high,"[""HSRC-0004"",""HSRC-0008""]",Atomar vom Basiswert getrennte Skalierungsänderung; structured attribute=spirit.
seven_power_surge,seven_power_surge_t3,3,5,seven_power_surge::tech_resist_debuff,tech_resist_debuff,unlock,-15,percent,tier 3 purchased,high,"[""HSRC-0004"",""HSRC-0008""]",
seven_power_surge,seven_power_surge_t3,3,5,seven_power_surge::debuff_duration,debuff_duration,unlock,10,seconds,tier 3 purchased,high,"[""HSRC-0004"",""HSRC-0008""]",
seven_power_surge,seven_power_surge_t3,3,5,seven_power_surge::ability_duration,ability_duration,add,10,seconds,tier 3 purchased,high,"[""HSRC-0004"",""HSRC-0008""]",
seven_storm_cloud,seven_storm_cloud_t1,1,1,seven_storm_cloud::bullet_resist_on_active,bullet_resist_on_active,unlock,55,percent,tier 1 purchased,high,"[""HSRC-0004"",""HSRC-0008""]",
seven_storm_cloud,seven_storm_cloud_t2,2,2,seven_storm_cloud::radius,radius,add,10,meters,tier 2 purchased,high,"[""HSRC-0004"",""HSRC-0008""]",
seven_storm_cloud,seven_storm_cloud_t2,2,2,seven_storm_cloud::initial_radius,initial_radius,add,5,meters,tier 2 purchased,high,"[""HSRC-0004"",""HSRC-0008""]",
seven_storm_cloud,seven_storm_cloud_t2,2,2,seven_storm_cloud::ability_channel_time,ability_channel_time,add,7,seconds,tier 2 purchased,high,"[""HSRC-0004"",""HSRC-0008""]",
seven_storm_cloud,seven_storm_cloud_t3,3,5,seven_storm_cloud::dps,dps,add,65,damage_per_second,tier 3 purchased,high,"[""HSRC-0004"",""HSRC-0008""]",
seven_storm_cloud,seven_storm_cloud_t3,3,5,seven_storm_cloud::flight_control_enabled,flight_control_enabled,add,4,flat,tier 3 purchased,high,"[""HSRC-0004"",""HSRC-0008""]",
shiv_serrated_knives,shiv_serrated_knives_t1,1,1,shiv_serrated_knives::bleed_duration,bleed_duration,add,2,seconds,tier 1 purchased,high,"[""HSRC-0004"",""HSRC-0008""]",
shiv_serrated_knives,shiv_serrated_knives_t2,2,2,shiv_serrated_knives::ability_charges,ability_charges,add_charge,2,charges,tier 2 purchased,high,"[""HSRC-0004"",""HSRC-0008""]",
shiv_serrated_knives,shiv_serrated_knives_t3,3,5,shiv_serrated_knives::bleed_dps_per_stack,bleed_dps_per_stack,add,12,flat,tier 3 purchased,high,"[""HSRC-0004"",""HSRC-0008""]",Structured scaling attribute=spirit; coefficient=0.07.
shiv_serrated_knives,shiv_serrated_knives_t3,3,5,shiv_serrated_knives::bleed_dps_per_stack,bleed_dps_per_stack_spirit_scaling,modify_scaling,0.07,multiplier,tier 3 purchased,high,"[""HSRC-0004"",""HSRC-0008""]",Atomar vom Basiswert getrennte Skalierungsänderung; structured attribute=spirit.
shiv_slice_and_dice,shiv_slice_and_dice_t1,1,1,shiv_slice_and_dice::ability_cooldown,ability_cooldown,reduce_cooldown,-6,seconds,tier 1 purchased,high,"[""HSRC-0004"",""HSRC-0008""]",
shiv_slice_and_dice,shiv_slice_and_dice_t2,2,2,shiv_slice_and_dice::tech_armor_damage_reduction,tech_armor_damage_reduction,subtract,-4,percent,tier 2 purchased,high,"[""HSRC-0004"",""HSRC-0008""]",
shiv_slice_and_dice,shiv_slice_and_dice_t2,2,2,shiv_slice_and_dice::dash_range,dash_range,add,2,meters,tier 2 purchased,high,"[""HSRC-0004"",""HSRC-0008""]",
shiv_slice_and_dice,shiv_slice_and_dice_t3,3,5,shiv_slice_and_dice::impact_damage,impact_damage,add,50,damage,tier 3 purchased,high,"[""HSRC-0004"",""HSRC-0008""]",
shiv_slice_and_dice,shiv_slice_and_dice_t3,3,5,shiv_slice_and_dice::cooldown_reduction_on_hit,cooldown_reduction_on_hit,unlock,2,percent,tier 3 purchased,high,"[""HSRC-0004"",""HSRC-0008""]",
shiv_slice_and_dice,shiv_slice_and_dice_t3,3,5,shiv_slice_and_dice::cooldown_reduction_on_hit_non_hero,cooldown_reduction_on_hit_non_hero,unlock,1,percent,tier 3 purchased,high,"[""HSRC-0004"",""HSRC-0008""]",
shiv_slice_and_dice,shiv_slice_and_dice_t3,3,5,shiv_slice_and_dice::max_cooldown_reductions_from_hits,max_cooldown_reductions_from_hits,unlock,8,percent,tier 3 purchased,high,"[""HSRC-0004"",""HSRC-0008""]",
shiv_bloodletting,shiv_bloodletting_t1,1,1,shiv_bloodletting::ability_cooldown,ability_cooldown,reduce_cooldown,-15,seconds,tier 1 purchased,high,"[""HSRC-0004"",""HSRC-0008""]",
shiv_bloodletting,shiv_bloodletting_t2,2,2,shiv_bloodletting::defer_clear_pct,defer_clear_pct,add,40,percent,tier 2 purchased,high,"[""HSRC-0004"",""HSRC-0008""]",
shiv_bloodletting,shiv_bloodletting_t3,3,5,shiv_bloodletting::damage_pct_deferred,damage_pct_deferred,add,15,percent,tier 3 purchased,high,"[""HSRC-0004"",""HSRC-0008""]",
shiv_killing_blow,shiv_killing_blow_t1,1,1,shiv_killing_blow::bonus_move_speed,bonus_move_speed,unlock,2,units_per_second,tier 1 purchased,high,"[""HSRC-0004"",""HSRC-0008""]",
shiv_killing_blow,shiv_killing_blow_t1,1,1,shiv_killing_blow::ability_cast_range,ability_cast_range,add,6,meters,tier 1 purchased,high,"[""HSRC-0004"",""HSRC-0008""]",
shiv_killing_blow,shiv_killing_blow_t2,2,2,shiv_killing_blow::buff_damage,buff_damage,add,16,damage,tier 2 purchased,high,"[""HSRC-0004"",""HSRC-0008""]",
shiv_killing_blow,shiv_killing_blow_t2,2,2,shiv_killing_blow::ability_cooldown,ability_cooldown,reduce_cooldown,-25,seconds,tier 2 purchased,high,"[""HSRC-0004"",""HSRC-0008""]",
shiv_killing_blow,shiv_killing_blow_t3,3,5,shiv_killing_blow::enemy_health_percent,enemy_health_percent,add,10,percent,tier 3 purchased,high,"[""HSRC-0004"",""HSRC-0008""]",
silver_slam_fire,silver_slam_fire_t1,1,1,silver_slam_fire::base_attack_damage_percent,base_attack_damage_percent,unlock,15,percent,tier 1 purchased,high,"[""HSRC-0004"",""HSRC-0008""]",
silver_slam_fire,silver_slam_fire_t2,2,2,silver_slam_fire::ability_cooldown,ability_cooldown,reduce_cooldown,-10,seconds,tier 2 purchased,high,"[""HSRC-0004"",""HSRC-0008""]",
silver_slam_fire,silver_slam_fire_t3,3,5,silver_slam_fire::stack_duration,stack_duration,unlock,3,seconds,tier 3 purchased,high,"[""HSRC-0004"",""HSRC-0008""]",
silver_slam_fire,silver_slam_fire_t3,3,5,silver_slam_fire::max_stacks,max_stacks,unlock,3,stacks,tier 3 purchased,high,"[""HSRC-0004"",""HSRC-0008""]",
silver_slam_fire,silver_slam_fire_t3,3,5,silver_slam_fire::bonus_current_health_damage_percentage,bonus_current_health_damage_percentage,unlock,7,percent,tier 3 purchased,high,"[""HSRC-0004"",""HSRC-0008""]",
silver_boot_kick,silver_boot_kick_t1,1,1,silver_boot_kick::ability_cooldown,ability_cooldown,reduce_cooldown,-6,seconds,tier 1 purchased,high,"[""HSRC-0004"",""HSRC-0008""]",
silver_boot_kick,silver_boot_kick_t2,2,2,silver_boot_kick::stamina_restore,stamina_restore,unlock,2,flat,tier 2 purchased,high,"[""HSRC-0004"",""HSRC-0008""]",
silver_boot_kick,silver_boot_kick_t3,3,5,silver_boot_kick::outgoing_damage_percent,outgoing_damage_percent,unlock,-35,percent,tier 3 purchased,high,"[""HSRC-0004"",""HSRC-0008""]",
silver_boot_kick,silver_boot_kick_t3,3,5,silver_boot_kick::debuff_duration,debuff_duration,unlock,5,seconds,tier 3 purchased,high,"[""HSRC-0004"",""HSRC-0008""]",
silver_boot_kick,silver_boot_kick_t3,3,5,silver_boot_kick::bonus_damage,bonus_damage,add,80,damage,tier 3 purchased,high,"[""HSRC-0004"",""HSRC-0008""]",
silver_entangling_bola,silver_entangling_bola_t1,1,1,silver_entangling_bola::slow_percent,slow_percent,add,25,percent,tier 1 purchased,high,"[""HSRC-0004"",""HSRC-0008""]",
silver_entangling_bola,silver_entangling_bola_t2,2,2,silver_entangling_bola::ability_cooldown,ability_cooldown,reduce_cooldown,-8,seconds,tier 2 purchased,high,"[""HSRC-0004"",""HSRC-0008""]",
silver_entangling_bola,silver_entangling_bola_t3,3,5,silver_entangling_bola::ricochet_count,ricochet_count,unlock,2,count,tier 3 purchased,high,"[""HSRC-0004"",""HSRC-0008""]",
silver_entangling_bola,silver_entangling_bola_t3,3,5,silver_entangling_bola::ricochet_range,ricochet_range,unlock,15,meters,tier 3 purchased,high,"[""HSRC-0004"",""HSRC-0008""]",
silver_entangling_bola,silver_entangling_bola_t3,3,5,silver_entangling_bola::debuff_duration,debuff_duration,add,0.75,seconds,tier 3 purchased,high,"[""HSRC-0004"",""HSRC-0008""]",
silver_lycan_curse,silver_lycan_curse_t1,1,1,silver_lycan_curse::bullet_resist,bullet_resist,unlock,15,percent,tier 1 purchased,high,"[""HSRC-0004"",""HSRC-0008""]",
silver_lycan_curse,silver_lycan_curse_t1,1,1,silver_lycan_curse::tech_resist,tech_resist,unlock,15,percent,tier 1 purchased,high,"[""HSRC-0004"",""HSRC-0008""]",
silver_lycan_curse,silver_lycan_curse_t2,2,2,silver_lycan_curse::bonus_move_speed,bonus_move_speed,add,4,units_per_second,tier 2 purchased,high,"[""HSRC-0004"",""HSRC-0008""]",
silver_lycan_curse,silver_lycan_curse_t2,2,2,silver_lycan_curse::bonus_health,bonus_health,add,200,health,tier 2 purchased,high,"[""HSRC-0004"",""HSRC-0008""]",
silver_lycan_curse,silver_lycan_curse_t3,3,5,silver_lycan_curse::kill_duration_bonus,kill_duration_bonus,unlock,15,seconds,tier 3 purchased,high,"[""HSRC-0004"",""HSRC-0008""]",
silver_lycan_curse,silver_lycan_curse_t3,3,5,silver_lycan_curse::kill_credit_window,kill_credit_window,unlock,1.5,seconds,tier 3 purchased,high,"[""HSRC-0004"",""HSRC-0008""]",
silver_go_for_the_throat,silver_go_for_the_throat_t1,1,1,silver_go_for_the_throat::damage,damage,add,30,damage,tier 1 purchased,high,"[""HSRC-0004"",""HSRC-0008""]",
silver_go_for_the_throat,silver_go_for_the_throat_t2,2,2,silver_go_for_the_throat::life_steal_percent_on_hit,life_steal_percent_on_hit,add,25,percent,tier 2 purchased,high,"[""HSRC-0004"",""HSRC-0008""]",
silver_go_for_the_throat,silver_go_for_the_throat_t3,3,5,silver_go_for_the_throat::missing_health_damage_percentage,missing_health_damage_percentage,add,4,percent,tier 3 purchased,high,"[""HSRC-0004"",""HSRC-0008""]",
silver_mauling_leap,silver_mauling_leap_t1,1,1,silver_mauling_leap::dps,dps,add,10,damage_per_second,tier 1 purchased,high,"[""HSRC-0004"",""HSRC-0008""]",
silver_mauling_leap,silver_mauling_leap_t2,2,2,silver_mauling_leap::ability_cooldown,ability_cooldown,reduce_cooldown,-9,seconds,tier 2 purchased,high,"[""HSRC-0004"",""HSRC-0008""]",
silver_mauling_leap,silver_mauling_leap_t3,3,5,silver_mauling_leap::bullet_armor_reduction,bullet_armor_reduction,subtract,-12,percent,tier 3 purchased,high,"[""HSRC-0004"",""HSRC-0008""]",
silver_tail_whack,silver_tail_whack_t1,1,1,silver_tail_whack::damage,damage,add,25,damage,tier 1 purchased,high,"[""HSRC-0004"",""HSRC-0008""]",
silver_tail_whack,silver_tail_whack_t2,2,2,silver_tail_whack::slow_percent,slow_percent,add,40,percent,tier 2 purchased,high,"[""HSRC-0004"",""HSRC-0008""]",
silver_tail_whack,silver_tail_whack_t3,3,5,silver_tail_whack::disarm_duration,disarm_duration,add,1.5,seconds,tier 3 purchased,high,"[""HSRC-0004"",""HSRC-0008""]",
silver_tail_whack,silver_tail_whack_t3,3,5,silver_tail_whack::slow_duration,slow_duration,add,1.5,seconds,tier 3 purchased,high,"[""HSRC-0004"",""HSRC-0008""]",
sinclair_vexing_bolt,sinclair_vexing_bolt_t1,1,1,sinclair_vexing_bolt::fire_rate_slow,fire_rate_slow,unlock,25,percent,tier 1 purchased,high,"[""HSRC-0004"",""HSRC-0008""]",
sinclair_vexing_bolt,sinclair_vexing_bolt_t1,1,1,sinclair_vexing_bolt::debuff_duration,debuff_duration,unlock,5,seconds,tier 1 purchased,high,"[""HSRC-0004"",""HSRC-0008""]",
sinclair_vexing_bolt,sinclair_vexing_bolt_t2,2,2,sinclair_vexing_bolt::ability_cooldown,ability_cooldown,reduce_cooldown,-13,seconds,tier 2 purchased,high,"[""HSRC-0004"",""HSRC-0008""]",
sinclair_vexing_bolt,sinclair_vexing_bolt_t3,3,5,sinclair_vexing_bolt::max_damage,max_damage,add,126,damage,tier 3 purchased,high,"[""HSRC-0004"",""HSRC-0008""]",
sinclair_vexing_bolt,sinclair_vexing_bolt_t3,3,5,sinclair_vexing_bolt::clone_damage_percentage,clone_damage_percentage,add,50,percent,tier 3 purchased,high,"[""HSRC-0004"",""HSRC-0008""]",
sinclair_spectral_assistant,sinclair_spectral_assistant_t1,1,1,sinclair_spectral_assistant::ability_cooldown,ability_cooldown,reduce_cooldown,-10,seconds,tier 1 purchased,high,"[""HSRC-0004"",""HSRC-0008""]",
sinclair_spectral_assistant,sinclair_spectral_assistant_t2,2,2,sinclair_spectral_assistant::ability_duration,ability_duration,add,7,seconds,tier 2 purchased,high,"[""HSRC-0004"",""HSRC-0008""]",
sinclair_spectral_assistant,sinclair_spectral_assistant_t2,2,2,sinclair_spectral_assistant::ability_cast_range,ability_cast_range,add,5,meters,tier 2 purchased,high,"[""HSRC-0004"",""HSRC-0008""]",
sinclair_spectral_assistant,sinclair_spectral_assistant_t2,2,2,sinclair_spectral_assistant::leash_radius,leash_radius,add,5,meters,tier 2 purchased,high,"[""HSRC-0004"",""HSRC-0008""]",
sinclair_spectral_assistant,sinclair_spectral_assistant_t3,3,5,sinclair_spectral_assistant::bonus_fire_rate,bonus_fire_rate,unlock,60,percent,tier 3 purchased,high,"[""HSRC-0004"",""HSRC-0008""]",
sinclair_spectral_assistant,sinclair_spectral_assistant_t3,3,5,sinclair_spectral_assistant::damage,damage,add,12.6,damage,tier 3 purchased,high,"[""HSRC-0004"",""HSRC-0008""]",
sinclair_rabbit_hex,sinclair_rabbit_hex_t1,1,1,sinclair_rabbit_hex::ability_cooldown,ability_cooldown,reduce_cooldown,-10,seconds,tier 1 purchased,high,"[""HSRC-0004"",""HSRC-0008""]",
sinclair_rabbit_hex,sinclair_rabbit_hex_t2,2,2,sinclair_rabbit_hex::hex_duration,hex_duration,add,1,seconds,tier 2 purchased,high,"[""HSRC-0004"",""HSRC-0008""]",
sinclair_rabbit_hex,sinclair_rabbit_hex_t3,3,5,sinclair_rabbit_hex::radius,radius,add,3,meters,tier 3 purchased,high,"[""HSRC-0004"",""HSRC-0008""]",
sinclair_rabbit_hex,sinclair_rabbit_hex_t3,3,5,sinclair_rabbit_hex::damage_amp_percentage,damage_amp_percentage,add,7,percent,tier 3 purchased,high,"[""HSRC-0004"",""HSRC-0008""]",
the_doorman_call_bell,the_doorman_call_bell_t1,1,1,the_doorman_call_bell::ability_charges,ability_charges,add_charge,1,charges,tier 1 purchased,high,"[""HSRC-0004"",""HSRC-0008""]",
the_doorman_call_bell,the_doorman_call_bell_t2,2,2,the_doorman_call_bell::impact_damage,impact_damage,add,30,damage,tier 2 purchased,high,"[""HSRC-0004"",""HSRC-0008""]",
the_doorman_call_bell,the_doorman_call_bell_t2,2,2,the_doorman_call_bell::explosion_damage,explosion_damage,add,40,damage,tier 2 purchased,high,"[""HSRC-0004"",""HSRC-0008""]",
the_doorman_call_bell,the_doorman_call_bell_t3,3,5,the_doorman_call_bell::projectile_fuse,projectile_fuse,add,26,seconds,tier 3 purchased,high,"[""HSRC-0004"",""HSRC-0008""]",
the_doorman_call_bell,the_doorman_call_bell_t3,3,5,the_doorman_call_bell::radius,radius,add,4.5,meters,tier 3 purchased,high,"[""HSRC-0004"",""HSRC-0008""]",
the_doorman_call_bell,the_doorman_call_bell_t3,3,5,the_doorman_call_bell::impact_damage,impact_damage,add,0,damage,tier 3 purchased,high,"[""HSRC-0004"",""HSRC-0008""]",Structured scaling attribute=spirit; coefficient=0.35.
the_doorman_call_bell,the_doorman_call_bell_t3,3,5,the_doorman_call_bell::impact_damage,impact_damage_spirit_scaling,modify_scaling,0.35,multiplier,tier 3 purchased,high,"[""HSRC-0004"",""HSRC-0008""]",Atomar vom Basiswert getrennte Skalierungsänderung; structured attribute=spirit.
the_doorman_call_bell,the_doorman_call_bell_t3,3,5,the_doorman_call_bell::explosion_damage,explosion_damage,add,0,damage,tier 3 purchased,high,"[""HSRC-0004"",""HSRC-0008""]",Structured scaling attribute=spirit; coefficient=0.35.
the_doorman_call_bell,the_doorman_call_bell_t3,3,5,the_doorman_call_bell::explosion_damage,explosion_damage_spirit_scaling,modify_scaling,0.35,multiplier,tier 3 purchased,high,"[""HSRC-0004"",""HSRC-0008""]",Atomar vom Basiswert getrennte Skalierungsänderung; structured attribute=spirit.
the_doorman_doorway,the_doorman_doorway_t1,1,1,the_doorman_doorway::ability_duration,ability_duration,add,20,seconds,tier 1 purchased,high,"[""HSRC-0004"",""HSRC-0008""]",
the_doorman_doorway,the_doorman_doorway_t2,2,2,the_doorman_doorway::combat_barrier,combat_barrier,add,250,health,tier 2 purchased,high,"[""HSRC-0004"",""HSRC-0008""]",Structured scaling attribute=spirit; coefficient=1.5.
the_doorman_doorway,the_doorman_doorway_t2,2,2,the_doorman_doorway::combat_barrier,combat_barrier_spirit_scaling,modify_scaling,1.5,multiplier,tier 2 purchased,high,"[""HSRC-0004"",""HSRC-0008""]",Atomar vom Basiswert getrennte Skalierungsänderung; structured attribute=spirit.
the_doorman_doorway,the_doorman_doorway_t2,2,2,the_doorman_doorway::barrier_duration,barrier_duration,unlock,12,seconds,tier 2 purchased,high,"[""HSRC-0004"",""HSRC-0008""]",
the_doorman_doorway,the_doorman_doorway_t3,3,5,the_doorman_doorway::doorway_distance,doorway_distance,add,40,meters,tier 3 purchased,high,"[""HSRC-0004"",""HSRC-0008""]",Structured scaling attribute=spirit; coefficient=0.15.
the_doorman_doorway,the_doorman_doorway_t3,3,5,the_doorman_doorway::doorway_distance,doorway_distance_spirit_scaling,modify_scaling,0.15,multiplier,tier 3 purchased,high,"[""HSRC-0004"",""HSRC-0008""]",Atomar vom Basiswert getrennte Skalierungsänderung; structured attribute=spirit.
the_doorman_doorway,the_doorman_doorway_t3,3,5,the_doorman_doorway::ability_cast_range,ability_cast_range,add,30,meters,tier 3 purchased,high,"[""HSRC-0004"",""HSRC-0008""]",
the_doorman_luggage_cart,the_doorman_luggage_cart_t1,1,1,the_doorman_luggage_cart::cart_damage,cart_damage,add,80,damage,tier 1 purchased,high,"[""HSRC-0004"",""HSRC-0008""]",
the_doorman_luggage_cart,the_doorman_luggage_cart_t2,2,2,the_doorman_luggage_cart::ability_cast_range,ability_cast_range,add,25,meters,tier 2 purchased,high,"[""HSRC-0004"",""HSRC-0008""]",
the_doorman_luggage_cart,the_doorman_luggage_cart_t2,2,2,the_doorman_luggage_cart::wall_impact_damage,wall_impact_damage,add,75,damage,tier 2 purchased,high,"[""HSRC-0004"",""HSRC-0008""]",Structured scaling attribute=spirit; coefficient=0.6.
the_doorman_luggage_cart,the_doorman_luggage_cart_t2,2,2,the_doorman_luggage_cart::wall_impact_damage,wall_impact_damage_spirit_scaling,modify_scaling,0.6,multiplier,tier 2 purchased,high,"[""HSRC-0004"",""HSRC-0008""]",Atomar vom Basiswert getrennte Skalierungsänderung; structured attribute=spirit.
the_doorman_luggage_cart,the_doorman_luggage_cart_t3,3,5,the_doorman_luggage_cart::stun_duration,stun_duration,unlock,1.25,seconds,tier 3 purchased,high,"[""HSRC-0004"",""HSRC-0008""]",
the_doorman_luggage_cart,the_doorman_luggage_cart_t3,3,5,the_doorman_luggage_cart::ability_cooldown,ability_cooldown,reduce_cooldown,-15,seconds,tier 3 purchased,high,"[""HSRC-0004"",""HSRC-0008""]",
the_doorman_hotel_guest,the_doorman_hotel_guest_t1,1,1,the_doorman_hotel_guest::ability_cooldown,ability_cooldown,reduce_cooldown,-20,seconds,tier 1 purchased,high,"[""HSRC-0004"",""HSRC-0008""]",
the_doorman_hotel_guest,the_doorman_hotel_guest_t1,1,1,the_doorman_hotel_guest::stamina_drain,stamina_drain,unlock,1,flat,tier 1 purchased,high,"[""HSRC-0004"",""HSRC-0008""]",
the_doorman_hotel_guest,the_doorman_hotel_guest_t2,2,2,the_doorman_hotel_guest::damage,damage,add,150,damage,tier 2 purchased,high,"[""HSRC-0004"",""HSRC-0008""]",
the_doorman_hotel_guest,the_doorman_hotel_guest_t2,2,2,the_doorman_hotel_guest::late_checkout_damage,late_checkout_damage,add,150,damage,tier 2 purchased,high,"[""HSRC-0004"",""HSRC-0008""]",
the_doorman_hotel_guest,the_doorman_hotel_guest_t2,2,2,the_doorman_hotel_guest::late_checkout_stun,late_checkout_stun,unlock,1.5,flat,tier 2 purchased,high,"[""HSRC-0004"",""HSRC-0008""]",
the_doorman_hotel_guest,the_doorman_hotel_guest_t3,3,5,the_doorman_hotel_guest::unstoppable_while_hotel_occupied,unstoppable_while_hotel_occupied,unlock,1,flat,tier 3 purchased,high,"[""HSRC-0004"",""HSRC-0008""]",
the_doorman_hotel_guest,the_doorman_hotel_guest_t3,3,5,the_doorman_hotel_guest::late_checkout_cooldown,late_checkout_cooldown,unlock,15,seconds,tier 3 purchased,high,"[""HSRC-0004"",""HSRC-0008""]",
venator_consecrating_grenade,venator_consecrating_grenade_t1,1,1,venator_consecrating_grenade::ability_cooldown,ability_cooldown,reduce_cooldown,-5,seconds,tier 1 purchased,high,"[""HSRC-0004"",""HSRC-0008""]",
venator_consecrating_grenade,venator_consecrating_grenade_t2,2,2,venator_consecrating_grenade::radius,radius,add,1.5,meters,tier 2 purchased,high,"[""HSRC-0004"",""HSRC-0008""]",
venator_consecrating_grenade,venator_consecrating_grenade_t2,2,2,venator_consecrating_grenade::burn_radius,burn_radius,add,1.5,meters,tier 2 purchased,high,"[""HSRC-0004"",""HSRC-0008""]",
venator_consecrating_grenade,venator_consecrating_grenade_t2,2,2,venator_consecrating_grenade::burn_duration,burn_duration,add,1,seconds,tier 2 purchased,high,"[""HSRC-0004"",""HSRC-0008""]",
venator_consecrating_grenade,venator_consecrating_grenade_t3,3,5,venator_consecrating_grenade::heal_amp_receive_penalty_percent,heal_amp_receive_penalty_percent,subtract,-20,percent,tier 3 purchased,high,"[""HSRC-0004"",""HSRC-0008""]",
venator_consecrating_grenade,venator_consecrating_grenade_t3,3,5,venator_consecrating_grenade::heal_amp_regen_penalty_percent,heal_amp_regen_penalty_percent,subtract,-20,percent,tier 3 purchased,high,"[""HSRC-0004"",""HSRC-0008""]",
venator_consecrating_grenade,venator_consecrating_grenade_t3,3,5,venator_consecrating_grenade::ability_charges,ability_charges,add_charge,1,charges,tier 3 purchased,high,"[""HSRC-0004"",""HSRC-0008""]",
venator_consecrating_grenade,venator_consecrating_grenade_t3,3,5,venator_consecrating_grenade::ability_cooldown_between_charge,ability_cooldown_between_charge,unlock,3,seconds,tier 3 purchased,high,"[""HSRC-0004"",""HSRC-0008""]",
venator_gutshot,venator_gutshot_t1,1,1,venator_gutshot::damage,damage,add,25,damage,tier 1 purchased,high,"[""HSRC-0004"",""HSRC-0008""]",
venator_gutshot,venator_gutshot_t2,2,2,venator_gutshot::ability_cooldown,ability_cooldown,reduce_cooldown,-10,seconds,tier 2 purchased,high,"[""HSRC-0004"",""HSRC-0008""]",
venator_gutshot,venator_gutshot_t2,2,2,venator_gutshot::stun_duration,stun_duration,add,0.4,seconds,tier 2 purchased,high,"[""HSRC-0004"",""HSRC-0008""]",
venator_gutshot,venator_gutshot_t3,3,5,venator_gutshot::buff_duration,buff_duration,unlock,5,seconds,tier 3 purchased,high,"[""HSRC-0004"",""HSRC-0008""]",
venator_hex_lined_snap_trap,venator_hex_lined_snap_trap_t1,1,1,venator_hex_lined_snap_trap::ability_cooldown,ability_cooldown,reduce_cooldown,-11,seconds,tier 1 purchased,high,"[""HSRC-0004"",""HSRC-0008""]",
venator_hex_lined_snap_trap,venator_hex_lined_snap_trap_t2,2,2,venator_hex_lined_snap_trap::immobilize_duration,immobilize_duration,add,1,seconds,tier 2 purchased,high,"[""HSRC-0004"",""HSRC-0008""]",
venator_hex_lined_snap_trap,venator_hex_lined_snap_trap_t3,3,5,venator_hex_lined_snap_trap::incoming_damage_percent_from_caster,incoming_damage_percent_from_caster,unlock,30,percent,tier 3 purchased,high,"[""HSRC-0004"",""HSRC-0008""]",
venator_hex_lined_snap_trap,venator_hex_lined_snap_trap_t3,3,5,venator_hex_lined_snap_trap::ability_charges,ability_charges,add_charge,1,charges,tier 3 purchased,high,"[""HSRC-0004"",""HSRC-0008""]",
venator_ira_domini,venator_ira_domini_t1,1,1,venator_ira_domini::bonus_move_speed,bonus_move_speed,unlock,1.2,units_per_second,tier 1 purchased,high,"[""HSRC-0004"",""HSRC-0008""]",
venator_ira_domini,venator_ira_domini_t2,2,2,venator_ira_domini::bonus_damage,bonus_damage,add,65,damage,tier 2 purchased,high,"[""HSRC-0004"",""HSRC-0008""]",
venator_ira_domini,venator_ira_domini_t2,2,2,venator_ira_domini::ability_cooldown,ability_cooldown,reduce_cooldown,-15,seconds,tier 2 purchased,high,"[""HSRC-0004"",""HSRC-0008""]",
venator_ira_domini,venator_ira_domini_t3,3,5,venator_ira_domini::all_stakes_blessed,all_stakes_blessed,unlock,1,flat,tier 3 purchased,high,"[""HSRC-0004"",""HSRC-0008""]",
victor_pain_battery,victor_pain_battery_t1,1,1,victor_pain_battery::slow_percent,slow_percent,unlock,40,percent,tier 1 purchased,high,"[""HSRC-0004"",""HSRC-0008""]",
victor_pain_battery,victor_pain_battery_t1,1,1,victor_pain_battery::slow_duration,slow_duration,unlock,2s,identifier,tier 1 purchased,high,"[""HSRC-0004"",""HSRC-0008""]",
victor_pain_battery,victor_pain_battery_t2,2,2,victor_pain_battery::damage,damage,add,50,damage,tier 2 purchased,high,"[""HSRC-0004"",""HSRC-0008""]",
victor_pain_battery,victor_pain_battery_t3,3,5,victor_pain_battery::missing_health_percent_heal,missing_health_percent_heal,add,15,percent,tier 3 purchased,high,"[""HSRC-0004"",""HSRC-0008""]",
victor_pain_battery,victor_pain_battery_t3,3,5,victor_pain_battery::damage,damage,add,0,damage,tier 3 purchased,high,"[""HSRC-0004"",""HSRC-0008""]",Structured scaling attribute=spirit; coefficient=0.6.
victor_pain_battery,victor_pain_battery_t3,3,5,victor_pain_battery::damage,damage_spirit_scaling,modify_scaling,0.6,multiplier,tier 3 purchased,high,"[""HSRC-0004"",""HSRC-0008""]",Atomar vom Basiswert getrennte Skalierungsänderung; structured attribute=spirit.
victor_jumpstart,victor_jumpstart_t1,1,1,victor_jumpstart::bonus_move_speed,bonus_move_speed,add,3,units_per_second,tier 1 purchased,high,"[""HSRC-0004"",""HSRC-0008""]",
victor_jumpstart,victor_jumpstart_t2,2,2,victor_jumpstart::total_health_regen,total_health_regen,add,70,health,tier 2 purchased,high,"[""HSRC-0004"",""HSRC-0008""]",
victor_jumpstart,victor_jumpstart_t2,2,2,victor_jumpstart::ability_cooldown,ability_cooldown,reduce_cooldown,-8,seconds,tier 2 purchased,high,"[""HSRC-0004"",""HSRC-0008""]",
victor_jumpstart,victor_jumpstart_t3,3,5,victor_jumpstart::ability_charges,ability_charges,add_charge,1,charges,tier 3 purchased,high,"[""HSRC-0004"",""HSRC-0008""]",
victor_jumpstart,victor_jumpstart_t3,3,5,victor_jumpstart::total_health_regen,total_health_regen,add,0,health,tier 3 purchased,high,"[""HSRC-0004"",""HSRC-0008""]",Structured scaling attribute=spirit; coefficient=0.9.
victor_jumpstart,victor_jumpstart_t3,3,5,victor_jumpstart::total_health_regen,total_health_regen_spirit_scaling,modify_scaling,0.9,multiplier,tier 3 purchased,high,"[""HSRC-0004"",""HSRC-0008""]",Atomar vom Basiswert getrennte Skalierungsänderung; structured attribute=spirit.
victor_jumpstart,victor_jumpstart_t3,3,5,victor_jumpstart::status_resistance_percent,status_resistance_percent,unlock,50,percent,tier 3 purchased,high,"[""HSRC-0004"",""HSRC-0008""]",
victor_aura_of_suffering,victor_aura_of_suffering_t1,1,1,victor_aura_of_suffering::slow_percent,slow_percent,unlock,25,percent,tier 1 purchased,high,"[""HSRC-0004"",""HSRC-0008""]",
victor_aura_of_suffering,victor_aura_of_suffering_t1,1,1,victor_aura_of_suffering::enemy_dash_slow_percent,enemy_dash_slow_percent,unlock,-25,percent,tier 1 purchased,high,"[""HSRC-0004"",""HSRC-0008""]",
victor_aura_of_suffering,victor_aura_of_suffering_t1,1,1,victor_aura_of_suffering::debuff_duration,debuff_duration,add,0.5,seconds,tier 1 purchased,high,"[""HSRC-0004"",""HSRC-0008""]",
victor_aura_of_suffering,victor_aura_of_suffering_t2,2,2,victor_aura_of_suffering::min_dps_2,min_dps,unlock,6,damage_per_second,tier 2 purchased,high,"[""HSRC-0004"",""HSRC-0008""]",
victor_aura_of_suffering,victor_aura_of_suffering_t2,2,2,victor_aura_of_suffering::max_dps,max_dps,add,34,damage_per_second,tier 2 purchased,high,"[""HSRC-0004"",""HSRC-0008""]",
victor_aura_of_suffering,victor_aura_of_suffering_t3,3,5,victor_aura_of_suffering::incoming_damage_percent,incoming_damage_percent,unlock,15,percent,tier 3 purchased,high,"[""HSRC-0004"",""HSRC-0008""]",
victor_aura_of_suffering,victor_aura_of_suffering_t3,3,5,victor_aura_of_suffering::radius,radius,add,1,meters,tier 3 purchased,high,"[""HSRC-0004"",""HSRC-0008""]",
victor_shocking_reanimation,victor_shocking_reanimation_t1,1,1,victor_shocking_reanimation::bonus_damage_per_bullet,bonus_damage_per_bullet,add,6,damage,tier 1 purchased,high,"[""HSRC-0004"",""HSRC-0008""]",Structured scaling attribute=spirit; coefficient=0.06.
victor_shocking_reanimation,victor_shocking_reanimation_t1,1,1,victor_shocking_reanimation::bonus_damage_per_bullet,bonus_damage_per_bullet_spirit_scaling,modify_scaling,0.06,multiplier,tier 1 purchased,high,"[""HSRC-0004"",""HSRC-0008""]",Atomar vom Basiswert getrennte Skalierungsänderung; structured attribute=spirit.
victor_shocking_reanimation,victor_shocking_reanimation_t1,1,1,victor_shocking_reanimation::bonus_fire_rate,bonus_fire_rate,unlock,15,percent,tier 1 purchased,high,"[""HSRC-0004"",""HSRC-0008""]",
victor_shocking_reanimation,victor_shocking_reanimation_t2,2,2,victor_shocking_reanimation::respawn_health_percent,respawn_health_percent,add,50,percent,tier 2 purchased,high,"[""HSRC-0004"",""HSRC-0008""]",
victor_shocking_reanimation,victor_shocking_reanimation_t3,3,5,victor_shocking_reanimation::damage,damage,add,175,damage,tier 3 purchased,high,"[""HSRC-0004"",""HSRC-0008""]",
victor_shocking_reanimation,victor_shocking_reanimation_t3,3,5,victor_shocking_reanimation::stun_duration,stun_duration,add,1.5,seconds,tier 3 purchased,high,"[""HSRC-0004"",""HSRC-0008""]",
victor_shocking_reanimation,victor_shocking_reanimation_t3,3,5,victor_shocking_reanimation::ability_cooldown,ability_cooldown,reduce_cooldown,-95,seconds,tier 3 purchased,high,"[""HSRC-0004"",""HSRC-0008""]",
vindicta_stake,vindicta_stake_t1,1,1,vindicta_stake::damage,damage,add,45,damage,tier 1 purchased,high,"[""HSRC-0004"",""HSRC-0008""]",
vindicta_stake,vindicta_stake_t2,2,2,vindicta_stake::ability_cooldown,ability_cooldown,reduce_cooldown,-22,seconds,tier 2 purchased,high,"[""HSRC-0004"",""HSRC-0008""]",
vindicta_stake,vindicta_stake_t3,3,5,vindicta_stake::chain_duration,chain_duration,add,0.75,seconds,tier 3 purchased,high,"[""HSRC-0004"",""HSRC-0008""]",
vindicta_stake,vindicta_stake_t3,3,5,vindicta_stake::capture_radius,capture_radius,add,2,meters,tier 3 purchased,high,"[""HSRC-0004"",""HSRC-0008""]",
vindicta_flight,vindicta_flight_t1,1,1,vindicta_flight::bonus_clip_size_percent,bonus_clip_size_percent,unlock,50,percent,tier 1 purchased,high,"[""HSRC-0004"",""HSRC-0008""]",
vindicta_flight,vindicta_flight_t2,2,2,vindicta_flight::ability_duration,ability_duration,add,10,seconds,tier 2 purchased,high,"[""HSRC-0004"",""HSRC-0008""]",
vindicta_flight,vindicta_flight_t3,3,5,vindicta_flight::magic_damage_per_bullet,magic_damage_per_bullet,add,10,damage,tier 3 purchased,high,"[""HSRC-0004"",""HSRC-0008""]",Structured scaling attribute=spirit; coefficient=0.1.
vindicta_flight,vindicta_flight_t3,3,5,vindicta_flight::magic_damage_per_bullet,magic_damage_per_bullet_spirit_scaling,modify_scaling,0.1,multiplier,tier 3 purchased,high,"[""HSRC-0004"",""HSRC-0008""]",Atomar vom Basiswert getrennte Skalierungsänderung; structured attribute=spirit.
vindicta_flight,vindicta_flight_t3,3,5,vindicta_flight::refresh_on_kill,refresh_on_kill,unlock,1,flat,tier 3 purchased,high,"[""HSRC-0004"",""HSRC-0008""]",
vindicta_crow_familiar,vindicta_crow_familiar_t1,1,1,vindicta_crow_familiar::heal_amp_receive_penalty_percent,heal_amp_receive_penalty_percent,unlock,-35,percent,tier 1 purchased,high,"[""HSRC-0004"",""HSRC-0008""]",
vindicta_crow_familiar,vindicta_crow_familiar_t1,1,1,vindicta_crow_familiar::heal_amp_regen_penalty_percent,heal_amp_regen_penalty_percent,unlock,-35,percent,tier 1 purchased,high,"[""HSRC-0004"",""HSRC-0008""]",
vindicta_crow_familiar,vindicta_crow_familiar_t2,2,2,vindicta_crow_familiar::ability_cooldown,ability_cooldown,reduce_cooldown,-16,seconds,tier 2 purchased,high,"[""HSRC-0004"",""HSRC-0008""]",
vindicta_crow_familiar,vindicta_crow_familiar_t2,2,2,vindicta_crow_familiar::dot_health_percent,dot_health_percent,add,0.5,percent,tier 2 purchased,high,"[""HSRC-0004"",""HSRC-0008""]",
vindicta_crow_familiar,vindicta_crow_familiar_t3,3,5,vindicta_crow_familiar::bullet_resist_reduction,bullet_resist_reduction,subtract,-8,percent,tier 3 purchased,high,"[""HSRC-0004"",""HSRC-0008""]",
vindicta_crow_familiar,vindicta_crow_familiar_t3,3,5,vindicta_crow_familiar::tech_armor_damage_reduction,tech_armor_damage_reduction,subtract,-8,percent,tier 3 purchased,high,"[""HSRC-0004"",""HSRC-0008""]",
vindicta_crow_familiar,vindicta_crow_familiar_t3,3,5,vindicta_crow_familiar::debuff_duration,debuff_duration,add,2,seconds,tier 3 purchased,high,"[""HSRC-0004"",""HSRC-0008""]",
vindicta_assassinate,vindicta_assassinate_t1,1,1,vindicta_assassinate::ability_cooldown,ability_cooldown,reduce_cooldown,-15,seconds,tier 1 purchased,high,"[""HSRC-0004"",""HSRC-0008""]",
vindicta_assassinate,vindicta_assassinate_t2,2,2,vindicta_assassinate::low_health_enemy_damage_bonus,low_health_enemy_damage_bonus,add,80,health,tier 2 purchased,high,"[""HSRC-0004"",""HSRC-0008""]",
vindicta_assassinate,vindicta_assassinate_t3,3,5,vindicta_assassinate::weapon_damage_bonus_per_kill,weapon_damage_bonus_per_kill,add,4,damage,tier 3 purchased,high,"[""HSRC-0004"",""HSRC-0008""]",
viscous_splatter,viscous_splatter_t1,1,1,viscous_splatter::damage,damage,add,36,damage,tier 1 purchased,high,"[""HSRC-0004"",""HSRC-0008""]",
viscous_splatter,viscous_splatter_t1,1,1,viscous_splatter::radius,radius,add,2,meters,tier 1 purchased,high,"[""HSRC-0004"",""HSRC-0008""]",
viscous_splatter,viscous_splatter_t2,2,2,viscous_splatter::ability_cooldown,ability_cooldown,reduce_cooldown,-14,seconds,tier 2 purchased,high,"[""HSRC-0004"",""HSRC-0008""]",
viscous_splatter,viscous_splatter_t3,3,5,viscous_splatter::max_bounces,max_bounces,add,1,count,tier 3 purchased,high,"[""HSRC-0004"",""HSRC-0008""]",
viscous_splatter,viscous_splatter_t3,3,5,viscous_splatter::damage,damage,add,0,damage,tier 3 purchased,high,"[""HSRC-0004"",""HSRC-0008""]",Structured scaling attribute=spirit; coefficient=0.9.
viscous_splatter,viscous_splatter_t3,3,5,viscous_splatter::damage,damage_spirit_scaling,modify_scaling,0.9,multiplier,tier 3 purchased,high,"[""HSRC-0004"",""HSRC-0008""]",Atomar vom Basiswert getrennte Skalierungsänderung; structured attribute=spirit.
viscous_the_cube,viscous_the_cube_t1,1,1,viscous_the_cube::bonus_move_speed,bonus_move_speed,unlock,2.5,units_per_second,tier 1 purchased,high,"[""HSRC-0004"",""HSRC-0008""]",
viscous_the_cube,viscous_the_cube_t1,1,1,viscous_the_cube::stamina_cooldown_reduction,stamina_cooldown_reduction,unlock,30,percent,tier 1 purchased,high,"[""HSRC-0004"",""HSRC-0008""]",
viscous_the_cube,viscous_the_cube_t1,1,1,viscous_the_cube::post_cube_buff,post_cube_buff,unlock,1,flat,tier 1 purchased,high,"[""HSRC-0004"",""HSRC-0008""]",
viscous_the_cube,viscous_the_cube_t2,2,2,viscous_the_cube::bonus_health_regen,bonus_health_regen,add,25,health,tier 2 purchased,high,"[""HSRC-0004"",""HSRC-0008""]",
viscous_the_cube,viscous_the_cube_t2,2,2,viscous_the_cube::ability_duration,ability_duration,add,1,seconds,tier 2 purchased,high,"[""HSRC-0004"",""HSRC-0008""]",
viscous_the_cube,viscous_the_cube_t3,3,5,viscous_the_cube::ability_cooldown,ability_cooldown,reduce_cooldown,-20,seconds,tier 3 purchased,high,"[""HSRC-0004"",""HSRC-0008""]",
viscous_the_cube,viscous_the_cube_t3,3,5,viscous_the_cube::purge_debuffs,purge_debuffs,unlock,1,flat,tier 3 purchased,high,"[""HSRC-0004"",""HSRC-0008""]",
viscous_puddle_punch,viscous_puddle_punch_t1,1,1,viscous_puddle_punch::ability_charges,ability_charges,add_charge,1,charges,tier 1 purchased,high,"[""HSRC-0004"",""HSRC-0008""]",
viscous_puddle_punch,viscous_puddle_punch_t1,1,1,viscous_puddle_punch::damage,damage,add,20,damage,tier 1 purchased,high,"[""HSRC-0004"",""HSRC-0008""]",
viscous_puddle_punch,viscous_puddle_punch_t2,2,2,viscous_puddle_punch::radius,radius,add,1.5,meters,tier 2 purchased,high,"[""HSRC-0004"",""HSRC-0008""]",
viscous_puddle_punch,viscous_puddle_punch_t2,2,2,viscous_puddle_punch::life_steal_percent_on_hit,life_steal_percent_on_hit,unlock,60,percent,tier 2 purchased,high,"[""HSRC-0004"",""HSRC-0008""]",
viscous_puddle_punch,viscous_puddle_punch_t3,3,5,viscous_puddle_punch::ability_cooldown,ability_cooldown,reduce_cooldown,-14,seconds,tier 3 purchased,high,"[""HSRC-0004"",""HSRC-0008""]",
viscous_puddle_punch,viscous_puddle_punch_t3,3,5,viscous_puddle_punch::use_heavy_melee,use_heavy_melee,unlock,1,flat,tier 3 purchased,high,"[""HSRC-0004"",""HSRC-0008""]",
viscous_puddle_punch,viscous_puddle_punch_t3,3,5,viscous_puddle_punch::damage_heavy_melee,damage_heavy_melee,add,40,damage,tier 3 purchased,high,"[""HSRC-0004"",""HSRC-0008""]",Structured scaling attribute=heavy_melee; coefficient=0.6.
viscous_puddle_punch,viscous_puddle_punch_t3,3,5,viscous_puddle_punch::damage_heavy_melee,damage_heavy_melee_heavy_melee_scaling,modify_scaling,0.6,multiplier,tier 3 purchased,high,"[""HSRC-0004"",""HSRC-0008""]",Atomar vom Basiswert getrennte Skalierungsänderung; structured attribute=heavy_melee.
viscous_puddle_punch,viscous_puddle_punch_t3,3,5,viscous_puddle_punch::damage,damage,subtract,-40,damage,tier 3 purchased,high,"[""HSRC-0004"",""HSRC-0008""]",Structured scaling attribute=melee; coefficient=0.
viscous_puddle_punch,viscous_puddle_punch_t3,3,5,viscous_puddle_punch::damage,damage_melee_scaling,modify_scaling,0,multiplier,tier 3 purchased,high,"[""HSRC-0004"",""HSRC-0008""]",Atomar vom Basiswert getrennte Skalierungsänderung; structured attribute=melee.
viscous_goo_ball,viscous_goo_ball_t1,1,1,viscous_goo_ball::ability_cooldown,ability_cooldown,reduce_cooldown,-25,seconds,tier 1 purchased,high,"[""HSRC-0004"",""HSRC-0008""]",
viscous_goo_ball,viscous_goo_ball_t2,2,2,viscous_goo_ball::damage,damage,add,70,damage,tier 2 purchased,high,"[""HSRC-0004"",""HSRC-0008""]",
viscous_goo_ball,viscous_goo_ball_t2,2,2,viscous_goo_ball::bullet_resist,bullet_resist,add,20,percent,tier 2 purchased,high,"[""HSRC-0004"",""HSRC-0008""]",
viscous_goo_ball,viscous_goo_ball_t2,2,2,viscous_goo_ball::tech_resist,tech_resist,add,20,percent,tier 2 purchased,high,"[""HSRC-0004"",""HSRC-0008""]",
viscous_goo_ball,viscous_goo_ball_t3,3,5,viscous_goo_ball::ability_duration,ability_duration,add,7,seconds,tier 3 purchased,high,"[""HSRC-0004"",""HSRC-0008""]",
viscous_goo_ball,viscous_goo_ball_t3,3,5,viscous_goo_ball::stun_duration,stun_duration,add,0.3,seconds,tier 3 purchased,high,"[""HSRC-0004"",""HSRC-0008""]",
vyper_screwjab_dagger,vyper_screwjab_dagger_t1,1,1,vyper_screwjab_dagger::ability_charges,ability_charges,add_charge,1,charges,tier 1 purchased,high,"[""HSRC-0004"",""HSRC-0008""]",
vyper_screwjab_dagger,vyper_screwjab_dagger_t2,2,2,vyper_screwjab_dagger::bullet_resist_reduction,bullet_resist_reduction,unlock,-8,percent,tier 2 purchased,high,"[""HSRC-0004"",""HSRC-0008""]",
vyper_screwjab_dagger,vyper_screwjab_dagger_t2,2,2,vyper_screwjab_dagger::bullet_resist_reduction_per_stack,bullet_resist_reduction_per_stack,unlock,-6,percent,tier 2 purchased,high,"[""HSRC-0004"",""HSRC-0008""]",
vyper_screwjab_dagger,vyper_screwjab_dagger_t3,3,5,vyper_screwjab_dagger::cooldown_refund_percent,cooldown_refund_percent,unlock,55,percent,tier 3 purchased,high,"[""HSRC-0004"",""HSRC-0008""]",
vyper_screwjab_dagger,vyper_screwjab_dagger_t3,3,5,vyper_screwjab_dagger::max_stacks,max_stacks,add,2,stacks,tier 3 purchased,high,"[""HSRC-0004"",""HSRC-0008""]",
vyper_screwjab_dagger,vyper_screwjab_dagger_t3,3,5,vyper_screwjab_dagger::ability_cooldown_between_charge,ability_cooldown_between_charge,reduce_cooldown,-2,seconds,tier 3 purchased,high,"[""HSRC-0004"",""HSRC-0008""]",
vyper_lethal_venom,vyper_lethal_venom_t1,1,1,vyper_lethal_venom::venom_max_damage,venom_max_damage,add,31.5,damage,tier 1 purchased,high,"[""HSRC-0004"",""HSRC-0008""]",
vyper_lethal_venom,vyper_lethal_venom_t2,2,2,vyper_lethal_venom::heal_amp_regen_penalty_percent,heal_amp_regen_penalty_percent,unlock,-40,percent,tier 2 purchased,high,"[""HSRC-0004"",""HSRC-0008""]",
vyper_lethal_venom,vyper_lethal_venom_t2,2,2,vyper_lethal_venom::heal_amp_receive_penalty_percent,heal_amp_receive_penalty_percent,unlock,-40,percent,tier 2 purchased,high,"[""HSRC-0004"",""HSRC-0008""]",
vyper_lethal_venom,vyper_lethal_venom_t2,2,2,vyper_lethal_venom::ability_cooldown,ability_cooldown,reduce_cooldown,-12,seconds,tier 2 purchased,high,"[""HSRC-0004"",""HSRC-0008""]",
vyper_lethal_venom,vyper_lethal_venom_t3,3,5,vyper_lethal_venom::build_up_per_shot,build_up_per_shot,unlock,4.5,flat,tier 3 purchased,high,"[""HSRC-0004"",""HSRC-0008""]",
vyper_slither,vyper_slither_t1,1,1,vyper_slither::slide_scale,slide_scale,add,20,multiplier,tier 1 purchased,high,"[""HSRC-0004"",""HSRC-0008""]",
vyper_slither,vyper_slither_t2,2,2,vyper_slither::stamina,stamina,unlock,2,count,tier 2 purchased,high,"[""HSRC-0004"",""HSRC-0008""]",
vyper_slither,vyper_slither_t3,3,5,vyper_slither::buff_duration,buff_duration,unlock,5,seconds,tier 3 purchased,high,"[""HSRC-0004"",""HSRC-0008""]",
vyper_slither,vyper_slither_t3,3,5,vyper_slither::combat_barrier,combat_barrier,add,180,health,tier 3 purchased,high,"[""HSRC-0004"",""HSRC-0008""]",Structured scaling attribute=spirit; coefficient=0.8.
vyper_slither,vyper_slither_t3,3,5,vyper_slither::combat_barrier,combat_barrier_spirit_scaling,modify_scaling,0.8,multiplier,tier 3 purchased,high,"[""HSRC-0004"",""HSRC-0008""]",Atomar vom Basiswert getrennte Skalierungsänderung; structured attribute=spirit.
vyper_slither,vyper_slither_t3,3,5,vyper_slither::ability_cooldown,ability_cooldown,unlock,8,seconds,tier 3 purchased,high,"[""HSRC-0004"",""HSRC-0008""]",
vyper_petrifying_bola,vyper_petrifying_bola_t1,1,1,vyper_petrifying_bola::petrify_damage,petrify_damage,add,49.5,damage,tier 1 purchased,high,"[""HSRC-0004"",""HSRC-0008""]",
vyper_petrifying_bola,vyper_petrifying_bola_t2,2,2,vyper_petrifying_bola::ability_cooldown,ability_cooldown,reduce_cooldown,-20,seconds,tier 2 purchased,high,"[""HSRC-0004"",""HSRC-0008""]",
vyper_petrifying_bola,vyper_petrifying_bola_t3,3,5,vyper_petrifying_bola::petrify_duration,petrify_duration,add,1,seconds,tier 3 purchased,high,"[""HSRC-0004"",""HSRC-0008""]",
warden_alchemical_flask,warden_alchemical_flask_t1,1,1,warden_alchemical_flask::stamina_reduction,stamina_reduction,unlock,1,percent,tier 1 purchased,high,"[""HSRC-0004"",""HSRC-0008""]",
warden_alchemical_flask,warden_alchemical_flask_t2,2,2,warden_alchemical_flask::damage,damage,add,35,damage,tier 2 purchased,high,"[""HSRC-0004"",""HSRC-0008""]",
warden_alchemical_flask,warden_alchemical_flask_t2,2,2,warden_alchemical_flask::weapon_power_debuff,weapon_power_debuff,subtract,-25,flat,tier 2 purchased,high,"[""HSRC-0004"",""HSRC-0008""]",
warden_alchemical_flask,warden_alchemical_flask_t3,3,5,warden_alchemical_flask::fire_rate_slow,fire_rate_slow,unlock,30,percent,tier 3 purchased,high,"[""HSRC-0004"",""HSRC-0008""]",
warden_alchemical_flask,warden_alchemical_flask_t3,3,5,warden_alchemical_flask::ability_cooldown,ability_cooldown,reduce_cooldown,-7,seconds,tier 3 purchased,high,"[""HSRC-0004"",""HSRC-0008""]",
warden_alchemical_flask,warden_alchemical_flask_t3,3,5,warden_alchemical_flask::radius,radius,add,2,meters,tier 3 purchased,high,"[""HSRC-0004"",""HSRC-0008""]",
warden_willpower,warden_willpower_t1,1,1,warden_willpower::move_speed_bonus_pct,move_speed_bonus_pct,add,20,percent,tier 1 purchased,high,"[""HSRC-0004"",""HSRC-0008""]",
warden_willpower,warden_willpower_t2,2,2,warden_willpower::ability_cooldown,ability_cooldown,reduce_cooldown,-24,seconds,tier 2 purchased,high,"[""HSRC-0004"",""HSRC-0008""]",
warden_willpower,warden_willpower_t2,2,2,warden_willpower::ability_duration,ability_duration,add,2,seconds,tier 2 purchased,high,"[""HSRC-0004"",""HSRC-0008""]",
warden_willpower,warden_willpower_t3,3,5,warden_willpower::status_resistance_percent,status_resistance_percent,unlock,40,percent,tier 3 purchased,high,"[""HSRC-0004"",""HSRC-0008""]",
warden_willpower,warden_willpower_t3,3,5,warden_willpower::combat_barrier,combat_barrier,add,0,health,tier 3 purchased,high,"[""HSRC-0004"",""HSRC-0008""]",Structured scaling attribute=spirit; coefficient=2.7.
warden_willpower,warden_willpower_t3,3,5,warden_willpower::combat_barrier,combat_barrier_spirit_scaling,modify_scaling,2.7,multiplier,tier 3 purchased,high,"[""HSRC-0004"",""HSRC-0008""]",Atomar vom Basiswert getrennte Skalierungsänderung; structured attribute=spirit.
warden_binding_word,warden_binding_word_t1,1,1,warden_binding_word::bullet_armor_reduction,bullet_armor_reduction,unlock,20,percent,tier 1 purchased,high,"[""HSRC-0004"",""HSRC-0008""]",
warden_binding_word,warden_binding_word_t1,1,1,warden_binding_word::bullet_armor_reduction_duration,bullet_armor_reduction_duration,unlock,5,percent,tier 1 purchased,high,"[""HSRC-0004"",""HSRC-0008""]",
warden_binding_word,warden_binding_word_t2,2,2,warden_binding_word::immobilize_duration,immobilize_duration,add,0.75,seconds,tier 2 purchased,high,"[""HSRC-0004"",""HSRC-0008""]",
warden_binding_word,warden_binding_word_t3,3,5,warden_binding_word::ability_cooldown,ability_cooldown,reduce_cooldown,-14,seconds,tier 3 purchased,high,"[""HSRC-0004"",""HSRC-0008""]",
warden_binding_word,warden_binding_word_t3,3,5,warden_binding_word::silence_debuff,silence_debuff,unlock,1,flat,tier 3 purchased,high,"[""HSRC-0004"",""HSRC-0008""]",
warden_last_stand,warden_last_stand_t1,1,1,warden_last_stand::radius,radius,add,4,meters,tier 1 purchased,high,"[""HSRC-0004"",""HSRC-0008""]",
warden_last_stand,warden_last_stand_t2,2,2,warden_last_stand::pulse_dps,pulse_dps,add,40.5,damage_per_second,tier 2 purchased,high,"[""HSRC-0004"",""HSRC-0008""]",
warden_last_stand,warden_last_stand_t2,2,2,warden_last_stand::ability_cooldown,ability_cooldown,reduce_cooldown,-30,seconds,tier 2 purchased,high,"[""HSRC-0004"",""HSRC-0008""]",
warden_last_stand,warden_last_stand_t3,3,5,warden_last_stand::ability_duration,ability_duration,add,4,seconds,tier 3 purchased,high,"[""HSRC-0004"",""HSRC-0008""]",
warden_last_stand,warden_last_stand_t3,3,5,warden_last_stand::unstoppable_cast_delay,unstoppable_cast_delay,unlock,1,seconds,tier 3 purchased,high,"[""HSRC-0004"",""HSRC-0008""]",
warden_last_stand,warden_last_stand_t3,3,5,warden_last_stand::bullet_resist,bullet_resist,add,30,percent,tier 3 purchased,high,"[""HSRC-0004"",""HSRC-0008""]",
warden_last_stand,warden_last_stand_t3,3,5,warden_last_stand::tech_resist,tech_resist,add,30,percent,tier 3 purchased,high,"[""HSRC-0004"",""HSRC-0008""]",
wraith_card_trick,wraith_card_trick_t1,1,1,wraith_card_trick::ability_charges,ability_charges,add_charge,2,charges,tier 1 purchased,high,"[""HSRC-0004"",""HSRC-0008""]",
wraith_card_trick,wraith_card_trick_t2,2,2,wraith_card_trick::damage,damage,add,40,damage,tier 2 purchased,high,"[""HSRC-0004"",""HSRC-0008""]",Structured scaling attribute=spirit; coefficient=0.4.
wraith_card_trick,wraith_card_trick_t2,2,2,wraith_card_trick::damage,damage_spirit_scaling,modify_scaling,0.4,multiplier,tier 2 purchased,high,"[""HSRC-0004"",""HSRC-0008""]",Atomar vom Basiswert getrennte Skalierungsänderung; structured attribute=spirit.
wraith_card_trick,wraith_card_trick_t3,3,5,wraith_card_trick::improved_joker_chance,improved_joker_chance,unlock,1,flat,tier 3 purchased,high,"[""HSRC-0004"",""HSRC-0008""]",
wraith_card_trick,wraith_card_trick_t3,3,5,wraith_card_trick::spade_damage_bonus,spade_damage_bonus,add,40,damage,tier 3 purchased,high,"[""HSRC-0004"",""HSRC-0008""]",
wraith_card_trick,wraith_card_trick_t3,3,5,wraith_card_trick::diamond_resist_shred,diamond_resist_shred,subtract,-5,percent,tier 3 purchased,high,"[""HSRC-0004"",""HSRC-0008""]",
wraith_card_trick,wraith_card_trick_t3,3,5,wraith_card_trick::heart_heal,heart_heal,add,75,health,tier 3 purchased,high,"[""HSRC-0004"",""HSRC-0008""]",Structured scaling attribute=spirit; coefficient=0.5.
wraith_card_trick,wraith_card_trick_t3,3,5,wraith_card_trick::heart_heal,heart_heal_spirit_scaling,modify_scaling,0.5,multiplier,tier 3 purchased,high,"[""HSRC-0004"",""HSRC-0008""]",Atomar vom Basiswert getrennte Skalierungsänderung; structured attribute=spirit.
wraith_card_trick,wraith_card_trick_t3,3,5,wraith_card_trick::club_slow_percent,club_slow_percent,add,20,percent,tier 3 purchased,high,"[""HSRC-0004"",""HSRC-0008""]",
wraith_project_mind,wraith_project_mind_t1,1,1,wraith_project_mind::ability_cast_range,ability_cast_range,add,15,meters,tier 1 purchased,high,"[""HSRC-0004"",""HSRC-0008""]",
wraith_project_mind,wraith_project_mind_t2,2,2,wraith_project_mind::combat_barrier,combat_barrier,add,300,health,tier 2 purchased,high,"[""HSRC-0004"",""HSRC-0008""]",Structured scaling attribute=spirit; coefficient=1.7.
wraith_project_mind,wraith_project_mind_t2,2,2,wraith_project_mind::combat_barrier,combat_barrier_spirit_scaling,modify_scaling,1.7,multiplier,tier 2 purchased,high,"[""HSRC-0004"",""HSRC-0008""]",Atomar vom Basiswert getrennte Skalierungsänderung; structured attribute=spirit.
wraith_project_mind,wraith_project_mind_t2,2,2,wraith_project_mind::barrier_duration,barrier_duration,unlock,5,seconds,tier 2 purchased,high,"[""HSRC-0004"",""HSRC-0008""]",
wraith_project_mind,wraith_project_mind_t3,3,5,wraith_project_mind::ability_cooldown,ability_cooldown,reduce_cooldown,-32,seconds,tier 3 purchased,high,"[""HSRC-0004"",""HSRC-0008""]",
wraith_full_auto,wraith_full_auto_t1,1,1,wraith_full_auto::ability_cooldown,ability_cooldown,reduce_cooldown,-20,seconds,tier 1 purchased,high,"[""HSRC-0004"",""HSRC-0008""]",
wraith_full_auto,wraith_full_auto_t2,2,2,wraith_full_auto::bonus_fire_rate,bonus_fire_rate,add,10,percent,tier 2 purchased,high,"[""HSRC-0004"",""HSRC-0008""]",
wraith_full_auto,wraith_full_auto_t2,2,2,wraith_full_auto::ability_duration,ability_duration,add,3,seconds,tier 2 purchased,high,"[""HSRC-0004"",""HSRC-0008""]",
wraith_full_auto,wraith_full_auto_t3,3,5,wraith_full_auto::magic_damage_per_bullet,magic_damage_per_bullet,add,0,damage,tier 3 purchased,high,"[""HSRC-0004"",""HSRC-0008""]",Structured scaling attribute=spirit; coefficient=0.045.
wraith_full_auto,wraith_full_auto_t3,3,5,wraith_full_auto::magic_damage_per_bullet,magic_damage_per_bullet_spirit_scaling,modify_scaling,0.045,multiplier,tier 3 purchased,high,"[""HSRC-0004"",""HSRC-0008""]",Atomar vom Basiswert getrennte Skalierungsänderung; structured attribute=spirit.
wraith_full_auto,wraith_full_auto_t3,3,5,wraith_full_auto::unlimited_ammo,unlimited_ammo,unlock,1,ammo,tier 3 purchased,high,"[""HSRC-0004"",""HSRC-0008""]",
wraith_telekinesis,wraith_telekinesis_t1,1,1,wraith_telekinesis::damage,damage,add,100,damage,tier 1 purchased,high,"[""HSRC-0004"",""HSRC-0008""]",
wraith_telekinesis,wraith_telekinesis_t2,2,2,wraith_telekinesis::ability_cooldown,ability_cooldown,reduce_cooldown,-45,seconds,tier 2 purchased,high,"[""HSRC-0004"",""HSRC-0008""]",
wraith_telekinesis,wraith_telekinesis_t3,3,5,wraith_telekinesis::ability_duration,ability_duration,add,1.5,seconds,tier 3 purchased,high,"[""HSRC-0004"",""HSRC-0008""]",
wraith_telekinesis,wraith_telekinesis_t3,3,5,wraith_telekinesis::toss_distance,toss_distance,add,6,meters,tier 3 purchased,high,"[""HSRC-0004"",""HSRC-0008""]",
wraith_telekinesis,wraith_telekinesis_t3,3,5,wraith_telekinesis::ability_cast_range,ability_cast_range,add,6,meters,tier 3 purchased,high,"[""HSRC-0004"",""HSRC-0008""]",
yamato_power_slash,yamato_power_slash_t1,1,1,yamato_power_slash::slow_duration,slow_duration,unlock,3,seconds,tier 1 purchased,high,"[""HSRC-0004"",""HSRC-0008""]",
yamato_power_slash,yamato_power_slash_t1,1,1,yamato_power_slash::slow_percent,slow_percent,unlock,40,percent,tier 1 purchased,high,"[""HSRC-0004"",""HSRC-0008""]",
yamato_power_slash,yamato_power_slash_t2,2,2,yamato_power_slash::ability_cooldown,ability_cooldown,reduce_cooldown,-4,seconds,tier 2 purchased,high,"[""HSRC-0004"",""HSRC-0008""]",
yamato_power_slash,yamato_power_slash_t3,3,5,yamato_power_slash::full_charge_damage,full_charge_damage,add,150,damage,tier 3 purchased,high,"[""HSRC-0004"",""HSRC-0008""]",Structured scaling attribute=spirit; coefficient=0.5.
yamato_power_slash,yamato_power_slash_t3,3,5,yamato_power_slash::full_charge_damage,full_charge_damage_spirit_scaling,modify_scaling,0.5,multiplier,tier 3 purchased,high,"[""HSRC-0004"",""HSRC-0008""]",Atomar vom Basiswert getrennte Skalierungsänderung; structured attribute=spirit.
yamato_power_slash,yamato_power_slash_t3,3,5,yamato_power_slash::slash_length,slash_length,add,8,meters,tier 3 purchased,high,"[""HSRC-0004"",""HSRC-0008""]",
yamato_flying_slash,yamato_flying_slash_t1,1,1,yamato_flying_slash::ability_cooldown,ability_cooldown,reduce_cooldown,-18,seconds,tier 1 purchased,high,"[""HSRC-0004"",""HSRC-0008""]",
yamato_flying_slash,yamato_flying_slash_t2,2,2,yamato_flying_slash::spirit_bonus,spirit_bonus,unlock,35,flat,tier 2 purchased,high,"[""HSRC-0004"",""HSRC-0008""]",
yamato_flying_slash,yamato_flying_slash_t2,2,2,yamato_flying_slash::buff_duration,buff_duration,unlock,6,seconds,tier 2 purchased,high,"[""HSRC-0004"",""HSRC-0008""]",
yamato_flying_slash,yamato_flying_slash_t3,3,5,yamato_flying_slash::ability_cast_range,ability_cast_range,add,15,meters,tier 3 purchased,high,"[""HSRC-0004"",""HSRC-0008""]",
yamato_flying_slash,yamato_flying_slash_t3,3,5,yamato_flying_slash::can_grapple_ally_heroes,can_grapple_ally_heroes,unlock,1,boolean,tier 3 purchased,high,"[""HSRC-0004"",""HSRC-0008""]",
yamato_flying_slash,yamato_flying_slash_t3,3,5,yamato_flying_slash::ability_charges,ability_charges,add_charge,2,charges,tier 3 purchased,high,"[""HSRC-0004"",""HSRC-0008""]",
yamato_flying_slash,yamato_flying_slash_t3,3,5,yamato_flying_slash::ability_cooldown_between_charge,ability_cooldown_between_charge,unlock,5,seconds,tier 3 purchased,high,"[""HSRC-0004"",""HSRC-0008""]",
yamato_crimson_slash,yamato_crimson_slash_t1,1,1,yamato_crimson_slash::buff_duration,buff_duration,add,4,seconds,tier 1 purchased,high,"[""HSRC-0004"",""HSRC-0008""]",
yamato_crimson_slash,yamato_crimson_slash_t1,1,1,yamato_crimson_slash::buff_melee_damage,buff_melee_damage,unlock,30,damage,tier 1 purchased,high,"[""HSRC-0004"",""HSRC-0008""]",
yamato_crimson_slash,yamato_crimson_slash_t2,2,2,yamato_crimson_slash::heal_max_health,heal_max_health,unlock,6,health,tier 2 purchased,high,"[""HSRC-0004"",""HSRC-0008""]",
yamato_crimson_slash,yamato_crimson_slash_t3,3,5,yamato_crimson_slash::ability_cooldown,ability_cooldown,reduce_cooldown,-10,seconds,tier 3 purchased,high,"[""HSRC-0004"",""HSRC-0008""]",
yamato_crimson_slash,yamato_crimson_slash_t3,3,5,yamato_crimson_slash::damage,damage,add,0,damage,tier 3 purchased,high,"[""HSRC-0004"",""HSRC-0008""]",Structured scaling attribute=spirit; coefficient=0.6.
yamato_crimson_slash,yamato_crimson_slash_t3,3,5,yamato_crimson_slash::damage,damage_spirit_scaling,modify_scaling,0.6,multiplier,tier 3 purchased,high,"[""HSRC-0004"",""HSRC-0008""]",Atomar vom Basiswert getrennte Skalierungsänderung; structured attribute=spirit.
yamato_shadow_transformation,yamato_shadow_transformation_t1,1,1,yamato_shadow_transformation::weapon_damage_bonus,weapon_damage_bonus,unlock,7,damage,tier 1 purchased,high,"[""HSRC-0004"",""HSRC-0008""]",
yamato_shadow_transformation,yamato_shadow_transformation_t2,2,2,yamato_shadow_transformation::bonus_move_speed,bonus_move_speed,unlock,4,units_per_second,tier 2 purchased,high,"[""HSRC-0004"",""HSRC-0008""]",
yamato_shadow_transformation,yamato_shadow_transformation_t2,2,2,yamato_shadow_transformation::ability_cooldown,ability_cooldown,reduce_cooldown,-20,seconds,tier 2 purchased,high,"[""HSRC-0004"",""HSRC-0008""]",
yamato_shadow_transformation,yamato_shadow_transformation_t3,3,5,yamato_shadow_transformation::ability_duration,ability_duration,add,3,seconds,tier 3 purchased,high,"[""HSRC-0004"",""HSRC-0008""]",
yamato_shadow_transformation,yamato_shadow_transformation_t3,3,5,yamato_shadow_transformation::bullet_resist,bullet_resist,add,30,percent,tier 3 purchased,high,"[""HSRC-0004"",""HSRC-0008""]",
yamato_shadow_transformation,yamato_shadow_transformation_t3,3,5,yamato_shadow_transformation::tech_resist,tech_resist,add,30,percent,tier 3 purchased,high,"[""HSRC-0004"",""HSRC-0008""]",
