hero_id,stat_id,stat_group,mechanic,base_value,value_per_level,max_value,unit,condition,calculation_rule,verified_patch,confidence,source_ids,notes
abrams,max_health,health,max_health,800,49,,health,base hero state,base + boon_level * 49,Minor Update - 08-22-2026,high,"[""HSRC-0003""]",
abrams,base_health_regen,health,base_health_regen,1.5,,,health_per_second,base hero state,,Minor Update - 08-22-2026,high,"[""HSRC-0003""]",
abrams,max_move_speed,movement,max_move_speed,6.4,,,units_per_second,base hero state,,Minor Update - 08-22-2026,high,"[""HSRC-0003""]",
abrams,sprint_speed,movement,sprint_speed,1.6,,,units_per_second,base hero state,,Minor Update - 08-22-2026,high,"[""HSRC-0003""]",
abrams,crouch_speed,movement,crouch_speed,4.75,,,units_per_second,base hero state,,Minor Update - 08-22-2026,high,"[""HSRC-0003""]",
abrams,move_acceleration,movement,move_acceleration,4,,,units_per_second_squared,base hero state,,Minor Update - 08-22-2026,high,"[""HSRC-0003""]",
abrams,ground_dash_distance_in_meters,movement,ground_dash_distance_in_meters,10,,,meters,base hero state,,Minor Update - 08-22-2026,high,"[""HSRC-0003""]",
abrams,ground_dash_duration,movement,ground_dash_duration,0.72,,,seconds,base hero state,,Minor Update - 08-22-2026,high,"[""HSRC-0003""]",
abrams,ground_dash_speed,movement,ground_dash_speed,13.9,,,units_per_second,base hero state,,Minor Update - 08-22-2026,high,"[""HSRC-0003""]",
abrams,air_dash_distance_in_meters,movement,air_dash_distance_in_meters,8,,,meters,base hero state,,Minor Update - 08-22-2026,high,"[""HSRC-0003""]",
abrams,air_dash_duration,movement,air_dash_duration,0.51,,,seconds,base hero state,,Minor Update - 08-22-2026,high,"[""HSRC-0003""]",
abrams,air_dash_speed,movement,air_dash_speed,15.7,,,units_per_second,base hero state,,Minor Update - 08-22-2026,high,"[""HSRC-0003""]",
abrams,stamina,stamina,stamina,3,,,count,base hero state,,Minor Update - 08-22-2026,high,"[""HSRC-0003""]",
abrams,stamina_cooldown,stamina,stamina_cooldown,4.5000045,,,seconds,base hero state,,Minor Update - 08-22-2026,high,"[""HSRC-0003""]",
abrams,stamina_regen_per_second,health,stamina_regen_per_second,0.222222,,,count_per_second,base hero state,,Minor Update - 08-22-2026,high,"[""HSRC-0003""]",
abrams,light_melee_damage,melee,light_melee_damage,50,1.738,,damage,base hero state,base + boon_level * 1.738,Minor Update - 08-22-2026,high,"[""HSRC-0003""]",
abrams,heavy_melee_damage,melee,heavy_melee_damage,116,4.0322,,damage,base hero state,base + boon_level * 4.0322,Minor Update - 08-22-2026,high,"[""HSRC-0003""]",
abrams,hero_bullet_lifesteal_effectiveness,weapon,hero_bullet_lifesteal_effectiveness,1,,,multiplier,base hero state,,Minor Update - 08-22-2026,high,"[""HSRC-0003""]",
abrams,hero_spirit_lifesteal_effectiveness,spirit,hero_spirit_lifesteal_effectiveness,1,,,multiplier,base hero state,,Minor Update - 08-22-2026,high,"[""HSRC-0003""]",
abrams,crit_damage_bonus_percent,misc,crit_damage_bonus_percent,0,,,percent,base hero state,,Minor Update - 08-22-2026,high,"[""HSRC-0003""]",
abrams,crit_damage_received_percent,defense,crit_damage_received_percent,0,,,percent,base hero state,,Minor Update - 08-22-2026,high,"[""HSRC-0003""]",
abrams,weapon_power_scale,misc,weapon_power_scale,1,,,multiplier,base hero state,,Minor Update - 08-22-2026,high,"[""HSRC-0003""]",
abrams,proc_build_up_rate_scale,misc,proc_build_up_rate_scale,1,,,multiplier,base hero state,,Minor Update - 08-22-2026,high,"[""HSRC-0003""]",
abrams,tech_range,spirit,tech_range,0,,,percent,base hero state,,Minor Update - 08-22-2026,high,"[""HSRC-0003""]",Tech bezeichnet in den Rohdaten Spirit.
abrams,tech_duration,spirit,tech_duration,0,,,percent,base hero state,,Minor Update - 08-22-2026,high,"[""HSRC-0003""]",Tech bezeichnet in den Rohdaten Spirit.
abrams,base_weapon_damage_increase,misc,base_weapon_damage_increase,0,,,percent,base hero state,,Minor Update - 08-22-2026,high,"[""HSRC-0003""]",
abrams,reload_speed,reload,reload_speed,0,,,percent,base hero state,,Minor Update - 08-22-2026,high,"[""HSRC-0003""]",
abrams,weapon_ammo_consumed_per_shot,ammo,ammo_consumed_per_shot,1,,,ammo,primary fire,,Minor Update - 08-22-2026,high,"[""HSRC-0003"",""HSRC-0006""]",
abrams,weapon_bullet_damage,weapon,bullet_damage,3.6,0.1,,damage,primary fire,base + boon_level * 0.1,Minor Update - 08-22-2026,high,"[""HSRC-0003"",""HSRC-0006""]",
abrams,weapon_bullet_gravity_scale,movement,bullet_gravity_scale,0.8,,,multiplier,primary fire,,Minor Update - 08-22-2026,high,"[""HSRC-0003"",""HSRC-0006""]",
abrams,weapon_bullet_radius,weapon,bullet_radius,0.0762,,,meters,primary fire,,Minor Update - 08-22-2026,high,"[""HSRC-0003"",""HSRC-0006""]",
abrams,weapon_bullet_speed,weapon,bullet_speed,609.6,,,units_per_second,primary fire,,Minor Update - 08-22-2026,high,"[""HSRC-0003"",""HSRC-0006""]",
abrams,weapon_bullets_per_burst,weapon,bullets_per_burst,1,,,flat,primary fire,,Minor Update - 08-22-2026,high,"[""HSRC-0003"",""HSRC-0006""]",
abrams,weapon_bullets_per_shot,weapon,bullets_per_shot,9,,,flat,primary fire,,Minor Update - 08-22-2026,high,"[""HSRC-0003"",""HSRC-0006""]",
abrams,weapon_burst_inter_shot_interval,weapon,burst_inter_shot_interval,0,,,seconds,primary fire,,Minor Update - 08-22-2026,high,"[""HSRC-0003"",""HSRC-0006""]",
abrams,weapon_can_crit,weapon,can_crit,true,,,flat,primary fire,,Minor Update - 08-22-2026,high,"[""HSRC-0003"",""HSRC-0006""]",
abrams,weapon_clip_size,ammo,clip_size,9,,,flat,primary fire,,Minor Update - 08-22-2026,high,"[""HSRC-0003"",""HSRC-0006""]",
abrams,weapon_dps,weapon,dps,51.429,1.4286,,damage_per_second,primary fire,base + boon_level * 1.4286,Minor Update - 08-22-2026,high,"[""HSRC-0003"",""HSRC-0006""]",
abrams,weapon_falloff_end_range,weapon,falloff_end_range,40,,,meters,primary fire,,Minor Update - 08-22-2026,high,"[""HSRC-0003"",""HSRC-0006""]",
abrams,weapon_falloff_end_scale,weapon,falloff_end_scale,0.1,,,multiplier,primary fire,,Minor Update - 08-22-2026,high,"[""HSRC-0003"",""HSRC-0006""]",
abrams,weapon_falloff_start_range,weapon,falloff_start_range,17,,,meters,primary fire,,Minor Update - 08-22-2026,high,"[""HSRC-0003"",""HSRC-0006""]",
abrams,weapon_hit_once_across_all_bullets,weapon,hit_once_across_all_bullets,false,,,flat,primary fire,,Minor Update - 08-22-2026,high,"[""HSRC-0003"",""HSRC-0006""]",
abrams,weapon_reload_delay,reload,reload_delay,0.705,,,seconds,primary fire,,Minor Update - 08-22-2026,high,"[""HSRC-0003"",""HSRC-0006""]",
abrams,weapon_reload_single,reload,reload_single,true,,,flat,primary fire,,Minor Update - 08-22-2026,high,"[""HSRC-0003"",""HSRC-0006""]",
abrams,weapon_reload_time,reload,reload_time,0.3525,,,seconds,primary fire,,Minor Update - 08-22-2026,high,"[""HSRC-0003"",""HSRC-0006""]",
abrams,weapon_rounds_per_second,weapon,rounds_per_second,1.5873,,,flat,primary fire,,Minor Update - 08-22-2026,high,"[""HSRC-0003"",""HSRC-0006""]",
abrams,weapon_shoot_move_speed,movement,shoot_move_speed,0.75,,,units_per_second,primary fire,,Minor Update - 08-22-2026,high,"[""HSRC-0003"",""HSRC-0006""]",
abrams,weapon_sustained_dps,weapon,sustained_dps,30.542,0.84839,,damage_per_second,primary fire,base + boon_level * 0.84839,Minor Update - 08-22-2026,high,"[""HSRC-0003"",""HSRC-0006""]",
abrams,boon_growth_power_increases,misc,power_increases,,1,,flat,per boon level,stat contribution = boon_level * 1,Minor Update - 08-22-2026,high,"[""HSRC-0003""]",Kein separat ausgewiesener Basiswert im strukturierten Export.
abrams,boon_growth_tech_power,spirit,tech_power,,1.1,,flat,per boon level,stat contribution = boon_level * 1.1,Minor Update - 08-22-2026,high,"[""HSRC-0003""]",Kein separat ausgewiesener Basiswert im strukturierten Export.
apollo,max_health,health,max_health,770,45,,health,base hero state,base + boon_level * 45,Minor Update - 08-22-2026,high,"[""HSRC-0003""]",
apollo,base_health_regen,health,base_health_regen,1,,,health_per_second,base hero state,,Minor Update - 08-22-2026,high,"[""HSRC-0003""]",
apollo,max_move_speed,movement,max_move_speed,7.2,,,units_per_second,base hero state,,Minor Update - 08-22-2026,high,"[""HSRC-0003""]",
apollo,sprint_speed,movement,sprint_speed,1.6,,,units_per_second,base hero state,,Minor Update - 08-22-2026,high,"[""HSRC-0003""]",
apollo,crouch_speed,movement,crouch_speed,4.75,,,units_per_second,base hero state,,Minor Update - 08-22-2026,high,"[""HSRC-0003""]",
apollo,move_acceleration,movement,move_acceleration,4,,,units_per_second_squared,base hero state,,Minor Update - 08-22-2026,high,"[""HSRC-0003""]",
apollo,ground_dash_distance_in_meters,movement,ground_dash_distance_in_meters,10,,,meters,base hero state,,Minor Update - 08-22-2026,high,"[""HSRC-0003""]",
apollo,ground_dash_duration,movement,ground_dash_duration,0.68,,,seconds,base hero state,,Minor Update - 08-22-2026,high,"[""HSRC-0003""]",
apollo,ground_dash_speed,movement,ground_dash_speed,14.7,,,units_per_second,base hero state,,Minor Update - 08-22-2026,high,"[""HSRC-0003""]",
apollo,air_dash_distance_in_meters,movement,air_dash_distance_in_meters,8,,,meters,base hero state,,Minor Update - 08-22-2026,high,"[""HSRC-0003""]",
apollo,air_dash_duration,movement,air_dash_duration,0.47,,,seconds,base hero state,,Minor Update - 08-22-2026,high,"[""HSRC-0003""]",
apollo,air_dash_speed,movement,air_dash_speed,17,,,units_per_second,base hero state,,Minor Update - 08-22-2026,high,"[""HSRC-0003""]",
apollo,stamina,stamina,stamina,3,,,count,base hero state,,Minor Update - 08-22-2026,high,"[""HSRC-0003""]",
apollo,stamina_cooldown,stamina,stamina_cooldown,4.5000045,,,seconds,base hero state,,Minor Update - 08-22-2026,high,"[""HSRC-0003""]",
apollo,stamina_regen_per_second,health,stamina_regen_per_second,0.222222,,,count_per_second,base hero state,,Minor Update - 08-22-2026,high,"[""HSRC-0003""]",
apollo,light_melee_damage,melee,light_melee_damage,63,1.58,,damage,base hero state,base + boon_level * 1.58,Minor Update - 08-22-2026,high,"[""HSRC-0003""]",
apollo,heavy_melee_damage,melee,heavy_melee_damage,116,2.9092,,damage,base hero state,base + boon_level * 2.9092,Minor Update - 08-22-2026,high,"[""HSRC-0003""]",
apollo,hero_bullet_lifesteal_effectiveness,weapon,hero_bullet_lifesteal_effectiveness,1,,,multiplier,base hero state,,Minor Update - 08-22-2026,high,"[""HSRC-0003""]",
apollo,hero_spirit_lifesteal_effectiveness,spirit,hero_spirit_lifesteal_effectiveness,1,,,multiplier,base hero state,,Minor Update - 08-22-2026,high,"[""HSRC-0003""]",
apollo,crit_damage_bonus_percent,misc,crit_damage_bonus_percent,0,,,percent,base hero state,,Minor Update - 08-22-2026,high,"[""HSRC-0003""]",
apollo,crit_damage_received_percent,defense,crit_damage_received_percent,0,,,percent,base hero state,,Minor Update - 08-22-2026,high,"[""HSRC-0003""]",
apollo,weapon_power_scale,misc,weapon_power_scale,1,,,multiplier,base hero state,,Minor Update - 08-22-2026,high,"[""HSRC-0003""]",
apollo,proc_build_up_rate_scale,misc,proc_build_up_rate_scale,1,,,multiplier,base hero state,,Minor Update - 08-22-2026,high,"[""HSRC-0003""]",
apollo,tech_range,spirit,tech_range,0,,,percent,base hero state,,Minor Update - 08-22-2026,high,"[""HSRC-0003""]",Tech bezeichnet in den Rohdaten Spirit.
apollo,tech_duration,spirit,tech_duration,0,,,percent,base hero state,,Minor Update - 08-22-2026,high,"[""HSRC-0003""]",Tech bezeichnet in den Rohdaten Spirit.
apollo,base_weapon_damage_increase,misc,base_weapon_damage_increase,0,,,percent,base hero state,,Minor Update - 08-22-2026,high,"[""HSRC-0003""]",
apollo,reload_speed,reload,reload_speed,0,,,percent,base hero state,,Minor Update - 08-22-2026,high,"[""HSRC-0003""]",
apollo,weapon_ammo_consumed_per_shot,ammo,ammo_consumed_per_shot,1,,,ammo,primary fire,,Minor Update - 08-22-2026,high,"[""HSRC-0003"",""HSRC-0006""]",
apollo,weapon_bullet_damage,weapon,bullet_damage,18.5,0.825,,damage,primary fire,base + boon_level * 0.825,Minor Update - 08-22-2026,high,"[""HSRC-0003"",""HSRC-0006""]",
apollo,weapon_bullet_gravity_scale,movement,bullet_gravity_scale,0,,,multiplier,primary fire,,Minor Update - 08-22-2026,high,"[""HSRC-0003"",""HSRC-0006""]",
apollo,weapon_bullet_radius,weapon,bullet_radius,0.254,,,meters,primary fire,,Minor Update - 08-22-2026,high,"[""HSRC-0003"",""HSRC-0006""]",
apollo,weapon_bullet_speed,weapon,bullet_speed,127,,,units_per_second,primary fire,,Minor Update - 08-22-2026,high,"[""HSRC-0003"",""HSRC-0006""]",
apollo,weapon_bullets_per_burst,weapon,bullets_per_burst,1,,,flat,primary fire,,Minor Update - 08-22-2026,high,"[""HSRC-0003"",""HSRC-0006""]",
apollo,weapon_bullets_per_shot,weapon,bullets_per_shot,1,,,flat,primary fire,,Minor Update - 08-22-2026,high,"[""HSRC-0003"",""HSRC-0006""]",
apollo,weapon_burst_inter_shot_interval,weapon,burst_inter_shot_interval,0,,,seconds,primary fire,,Minor Update - 08-22-2026,high,"[""HSRC-0003"",""HSRC-0006""]",
apollo,weapon_can_crit,weapon,can_crit,true,,,flat,primary fire,,Minor Update - 08-22-2026,high,"[""HSRC-0003"",""HSRC-0006""]",
apollo,weapon_clip_size,ammo,clip_size,15,,,flat,primary fire,,Minor Update - 08-22-2026,high,"[""HSRC-0003"",""HSRC-0006""]",
apollo,weapon_dps,weapon,dps,48.685,2.1711,,damage_per_second,primary fire,base + boon_level * 2.1711,Minor Update - 08-22-2026,high,"[""HSRC-0003"",""HSRC-0006""]",
apollo,weapon_falloff_end_range,weapon,falloff_end_range,25.4,,,meters,primary fire,,Minor Update - 08-22-2026,high,"[""HSRC-0003"",""HSRC-0006""]",
apollo,weapon_falloff_end_scale,weapon,falloff_end_scale,1,,,multiplier,primary fire,,Minor Update - 08-22-2026,high,"[""HSRC-0003"",""HSRC-0006""]",
apollo,weapon_falloff_start_range,weapon,falloff_start_range,25.4,,,meters,primary fire,,Minor Update - 08-22-2026,high,"[""HSRC-0003"",""HSRC-0006""]",
apollo,weapon_hit_once_across_all_bullets,weapon,hit_once_across_all_bullets,true,,,flat,primary fire,,Minor Update - 08-22-2026,high,"[""HSRC-0003"",""HSRC-0006""]",
apollo,weapon_reload_delay,reload,reload_delay,0,,,seconds,primary fire,,Minor Update - 08-22-2026,high,"[""HSRC-0003"",""HSRC-0006""]",
apollo,weapon_reload_single,reload,reload_single,false,,,flat,primary fire,,Minor Update - 08-22-2026,high,"[""HSRC-0003"",""HSRC-0006""]",
apollo,weapon_reload_time,reload,reload_time,2.5,,,seconds,primary fire,,Minor Update - 08-22-2026,high,"[""HSRC-0003"",""HSRC-0006""]",
apollo,weapon_rounds_per_second,weapon,rounds_per_second,2.6316,,,flat,primary fire,,Minor Update - 08-22-2026,high,"[""HSRC-0003"",""HSRC-0006""]",
apollo,weapon_shoot_move_speed,movement,shoot_move_speed,0.75,,,units_per_second,primary fire,,Minor Update - 08-22-2026,high,"[""HSRC-0003"",""HSRC-0006""]",
apollo,weapon_sustained_dps,weapon,sustained_dps,33.842,1.5092,,damage_per_second,primary fire,base + boon_level * 1.5092,Minor Update - 08-22-2026,high,"[""HSRC-0003"",""HSRC-0006""]",
apollo,boon_growth_bullet_damage_alt_fire,weapon,bullet_damage_alt_fire,,0.5,,damage,per boon level,stat contribution = boon_level * 0.5,Minor Update - 08-22-2026,high,"[""HSRC-0003""]",Kein separat ausgewiesener Basiswert im strukturierten Export.
apollo,boon_growth_power_increases,misc,power_increases,,1,,flat,per boon level,stat contribution = boon_level * 1,Minor Update - 08-22-2026,high,"[""HSRC-0003""]",Kein separat ausgewiesener Basiswert im strukturierten Export.
apollo,boon_growth_tech_power,spirit,tech_power,,1.1,,flat,per boon level,stat contribution = boon_level * 1.1,Minor Update - 08-22-2026,high,"[""HSRC-0003""]",Kein separat ausgewiesener Basiswert im strukturierten Export.
bebop,max_health,health,max_health,880,52,,health,base hero state,base + boon_level * 52,Minor Update - 08-22-2026,high,"[""HSRC-0003""]",
bebop,base_health_regen,health,base_health_regen,2.5,,,health_per_second,base hero state,,Minor Update - 08-22-2026,high,"[""HSRC-0003""]",
bebop,max_move_speed,movement,max_move_speed,6.45,,,units_per_second,base hero state,,Minor Update - 08-22-2026,high,"[""HSRC-0003""]",
bebop,sprint_speed,movement,sprint_speed,4,,,units_per_second,base hero state,,Minor Update - 08-22-2026,high,"[""HSRC-0003""]",
bebop,crouch_speed,movement,crouch_speed,4.75,,,units_per_second,base hero state,,Minor Update - 08-22-2026,high,"[""HSRC-0003""]",
bebop,move_acceleration,movement,move_acceleration,4,,,units_per_second_squared,base hero state,,Minor Update - 08-22-2026,high,"[""HSRC-0003""]",
bebop,ground_dash_distance_in_meters,movement,ground_dash_distance_in_meters,10,,,meters,base hero state,,Minor Update - 08-22-2026,high,"[""HSRC-0003""]",
bebop,ground_dash_duration,movement,ground_dash_duration,0.72,,,seconds,base hero state,,Minor Update - 08-22-2026,high,"[""HSRC-0003""]",
bebop,ground_dash_speed,movement,ground_dash_speed,13.9,,,units_per_second,base hero state,,Minor Update - 08-22-2026,high,"[""HSRC-0003""]",
bebop,air_dash_distance_in_meters,movement,air_dash_distance_in_meters,8,,,meters,base hero state,,Minor Update - 08-22-2026,high,"[""HSRC-0003""]",
bebop,air_dash_duration,movement,air_dash_duration,0.51,,,seconds,base hero state,,Minor Update - 08-22-2026,high,"[""HSRC-0003""]",
bebop,air_dash_speed,movement,air_dash_speed,15.7,,,units_per_second,base hero state,,Minor Update - 08-22-2026,high,"[""HSRC-0003""]",
bebop,stamina,stamina,stamina,3,,,count,base hero state,,Minor Update - 08-22-2026,high,"[""HSRC-0003""]",
bebop,stamina_cooldown,stamina,stamina_cooldown,5.50000550001,,,seconds,base hero state,,Minor Update - 08-22-2026,high,"[""HSRC-0003""]",
bebop,stamina_regen_per_second,health,stamina_regen_per_second,0.181818,,,count_per_second,base hero state,,Minor Update - 08-22-2026,high,"[""HSRC-0003""]",
bebop,light_melee_damage,melee,light_melee_damage,63,1.58,,damage,base hero state,base + boon_level * 1.58,Minor Update - 08-22-2026,high,"[""HSRC-0003""]",
bebop,heavy_melee_damage,melee,heavy_melee_damage,116,2.9092,,damage,base hero state,base + boon_level * 2.9092,Minor Update - 08-22-2026,high,"[""HSRC-0003""]",
bebop,hero_bullet_lifesteal_effectiveness,weapon,hero_bullet_lifesteal_effectiveness,1,,,multiplier,base hero state,,Minor Update - 08-22-2026,high,"[""HSRC-0003""]",
bebop,hero_spirit_lifesteal_effectiveness,spirit,hero_spirit_lifesteal_effectiveness,1,,,multiplier,base hero state,,Minor Update - 08-22-2026,high,"[""HSRC-0003""]",
bebop,crit_damage_bonus_percent,misc,crit_damage_bonus_percent,0,,,percent,base hero state,,Minor Update - 08-22-2026,high,"[""HSRC-0003""]",
bebop,crit_damage_received_percent,defense,crit_damage_received_percent,0,,,percent,base hero state,,Minor Update - 08-22-2026,high,"[""HSRC-0003""]",
bebop,weapon_power_scale,misc,weapon_power_scale,1,,,multiplier,base hero state,,Minor Update - 08-22-2026,high,"[""HSRC-0003""]",
bebop,proc_build_up_rate_scale,misc,proc_build_up_rate_scale,1,,,multiplier,base hero state,,Minor Update - 08-22-2026,high,"[""HSRC-0003""]",
bebop,tech_range,spirit,tech_range,0,,,percent,base hero state,,Minor Update - 08-22-2026,high,"[""HSRC-0003""]",Tech bezeichnet in den Rohdaten Spirit.
bebop,tech_duration,spirit,tech_duration,0,,,percent,base hero state,,Minor Update - 08-22-2026,high,"[""HSRC-0003""]",Tech bezeichnet in den Rohdaten Spirit.
bebop,base_weapon_damage_increase,misc,base_weapon_damage_increase,0,,,percent,base hero state,,Minor Update - 08-22-2026,high,"[""HSRC-0003""]",
bebop,reload_speed,reload,reload_speed,0,,,percent,base hero state,,Minor Update - 08-22-2026,high,"[""HSRC-0003""]",
bebop,weapon_ammo_consumed_per_shot,ammo,ammo_consumed_per_shot,1,,,ammo,primary fire,,Minor Update - 08-22-2026,high,"[""HSRC-0003"",""HSRC-0006""]",
bebop,weapon_bullet_damage,weapon,bullet_damage,4.98,0.115,,damage,primary fire,base + boon_level * 0.115,Minor Update - 08-22-2026,high,"[""HSRC-0003"",""HSRC-0006""]",
bebop,weapon_bullet_gravity_scale,movement,bullet_gravity_scale,0.8,,,multiplier,primary fire,,Minor Update - 08-22-2026,high,"[""HSRC-0003"",""HSRC-0006""]",
bebop,weapon_bullet_radius,weapon,bullet_radius,0.0762,,,meters,primary fire,,Minor Update - 08-22-2026,high,"[""HSRC-0003"",""HSRC-0006""]",
bebop,weapon_bullet_speed,weapon,bullet_speed,508,,,units_per_second,primary fire,,Minor Update - 08-22-2026,high,"[""HSRC-0003"",""HSRC-0006""]",
bebop,weapon_bullets_per_burst,weapon,bullets_per_burst,1,,,flat,primary fire,,Minor Update - 08-22-2026,high,"[""HSRC-0003"",""HSRC-0006""]",
bebop,weapon_bullets_per_shot,weapon,bullets_per_shot,1,,,flat,primary fire,,Minor Update - 08-22-2026,high,"[""HSRC-0003"",""HSRC-0006""]",
bebop,weapon_burst_inter_shot_interval,weapon,burst_inter_shot_interval,0,,,seconds,primary fire,,Minor Update - 08-22-2026,high,"[""HSRC-0003"",""HSRC-0006""]",
bebop,weapon_can_crit,weapon,can_crit,true,,,flat,primary fire,,Minor Update - 08-22-2026,high,"[""HSRC-0003"",""HSRC-0006""]",
bebop,weapon_clip_size,ammo,clip_size,66,,,flat,primary fire,,Minor Update - 08-22-2026,high,"[""HSRC-0003"",""HSRC-0006""]",
bebop,weapon_dps,weapon,dps,59.287,1.3691,,damage_per_second,primary fire,base + boon_level * 1.3691,Minor Update - 08-22-2026,high,"[""HSRC-0003"",""HSRC-0006""]",
bebop,weapon_falloff_end_range,weapon,falloff_end_range,50.8,,,meters,primary fire,,Minor Update - 08-22-2026,high,"[""HSRC-0003"",""HSRC-0006""]",
bebop,weapon_falloff_end_scale,weapon,falloff_end_scale,0.1,,,multiplier,primary fire,,Minor Update - 08-22-2026,high,"[""HSRC-0003"",""HSRC-0006""]",
bebop,weapon_falloff_start_range,weapon,falloff_start_range,19.99,,,meters,primary fire,,Minor Update - 08-22-2026,high,"[""HSRC-0003"",""HSRC-0006""]",
bebop,weapon_hit_once_across_all_bullets,weapon,hit_once_across_all_bullets,false,,,flat,primary fire,,Minor Update - 08-22-2026,high,"[""HSRC-0003"",""HSRC-0006""]",
bebop,weapon_reload_delay,reload,reload_delay,0,,,seconds,primary fire,,Minor Update - 08-22-2026,high,"[""HSRC-0003"",""HSRC-0006""]",
bebop,weapon_reload_single,reload,reload_single,false,,,flat,primary fire,,Minor Update - 08-22-2026,high,"[""HSRC-0003"",""HSRC-0006""]",
bebop,weapon_reload_time,reload,reload_time,2.35,,,seconds,primary fire,,Minor Update - 08-22-2026,high,"[""HSRC-0003"",""HSRC-0006""]",
bebop,weapon_rounds_per_second,weapon,rounds_per_second,11.905,,,flat,primary fire,,Minor Update - 08-22-2026,high,"[""HSRC-0003"",""HSRC-0006""]",
bebop,weapon_shoot_move_speed,movement,shoot_move_speed,0.75,,,units_per_second,primary fire,,Minor Update - 08-22-2026,high,"[""HSRC-0003"",""HSRC-0006""]",
bebop,weapon_sustained_dps,weapon,sustained_dps,41.637,0.9615,,damage_per_second,primary fire,base + boon_level * 0.9615,Minor Update - 08-22-2026,high,"[""HSRC-0003"",""HSRC-0006""]",
bebop,boon_growth_bonus_attack_range,misc,bonus_attack_range,,1.5,,meters,per boon level,stat contribution = boon_level * 1.5,Minor Update - 08-22-2026,high,"[""HSRC-0003""]",Kein separat ausgewiesener Basiswert im strukturierten Export.
bebop,boon_growth_power_increases,misc,power_increases,,1,,flat,per boon level,stat contribution = boon_level * 1,Minor Update - 08-22-2026,high,"[""HSRC-0003""]",Kein separat ausgewiesener Basiswert im strukturierten Export.
bebop,boon_growth_bullet_resist,defense,bullet_resist,,0.3,,percent,per boon level,stat contribution = boon_level * 0.3,Minor Update - 08-22-2026,high,"[""HSRC-0003""]",Kein separat ausgewiesener Basiswert im strukturierten Export.
bebop,boon_growth_tech_power,spirit,tech_power,,1.1,,flat,per boon level,stat contribution = boon_level * 1.1,Minor Update - 08-22-2026,high,"[""HSRC-0003""]",Kein separat ausgewiesener Basiswert im strukturierten Export.
billy,max_health,health,max_health,820,53,,health,base hero state,base + boon_level * 53,Minor Update - 08-22-2026,high,"[""HSRC-0003""]",
billy,base_health_regen,health,base_health_regen,2,,,health_per_second,base hero state,,Minor Update - 08-22-2026,high,"[""HSRC-0003""]",
billy,max_move_speed,movement,max_move_speed,7,,,units_per_second,base hero state,,Minor Update - 08-22-2026,high,"[""HSRC-0003""]",
billy,sprint_speed,movement,sprint_speed,1.6,,,units_per_second,base hero state,,Minor Update - 08-22-2026,high,"[""HSRC-0003""]",
billy,crouch_speed,movement,crouch_speed,4.75,,,units_per_second,base hero state,,Minor Update - 08-22-2026,high,"[""HSRC-0003""]",
billy,move_acceleration,movement,move_acceleration,4,,,units_per_second_squared,base hero state,,Minor Update - 08-22-2026,high,"[""HSRC-0003""]",
billy,ground_dash_distance_in_meters,movement,ground_dash_distance_in_meters,10,,,meters,base hero state,,Minor Update - 08-22-2026,high,"[""HSRC-0003""]",
billy,ground_dash_duration,movement,ground_dash_duration,0.68,,,seconds,base hero state,,Minor Update - 08-22-2026,high,"[""HSRC-0003""]",
billy,ground_dash_speed,movement,ground_dash_speed,14.7,,,units_per_second,base hero state,,Minor Update - 08-22-2026,high,"[""HSRC-0003""]",
billy,air_dash_distance_in_meters,movement,air_dash_distance_in_meters,8,,,meters,base hero state,,Minor Update - 08-22-2026,high,"[""HSRC-0003""]",
billy,air_dash_duration,movement,air_dash_duration,0.47,,,seconds,base hero state,,Minor Update - 08-22-2026,high,"[""HSRC-0003""]",
billy,air_dash_speed,movement,air_dash_speed,17,,,units_per_second,base hero state,,Minor Update - 08-22-2026,high,"[""HSRC-0003""]",
billy,stamina,stamina,stamina,3,,,count,base hero state,,Minor Update - 08-22-2026,high,"[""HSRC-0003""]",
billy,stamina_cooldown,stamina,stamina_cooldown,4.5000045,,,seconds,base hero state,,Minor Update - 08-22-2026,high,"[""HSRC-0003""]",
billy,stamina_regen_per_second,health,stamina_regen_per_second,0.222222,,,count_per_second,base hero state,,Minor Update - 08-22-2026,high,"[""HSRC-0003""]",
billy,light_melee_damage,melee,light_melee_damage,50,1.58,,damage,base hero state,base + boon_level * 1.58,Minor Update - 08-22-2026,high,"[""HSRC-0003""]",
billy,heavy_melee_damage,melee,heavy_melee_damage,116,3.6656,,damage,base hero state,base + boon_level * 3.6656,Minor Update - 08-22-2026,high,"[""HSRC-0003""]",
billy,hero_bullet_lifesteal_effectiveness,weapon,hero_bullet_lifesteal_effectiveness,1,,,multiplier,base hero state,,Minor Update - 08-22-2026,high,"[""HSRC-0003""]",
billy,hero_spirit_lifesteal_effectiveness,spirit,hero_spirit_lifesteal_effectiveness,1,,,multiplier,base hero state,,Minor Update - 08-22-2026,high,"[""HSRC-0003""]",
billy,crit_damage_bonus_percent,misc,crit_damage_bonus_percent,-20,,,percent,base hero state,,Minor Update - 08-22-2026,high,"[""HSRC-0003""]",
billy,crit_damage_received_percent,defense,crit_damage_received_percent,0,,,percent,base hero state,,Minor Update - 08-22-2026,high,"[""HSRC-0003""]",
billy,weapon_power_scale,misc,weapon_power_scale,1,,,multiplier,base hero state,,Minor Update - 08-22-2026,high,"[""HSRC-0003""]",
billy,proc_build_up_rate_scale,misc,proc_build_up_rate_scale,1,,,multiplier,base hero state,,Minor Update - 08-22-2026,high,"[""HSRC-0003""]",
billy,tech_range,spirit,tech_range,0,,,percent,base hero state,,Minor Update - 08-22-2026,high,"[""HSRC-0003""]",Tech bezeichnet in den Rohdaten Spirit.
billy,tech_duration,spirit,tech_duration,0,,,percent,base hero state,,Minor Update - 08-22-2026,high,"[""HSRC-0003""]",Tech bezeichnet in den Rohdaten Spirit.
billy,base_weapon_damage_increase,misc,base_weapon_damage_increase,0,,,percent,base hero state,,Minor Update - 08-22-2026,high,"[""HSRC-0003""]",
billy,reload_speed,reload,reload_speed,0,,,percent,base hero state,,Minor Update - 08-22-2026,high,"[""HSRC-0003""]",
billy,weapon_ammo_consumed_per_shot,ammo,ammo_consumed_per_shot,1,,,ammo,primary fire,,Minor Update - 08-22-2026,high,"[""HSRC-0003"",""HSRC-0006""]",
billy,weapon_bullet_damage,weapon,bullet_damage,6.3,0.127,,damage,primary fire,base + boon_level * 0.127,Minor Update - 08-22-2026,high,"[""HSRC-0003"",""HSRC-0006""]",
billy,weapon_bullet_gravity_scale,movement,bullet_gravity_scale,0,,,multiplier,primary fire,,Minor Update - 08-22-2026,high,"[""HSRC-0003"",""HSRC-0006""]",
billy,weapon_bullet_radius,weapon,bullet_radius,0.1016,,,meters,primary fire,,Minor Update - 08-22-2026,high,"[""HSRC-0003"",""HSRC-0006""]",
billy,weapon_bullet_speed,weapon,bullet_speed,513.1,,,units_per_second,primary fire,,Minor Update - 08-22-2026,high,"[""HSRC-0003"",""HSRC-0006""]",
billy,weapon_bullets_per_burst,weapon,bullets_per_burst,1,,,flat,primary fire,,Minor Update - 08-22-2026,high,"[""HSRC-0003"",""HSRC-0006""]",
billy,weapon_bullets_per_shot,weapon,bullets_per_shot,1,,,flat,primary fire,,Minor Update - 08-22-2026,high,"[""HSRC-0003"",""HSRC-0006""]",
billy,weapon_burst_inter_shot_interval,weapon,burst_inter_shot_interval,0,,,seconds,primary fire,,Minor Update - 08-22-2026,high,"[""HSRC-0003"",""HSRC-0006""]",
billy,weapon_can_crit,weapon,can_crit,true,,,flat,primary fire,,Minor Update - 08-22-2026,high,"[""HSRC-0003"",""HSRC-0006""]",
billy,weapon_clip_size,ammo,clip_size,30,,,flat,primary fire,,Minor Update - 08-22-2026,high,"[""HSRC-0003"",""HSRC-0006""]",
billy,weapon_dps,weapon,dps,74.12,1.4942,,damage_per_second,primary fire,base + boon_level * 1.4942,Minor Update - 08-22-2026,high,"[""HSRC-0003"",""HSRC-0006""]",
billy,weapon_falloff_end_range,weapon,falloff_end_range,31.75,,,meters,primary fire,,Minor Update - 08-22-2026,high,"[""HSRC-0003"",""HSRC-0006""]",
billy,weapon_falloff_end_scale,weapon,falloff_end_scale,0.1,,,multiplier,primary fire,,Minor Update - 08-22-2026,high,"[""HSRC-0003"",""HSRC-0006""]",
billy,weapon_falloff_start_range,weapon,falloff_start_range,13.97,,,meters,primary fire,,Minor Update - 08-22-2026,high,"[""HSRC-0003"",""HSRC-0006""]",
billy,weapon_hit_once_across_all_bullets,weapon,hit_once_across_all_bullets,false,,,flat,primary fire,,Minor Update - 08-22-2026,high,"[""HSRC-0003"",""HSRC-0006""]",
billy,weapon_reload_delay,reload,reload_delay,0,,,seconds,primary fire,,Minor Update - 08-22-2026,high,"[""HSRC-0003"",""HSRC-0006""]",
billy,weapon_reload_single,reload,reload_single,false,,,flat,primary fire,,Minor Update - 08-22-2026,high,"[""HSRC-0003"",""HSRC-0006""]",
billy,weapon_reload_time,reload,reload_time,2.9,,,seconds,primary fire,,Minor Update - 08-22-2026,high,"[""HSRC-0003"",""HSRC-0006""]",
billy,weapon_rounds_per_second,weapon,rounds_per_second,11.765,,,flat,primary fire,,Minor Update - 08-22-2026,high,"[""HSRC-0003"",""HSRC-0006""]",
billy,weapon_shoot_move_speed,movement,shoot_move_speed,0.75,,,units_per_second,primary fire,,Minor Update - 08-22-2026,high,"[""HSRC-0003"",""HSRC-0006""]",
billy,weapon_sustained_dps,weapon,sustained_dps,34.679,0.69909,,damage_per_second,primary fire,base + boon_level * 0.69909,Minor Update - 08-22-2026,high,"[""HSRC-0003"",""HSRC-0006""]",
billy,boon_growth_power_increases,misc,power_increases,,1,,flat,per boon level,stat contribution = boon_level * 1,Minor Update - 08-22-2026,high,"[""HSRC-0003""]",Kein separat ausgewiesener Basiswert im strukturierten Export.
billy,boon_growth_tech_power,spirit,tech_power,,1.1,,flat,per boon level,stat contribution = boon_level * 1.1,Minor Update - 08-22-2026,high,"[""HSRC-0003""]",Kein separat ausgewiesener Basiswert im strukturierten Export.
calico,max_health,health,max_health,730,37,,health,base hero state,base + boon_level * 37,Minor Update - 08-22-2026,high,"[""HSRC-0003""]",
calico,base_health_regen,health,base_health_regen,2,,,health_per_second,base hero state,,Minor Update - 08-22-2026,high,"[""HSRC-0003""]",
calico,max_move_speed,movement,max_move_speed,6.8,,,units_per_second,base hero state,,Minor Update - 08-22-2026,high,"[""HSRC-0003""]",
calico,sprint_speed,movement,sprint_speed,1.6,,,units_per_second,base hero state,,Minor Update - 08-22-2026,high,"[""HSRC-0003""]",
calico,crouch_speed,movement,crouch_speed,4.75,,,units_per_second,base hero state,,Minor Update - 08-22-2026,high,"[""HSRC-0003""]",
calico,move_acceleration,movement,move_acceleration,4,,,units_per_second_squared,base hero state,,Minor Update - 08-22-2026,high,"[""HSRC-0003""]",
calico,ground_dash_distance_in_meters,movement,ground_dash_distance_in_meters,10,,,meters,base hero state,,Minor Update - 08-22-2026,high,"[""HSRC-0003""]",
calico,ground_dash_duration,movement,ground_dash_duration,0.62,,,seconds,base hero state,,Minor Update - 08-22-2026,high,"[""HSRC-0003""]",
calico,ground_dash_speed,movement,ground_dash_speed,16.1,,,units_per_second,base hero state,,Minor Update - 08-22-2026,high,"[""HSRC-0003""]",
calico,air_dash_distance_in_meters,movement,air_dash_distance_in_meters,8,,,meters,base hero state,,Minor Update - 08-22-2026,high,"[""HSRC-0003""]",
calico,air_dash_duration,movement,air_dash_duration,0.43,,,seconds,base hero state,,Minor Update - 08-22-2026,high,"[""HSRC-0003""]",
calico,air_dash_speed,movement,air_dash_speed,18.6,,,units_per_second,base hero state,,Minor Update - 08-22-2026,high,"[""HSRC-0003""]",
calico,stamina,stamina,stamina,3,,,count,base hero state,,Minor Update - 08-22-2026,high,"[""HSRC-0003""]",
calico,stamina_cooldown,stamina,stamina_cooldown,4.5000045,,,seconds,base hero state,,Minor Update - 08-22-2026,high,"[""HSRC-0003""]",
calico,stamina_regen_per_second,health,stamina_regen_per_second,0.222222,,,count_per_second,base hero state,,Minor Update - 08-22-2026,high,"[""HSRC-0003""]",
calico,light_melee_damage,melee,light_melee_damage,63,1.58,,damage,base hero state,base + boon_level * 1.58,Minor Update - 08-22-2026,high,"[""HSRC-0003""]",
calico,heavy_melee_damage,melee,heavy_melee_damage,116,2.9092,,damage,base hero state,base + boon_level * 2.9092,Minor Update - 08-22-2026,high,"[""HSRC-0003""]",
calico,hero_bullet_lifesteal_effectiveness,weapon,hero_bullet_lifesteal_effectiveness,1,,,multiplier,base hero state,,Minor Update - 08-22-2026,high,"[""HSRC-0003""]",
calico,hero_spirit_lifesteal_effectiveness,spirit,hero_spirit_lifesteal_effectiveness,1,,,multiplier,base hero state,,Minor Update - 08-22-2026,high,"[""HSRC-0003""]",
calico,crit_damage_bonus_percent,misc,crit_damage_bonus_percent,0,,,percent,base hero state,,Minor Update - 08-22-2026,high,"[""HSRC-0003""]",
calico,crit_damage_received_percent,defense,crit_damage_received_percent,0,,,percent,base hero state,,Minor Update - 08-22-2026,high,"[""HSRC-0003""]",
calico,weapon_power_scale,misc,weapon_power_scale,1,,,multiplier,base hero state,,Minor Update - 08-22-2026,high,"[""HSRC-0003""]",
calico,proc_build_up_rate_scale,misc,proc_build_up_rate_scale,1,,,multiplier,base hero state,,Minor Update - 08-22-2026,high,"[""HSRC-0003""]",
calico,tech_range,spirit,tech_range,0,,,percent,base hero state,,Minor Update - 08-22-2026,high,"[""HSRC-0003""]",Tech bezeichnet in den Rohdaten Spirit.
calico,tech_duration,spirit,tech_duration,0,,,percent,base hero state,,Minor Update - 08-22-2026,high,"[""HSRC-0003""]",Tech bezeichnet in den Rohdaten Spirit.
calico,base_weapon_damage_increase,misc,base_weapon_damage_increase,0,,,percent,base hero state,,Minor Update - 08-22-2026,high,"[""HSRC-0003""]",
calico,reload_speed,reload,reload_speed,0,,,percent,base hero state,,Minor Update - 08-22-2026,high,"[""HSRC-0003""]",
calico,weapon_ammo_consumed_per_shot,ammo,ammo_consumed_per_shot,1,,,ammo,primary fire,,Minor Update - 08-22-2026,high,"[""HSRC-0003"",""HSRC-0006""]",
calico,weapon_bullet_damage,weapon,bullet_damage,1.84,0.043,,damage,primary fire,base + boon_level * 0.043,Minor Update - 08-22-2026,high,"[""HSRC-0003"",""HSRC-0006""]",
calico,weapon_bullet_gravity_scale,movement,bullet_gravity_scale,0,,,multiplier,primary fire,,Minor Update - 08-22-2026,high,"[""HSRC-0003"",""HSRC-0006""]",
calico,weapon_bullet_radius,weapon,bullet_radius,0.0762,,,meters,primary fire,,Minor Update - 08-22-2026,high,"[""HSRC-0003"",""HSRC-0006""]",
calico,weapon_bullet_speed,weapon,bullet_speed,317.5,,,units_per_second,primary fire,,Minor Update - 08-22-2026,high,"[""HSRC-0003"",""HSRC-0006""]",
calico,weapon_bullets_per_burst,weapon,bullets_per_burst,1,,,flat,primary fire,,Minor Update - 08-22-2026,high,"[""HSRC-0003"",""HSRC-0006""]",
calico,weapon_bullets_per_shot,weapon,bullets_per_shot,9,,,flat,primary fire,,Minor Update - 08-22-2026,high,"[""HSRC-0003"",""HSRC-0006""]",
calico,weapon_burst_inter_shot_interval,weapon,burst_inter_shot_interval,0,,,seconds,primary fire,,Minor Update - 08-22-2026,high,"[""HSRC-0003"",""HSRC-0006""]",
calico,weapon_can_crit,weapon,can_crit,true,,,flat,primary fire,,Minor Update - 08-22-2026,high,"[""HSRC-0003"",""HSRC-0006""]",
calico,weapon_clip_size,ammo,clip_size,12,,,flat,primary fire,,Minor Update - 08-22-2026,high,"[""HSRC-0003"",""HSRC-0006""]",
calico,weapon_dps,weapon,dps,78.857,1.8429,,damage_per_second,primary fire,base + boon_level * 1.8429,Minor Update - 08-22-2026,high,"[""HSRC-0003"",""HSRC-0006""]",
calico,weapon_falloff_end_range,weapon,falloff_end_range,57.51,,,meters,primary fire,,Minor Update - 08-22-2026,high,"[""HSRC-0003"",""HSRC-0006""]",
calico,weapon_falloff_end_scale,weapon,falloff_end_scale,0.1,,,multiplier,primary fire,,Minor Update - 08-22-2026,high,"[""HSRC-0003"",""HSRC-0006""]",
calico,weapon_falloff_start_range,weapon,falloff_start_range,19.99,,,meters,primary fire,,Minor Update - 08-22-2026,high,"[""HSRC-0003"",""HSRC-0006""]",
calico,weapon_hit_once_across_all_bullets,weapon,hit_once_across_all_bullets,false,,,flat,primary fire,,Minor Update - 08-22-2026,high,"[""HSRC-0003"",""HSRC-0006""]",
calico,weapon_reload_delay,reload,reload_delay,0,,,seconds,primary fire,,Minor Update - 08-22-2026,high,"[""HSRC-0003"",""HSRC-0006""]",
calico,weapon_reload_single,reload,reload_single,false,,,flat,primary fire,,Minor Update - 08-22-2026,high,"[""HSRC-0003"",""HSRC-0006""]",
calico,weapon_reload_time,reload,reload_time,2.6,,,seconds,primary fire,,Minor Update - 08-22-2026,high,"[""HSRC-0003"",""HSRC-0006""]",
calico,weapon_rounds_per_second,weapon,rounds_per_second,4.7619,,,flat,primary fire,,Minor Update - 08-22-2026,high,"[""HSRC-0003"",""HSRC-0006""]",
calico,weapon_shoot_move_speed,movement,shoot_move_speed,0.75,,,units_per_second,primary fire,,Minor Update - 08-22-2026,high,"[""HSRC-0003"",""HSRC-0006""]",
calico,weapon_sustained_dps,weapon,sustained_dps,38.812,0.90703,,damage_per_second,primary fire,base + boon_level * 0.90703,Minor Update - 08-22-2026,high,"[""HSRC-0003"",""HSRC-0006""]",
calico,boon_growth_power_increases,misc,power_increases,,1,,flat,per boon level,stat contribution = boon_level * 1,Minor Update - 08-22-2026,high,"[""HSRC-0003""]",Kein separat ausgewiesener Basiswert im strukturierten Export.
calico,boon_growth_tech_power,spirit,tech_power,,1.1,,flat,per boon level,stat contribution = boon_level * 1.1,Minor Update - 08-22-2026,high,"[""HSRC-0003""]",Kein separat ausgewiesener Basiswert im strukturierten Export.
celeste,max_health,health,max_health,690,33,,health,base hero state,base + boon_level * 33,Minor Update - 08-22-2026,high,"[""HSRC-0003""]",
celeste,base_health_regen,health,base_health_regen,1,,,health_per_second,base hero state,,Minor Update - 08-22-2026,high,"[""HSRC-0003""]",
celeste,max_move_speed,movement,max_move_speed,6.2,,,units_per_second,base hero state,,Minor Update - 08-22-2026,high,"[""HSRC-0003""]",
celeste,sprint_speed,movement,sprint_speed,1.6,,,units_per_second,base hero state,,Minor Update - 08-22-2026,high,"[""HSRC-0003""]",
celeste,crouch_speed,movement,crouch_speed,4.75,,,units_per_second,base hero state,,Minor Update - 08-22-2026,high,"[""HSRC-0003""]",
celeste,move_acceleration,movement,move_acceleration,4,,,units_per_second_squared,base hero state,,Minor Update - 08-22-2026,high,"[""HSRC-0003""]",
celeste,gravity_change,movement,gravity_change,-25,,,percent,base hero state,,Minor Update - 08-22-2026,high,"[""HSRC-0003""]",
celeste,air_control_percent,movement,air_control_percent,44,,,percent,base hero state,,Minor Update - 08-22-2026,high,"[""HSRC-0003""]",
celeste,air_control_accel_percent,movement,air_control_accel_percent,10,,,percent,base hero state,,Minor Update - 08-22-2026,high,"[""HSRC-0003""]",
celeste,ground_dash_distance_in_meters,movement,ground_dash_distance_in_meters,10,,,meters,base hero state,,Minor Update - 08-22-2026,high,"[""HSRC-0003""]",
celeste,ground_dash_duration,movement,ground_dash_duration,0.62,,,seconds,base hero state,,Minor Update - 08-22-2026,high,"[""HSRC-0003""]",
celeste,ground_dash_speed,movement,ground_dash_speed,16.1,,,units_per_second,base hero state,,Minor Update - 08-22-2026,high,"[""HSRC-0003""]",
celeste,air_dash_distance_in_meters,movement,air_dash_distance_in_meters,8,,,meters,base hero state,,Minor Update - 08-22-2026,high,"[""HSRC-0003""]",
celeste,air_dash_duration,movement,air_dash_duration,0.43,,,seconds,base hero state,,Minor Update - 08-22-2026,high,"[""HSRC-0003""]",
celeste,air_dash_speed,movement,air_dash_speed,18.6,,,units_per_second,base hero state,,Minor Update - 08-22-2026,high,"[""HSRC-0003""]",
celeste,stamina,stamina,stamina,4,,,count,base hero state,,Minor Update - 08-22-2026,high,"[""HSRC-0003""]",
celeste,stamina_cooldown,stamina,stamina_cooldown,5,,,seconds,base hero state,,Minor Update - 08-22-2026,high,"[""HSRC-0003""]",
celeste,stamina_regen_per_second,health,stamina_regen_per_second,0.2,,,count_per_second,base hero state,,Minor Update - 08-22-2026,high,"[""HSRC-0003""]",
celeste,light_melee_damage,melee,light_melee_damage,50,1.58,,damage,base hero state,base + boon_level * 1.58,Minor Update - 08-22-2026,high,"[""HSRC-0003""]",
celeste,heavy_melee_damage,melee,heavy_melee_damage,116,3.6656,,damage,base hero state,base + boon_level * 3.6656,Minor Update - 08-22-2026,high,"[""HSRC-0003""]",
celeste,hero_bullet_lifesteal_effectiveness,weapon,hero_bullet_lifesteal_effectiveness,1,,,multiplier,base hero state,,Minor Update - 08-22-2026,high,"[""HSRC-0003""]",
celeste,hero_spirit_lifesteal_effectiveness,spirit,hero_spirit_lifesteal_effectiveness,1,,,multiplier,base hero state,,Minor Update - 08-22-2026,high,"[""HSRC-0003""]",
celeste,crit_damage_bonus_percent,misc,crit_damage_bonus_percent,-25,,,percent,base hero state,,Minor Update - 08-22-2026,high,"[""HSRC-0003""]",
celeste,crit_damage_received_percent,defense,crit_damage_received_percent,0,,,percent,base hero state,,Minor Update - 08-22-2026,high,"[""HSRC-0003""]",
celeste,weapon_power_scale,misc,weapon_power_scale,1,,,multiplier,base hero state,,Minor Update - 08-22-2026,high,"[""HSRC-0003""]",
celeste,proc_build_up_rate_scale,misc,proc_build_up_rate_scale,1,,,multiplier,base hero state,,Minor Update - 08-22-2026,high,"[""HSRC-0003""]",
celeste,tech_range,spirit,tech_range,0,,,percent,base hero state,,Minor Update - 08-22-2026,high,"[""HSRC-0003""]",Tech bezeichnet in den Rohdaten Spirit.
celeste,tech_duration,spirit,tech_duration,0,,,percent,base hero state,,Minor Update - 08-22-2026,high,"[""HSRC-0003""]",Tech bezeichnet in den Rohdaten Spirit.
celeste,base_weapon_damage_increase,misc,base_weapon_damage_increase,0,,,percent,base hero state,,Minor Update - 08-22-2026,high,"[""HSRC-0003""]",
celeste,reload_speed,reload,reload_speed,0,,,percent,base hero state,,Minor Update - 08-22-2026,high,"[""HSRC-0003""]",
celeste,weapon_ammo_consumed_per_shot,ammo,ammo_consumed_per_shot,1,,,ammo,primary fire,,Minor Update - 08-22-2026,high,"[""HSRC-0003"",""HSRC-0006""]",
celeste,weapon_bullet_damage,weapon,bullet_damage,18,0.82,,damage,primary fire,base + boon_level * 0.82,Minor Update - 08-22-2026,high,"[""HSRC-0003"",""HSRC-0006""]",
celeste,weapon_bullet_gravity_scale,movement,bullet_gravity_scale,0.2,,,multiplier,primary fire,,Minor Update - 08-22-2026,high,"[""HSRC-0003"",""HSRC-0006""]",
celeste,weapon_bullet_radius,weapon,bullet_radius,0.4572,,,meters,primary fire,,Minor Update - 08-22-2026,high,"[""HSRC-0003"",""HSRC-0006""]",
celeste,weapon_bullet_speed,weapon,bullet_speed,50,,,units_per_second,primary fire,,Minor Update - 08-22-2026,high,"[""HSRC-0003"",""HSRC-0006""]",
celeste,weapon_bullets_per_burst,weapon,bullets_per_burst,1,,,flat,primary fire,,Minor Update - 08-22-2026,high,"[""HSRC-0003"",""HSRC-0006""]",
celeste,weapon_bullets_per_shot,weapon,bullets_per_shot,1,,,flat,primary fire,,Minor Update - 08-22-2026,high,"[""HSRC-0003"",""HSRC-0006""]",
celeste,weapon_burst_inter_shot_interval,weapon,burst_inter_shot_interval,0,,,seconds,primary fire,,Minor Update - 08-22-2026,high,"[""HSRC-0003"",""HSRC-0006""]",
celeste,weapon_can_crit,weapon,can_crit,true,,,flat,primary fire,,Minor Update - 08-22-2026,high,"[""HSRC-0003"",""HSRC-0006""]",
celeste,weapon_clip_size,ammo,clip_size,8,,,flat,primary fire,,Minor Update - 08-22-2026,high,"[""HSRC-0003"",""HSRC-0006""]",
celeste,weapon_dps,weapon,dps,31.034,1.4138,,damage_per_second,primary fire,base + boon_level * 1.4138,Minor Update - 08-22-2026,high,"[""HSRC-0003"",""HSRC-0006""]",
celeste,weapon_explosion_radius,weapon,explosion_radius,0,,,meters,primary fire,,Minor Update - 08-22-2026,high,"[""HSRC-0003"",""HSRC-0006""]",
celeste,weapon_falloff_end_range,weapon,falloff_end_range,60,,,meters,primary fire,,Minor Update - 08-22-2026,high,"[""HSRC-0003"",""HSRC-0006""]",
celeste,weapon_falloff_end_scale,weapon,falloff_end_scale,0.1,,,multiplier,primary fire,,Minor Update - 08-22-2026,high,"[""HSRC-0003"",""HSRC-0006""]",
celeste,weapon_falloff_start_range,weapon,falloff_start_range,22,,,meters,primary fire,,Minor Update - 08-22-2026,high,"[""HSRC-0003"",""HSRC-0006""]",
celeste,weapon_hit_once_across_all_bullets,weapon,hit_once_across_all_bullets,false,,,flat,primary fire,,Minor Update - 08-22-2026,high,"[""HSRC-0003"",""HSRC-0006""]",
celeste,weapon_reload_delay,reload,reload_delay,0,,,seconds,primary fire,,Minor Update - 08-22-2026,high,"[""HSRC-0003"",""HSRC-0006""]",
celeste,weapon_reload_single,reload,reload_single,false,,,flat,primary fire,,Minor Update - 08-22-2026,high,"[""HSRC-0003"",""HSRC-0006""]",
celeste,weapon_reload_time,reload,reload_time,2,,,seconds,primary fire,,Minor Update - 08-22-2026,high,"[""HSRC-0003"",""HSRC-0006""]",
celeste,weapon_rounds_per_second,weapon,rounds_per_second,1.7241,,,flat,primary fire,,Minor Update - 08-22-2026,high,"[""HSRC-0003"",""HSRC-0006""]",
celeste,weapon_shoot_move_speed,movement,shoot_move_speed,0.75,,,units_per_second,primary fire,,Minor Update - 08-22-2026,high,"[""HSRC-0003"",""HSRC-0006""]",
celeste,weapon_sustained_dps,weapon,sustained_dps,21.686,0.98794,,damage_per_second,primary fire,base + boon_level * 0.98794,Minor Update - 08-22-2026,high,"[""HSRC-0003"",""HSRC-0006""]",
celeste,boon_growth_power_increases,misc,power_increases,,1,,flat,per boon level,stat contribution = boon_level * 1,Minor Update - 08-22-2026,high,"[""HSRC-0003""]",Kein separat ausgewiesener Basiswert im strukturierten Export.
celeste,boon_growth_tech_power,spirit,tech_power,,1.1,,flat,per boon level,stat contribution = boon_level * 1.1,Minor Update - 08-22-2026,high,"[""HSRC-0003""]",Kein separat ausgewiesener Basiswert im strukturierten Export.
drifter,max_health,health,max_health,755,41,,health,base hero state,base + boon_level * 41,Minor Update - 08-22-2026,high,"[""HSRC-0003""]",
drifter,base_health_regen,health,base_health_regen,3.5,,,health_per_second,base hero state,,Minor Update - 08-22-2026,high,"[""HSRC-0003""]",
drifter,max_move_speed,movement,max_move_speed,6.9,,,units_per_second,base hero state,,Minor Update - 08-22-2026,high,"[""HSRC-0003""]",
drifter,sprint_speed,movement,sprint_speed,1.6,,,units_per_second,base hero state,,Minor Update - 08-22-2026,high,"[""HSRC-0003""]",
drifter,crouch_speed,movement,crouch_speed,4.75,,,units_per_second,base hero state,,Minor Update - 08-22-2026,high,"[""HSRC-0003""]",
drifter,move_acceleration,movement,move_acceleration,4,,,units_per_second_squared,base hero state,,Minor Update - 08-22-2026,high,"[""HSRC-0003""]",
drifter,ground_dash_distance_in_meters,movement,ground_dash_distance_in_meters,10,,,meters,base hero state,,Minor Update - 08-22-2026,high,"[""HSRC-0003""]",
drifter,ground_dash_duration,movement,ground_dash_duration,0.68,,,seconds,base hero state,,Minor Update - 08-22-2026,high,"[""HSRC-0003""]",
drifter,ground_dash_speed,movement,ground_dash_speed,14.7,,,units_per_second,base hero state,,Minor Update - 08-22-2026,high,"[""HSRC-0003""]",
drifter,air_dash_distance_in_meters,movement,air_dash_distance_in_meters,8,,,meters,base hero state,,Minor Update - 08-22-2026,high,"[""HSRC-0003""]",
drifter,air_dash_duration,movement,air_dash_duration,0.47,,,seconds,base hero state,,Minor Update - 08-22-2026,high,"[""HSRC-0003""]",
drifter,air_dash_speed,movement,air_dash_speed,17,,,units_per_second,base hero state,,Minor Update - 08-22-2026,high,"[""HSRC-0003""]",
drifter,stamina,stamina,stamina,3,,,count,base hero state,,Minor Update - 08-22-2026,high,"[""HSRC-0003""]",
drifter,stamina_cooldown,stamina,stamina_cooldown,4.5000045,,,seconds,base hero state,,Minor Update - 08-22-2026,high,"[""HSRC-0003""]",
drifter,stamina_regen_per_second,health,stamina_regen_per_second,0.222222,,,count_per_second,base hero state,,Minor Update - 08-22-2026,high,"[""HSRC-0003""]",
drifter,light_melee_damage,melee,light_melee_damage,51.5,1.58,,damage,base hero state,base + boon_level * 1.58,Minor Update - 08-22-2026,high,"[""HSRC-0003""]",
drifter,heavy_melee_damage,melee,heavy_melee_damage,120,3.6816,,damage,base hero state,base + boon_level * 3.6816,Minor Update - 08-22-2026,high,"[""HSRC-0003""]",
drifter,hero_bullet_lifesteal_effectiveness,weapon,hero_bullet_lifesteal_effectiveness,1,,,multiplier,base hero state,,Minor Update - 08-22-2026,high,"[""HSRC-0003""]",
drifter,hero_spirit_lifesteal_effectiveness,spirit,hero_spirit_lifesteal_effectiveness,1,,,multiplier,base hero state,,Minor Update - 08-22-2026,high,"[""HSRC-0003""]",
drifter,crit_damage_bonus_percent,misc,crit_damage_bonus_percent,-45,,,percent,base hero state,,Minor Update - 08-22-2026,high,"[""HSRC-0003""]",
drifter,crit_damage_received_percent,defense,crit_damage_received_percent,0,,,percent,base hero state,,Minor Update - 08-22-2026,high,"[""HSRC-0003""]",
drifter,weapon_power_scale,misc,weapon_power_scale,1,,,multiplier,base hero state,,Minor Update - 08-22-2026,high,"[""HSRC-0003""]",
drifter,proc_build_up_rate_scale,misc,proc_build_up_rate_scale,1,,,multiplier,base hero state,,Minor Update - 08-22-2026,high,"[""HSRC-0003""]",
drifter,tech_range,spirit,tech_range,0,,,percent,base hero state,,Minor Update - 08-22-2026,high,"[""HSRC-0003""]",Tech bezeichnet in den Rohdaten Spirit.
drifter,tech_duration,spirit,tech_duration,0,,,percent,base hero state,,Minor Update - 08-22-2026,high,"[""HSRC-0003""]",Tech bezeichnet in den Rohdaten Spirit.
drifter,base_weapon_damage_increase,misc,base_weapon_damage_increase,0,,,percent,base hero state,,Minor Update - 08-22-2026,high,"[""HSRC-0003""]",
drifter,reload_speed,reload,reload_speed,0,,,percent,base hero state,,Minor Update - 08-22-2026,high,"[""HSRC-0003""]",
drifter,weapon_ammo_consumed_per_shot,ammo,ammo_consumed_per_shot,1,,,ammo,primary fire,,Minor Update - 08-22-2026,high,"[""HSRC-0003"",""HSRC-0006""]",
drifter,weapon_bullet_damage,weapon,bullet_damage,19.5,0.49,,damage,primary fire,base + boon_level * 0.49,Minor Update - 08-22-2026,high,"[""HSRC-0003"",""HSRC-0006""]",
drifter,weapon_bullet_gravity_scale,movement,bullet_gravity_scale,0,,,multiplier,primary fire,,Minor Update - 08-22-2026,high,"[""HSRC-0003"",""HSRC-0006""]",
drifter,weapon_bullet_radius,weapon,bullet_radius,0.1524,,,meters,primary fire,,Minor Update - 08-22-2026,high,"[""HSRC-0003"",""HSRC-0006""]",
drifter,weapon_bullet_speed,weapon,bullet_speed,508,,,units_per_second,primary fire,,Minor Update - 08-22-2026,high,"[""HSRC-0003"",""HSRC-0006""]",
drifter,weapon_bullets_per_burst,weapon,bullets_per_burst,1,,,flat,primary fire,,Minor Update - 08-22-2026,high,"[""HSRC-0003"",""HSRC-0006""]",
drifter,weapon_bullets_per_shot,weapon,bullets_per_shot,3,,,flat,primary fire,,Minor Update - 08-22-2026,high,"[""HSRC-0003"",""HSRC-0006""]",
drifter,weapon_burst_inter_shot_interval,weapon,burst_inter_shot_interval,0,,,seconds,primary fire,,Minor Update - 08-22-2026,high,"[""HSRC-0003"",""HSRC-0006""]",
drifter,weapon_can_crit,weapon,can_crit,true,,,flat,primary fire,,Minor Update - 08-22-2026,high,"[""HSRC-0003"",""HSRC-0006""]",
drifter,weapon_clip_size,ammo,clip_size,12,,,flat,primary fire,,Minor Update - 08-22-2026,high,"[""HSRC-0003"",""HSRC-0006""]",
drifter,weapon_dps,weapon,dps,44.218,1.1111,,damage_per_second,primary fire,base + boon_level * 1.1111,Minor Update - 08-22-2026,high,"[""HSRC-0003"",""HSRC-0006""]",
drifter,weapon_falloff_end_range,weapon,falloff_end_range,27,,,meters,primary fire,,Minor Update - 08-22-2026,high,"[""HSRC-0003"",""HSRC-0006""]",
drifter,weapon_falloff_end_scale,weapon,falloff_end_scale,0.6,,,multiplier,primary fire,,Minor Update - 08-22-2026,high,"[""HSRC-0003"",""HSRC-0006""]",
drifter,weapon_falloff_start_range,weapon,falloff_start_range,22,,,meters,primary fire,,Minor Update - 08-22-2026,high,"[""HSRC-0003"",""HSRC-0006""]",
drifter,weapon_hit_once_across_all_bullets,weapon,hit_once_across_all_bullets,true,,,flat,primary fire,,Minor Update - 08-22-2026,high,"[""HSRC-0003"",""HSRC-0006""]",
drifter,weapon_reload_delay,reload,reload_delay,0,,,seconds,primary fire,,Minor Update - 08-22-2026,high,"[""HSRC-0003"",""HSRC-0006""]",
drifter,weapon_reload_single,reload,reload_single,false,,,flat,primary fire,,Minor Update - 08-22-2026,high,"[""HSRC-0003"",""HSRC-0006""]",
drifter,weapon_reload_time,reload,reload_time,2.444,,,seconds,primary fire,,Minor Update - 08-22-2026,high,"[""HSRC-0003"",""HSRC-0006""]",
drifter,weapon_rounds_per_second,weapon,rounds_per_second,2.2676,,,flat,primary fire,,Minor Update - 08-22-2026,high,"[""HSRC-0003"",""HSRC-0006""]",
drifter,weapon_shoot_move_speed,movement,shoot_move_speed,0.75,,,units_per_second,primary fire,,Minor Update - 08-22-2026,high,"[""HSRC-0003"",""HSRC-0006""]",
drifter,weapon_sustained_dps,weapon,sustained_dps,30.248,0.76009,,damage_per_second,primary fire,base + boon_level * 0.76009,Minor Update - 08-22-2026,high,"[""HSRC-0003"",""HSRC-0006""]",
drifter,boon_growth_power_increases,misc,power_increases,,1,,flat,per boon level,stat contribution = boon_level * 1,Minor Update - 08-22-2026,high,"[""HSRC-0003""]",Kein separat ausgewiesener Basiswert im strukturierten Export.
drifter,boon_growth_tech_power,spirit,tech_power,,1.1,,flat,per boon level,stat contribution = boon_level * 1.1,Minor Update - 08-22-2026,high,"[""HSRC-0003""]",Kein separat ausgewiesener Basiswert im strukturierten Export.
dynamo,max_health,health,max_health,880,61,,health,base hero state,base + boon_level * 61,Minor Update - 08-22-2026,high,"[""HSRC-0003""]",
dynamo,base_health_regen,health,base_health_regen,1.75,,,health_per_second,base hero state,,Minor Update - 08-22-2026,high,"[""HSRC-0003""]",
dynamo,max_move_speed,movement,max_move_speed,6.7,,,units_per_second,base hero state,,Minor Update - 08-22-2026,high,"[""HSRC-0003""]",
dynamo,sprint_speed,movement,sprint_speed,1.6,,,units_per_second,base hero state,,Minor Update - 08-22-2026,high,"[""HSRC-0003""]",
dynamo,crouch_speed,movement,crouch_speed,4.75,,,units_per_second,base hero state,,Minor Update - 08-22-2026,high,"[""HSRC-0003""]",
dynamo,move_acceleration,movement,move_acceleration,4,,,units_per_second_squared,base hero state,,Minor Update - 08-22-2026,high,"[""HSRC-0003""]",
dynamo,ground_dash_distance_in_meters,movement,ground_dash_distance_in_meters,10,,,meters,base hero state,,Minor Update - 08-22-2026,high,"[""HSRC-0003""]",
dynamo,ground_dash_duration,movement,ground_dash_duration,0.72,,,seconds,base hero state,,Minor Update - 08-22-2026,high,"[""HSRC-0003""]",
dynamo,ground_dash_speed,movement,ground_dash_speed,13.9,,,units_per_second,base hero state,,Minor Update - 08-22-2026,high,"[""HSRC-0003""]",
dynamo,air_dash_distance_in_meters,movement,air_dash_distance_in_meters,8,,,meters,base hero state,,Minor Update - 08-22-2026,high,"[""HSRC-0003""]",
dynamo,air_dash_duration,movement,air_dash_duration,0.51,,,seconds,base hero state,,Minor Update - 08-22-2026,high,"[""HSRC-0003""]",
dynamo,air_dash_speed,movement,air_dash_speed,15.7,,,units_per_second,base hero state,,Minor Update - 08-22-2026,high,"[""HSRC-0003""]",
dynamo,stamina,stamina,stamina,3,,,count,base hero state,,Minor Update - 08-22-2026,high,"[""HSRC-0003""]",
dynamo,stamina_cooldown,stamina,stamina_cooldown,4.5000045,,,seconds,base hero state,,Minor Update - 08-22-2026,high,"[""HSRC-0003""]",
dynamo,stamina_regen_per_second,health,stamina_regen_per_second,0.222222,,,count_per_second,base hero state,,Minor Update - 08-22-2026,high,"[""HSRC-0003""]",
dynamo,light_melee_damage,melee,light_melee_damage,50,1.58,,damage,base hero state,base + boon_level * 1.58,Minor Update - 08-22-2026,high,"[""HSRC-0003""]",
dynamo,heavy_melee_damage,melee,heavy_melee_damage,116,3.6656,,damage,base hero state,base + boon_level * 3.6656,Minor Update - 08-22-2026,high,"[""HSRC-0003""]",
dynamo,hero_bullet_lifesteal_effectiveness,weapon,hero_bullet_lifesteal_effectiveness,1,,,multiplier,base hero state,,Minor Update - 08-22-2026,high,"[""HSRC-0003""]",
dynamo,hero_spirit_lifesteal_effectiveness,spirit,hero_spirit_lifesteal_effectiveness,1,,,multiplier,base hero state,,Minor Update - 08-22-2026,high,"[""HSRC-0003""]",
dynamo,crit_damage_bonus_percent,misc,crit_damage_bonus_percent,0,,,percent,base hero state,,Minor Update - 08-22-2026,high,"[""HSRC-0003""]",
dynamo,crit_damage_received_percent,defense,crit_damage_received_percent,0,,,percent,base hero state,,Minor Update - 08-22-2026,high,"[""HSRC-0003""]",
dynamo,weapon_power_scale,misc,weapon_power_scale,1,,,multiplier,base hero state,,Minor Update - 08-22-2026,high,"[""HSRC-0003""]",
dynamo,proc_build_up_rate_scale,misc,proc_build_up_rate_scale,1,,,multiplier,base hero state,,Minor Update - 08-22-2026,high,"[""HSRC-0003""]",
dynamo,tech_range,spirit,tech_range,0,,,percent,base hero state,,Minor Update - 08-22-2026,high,"[""HSRC-0003""]",Tech bezeichnet in den Rohdaten Spirit.
dynamo,tech_duration,spirit,tech_duration,0,,,percent,base hero state,,Minor Update - 08-22-2026,high,"[""HSRC-0003""]",Tech bezeichnet in den Rohdaten Spirit.
dynamo,base_weapon_damage_increase,misc,base_weapon_damage_increase,0,,,percent,base hero state,,Minor Update - 08-22-2026,high,"[""HSRC-0003""]",
dynamo,reload_speed,reload,reload_speed,0,,,percent,base hero state,,Minor Update - 08-22-2026,high,"[""HSRC-0003""]",
dynamo,weapon_ammo_consumed_per_shot,ammo,ammo_consumed_per_shot,1,,,ammo,primary fire,,Minor Update - 08-22-2026,high,"[""HSRC-0003"",""HSRC-0006""]",
dynamo,weapon_bullet_damage,weapon,bullet_damage,12.6,0.5,,damage,primary fire,base + boon_level * 0.5,Minor Update - 08-22-2026,high,"[""HSRC-0003"",""HSRC-0006""]",
dynamo,weapon_bullet_gravity_scale,movement,bullet_gravity_scale,0.8,,,multiplier,primary fire,,Minor Update - 08-22-2026,high,"[""HSRC-0003"",""HSRC-0006""]",
dynamo,weapon_bullet_radius,weapon,bullet_radius,0.1524,,,meters,primary fire,,Minor Update - 08-22-2026,high,"[""HSRC-0003"",""HSRC-0006""]",
dynamo,weapon_bullet_speed,weapon,bullet_speed,320,,,units_per_second,primary fire,,Minor Update - 08-22-2026,high,"[""HSRC-0003"",""HSRC-0006""]",
dynamo,weapon_bullets_per_burst,weapon,bullets_per_burst,1,,,flat,primary fire,,Minor Update - 08-22-2026,high,"[""HSRC-0003"",""HSRC-0006""]",
dynamo,weapon_bullets_per_shot,weapon,bullets_per_shot,1,,,flat,primary fire,,Minor Update - 08-22-2026,high,"[""HSRC-0003"",""HSRC-0006""]",
dynamo,weapon_burst_inter_shot_interval,weapon,burst_inter_shot_interval,0,,,seconds,primary fire,,Minor Update - 08-22-2026,high,"[""HSRC-0003"",""HSRC-0006""]",
dynamo,weapon_can_crit,weapon,can_crit,true,,,flat,primary fire,,Minor Update - 08-22-2026,high,"[""HSRC-0003"",""HSRC-0006""]",
dynamo,weapon_clip_size,ammo,clip_size,20,,,flat,primary fire,,Minor Update - 08-22-2026,high,"[""HSRC-0003"",""HSRC-0006""]",
dynamo,weapon_dps,weapon,dps,48,1.9047,,damage_per_second,primary fire,base + boon_level * 1.9047,Minor Update - 08-22-2026,high,"[""HSRC-0003"",""HSRC-0006""]",
dynamo,weapon_falloff_end_range,weapon,falloff_end_range,57.51,,,meters,primary fire,,Minor Update - 08-22-2026,high,"[""HSRC-0003"",""HSRC-0006""]",
dynamo,weapon_falloff_end_scale,weapon,falloff_end_scale,0.1,,,multiplier,primary fire,,Minor Update - 08-22-2026,high,"[""HSRC-0003"",""HSRC-0006""]",
dynamo,weapon_falloff_start_range,weapon,falloff_start_range,19.99,,,meters,primary fire,,Minor Update - 08-22-2026,high,"[""HSRC-0003"",""HSRC-0006""]",
dynamo,weapon_hit_once_across_all_bullets,weapon,hit_once_across_all_bullets,false,,,flat,primary fire,,Minor Update - 08-22-2026,high,"[""HSRC-0003"",""HSRC-0006""]",
dynamo,weapon_reload_delay,reload,reload_delay,0,,,seconds,primary fire,,Minor Update - 08-22-2026,high,"[""HSRC-0003"",""HSRC-0006""]",
dynamo,weapon_reload_single,reload,reload_single,false,,,flat,primary fire,,Minor Update - 08-22-2026,high,"[""HSRC-0003"",""HSRC-0006""]",
dynamo,weapon_reload_time,reload,reload_time,2.35,,,seconds,primary fire,,Minor Update - 08-22-2026,high,"[""HSRC-0003"",""HSRC-0006""]",
dynamo,weapon_rounds_per_second,weapon,rounds_per_second,3.8095,,,flat,primary fire,,Minor Update - 08-22-2026,high,"[""HSRC-0003"",""HSRC-0006""]",
dynamo,weapon_shoot_move_speed,movement,shoot_move_speed,0.75,,,units_per_second,primary fire,,Minor Update - 08-22-2026,high,"[""HSRC-0003"",""HSRC-0006""]",
dynamo,weapon_sustained_dps,weapon,sustained_dps,33.158,1.3158,,damage_per_second,primary fire,base + boon_level * 1.3158,Minor Update - 08-22-2026,high,"[""HSRC-0003"",""HSRC-0006""]",
dynamo,boon_growth_power_increases,misc,power_increases,,1,,flat,per boon level,stat contribution = boon_level * 1,Minor Update - 08-22-2026,high,"[""HSRC-0003""]",Kein separat ausgewiesener Basiswert im strukturierten Export.
dynamo,boon_growth_bullet_resist,defense,bullet_resist,,0.625,,percent,per boon level,stat contribution = boon_level * 0.625,Minor Update - 08-22-2026,high,"[""HSRC-0003""]",Kein separat ausgewiesener Basiswert im strukturierten Export.
dynamo,boon_growth_tech_power,spirit,tech_power,,1.1,,flat,per boon level,stat contribution = boon_level * 1.1,Minor Update - 08-22-2026,high,"[""HSRC-0003""]",Kein separat ausgewiesener Basiswert im strukturierten Export.
graves,max_health,health,max_health,730,33,,health,base hero state,base + boon_level * 33,Minor Update - 08-22-2026,high,"[""HSRC-0003""]",
graves,base_health_regen,health,base_health_regen,1,,,health_per_second,base hero state,,Minor Update - 08-22-2026,high,"[""HSRC-0003""]",
graves,max_move_speed,movement,max_move_speed,7,,,units_per_second,base hero state,,Minor Update - 08-22-2026,high,"[""HSRC-0003""]",
graves,sprint_speed,movement,sprint_speed,2.2,,,units_per_second,base hero state,,Minor Update - 08-22-2026,high,"[""HSRC-0003""]",
graves,crouch_speed,movement,crouch_speed,4.75,,,units_per_second,base hero state,,Minor Update - 08-22-2026,high,"[""HSRC-0003""]",
graves,move_acceleration,movement,move_acceleration,4,,,units_per_second_squared,base hero state,,Minor Update - 08-22-2026,high,"[""HSRC-0003""]",
graves,ground_dash_distance_in_meters,movement,ground_dash_distance_in_meters,10,,,meters,base hero state,,Minor Update - 08-22-2026,high,"[""HSRC-0003""]",
graves,ground_dash_duration,movement,ground_dash_duration,0.68,,,seconds,base hero state,,Minor Update - 08-22-2026,high,"[""HSRC-0003""]",
graves,ground_dash_speed,movement,ground_dash_speed,14.7,,,units_per_second,base hero state,,Minor Update - 08-22-2026,high,"[""HSRC-0003""]",
graves,air_dash_distance_in_meters,movement,air_dash_distance_in_meters,8,,,meters,base hero state,,Minor Update - 08-22-2026,high,"[""HSRC-0003""]",
graves,air_dash_duration,movement,air_dash_duration,0.47,,,seconds,base hero state,,Minor Update - 08-22-2026,high,"[""HSRC-0003""]",
graves,air_dash_speed,movement,air_dash_speed,17,,,units_per_second,base hero state,,Minor Update - 08-22-2026,high,"[""HSRC-0003""]",
graves,stamina,stamina,stamina,2,,,count,base hero state,,Minor Update - 08-22-2026,high,"[""HSRC-0003""]",
graves,stamina_cooldown,stamina,stamina_cooldown,4.5000045,,,seconds,base hero state,,Minor Update - 08-22-2026,high,"[""HSRC-0003""]",
graves,stamina_regen_per_second,health,stamina_regen_per_second,0.222222,,,count_per_second,base hero state,,Minor Update - 08-22-2026,high,"[""HSRC-0003""]",
graves,light_melee_damage,melee,light_melee_damage,50,1.58,,damage,base hero state,base + boon_level * 1.58,Minor Update - 08-22-2026,high,"[""HSRC-0003""]",
graves,heavy_melee_damage,melee,heavy_melee_damage,116,3.6656,,damage,base hero state,base + boon_level * 3.6656,Minor Update - 08-22-2026,high,"[""HSRC-0003""]",
graves,bullet_lifesteal,weapon,bullet_lifesteal,8,,,percent,base hero state,,Minor Update - 08-22-2026,high,"[""HSRC-0003""]",
graves,hero_bullet_lifesteal_effectiveness,weapon,hero_bullet_lifesteal_effectiveness,1,,,multiplier,base hero state,,Minor Update - 08-22-2026,high,"[""HSRC-0003""]",
graves,hero_spirit_lifesteal_effectiveness,spirit,hero_spirit_lifesteal_effectiveness,1,,,multiplier,base hero state,,Minor Update - 08-22-2026,high,"[""HSRC-0003""]",
graves,crit_damage_bonus_percent,misc,crit_damage_bonus_percent,0,,,percent,base hero state,,Minor Update - 08-22-2026,high,"[""HSRC-0003""]",
graves,crit_damage_received_percent,defense,crit_damage_received_percent,0,,,percent,base hero state,,Minor Update - 08-22-2026,high,"[""HSRC-0003""]",
graves,weapon_power_scale,misc,weapon_power_scale,1,,,multiplier,base hero state,,Minor Update - 08-22-2026,high,"[""HSRC-0003""]",
graves,proc_build_up_rate_scale,misc,proc_build_up_rate_scale,1,,,multiplier,base hero state,,Minor Update - 08-22-2026,high,"[""HSRC-0003""]",
graves,tech_range,spirit,tech_range,0,,,percent,base hero state,,Minor Update - 08-22-2026,high,"[""HSRC-0003""]",Tech bezeichnet in den Rohdaten Spirit.
graves,tech_duration,spirit,tech_duration,0,,,percent,base hero state,,Minor Update - 08-22-2026,high,"[""HSRC-0003""]",Tech bezeichnet in den Rohdaten Spirit.
graves,base_weapon_damage_increase,misc,base_weapon_damage_increase,0,,,percent,base hero state,,Minor Update - 08-22-2026,high,"[""HSRC-0003""]",
graves,reload_speed,reload,reload_speed,0,,,percent,base hero state,,Minor Update - 08-22-2026,high,"[""HSRC-0003""]",
graves,weapon_ammo_consumed_per_shot,ammo,ammo_consumed_per_shot,1,,,ammo,primary fire,,Minor Update - 08-22-2026,high,"[""HSRC-0003"",""HSRC-0006""]",
graves,weapon_bullet_damage,weapon,bullet_damage,3.6,0.054,,damage,primary fire,base + boon_level * 0.054,Minor Update - 08-22-2026,high,"[""HSRC-0003"",""HSRC-0006""]",
graves,weapon_bullet_gravity_scale,movement,bullet_gravity_scale,0,,,multiplier,primary fire,,Minor Update - 08-22-2026,high,"[""HSRC-0003"",""HSRC-0006""]",
graves,weapon_bullet_radius,weapon,bullet_radius,0.0762,,,meters,primary fire,,Minor Update - 08-22-2026,high,"[""HSRC-0003"",""HSRC-0006""]",
graves,weapon_bullet_speed,weapon,bullet_speed,635,,,units_per_second,primary fire,,Minor Update - 08-22-2026,high,"[""HSRC-0003"",""HSRC-0006""]",
graves,weapon_bullets_per_burst,weapon,bullets_per_burst,1,,,flat,primary fire,,Minor Update - 08-22-2026,high,"[""HSRC-0003"",""HSRC-0006""]",
graves,weapon_bullets_per_shot,weapon,bullets_per_shot,1,,,flat,primary fire,,Minor Update - 08-22-2026,high,"[""HSRC-0003"",""HSRC-0006""]",
graves,weapon_burst_inter_shot_interval,weapon,burst_inter_shot_interval,0,,,seconds,primary fire,,Minor Update - 08-22-2026,high,"[""HSRC-0003"",""HSRC-0006""]",
graves,weapon_can_crit,weapon,can_crit,true,,,flat,primary fire,,Minor Update - 08-22-2026,high,"[""HSRC-0003"",""HSRC-0006""]",
graves,weapon_clip_size,ammo,clip_size,40,,,flat,primary fire,,Minor Update - 08-22-2026,high,"[""HSRC-0003"",""HSRC-0006""]",
graves,weapon_dps,weapon,dps,35.294,0.52941,,damage_per_second,primary fire,base + boon_level * 0.52941,Minor Update - 08-22-2026,high,"[""HSRC-0003"",""HSRC-0006""]",
graves,weapon_falloff_end_range,weapon,falloff_end_range,17.02,,,meters,primary fire,,Minor Update - 08-22-2026,high,"[""HSRC-0003"",""HSRC-0006""]",
graves,weapon_falloff_end_scale,weapon,falloff_end_scale,0.5,,,multiplier,primary fire,,Minor Update - 08-22-2026,high,"[""HSRC-0003"",""HSRC-0006""]",
graves,weapon_falloff_start_range,weapon,falloff_start_range,7.62,,,meters,primary fire,,Minor Update - 08-22-2026,high,"[""HSRC-0003"",""HSRC-0006""]",
graves,weapon_hit_once_across_all_bullets,weapon,hit_once_across_all_bullets,false,,,flat,primary fire,,Minor Update - 08-22-2026,high,"[""HSRC-0003"",""HSRC-0006""]",
graves,weapon_reload_delay,reload,reload_delay,0,,,seconds,primary fire,,Minor Update - 08-22-2026,high,"[""HSRC-0003"",""HSRC-0006""]",
graves,weapon_reload_single,reload,reload_single,false,,,flat,primary fire,,Minor Update - 08-22-2026,high,"[""HSRC-0003"",""HSRC-0006""]",
graves,weapon_reload_time,reload,reload_time,2.8,,,seconds,primary fire,,Minor Update - 08-22-2026,high,"[""HSRC-0003"",""HSRC-0006""]",
graves,weapon_rounds_per_second,weapon,rounds_per_second,9.8039,,,flat,primary fire,,Minor Update - 08-22-2026,high,"[""HSRC-0003"",""HSRC-0006""]",
graves,weapon_shoot_move_speed,movement,shoot_move_speed,0.75,,,units_per_second,primary fire,,Minor Update - 08-22-2026,high,"[""HSRC-0003"",""HSRC-0006""]",
graves,weapon_sustained_dps,weapon,sustained_dps,20.93,0.31395,,damage_per_second,primary fire,base + boon_level * 0.31395,Minor Update - 08-22-2026,high,"[""HSRC-0003"",""HSRC-0006""]",
graves,boon_growth_power_increases,misc,power_increases,,1,,flat,per boon level,stat contribution = boon_level * 1,Minor Update - 08-22-2026,high,"[""HSRC-0003""]",Kein separat ausgewiesener Basiswert im strukturierten Export.
graves,boon_growth_tech_power,spirit,tech_power,,1.1,,flat,per boon level,stat contribution = boon_level * 1.1,Minor Update - 08-22-2026,high,"[""HSRC-0003""]",Kein separat ausgewiesener Basiswert im strukturierten Export.
grey_talon,max_health,health,max_health,780,38,,health,base hero state,base + boon_level * 38,Minor Update - 08-22-2026,high,"[""HSRC-0003""]",
grey_talon,base_health_regen,health,base_health_regen,1.5,,,health_per_second,base hero state,,Minor Update - 08-22-2026,high,"[""HSRC-0003""]",
grey_talon,max_move_speed,movement,max_move_speed,6.3,,,units_per_second,base hero state,,Minor Update - 08-22-2026,high,"[""HSRC-0003""]",
grey_talon,sprint_speed,movement,sprint_speed,1.6,,,units_per_second,base hero state,,Minor Update - 08-22-2026,high,"[""HSRC-0003""]",
grey_talon,crouch_speed,movement,crouch_speed,4.75,,,units_per_second,base hero state,,Minor Update - 08-22-2026,high,"[""HSRC-0003""]",
grey_talon,move_acceleration,movement,move_acceleration,4,,,units_per_second_squared,base hero state,,Minor Update - 08-22-2026,high,"[""HSRC-0003""]",
grey_talon,ground_dash_distance_in_meters,movement,ground_dash_distance_in_meters,10,,,meters,base hero state,,Minor Update - 08-22-2026,high,"[""HSRC-0003""]",
grey_talon,ground_dash_duration,movement,ground_dash_duration,0.62,,,seconds,base hero state,,Minor Update - 08-22-2026,high,"[""HSRC-0003""]",
grey_talon,ground_dash_speed,movement,ground_dash_speed,16.1,,,units_per_second,base hero state,,Minor Update - 08-22-2026,high,"[""HSRC-0003""]",
grey_talon,air_dash_distance_in_meters,movement,air_dash_distance_in_meters,8,,,meters,base hero state,,Minor Update - 08-22-2026,high,"[""HSRC-0003""]",
grey_talon,air_dash_duration,movement,air_dash_duration,0.43,,,seconds,base hero state,,Minor Update - 08-22-2026,high,"[""HSRC-0003""]",
grey_talon,air_dash_speed,movement,air_dash_speed,18.6,,,units_per_second,base hero state,,Minor Update - 08-22-2026,high,"[""HSRC-0003""]",
grey_talon,stamina,stamina,stamina,4,,,count,base hero state,,Minor Update - 08-22-2026,high,"[""HSRC-0003""]",
grey_talon,stamina_cooldown,stamina,stamina_cooldown,4.5000045,,,seconds,base hero state,,Minor Update - 08-22-2026,high,"[""HSRC-0003""]",
grey_talon,stamina_regen_per_second,health,stamina_regen_per_second,0.222222,,,count_per_second,base hero state,,Minor Update - 08-22-2026,high,"[""HSRC-0003""]",
grey_talon,light_melee_damage,melee,light_melee_damage,50,1.58,,damage,base hero state,base + boon_level * 1.58,Minor Update - 08-22-2026,high,"[""HSRC-0003""]",
grey_talon,heavy_melee_damage,melee,heavy_melee_damage,116,3.6656,,damage,base hero state,base + boon_level * 3.6656,Minor Update - 08-22-2026,high,"[""HSRC-0003""]",
grey_talon,hero_bullet_lifesteal_effectiveness,weapon,hero_bullet_lifesteal_effectiveness,1,,,multiplier,base hero state,,Minor Update - 08-22-2026,high,"[""HSRC-0003""]",
grey_talon,hero_spirit_lifesteal_effectiveness,spirit,hero_spirit_lifesteal_effectiveness,1,,,multiplier,base hero state,,Minor Update - 08-22-2026,high,"[""HSRC-0003""]",
grey_talon,crit_damage_bonus_percent,misc,crit_damage_bonus_percent,0,,,percent,base hero state,,Minor Update - 08-22-2026,high,"[""HSRC-0003""]",
grey_talon,crit_damage_received_percent,defense,crit_damage_received_percent,0,,,percent,base hero state,,Minor Update - 08-22-2026,high,"[""HSRC-0003""]",
grey_talon,weapon_power_scale,misc,weapon_power_scale,1,,,multiplier,base hero state,,Minor Update - 08-22-2026,high,"[""HSRC-0003""]",
grey_talon,proc_build_up_rate_scale,misc,proc_build_up_rate_scale,1,,,multiplier,base hero state,,Minor Update - 08-22-2026,high,"[""HSRC-0003""]",
grey_talon,tech_range,spirit,tech_range,0,,,percent,base hero state,,Minor Update - 08-22-2026,high,"[""HSRC-0003""]",Tech bezeichnet in den Rohdaten Spirit.
grey_talon,tech_duration,spirit,tech_duration,0,,,percent,base hero state,,Minor Update - 08-22-2026,high,"[""HSRC-0003""]",Tech bezeichnet in den Rohdaten Spirit.
grey_talon,base_weapon_damage_increase,misc,base_weapon_damage_increase,0,,,percent,base hero state,,Minor Update - 08-22-2026,high,"[""HSRC-0003""]",
grey_talon,reload_speed,reload,reload_speed,0,,,percent,base hero state,,Minor Update - 08-22-2026,high,"[""HSRC-0003""]",
grey_talon,weapon_ammo_consumed_per_shot,ammo,ammo_consumed_per_shot,1,,,ammo,primary fire,,Minor Update - 08-22-2026,high,"[""HSRC-0003"",""HSRC-0006""]",
grey_talon,weapon_bullet_damage,weapon,bullet_damage,23.51,0.85,,damage,primary fire,base + boon_level * 0.85,Minor Update - 08-22-2026,high,"[""HSRC-0003"",""HSRC-0006""]",
grey_talon,weapon_bullet_gravity_scale,movement,bullet_gravity_scale,0.8,,,multiplier,primary fire,,Minor Update - 08-22-2026,high,"[""HSRC-0003"",""HSRC-0006""]",
grey_talon,weapon_bullet_radius,weapon,bullet_radius,0.127,,,meters,primary fire,,Minor Update - 08-22-2026,high,"[""HSRC-0003"",""HSRC-0006""]",
grey_talon,weapon_bullet_speed,weapon,bullet_speed,495.3,,,units_per_second,primary fire,,Minor Update - 08-22-2026,high,"[""HSRC-0003"",""HSRC-0006""]",
grey_talon,weapon_bullets_per_burst,weapon,bullets_per_burst,1,,,flat,primary fire,,Minor Update - 08-22-2026,high,"[""HSRC-0003"",""HSRC-0006""]",
grey_talon,weapon_bullets_per_shot,weapon,bullets_per_shot,1,,,flat,primary fire,,Minor Update - 08-22-2026,high,"[""HSRC-0003"",""HSRC-0006""]",
grey_talon,weapon_burst_inter_shot_interval,weapon,burst_inter_shot_interval,0,,,seconds,primary fire,,Minor Update - 08-22-2026,high,"[""HSRC-0003"",""HSRC-0006""]",
grey_talon,weapon_can_crit,weapon,can_crit,true,,,flat,primary fire,,Minor Update - 08-22-2026,high,"[""HSRC-0003"",""HSRC-0006""]",
grey_talon,weapon_clip_size,ammo,clip_size,17,,,flat,primary fire,,Minor Update - 08-22-2026,high,"[""HSRC-0003"",""HSRC-0006""]",
grey_talon,weapon_dps,weapon,dps,39.184,1.4167,,damage_per_second,primary fire,base + boon_level * 1.4167,Minor Update - 08-22-2026,high,"[""HSRC-0003"",""HSRC-0006""]",
grey_talon,weapon_falloff_end_range,weapon,falloff_end_range,54,,,meters,primary fire,,Minor Update - 08-22-2026,high,"[""HSRC-0003"",""HSRC-0006""]",
grey_talon,weapon_falloff_end_scale,weapon,falloff_end_scale,0.1,,,multiplier,primary fire,,Minor Update - 08-22-2026,high,"[""HSRC-0003"",""HSRC-0006""]",
grey_talon,weapon_falloff_start_range,weapon,falloff_start_range,18,,,meters,primary fire,,Minor Update - 08-22-2026,high,"[""HSRC-0003"",""HSRC-0006""]",
grey_talon,weapon_hit_once_across_all_bullets,weapon,hit_once_across_all_bullets,true,,,flat,primary fire,,Minor Update - 08-22-2026,high,"[""HSRC-0003"",""HSRC-0006""]",
grey_talon,weapon_reload_delay,reload,reload_delay,0,,,seconds,primary fire,,Minor Update - 08-22-2026,high,"[""HSRC-0003"",""HSRC-0006""]",
grey_talon,weapon_reload_single,reload,reload_single,false,,,flat,primary fire,,Minor Update - 08-22-2026,high,"[""HSRC-0003"",""HSRC-0006""]",
grey_talon,weapon_reload_time,reload,reload_time,2.35,,,seconds,primary fire,,Minor Update - 08-22-2026,high,"[""HSRC-0003"",""HSRC-0006""]",
grey_talon,weapon_rounds_per_second,weapon,rounds_per_second,1.6667,,,flat,primary fire,,Minor Update - 08-22-2026,high,"[""HSRC-0003"",""HSRC-0006""]",
grey_talon,weapon_shoot_move_speed,movement,shoot_move_speed,0.75,,,units_per_second,primary fire,,Minor Update - 08-22-2026,high,"[""HSRC-0003"",""HSRC-0006""]",
grey_talon,weapon_sustained_dps,weapon,sustained_dps,31.847,1.1514,,damage_per_second,primary fire,base + boon_level * 1.1514,Minor Update - 08-22-2026,high,"[""HSRC-0003"",""HSRC-0006""]",
grey_talon,boon_growth_power_increases,misc,power_increases,,1,,flat,per boon level,stat contribution = boon_level * 1,Minor Update - 08-22-2026,high,"[""HSRC-0003""]",Kein separat ausgewiesener Basiswert im strukturierten Export.
grey_talon,boon_growth_tech_power,spirit,tech_power,,1.6,,flat,per boon level,stat contribution = boon_level * 1.6,Minor Update - 08-22-2026,high,"[""HSRC-0003""]",Kein separat ausgewiesener Basiswert im strukturierten Export.
grey_talon,max_move_speed_spirit_scaling,movement,max_move_speed_spirit_scaling,0.0084,,,multiplier,scales with Spirit Power,additional max_move_speed = spirit_power * 0.0084,Minor Update - 08-22-2026,high,"[""HSRC-0003""]",Separat vom Basiswert gespeichert.
grey_talon,bullet_damage_spirit_scaling,weapon,bullet_damage_spirit_scaling,0.08,,,multiplier,scales with Spirit Power,additional bullet_damage = spirit_power * 0.08,Minor Update - 08-22-2026,high,"[""HSRC-0003""]",Separat vom Basiswert gespeichert.
grey_talon,dps_spirit_scaling,weapon,dps_spirit_scaling,0.13334,,,multiplier,scales with Spirit Power,additional dps = spirit_power * 0.13334,Minor Update - 08-22-2026,high,"[""HSRC-0003""]",Separat vom Basiswert gespeichert.
grey_talon,sustained_dps_spirit_scaling,weapon,sustained_dps_spirit_scaling,0.10837,,,multiplier,scales with Spirit Power,additional sustained_dps = spirit_power * 0.10837,Minor Update - 08-22-2026,high,"[""HSRC-0003""]",Separat vom Basiswert gespeichert.
haze,max_health,health,max_health,730,33,,health,base hero state,base + boon_level * 33,Minor Update - 08-22-2026,high,"[""HSRC-0003""]",
haze,base_health_regen,health,base_health_regen,2,,,health_per_second,base hero state,,Minor Update - 08-22-2026,high,"[""HSRC-0003""]",
haze,max_move_speed,movement,max_move_speed,8.2,,,units_per_second,base hero state,,Minor Update - 08-22-2026,high,"[""HSRC-0003""]",
haze,sprint_speed,movement,sprint_speed,1.6,,,units_per_second,base hero state,,Minor Update - 08-22-2026,high,"[""HSRC-0003""]",
haze,crouch_speed,movement,crouch_speed,4.75,,,units_per_second,base hero state,,Minor Update - 08-22-2026,high,"[""HSRC-0003""]",
haze,move_acceleration,movement,move_acceleration,4,,,units_per_second_squared,base hero state,,Minor Update - 08-22-2026,high,"[""HSRC-0003""]",
haze,ground_dash_distance_in_meters,movement,ground_dash_distance_in_meters,10,,,meters,base hero state,,Minor Update - 08-22-2026,high,"[""HSRC-0003""]",
haze,ground_dash_duration,movement,ground_dash_duration,0.62,,,seconds,base hero state,,Minor Update - 08-22-2026,high,"[""HSRC-0003""]",
haze,ground_dash_speed,movement,ground_dash_speed,16.1,,,units_per_second,base hero state,,Minor Update - 08-22-2026,high,"[""HSRC-0003""]",
haze,air_dash_distance_in_meters,movement,air_dash_distance_in_meters,8,,,meters,base hero state,,Minor Update - 08-22-2026,high,"[""HSRC-0003""]",
haze,air_dash_duration,movement,air_dash_duration,0.43,,,seconds,base hero state,,Minor Update - 08-22-2026,high,"[""HSRC-0003""]",
haze,air_dash_speed,movement,air_dash_speed,18.6,,,units_per_second,base hero state,,Minor Update - 08-22-2026,high,"[""HSRC-0003""]",
haze,stamina,stamina,stamina,3,,,count,base hero state,,Minor Update - 08-22-2026,high,"[""HSRC-0003""]",
haze,stamina_cooldown,stamina,stamina_cooldown,4.5000045,,,seconds,base hero state,,Minor Update - 08-22-2026,high,"[""HSRC-0003""]",
haze,stamina_regen_per_second,health,stamina_regen_per_second,0.222222,,,count_per_second,base hero state,,Minor Update - 08-22-2026,high,"[""HSRC-0003""]",
haze,light_melee_damage,melee,light_melee_damage,50,1.58,,damage,base hero state,base + boon_level * 1.58,Minor Update - 08-22-2026,high,"[""HSRC-0003""]",
haze,heavy_melee_damage,melee,heavy_melee_damage,116,3.6656,,damage,base hero state,base + boon_level * 3.6656,Minor Update - 08-22-2026,high,"[""HSRC-0003""]",
haze,hero_bullet_lifesteal_effectiveness,weapon,hero_bullet_lifesteal_effectiveness,1,,,multiplier,base hero state,,Minor Update - 08-22-2026,high,"[""HSRC-0003""]",
haze,hero_spirit_lifesteal_effectiveness,spirit,hero_spirit_lifesteal_effectiveness,1,,,multiplier,base hero state,,Minor Update - 08-22-2026,high,"[""HSRC-0003""]",
haze,crit_damage_bonus_percent,misc,crit_damage_bonus_percent,0,,,percent,base hero state,,Minor Update - 08-22-2026,high,"[""HSRC-0003""]",
haze,crit_damage_received_percent,defense,crit_damage_received_percent,0,,,percent,base hero state,,Minor Update - 08-22-2026,high,"[""HSRC-0003""]",
haze,weapon_power_scale,misc,weapon_power_scale,1,,,multiplier,base hero state,,Minor Update - 08-22-2026,high,"[""HSRC-0003""]",
haze,proc_build_up_rate_scale,misc,proc_build_up_rate_scale,1,,,multiplier,base hero state,,Minor Update - 08-22-2026,high,"[""HSRC-0003""]",
haze,tech_range,spirit,tech_range,0,,,percent,base hero state,,Minor Update - 08-22-2026,high,"[""HSRC-0003""]",Tech bezeichnet in den Rohdaten Spirit.
haze,tech_duration,spirit,tech_duration,0,,,percent,base hero state,,Minor Update - 08-22-2026,high,"[""HSRC-0003""]",Tech bezeichnet in den Rohdaten Spirit.
haze,base_weapon_damage_increase,misc,base_weapon_damage_increase,0,,,percent,base hero state,,Minor Update - 08-22-2026,high,"[""HSRC-0003""]",
haze,reload_speed,reload,reload_speed,0,,,percent,base hero state,,Minor Update - 08-22-2026,high,"[""HSRC-0003""]",
haze,weapon_ammo_consumed_per_shot,ammo,ammo_consumed_per_shot,1,,,ammo,primary fire,,Minor Update - 08-22-2026,high,"[""HSRC-0003"",""HSRC-0006""]",
haze,weapon_bullet_damage,weapon,bullet_damage,5.26,0.143,,damage,primary fire,base + boon_level * 0.143,Minor Update - 08-22-2026,high,"[""HSRC-0003"",""HSRC-0006""]",
haze,weapon_bullet_gravity_scale,movement,bullet_gravity_scale,1.5,,,multiplier,primary fire,,Minor Update - 08-22-2026,high,"[""HSRC-0003"",""HSRC-0006""]",
haze,weapon_bullet_radius,weapon,bullet_radius,0.0762,,,meters,primary fire,,Minor Update - 08-22-2026,high,"[""HSRC-0003"",""HSRC-0006""]",
haze,weapon_bullet_speed,weapon,bullet_speed,762,,,units_per_second,primary fire,,Minor Update - 08-22-2026,high,"[""HSRC-0003"",""HSRC-0006""]",
haze,weapon_bullets_per_burst,weapon,bullets_per_burst,1,,,flat,primary fire,,Minor Update - 08-22-2026,high,"[""HSRC-0003"",""HSRC-0006""]",
haze,weapon_bullets_per_shot,weapon,bullets_per_shot,1,,,flat,primary fire,,Minor Update - 08-22-2026,high,"[""HSRC-0003"",""HSRC-0006""]",
haze,weapon_burst_inter_shot_interval,weapon,burst_inter_shot_interval,0,,,seconds,primary fire,,Minor Update - 08-22-2026,high,"[""HSRC-0003"",""HSRC-0006""]",
haze,weapon_can_crit,weapon,can_crit,true,,,flat,primary fire,,Minor Update - 08-22-2026,high,"[""HSRC-0003"",""HSRC-0006""]",
haze,weapon_clip_size,ammo,clip_size,25,,,flat,primary fire,,Minor Update - 08-22-2026,high,"[""HSRC-0003"",""HSRC-0006""]",
haze,weapon_dps,weapon,dps,50.095,1.3619,,damage_per_second,primary fire,base + boon_level * 1.3619,Minor Update - 08-22-2026,high,"[""HSRC-0003"",""HSRC-0006""]",
haze,weapon_falloff_end_range,weapon,falloff_end_range,46,,,meters,primary fire,,Minor Update - 08-22-2026,high,"[""HSRC-0003"",""HSRC-0006""]",
haze,weapon_falloff_end_scale,weapon,falloff_end_scale,0.1,,,multiplier,primary fire,,Minor Update - 08-22-2026,high,"[""HSRC-0003"",""HSRC-0006""]",
haze,weapon_falloff_start_range,weapon,falloff_start_range,19.99,,,meters,primary fire,,Minor Update - 08-22-2026,high,"[""HSRC-0003"",""HSRC-0006""]",
haze,weapon_hit_once_across_all_bullets,weapon,hit_once_across_all_bullets,false,,,flat,primary fire,,Minor Update - 08-22-2026,high,"[""HSRC-0003"",""HSRC-0006""]",
haze,weapon_reload_delay,reload,reload_delay,0,,,seconds,primary fire,,Minor Update - 08-22-2026,high,"[""HSRC-0003"",""HSRC-0006""]",
haze,weapon_reload_single,reload,reload_single,false,,,flat,primary fire,,Minor Update - 08-22-2026,high,"[""HSRC-0003"",""HSRC-0006""]",
haze,weapon_reload_time,reload,reload_time,2.35,,,seconds,primary fire,,Minor Update - 08-22-2026,high,"[""HSRC-0003"",""HSRC-0006""]",
haze,weapon_rounds_per_second,weapon,rounds_per_second,9.5238,,,flat,primary fire,,Minor Update - 08-22-2026,high,"[""HSRC-0003"",""HSRC-0006""]",
haze,weapon_shoot_move_speed,movement,shoot_move_speed,0.75,,,units_per_second,primary fire,,Minor Update - 08-22-2026,high,"[""HSRC-0003"",""HSRC-0006""]",
haze,weapon_sustained_dps,weapon,sustained_dps,26.432,0.71859,,damage_per_second,primary fire,base + boon_level * 0.71859,Minor Update - 08-22-2026,high,"[""HSRC-0003"",""HSRC-0006""]",
haze,boon_growth_power_increases,misc,power_increases,,1,,flat,per boon level,stat contribution = boon_level * 1,Minor Update - 08-22-2026,high,"[""HSRC-0003""]",Kein separat ausgewiesener Basiswert im strukturierten Export.
haze,boon_growth_tech_power,spirit,tech_power,,0.5,,flat,per boon level,stat contribution = boon_level * 0.5,Minor Update - 08-22-2026,high,"[""HSRC-0003""]",Kein separat ausgewiesener Basiswert im strukturierten Export.
haze,clip_size_spirit_scaling,ammo,clip_size_spirit_scaling,0.5,,,multiplier,scales with Spirit Power,additional clip_size = spirit_power * 0.5,Minor Update - 08-22-2026,high,"[""HSRC-0003""]",Separat vom Basiswert gespeichert.
haze,sustained_dps_spirit_scaling,weapon,sustained_dps_spirit_scaling,0.2471,,,multiplier,scales with Spirit Power,additional sustained_dps = spirit_power * 0.2471,Minor Update - 08-22-2026,high,"[""HSRC-0003""]",Separat vom Basiswert gespeichert.
holliday,max_health,health,max_health,780,41,,health,base hero state,base + boon_level * 41,Minor Update - 08-22-2026,high,"[""HSRC-0003""]",
holliday,base_health_regen,health,base_health_regen,2,,,health_per_second,base hero state,,Minor Update - 08-22-2026,high,"[""HSRC-0003""]",
holliday,max_move_speed,movement,max_move_speed,8.2,,,units_per_second,base hero state,,Minor Update - 08-22-2026,high,"[""HSRC-0003""]",
holliday,sprint_speed,movement,sprint_speed,1.6,,,units_per_second,base hero state,,Minor Update - 08-22-2026,high,"[""HSRC-0003""]",
holliday,crouch_speed,movement,crouch_speed,4.75,,,units_per_second,base hero state,,Minor Update - 08-22-2026,high,"[""HSRC-0003""]",
holliday,move_acceleration,movement,move_acceleration,4,,,units_per_second_squared,base hero state,,Minor Update - 08-22-2026,high,"[""HSRC-0003""]",
holliday,ground_dash_distance_in_meters,movement,ground_dash_distance_in_meters,10,,,meters,base hero state,,Minor Update - 08-22-2026,high,"[""HSRC-0003""]",
holliday,ground_dash_duration,movement,ground_dash_duration,0.62,,,seconds,base hero state,,Minor Update - 08-22-2026,high,"[""HSRC-0003""]",
holliday,ground_dash_speed,movement,ground_dash_speed,16.1,,,units_per_second,base hero state,,Minor Update - 08-22-2026,high,"[""HSRC-0003""]",
holliday,air_dash_distance_in_meters,movement,air_dash_distance_in_meters,8,,,meters,base hero state,,Minor Update - 08-22-2026,high,"[""HSRC-0003""]",
holliday,air_dash_duration,movement,air_dash_duration,0.43,,,seconds,base hero state,,Minor Update - 08-22-2026,high,"[""HSRC-0003""]",
holliday,air_dash_speed,movement,air_dash_speed,18.6,,,units_per_second,base hero state,,Minor Update - 08-22-2026,high,"[""HSRC-0003""]",
holliday,stamina,stamina,stamina,2,,,count,base hero state,,Minor Update - 08-22-2026,high,"[""HSRC-0003""]",
holliday,stamina_cooldown,stamina,stamina_cooldown,4.5000045,,,seconds,base hero state,,Minor Update - 08-22-2026,high,"[""HSRC-0003""]",
holliday,stamina_regen_per_second,health,stamina_regen_per_second,0.222222,,,count_per_second,base hero state,,Minor Update - 08-22-2026,high,"[""HSRC-0003""]",
holliday,light_melee_damage,melee,light_melee_damage,50,1.58,,damage,base hero state,base + boon_level * 1.58,Minor Update - 08-22-2026,high,"[""HSRC-0003""]",
holliday,heavy_melee_damage,melee,heavy_melee_damage,116,3.6656,,damage,base hero state,base + boon_level * 3.6656,Minor Update - 08-22-2026,high,"[""HSRC-0003""]",
holliday,hero_bullet_lifesteal_effectiveness,weapon,hero_bullet_lifesteal_effectiveness,1,,,multiplier,base hero state,,Minor Update - 08-22-2026,high,"[""HSRC-0003""]",
holliday,hero_spirit_lifesteal_effectiveness,spirit,hero_spirit_lifesteal_effectiveness,1,,,multiplier,base hero state,,Minor Update - 08-22-2026,high,"[""HSRC-0003""]",
holliday,crit_damage_bonus_percent,misc,crit_damage_bonus_percent,0,,,percent,base hero state,,Minor Update - 08-22-2026,high,"[""HSRC-0003""]",
holliday,crit_damage_received_percent,defense,crit_damage_received_percent,0,,,percent,base hero state,,Minor Update - 08-22-2026,high,"[""HSRC-0003""]",
holliday,weapon_power_scale,misc,weapon_power_scale,1,,,multiplier,base hero state,,Minor Update - 08-22-2026,high,"[""HSRC-0003""]",
holliday,proc_build_up_rate_scale,misc,proc_build_up_rate_scale,1,,,multiplier,base hero state,,Minor Update - 08-22-2026,high,"[""HSRC-0003""]",
holliday,tech_range,spirit,tech_range,0,,,percent,base hero state,,Minor Update - 08-22-2026,high,"[""HSRC-0003""]",Tech bezeichnet in den Rohdaten Spirit.
holliday,tech_duration,spirit,tech_duration,0,,,percent,base hero state,,Minor Update - 08-22-2026,high,"[""HSRC-0003""]",Tech bezeichnet in den Rohdaten Spirit.
holliday,base_weapon_damage_increase,misc,base_weapon_damage_increase,0,,,percent,base hero state,,Minor Update - 08-22-2026,high,"[""HSRC-0003""]",
holliday,reload_speed,reload,reload_speed,0,,,percent,base hero state,,Minor Update - 08-22-2026,high,"[""HSRC-0003""]",
holliday,weapon_ammo_consumed_per_shot,ammo,ammo_consumed_per_shot,1,,,ammo,primary fire,,Minor Update - 08-22-2026,high,"[""HSRC-0003"",""HSRC-0006""]",
holliday,weapon_bullet_damage,weapon,bullet_damage,19.7,1.144,,damage,primary fire,base + boon_level * 1.144,Minor Update - 08-22-2026,high,"[""HSRC-0003"",""HSRC-0006""]",
holliday,weapon_bullet_gravity_scale,movement,bullet_gravity_scale,0,,,multiplier,primary fire,,Minor Update - 08-22-2026,high,"[""HSRC-0003"",""HSRC-0006""]",
holliday,weapon_bullet_radius,weapon,bullet_radius,0.127,,,meters,primary fire,,Minor Update - 08-22-2026,high,"[""HSRC-0003"",""HSRC-0006""]",
holliday,weapon_bullet_speed,weapon,bullet_speed,1156,,,units_per_second,primary fire,,Minor Update - 08-22-2026,high,"[""HSRC-0003"",""HSRC-0006""]",
holliday,weapon_bullets_per_burst,weapon,bullets_per_burst,1,,,flat,primary fire,,Minor Update - 08-22-2026,high,"[""HSRC-0003"",""HSRC-0006""]",
holliday,weapon_bullets_per_shot,weapon,bullets_per_shot,1,,,flat,primary fire,,Minor Update - 08-22-2026,high,"[""HSRC-0003"",""HSRC-0006""]",
holliday,weapon_burst_inter_shot_interval,weapon,burst_inter_shot_interval,0,,,seconds,primary fire,,Minor Update - 08-22-2026,high,"[""HSRC-0003"",""HSRC-0006""]",
holliday,weapon_can_crit,weapon,can_crit,true,,,flat,primary fire,,Minor Update - 08-22-2026,high,"[""HSRC-0003"",""HSRC-0006""]",
holliday,weapon_clip_size,ammo,clip_size,10,,,flat,primary fire,,Minor Update - 08-22-2026,high,"[""HSRC-0003"",""HSRC-0006""]",
holliday,weapon_dps,weapon,dps,41.693,2.4212,,damage_per_second,primary fire,base + boon_level * 2.4212,Minor Update - 08-22-2026,high,"[""HSRC-0003"",""HSRC-0006""]",
holliday,weapon_falloff_end_range,weapon,falloff_end_range,57.51,,,meters,primary fire,,Minor Update - 08-22-2026,high,"[""HSRC-0003"",""HSRC-0006""]",
holliday,weapon_falloff_end_scale,weapon,falloff_end_scale,0.1,,,multiplier,primary fire,,Minor Update - 08-22-2026,high,"[""HSRC-0003"",""HSRC-0006""]",
holliday,weapon_falloff_start_range,weapon,falloff_start_range,19.99,,,meters,primary fire,,Minor Update - 08-22-2026,high,"[""HSRC-0003"",""HSRC-0006""]",
holliday,weapon_hit_once_across_all_bullets,weapon,hit_once_across_all_bullets,false,,,flat,primary fire,,Minor Update - 08-22-2026,high,"[""HSRC-0003"",""HSRC-0006""]",
holliday,weapon_reload_delay,reload,reload_delay,0,,,seconds,primary fire,,Minor Update - 08-22-2026,high,"[""HSRC-0003"",""HSRC-0006""]",
holliday,weapon_reload_single,reload,reload_single,false,,,flat,primary fire,,Minor Update - 08-22-2026,high,"[""HSRC-0003"",""HSRC-0006""]",
holliday,weapon_reload_time,reload,reload_time,2.75,,,seconds,primary fire,,Minor Update - 08-22-2026,high,"[""HSRC-0003"",""HSRC-0006""]",
holliday,weapon_rounds_per_second,weapon,rounds_per_second,2.1164,,,flat,primary fire,,Minor Update - 08-22-2026,high,"[""HSRC-0003"",""HSRC-0006""]",
holliday,weapon_shoot_move_speed,movement,shoot_move_speed,0.75,,,units_per_second,primary fire,,Minor Update - 08-22-2026,high,"[""HSRC-0003"",""HSRC-0006""]",
holliday,weapon_sustained_dps,weapon,sustained_dps,26.354,1.5304,,damage_per_second,primary fire,base + boon_level * 1.5304,Minor Update - 08-22-2026,high,"[""HSRC-0003"",""HSRC-0006""]",
holliday,boon_growth_power_increases,misc,power_increases,,1,,flat,per boon level,stat contribution = boon_level * 1,Minor Update - 08-22-2026,high,"[""HSRC-0003""]",Kein separat ausgewiesener Basiswert im strukturierten Export.
holliday,boon_growth_tech_power,spirit,tech_power,,1.1,,flat,per boon level,stat contribution = boon_level * 1.1,Minor Update - 08-22-2026,high,"[""HSRC-0003""]",Kein separat ausgewiesener Basiswert im strukturierten Export.
infernus,max_health,health,max_health,830,39,,health,base hero state,base + boon_level * 39,Minor Update - 08-22-2026,high,"[""HSRC-0003""]",
infernus,base_health_regen,health,base_health_regen,2,,,health_per_second,base hero state,,Minor Update - 08-22-2026,high,"[""HSRC-0003""]",
infernus,max_move_speed,movement,max_move_speed,6.7,,,units_per_second,base hero state,,Minor Update - 08-22-2026,high,"[""HSRC-0003""]",
infernus,sprint_speed,movement,sprint_speed,1.6,,,units_per_second,base hero state,,Minor Update - 08-22-2026,high,"[""HSRC-0003""]",
infernus,crouch_speed,movement,crouch_speed,4.75,,,units_per_second,base hero state,,Minor Update - 08-22-2026,high,"[""HSRC-0003""]",
infernus,move_acceleration,movement,move_acceleration,4,,,units_per_second_squared,base hero state,,Minor Update - 08-22-2026,high,"[""HSRC-0003""]",
infernus,ground_dash_distance_in_meters,movement,ground_dash_distance_in_meters,10,,,meters,base hero state,,Minor Update - 08-22-2026,high,"[""HSRC-0003""]",
infernus,ground_dash_duration,movement,ground_dash_duration,0.68,,,seconds,base hero state,,Minor Update - 08-22-2026,high,"[""HSRC-0003""]",
infernus,ground_dash_speed,movement,ground_dash_speed,14.7,,,units_per_second,base hero state,,Minor Update - 08-22-2026,high,"[""HSRC-0003""]",
infernus,air_dash_distance_in_meters,movement,air_dash_distance_in_meters,8,,,meters,base hero state,,Minor Update - 08-22-2026,high,"[""HSRC-0003""]",
infernus,air_dash_duration,movement,air_dash_duration,0.47,,,seconds,base hero state,,Minor Update - 08-22-2026,high,"[""HSRC-0003""]",
infernus,air_dash_speed,movement,air_dash_speed,17,,,units_per_second,base hero state,,Minor Update - 08-22-2026,high,"[""HSRC-0003""]",
infernus,stamina,stamina,stamina,3,,,count,base hero state,,Minor Update - 08-22-2026,high,"[""HSRC-0003""]",
infernus,stamina_cooldown,stamina,stamina_cooldown,4.5000045,,,seconds,base hero state,,Minor Update - 08-22-2026,high,"[""HSRC-0003""]",
infernus,stamina_regen_per_second,health,stamina_regen_per_second,0.222222,,,count_per_second,base hero state,,Minor Update - 08-22-2026,high,"[""HSRC-0003""]",
infernus,light_melee_damage,melee,light_melee_damage,50,1.58,,damage,base hero state,base + boon_level * 1.58,Minor Update - 08-22-2026,high,"[""HSRC-0003""]",
infernus,heavy_melee_damage,melee,heavy_melee_damage,116,3.6656,,damage,base hero state,base + boon_level * 3.6656,Minor Update - 08-22-2026,high,"[""HSRC-0003""]",
infernus,hero_bullet_lifesteal_effectiveness,weapon,hero_bullet_lifesteal_effectiveness,1,,,multiplier,base hero state,,Minor Update - 08-22-2026,high,"[""HSRC-0003""]",
infernus,hero_spirit_lifesteal_effectiveness,spirit,hero_spirit_lifesteal_effectiveness,1,,,multiplier,base hero state,,Minor Update - 08-22-2026,high,"[""HSRC-0003""]",
infernus,crit_damage_bonus_percent,misc,crit_damage_bonus_percent,0,,,percent,base hero state,,Minor Update - 08-22-2026,high,"[""HSRC-0003""]",
infernus,crit_damage_received_percent,defense,crit_damage_received_percent,0,,,percent,base hero state,,Minor Update - 08-22-2026,high,"[""HSRC-0003""]",
infernus,weapon_power_scale,misc,weapon_power_scale,1,,,multiplier,base hero state,,Minor Update - 08-22-2026,high,"[""HSRC-0003""]",
infernus,proc_build_up_rate_scale,misc,proc_build_up_rate_scale,1,,,multiplier,base hero state,,Minor Update - 08-22-2026,high,"[""HSRC-0003""]",
infernus,tech_range,spirit,tech_range,0,,,percent,base hero state,,Minor Update - 08-22-2026,high,"[""HSRC-0003""]",Tech bezeichnet in den Rohdaten Spirit.
infernus,tech_duration,spirit,tech_duration,0,,,percent,base hero state,,Minor Update - 08-22-2026,high,"[""HSRC-0003""]",Tech bezeichnet in den Rohdaten Spirit.
infernus,base_weapon_damage_increase,misc,base_weapon_damage_increase,0,,,percent,base hero state,,Minor Update - 08-22-2026,high,"[""HSRC-0003""]",
infernus,reload_speed,reload,reload_speed,0,,,percent,base hero state,,Minor Update - 08-22-2026,high,"[""HSRC-0003""]",
infernus,weapon_ammo_consumed_per_shot,ammo,ammo_consumed_per_shot,1,,,ammo,primary fire,,Minor Update - 08-22-2026,high,"[""HSRC-0003"",""HSRC-0006""]",
infernus,weapon_bullet_damage,weapon,bullet_damage,5.5,0.088,,damage,primary fire,base + boon_level * 0.088,Minor Update - 08-22-2026,high,"[""HSRC-0003"",""HSRC-0006""]",
infernus,weapon_bullet_gravity_scale,movement,bullet_gravity_scale,0.8,,,multiplier,primary fire,,Minor Update - 08-22-2026,high,"[""HSRC-0003"",""HSRC-0006""]",
infernus,weapon_bullet_radius,weapon,bullet_radius,0.1016,,,meters,primary fire,,Minor Update - 08-22-2026,high,"[""HSRC-0003"",""HSRC-0006""]",
infernus,weapon_bullet_speed,weapon,bullet_speed,660.4,,,units_per_second,primary fire,,Minor Update - 08-22-2026,high,"[""HSRC-0003"",""HSRC-0006""]",
infernus,weapon_bullets_per_burst,weapon,bullets_per_burst,1,,,flat,primary fire,,Minor Update - 08-22-2026,high,"[""HSRC-0003"",""HSRC-0006""]",
infernus,weapon_bullets_per_shot,weapon,bullets_per_shot,1,,,flat,primary fire,,Minor Update - 08-22-2026,high,"[""HSRC-0003"",""HSRC-0006""]",
infernus,weapon_burst_inter_shot_interval,weapon,burst_inter_shot_interval,0,,,seconds,primary fire,,Minor Update - 08-22-2026,high,"[""HSRC-0003"",""HSRC-0006""]",
infernus,weapon_can_crit,weapon,can_crit,true,,,flat,primary fire,,Minor Update - 08-22-2026,high,"[""HSRC-0003"",""HSRC-0006""]",
infernus,weapon_clip_size,ammo,clip_size,27,,,flat,primary fire,,Minor Update - 08-22-2026,high,"[""HSRC-0003"",""HSRC-0006""]",
infernus,weapon_dps,weapon,dps,52.381,0.83809,,damage_per_second,primary fire,base + boon_level * 0.83809,Minor Update - 08-22-2026,high,"[""HSRC-0003"",""HSRC-0006""]",
infernus,weapon_falloff_end_range,weapon,falloff_end_range,55,,,meters,primary fire,,Minor Update - 08-22-2026,high,"[""HSRC-0003"",""HSRC-0006""]",
infernus,weapon_falloff_end_scale,weapon,falloff_end_scale,0.1,,,multiplier,primary fire,,Minor Update - 08-22-2026,high,"[""HSRC-0003"",""HSRC-0006""]",
infernus,weapon_falloff_start_range,weapon,falloff_start_range,18,,,meters,primary fire,,Minor Update - 08-22-2026,high,"[""HSRC-0003"",""HSRC-0006""]",
infernus,weapon_hit_once_across_all_bullets,weapon,hit_once_across_all_bullets,false,,,flat,primary fire,,Minor Update - 08-22-2026,high,"[""HSRC-0003"",""HSRC-0006""]",
infernus,weapon_reload_delay,reload,reload_delay,0,,,seconds,primary fire,,Minor Update - 08-22-2026,high,"[""HSRC-0003"",""HSRC-0006""]",
infernus,weapon_reload_single,reload,reload_single,false,,,flat,primary fire,,Minor Update - 08-22-2026,high,"[""HSRC-0003"",""HSRC-0006""]",
infernus,weapon_reload_time,reload,reload_time,2.25,,,seconds,primary fire,,Minor Update - 08-22-2026,high,"[""HSRC-0003"",""HSRC-0006""]",
infernus,weapon_rounds_per_second,weapon,rounds_per_second,9.5238,,,flat,primary fire,,Minor Update - 08-22-2026,high,"[""HSRC-0003"",""HSRC-0006""]",
infernus,weapon_shoot_move_speed,movement,shoot_move_speed,0.75,,,units_per_second,primary fire,,Minor Update - 08-22-2026,high,"[""HSRC-0003"",""HSRC-0006""]",
infernus,weapon_sustained_dps,weapon,sustained_dps,29.204,0.46726,,damage_per_second,primary fire,base + boon_level * 0.46726,Minor Update - 08-22-2026,high,"[""HSRC-0003"",""HSRC-0006""]",
infernus,boon_growth_power_increases,misc,power_increases,,1,,flat,per boon level,stat contribution = boon_level * 1,Minor Update - 08-22-2026,high,"[""HSRC-0003""]",Kein separat ausgewiesener Basiswert im strukturierten Export.
infernus,boon_growth_tech_power,spirit,tech_power,,1.1,,flat,per boon level,stat contribution = boon_level * 1.1,Minor Update - 08-22-2026,high,"[""HSRC-0003""]",Kein separat ausgewiesener Basiswert im strukturierten Export.
ivy,max_health,health,max_health,755,45,,health,base hero state,base + boon_level * 45,Minor Update - 08-22-2026,high,"[""HSRC-0003""]",
ivy,base_health_regen,health,base_health_regen,2,,,health_per_second,base hero state,,Minor Update - 08-22-2026,high,"[""HSRC-0003""]",
ivy,max_move_speed,movement,max_move_speed,7.2,,,units_per_second,base hero state,,Minor Update - 08-22-2026,high,"[""HSRC-0003""]",
ivy,sprint_speed,movement,sprint_speed,1.6,,,units_per_second,base hero state,,Minor Update - 08-22-2026,high,"[""HSRC-0003""]",
ivy,crouch_speed,movement,crouch_speed,4.75,,,units_per_second,base hero state,,Minor Update - 08-22-2026,high,"[""HSRC-0003""]",
ivy,move_acceleration,movement,move_acceleration,4,,,units_per_second_squared,base hero state,,Minor Update - 08-22-2026,high,"[""HSRC-0003""]",
ivy,gravity_change,movement,gravity_change,-10,,,percent,base hero state,,Minor Update - 08-22-2026,high,"[""HSRC-0003""]",
ivy,ground_dash_distance_in_meters,movement,ground_dash_distance_in_meters,10,,,meters,base hero state,,Minor Update - 08-22-2026,high,"[""HSRC-0003""]",
ivy,ground_dash_duration,movement,ground_dash_duration,0.62,,,seconds,base hero state,,Minor Update - 08-22-2026,high,"[""HSRC-0003""]",
ivy,ground_dash_speed,movement,ground_dash_speed,16.1,,,units_per_second,base hero state,,Minor Update - 08-22-2026,high,"[""HSRC-0003""]",
ivy,air_dash_distance_in_meters,movement,air_dash_distance_in_meters,8,,,meters,base hero state,,Minor Update - 08-22-2026,high,"[""HSRC-0003""]",
ivy,air_dash_duration,movement,air_dash_duration,0.43,,,seconds,base hero state,,Minor Update - 08-22-2026,high,"[""HSRC-0003""]",
ivy,air_dash_speed,movement,air_dash_speed,18.6,,,units_per_second,base hero state,,Minor Update - 08-22-2026,high,"[""HSRC-0003""]",
ivy,stamina,stamina,stamina,4,,,count,base hero state,,Minor Update - 08-22-2026,high,"[""HSRC-0003""]",
ivy,stamina_cooldown,stamina,stamina_cooldown,4.5000045,,,seconds,base hero state,,Minor Update - 08-22-2026,high,"[""HSRC-0003""]",
ivy,stamina_regen_per_second,health,stamina_regen_per_second,0.222222,,,count_per_second,base hero state,,Minor Update - 08-22-2026,high,"[""HSRC-0003""]",
ivy,light_melee_damage,melee,light_melee_damage,50,1.58,,damage,base hero state,base + boon_level * 1.58,Minor Update - 08-22-2026,high,"[""HSRC-0003""]",
ivy,heavy_melee_damage,melee,heavy_melee_damage,116,3.6656,,damage,base hero state,base + boon_level * 3.6656,Minor Update - 08-22-2026,high,"[""HSRC-0003""]",
ivy,hero_bullet_lifesteal_effectiveness,weapon,hero_bullet_lifesteal_effectiveness,1,,,multiplier,base hero state,,Minor Update - 08-22-2026,high,"[""HSRC-0003""]",
ivy,hero_spirit_lifesteal_effectiveness,spirit,hero_spirit_lifesteal_effectiveness,1,,,multiplier,base hero state,,Minor Update - 08-22-2026,high,"[""HSRC-0003""]",
ivy,crit_damage_bonus_percent,misc,crit_damage_bonus_percent,0,,,percent,base hero state,,Minor Update - 08-22-2026,high,"[""HSRC-0003""]",
ivy,crit_damage_received_percent,defense,crit_damage_received_percent,0,,,percent,base hero state,,Minor Update - 08-22-2026,high,"[""HSRC-0003""]",
ivy,weapon_power_scale,misc,weapon_power_scale,1,,,multiplier,base hero state,,Minor Update - 08-22-2026,high,"[""HSRC-0003""]",
ivy,proc_build_up_rate_scale,misc,proc_build_up_rate_scale,1,,,multiplier,base hero state,,Minor Update - 08-22-2026,high,"[""HSRC-0003""]",
ivy,tech_range,spirit,tech_range,0,,,percent,base hero state,,Minor Update - 08-22-2026,high,"[""HSRC-0003""]",Tech bezeichnet in den Rohdaten Spirit.
ivy,tech_duration,spirit,tech_duration,0,,,percent,base hero state,,Minor Update - 08-22-2026,high,"[""HSRC-0003""]",Tech bezeichnet in den Rohdaten Spirit.
ivy,base_weapon_damage_increase,misc,base_weapon_damage_increase,0,,,percent,base hero state,,Minor Update - 08-22-2026,high,"[""HSRC-0003""]",
ivy,reload_speed,reload,reload_speed,0,,,percent,base hero state,,Minor Update - 08-22-2026,high,"[""HSRC-0003""]",
ivy,weapon_ammo_consumed_per_shot,ammo,ammo_consumed_per_shot,1,,,ammo,primary fire,,Minor Update - 08-22-2026,high,"[""HSRC-0003"",""HSRC-0006""]",
ivy,weapon_bullet_damage,weapon,bullet_damage,4.45,0.08,,damage,primary fire,base + boon_level * 0.08,Minor Update - 08-22-2026,high,"[""HSRC-0003"",""HSRC-0006""]",
ivy,weapon_bullet_gravity_scale,movement,bullet_gravity_scale,0.8,,,multiplier,primary fire,,Minor Update - 08-22-2026,high,"[""HSRC-0003"",""HSRC-0006""]",
ivy,weapon_bullet_radius,weapon,bullet_radius,0.0762,,,meters,primary fire,,Minor Update - 08-22-2026,high,"[""HSRC-0003"",""HSRC-0006""]",
ivy,weapon_bullet_speed,weapon,bullet_speed,571.5,,,units_per_second,primary fire,,Minor Update - 08-22-2026,high,"[""HSRC-0003"",""HSRC-0006""]",
ivy,weapon_bullets_per_burst,weapon,bullets_per_burst,1,,,flat,primary fire,,Minor Update - 08-22-2026,high,"[""HSRC-0003"",""HSRC-0006""]",
ivy,weapon_bullets_per_shot,weapon,bullets_per_shot,1,,,flat,primary fire,,Minor Update - 08-22-2026,high,"[""HSRC-0003"",""HSRC-0006""]",
ivy,weapon_burst_inter_shot_interval,weapon,burst_inter_shot_interval,0,,,seconds,primary fire,,Minor Update - 08-22-2026,high,"[""HSRC-0003"",""HSRC-0006""]",
ivy,weapon_can_crit,weapon,can_crit,true,,,flat,primary fire,,Minor Update - 08-22-2026,high,"[""HSRC-0003"",""HSRC-0006""]",
ivy,weapon_clip_size,ammo,clip_size,33,,,flat,primary fire,,Minor Update - 08-22-2026,high,"[""HSRC-0003"",""HSRC-0006""]",
ivy,weapon_dps,weapon,dps,60.542,1.0884,,damage_per_second,primary fire,base + boon_level * 1.0884,Minor Update - 08-22-2026,high,"[""HSRC-0003"",""HSRC-0006""]",
ivy,weapon_falloff_end_range,weapon,falloff_end_range,57.51,,,meters,primary fire,,Minor Update - 08-22-2026,high,"[""HSRC-0003"",""HSRC-0006""]",
ivy,weapon_falloff_end_scale,weapon,falloff_end_scale,0.1,,,multiplier,primary fire,,Minor Update - 08-22-2026,high,"[""HSRC-0003"",""HSRC-0006""]",
ivy,weapon_falloff_start_range,weapon,falloff_start_range,19.99,,,meters,primary fire,,Minor Update - 08-22-2026,high,"[""HSRC-0003"",""HSRC-0006""]",
ivy,weapon_hit_once_across_all_bullets,weapon,hit_once_across_all_bullets,false,,,flat,primary fire,,Minor Update - 08-22-2026,high,"[""HSRC-0003"",""HSRC-0006""]",
ivy,weapon_reload_delay,reload,reload_delay,0,,,seconds,primary fire,,Minor Update - 08-22-2026,high,"[""HSRC-0003"",""HSRC-0006""]",
ivy,weapon_reload_single,reload,reload_single,false,,,flat,primary fire,,Minor Update - 08-22-2026,high,"[""HSRC-0003"",""HSRC-0006""]",
ivy,weapon_reload_time,reload,reload_time,2.444,,,seconds,primary fire,,Minor Update - 08-22-2026,high,"[""HSRC-0003"",""HSRC-0006""]",
ivy,weapon_rounds_per_second,weapon,rounds_per_second,13.605,,,flat,primary fire,,Minor Update - 08-22-2026,high,"[""HSRC-0003"",""HSRC-0006""]",
ivy,weapon_shoot_move_speed,movement,shoot_move_speed,0.75,,,units_per_second,primary fire,,Minor Update - 08-22-2026,high,"[""HSRC-0003"",""HSRC-0006""]",
ivy,weapon_sustained_dps,weapon,sustained_dps,30.157,0.54214,,damage_per_second,primary fire,base + boon_level * 0.54214,Minor Update - 08-22-2026,high,"[""HSRC-0003"",""HSRC-0006""]",
ivy,boon_growth_power_increases,misc,power_increases,,1,,flat,per boon level,stat contribution = boon_level * 1,Minor Update - 08-22-2026,high,"[""HSRC-0003""]",Kein separat ausgewiesener Basiswert im strukturierten Export.
ivy,boon_growth_tech_power,spirit,tech_power,,1.2,,flat,per boon level,stat contribution = boon_level * 1.2,Minor Update - 08-22-2026,high,"[""HSRC-0003""]",Kein separat ausgewiesener Basiswert im strukturierten Export.
kelvin,max_health,health,max_health,880,60,,health,base hero state,base + boon_level * 60,Minor Update - 08-22-2026,high,"[""HSRC-0003""]",
kelvin,base_health_regen,health,base_health_regen,1,,,health_per_second,base hero state,,Minor Update - 08-22-2026,high,"[""HSRC-0003""]",
kelvin,max_move_speed,movement,max_move_speed,6.7,,,units_per_second,base hero state,,Minor Update - 08-22-2026,high,"[""HSRC-0003""]",
kelvin,sprint_speed,movement,sprint_speed,1.1,,,units_per_second,base hero state,,Minor Update - 08-22-2026,high,"[""HSRC-0003""]",
kelvin,crouch_speed,movement,crouch_speed,4.75,,,units_per_second,base hero state,,Minor Update - 08-22-2026,high,"[""HSRC-0003""]",
kelvin,move_acceleration,movement,move_acceleration,4,,,units_per_second_squared,base hero state,,Minor Update - 08-22-2026,high,"[""HSRC-0003""]",
kelvin,ground_dash_distance_in_meters,movement,ground_dash_distance_in_meters,10,,,meters,base hero state,,Minor Update - 08-22-2026,high,"[""HSRC-0003""]",
kelvin,ground_dash_duration,movement,ground_dash_duration,0.72,,,seconds,base hero state,,Minor Update - 08-22-2026,high,"[""HSRC-0003""]",
kelvin,ground_dash_speed,movement,ground_dash_speed,13.9,,,units_per_second,base hero state,,Minor Update - 08-22-2026,high,"[""HSRC-0003""]",
kelvin,air_dash_distance_in_meters,movement,air_dash_distance_in_meters,8,,,meters,base hero state,,Minor Update - 08-22-2026,high,"[""HSRC-0003""]",
kelvin,air_dash_duration,movement,air_dash_duration,0.51,,,seconds,base hero state,,Minor Update - 08-22-2026,high,"[""HSRC-0003""]",
kelvin,air_dash_speed,movement,air_dash_speed,15.7,,,units_per_second,base hero state,,Minor Update - 08-22-2026,high,"[""HSRC-0003""]",
kelvin,stamina,stamina,stamina,3,,,count,base hero state,,Minor Update - 08-22-2026,high,"[""HSRC-0003""]",
kelvin,stamina_cooldown,stamina,stamina_cooldown,5.50024751114,,,seconds,base hero state,,Minor Update - 08-22-2026,high,"[""HSRC-0003""]",
kelvin,stamina_regen_per_second,health,stamina_regen_per_second,0.18181,,,count_per_second,base hero state,,Minor Update - 08-22-2026,high,"[""HSRC-0003""]",
kelvin,light_melee_damage,melee,light_melee_damage,50,1.58,,damage,base hero state,base + boon_level * 1.58,Minor Update - 08-22-2026,high,"[""HSRC-0003""]",
kelvin,heavy_melee_damage,melee,heavy_melee_damage,116,3.6656,,damage,base hero state,base + boon_level * 3.6656,Minor Update - 08-22-2026,high,"[""HSRC-0003""]",
kelvin,hero_bullet_lifesteal_effectiveness,weapon,hero_bullet_lifesteal_effectiveness,1,,,multiplier,base hero state,,Minor Update - 08-22-2026,high,"[""HSRC-0003""]",
kelvin,hero_spirit_lifesteal_effectiveness,spirit,hero_spirit_lifesteal_effectiveness,1,,,multiplier,base hero state,,Minor Update - 08-22-2026,high,"[""HSRC-0003""]",
kelvin,crit_damage_bonus_percent,misc,crit_damage_bonus_percent,-25,,,percent,base hero state,,Minor Update - 08-22-2026,high,"[""HSRC-0003""]",
kelvin,crit_damage_received_percent,defense,crit_damage_received_percent,0,,,percent,base hero state,,Minor Update - 08-22-2026,high,"[""HSRC-0003""]",
kelvin,weapon_power_scale,misc,weapon_power_scale,1,,,multiplier,base hero state,,Minor Update - 08-22-2026,high,"[""HSRC-0003""]",
kelvin,proc_build_up_rate_scale,misc,proc_build_up_rate_scale,1,,,multiplier,base hero state,,Minor Update - 08-22-2026,high,"[""HSRC-0003""]",
kelvin,tech_range,spirit,tech_range,0,,,percent,base hero state,,Minor Update - 08-22-2026,high,"[""HSRC-0003""]",Tech bezeichnet in den Rohdaten Spirit.
kelvin,tech_duration,spirit,tech_duration,0,,,percent,base hero state,,Minor Update - 08-22-2026,high,"[""HSRC-0003""]",Tech bezeichnet in den Rohdaten Spirit.
kelvin,base_weapon_damage_increase,misc,base_weapon_damage_increase,0,,,percent,base hero state,,Minor Update - 08-22-2026,high,"[""HSRC-0003""]",
kelvin,reload_speed,reload,reload_speed,0,,,percent,base hero state,,Minor Update - 08-22-2026,high,"[""HSRC-0003""]",
kelvin,weapon_ammo_consumed_per_shot,ammo,ammo_consumed_per_shot,1,,,ammo,primary fire,,Minor Update - 08-22-2026,high,"[""HSRC-0003"",""HSRC-0006""]",
kelvin,weapon_bullet_damage,weapon,bullet_damage,18.6,0.418,,damage,primary fire,base + boon_level * 0.418,Minor Update - 08-22-2026,high,"[""HSRC-0003"",""HSRC-0006""]",
kelvin,weapon_bullet_gravity_scale,movement,bullet_gravity_scale,0.3,,,multiplier,primary fire,,Minor Update - 08-22-2026,high,"[""HSRC-0003"",""HSRC-0006""]",
kelvin,weapon_bullet_radius,weapon,bullet_radius,0.1524,,,meters,primary fire,,Minor Update - 08-22-2026,high,"[""HSRC-0003"",""HSRC-0006""]",
kelvin,weapon_bullet_speed,weapon,bullet_speed,160,,,units_per_second,primary fire,,Minor Update - 08-22-2026,high,"[""HSRC-0003"",""HSRC-0006""]",
kelvin,weapon_bullets_per_burst,weapon,bullets_per_burst,1,,,flat,primary fire,,Minor Update - 08-22-2026,high,"[""HSRC-0003"",""HSRC-0006""]",
kelvin,weapon_bullets_per_shot,weapon,bullets_per_shot,1,,,flat,primary fire,,Minor Update - 08-22-2026,high,"[""HSRC-0003"",""HSRC-0006""]",
kelvin,weapon_burst_inter_shot_interval,weapon,burst_inter_shot_interval,0,,,seconds,primary fire,,Minor Update - 08-22-2026,high,"[""HSRC-0003"",""HSRC-0006""]",
kelvin,weapon_can_crit,weapon,can_crit,true,,,flat,primary fire,,Minor Update - 08-22-2026,high,"[""HSRC-0003"",""HSRC-0006""]",
kelvin,weapon_clip_size,ammo,clip_size,14,,,flat,primary fire,,Minor Update - 08-22-2026,high,"[""HSRC-0003"",""HSRC-0006""]",
kelvin,weapon_dps,weapon,dps,70.857,1.5924,,damage_per_second,primary fire,base + boon_level * 1.5924,Minor Update - 08-22-2026,high,"[""HSRC-0003"",""HSRC-0006""]",
kelvin,weapon_falloff_end_range,weapon,falloff_end_range,57.51,,,meters,primary fire,,Minor Update - 08-22-2026,high,"[""HSRC-0003"",""HSRC-0006""]",
kelvin,weapon_falloff_end_scale,weapon,falloff_end_scale,0.1,,,multiplier,primary fire,,Minor Update - 08-22-2026,high,"[""HSRC-0003"",""HSRC-0006""]",
kelvin,weapon_falloff_start_range,weapon,falloff_start_range,19.99,,,meters,primary fire,,Minor Update - 08-22-2026,high,"[""HSRC-0003"",""HSRC-0006""]",
kelvin,weapon_hit_once_across_all_bullets,weapon,hit_once_across_all_bullets,false,,,flat,primary fire,,Minor Update - 08-22-2026,high,"[""HSRC-0003"",""HSRC-0006""]",
kelvin,weapon_reload_delay,reload,reload_delay,0,,,seconds,primary fire,,Minor Update - 08-22-2026,high,"[""HSRC-0003"",""HSRC-0006""]",
kelvin,weapon_reload_single,reload,reload_single,false,,,flat,primary fire,,Minor Update - 08-22-2026,high,"[""HSRC-0003"",""HSRC-0006""]",
kelvin,weapon_reload_time,reload,reload_time,2.585,,,seconds,primary fire,,Minor Update - 08-22-2026,high,"[""HSRC-0003"",""HSRC-0006""]",
kelvin,weapon_rounds_per_second,weapon,rounds_per_second,3.8095,,,flat,primary fire,,Minor Update - 08-22-2026,high,"[""HSRC-0003"",""HSRC-0006""]",
kelvin,weapon_shoot_move_speed,movement,shoot_move_speed,0.75,,,units_per_second,primary fire,,Minor Update - 08-22-2026,high,"[""HSRC-0003"",""HSRC-0006""]",
kelvin,weapon_sustained_dps,weapon,sustained_dps,41.597,0.93482,,damage_per_second,primary fire,base + boon_level * 0.93482,Minor Update - 08-22-2026,high,"[""HSRC-0003"",""HSRC-0006""]",
kelvin,boon_growth_power_increases,misc,power_increases,,1,,flat,per boon level,stat contribution = boon_level * 1,Minor Update - 08-22-2026,high,"[""HSRC-0003""]",Kein separat ausgewiesener Basiswert im strukturierten Export.
kelvin,boon_growth_tech_resist,defense,tech_resist,,0.625,,percent,per boon level,stat contribution = boon_level * 0.625,Minor Update - 08-22-2026,high,"[""HSRC-0003""]",Kein separat ausgewiesener Basiswert im strukturierten Export.
kelvin,boon_growth_tech_power,spirit,tech_power,,1.3,,flat,per boon level,stat contribution = boon_level * 1.3,Minor Update - 08-22-2026,high,"[""HSRC-0003""]",Kein separat ausgewiesener Basiswert im strukturierten Export.
lady_geist,max_health,health,max_health,880,51,,health,base hero state,base + boon_level * 51,Minor Update - 08-22-2026,high,"[""HSRC-0003""]",
lady_geist,base_health_regen,health,base_health_regen,1,,,health_per_second,base hero state,,Minor Update - 08-22-2026,high,"[""HSRC-0003""]",
lady_geist,max_move_speed,movement,max_move_speed,6.3,,,units_per_second,base hero state,,Minor Update - 08-22-2026,high,"[""HSRC-0003""]",
lady_geist,sprint_speed,movement,sprint_speed,2.4,,,units_per_second,base hero state,,Minor Update - 08-22-2026,high,"[""HSRC-0003""]",
lady_geist,crouch_speed,movement,crouch_speed,4.75,,,units_per_second,base hero state,,Minor Update - 08-22-2026,high,"[""HSRC-0003""]",
lady_geist,move_acceleration,movement,move_acceleration,4,,,units_per_second_squared,base hero state,,Minor Update - 08-22-2026,high,"[""HSRC-0003""]",
lady_geist,ground_dash_distance_in_meters,movement,ground_dash_distance_in_meters,10,,,meters,base hero state,,Minor Update - 08-22-2026,high,"[""HSRC-0003""]",
lady_geist,ground_dash_duration,movement,ground_dash_duration,0.72,,,seconds,base hero state,,Minor Update - 08-22-2026,high,"[""HSRC-0003""]",
lady_geist,ground_dash_speed,movement,ground_dash_speed,13.9,,,units_per_second,base hero state,,Minor Update - 08-22-2026,high,"[""HSRC-0003""]",
lady_geist,air_dash_distance_in_meters,movement,air_dash_distance_in_meters,8,,,meters,base hero state,,Minor Update - 08-22-2026,high,"[""HSRC-0003""]",
lady_geist,air_dash_duration,movement,air_dash_duration,0.51,,,seconds,base hero state,,Minor Update - 08-22-2026,high,"[""HSRC-0003""]",
lady_geist,air_dash_speed,movement,air_dash_speed,15.7,,,units_per_second,base hero state,,Minor Update - 08-22-2026,high,"[""HSRC-0003""]",
lady_geist,stamina,stamina,stamina,3,,,count,base hero state,,Minor Update - 08-22-2026,high,"[""HSRC-0003""]",
lady_geist,stamina_cooldown,stamina,stamina_cooldown,4.5000045,,,seconds,base hero state,,Minor Update - 08-22-2026,high,"[""HSRC-0003""]",
lady_geist,stamina_regen_per_second,health,stamina_regen_per_second,0.222222,,,count_per_second,base hero state,,Minor Update - 08-22-2026,high,"[""HSRC-0003""]",
lady_geist,light_melee_damage,melee,light_melee_damage,50,1.58,,damage,base hero state,base + boon_level * 1.58,Minor Update - 08-22-2026,high,"[""HSRC-0003""]",
lady_geist,heavy_melee_damage,melee,heavy_melee_damage,116,3.6656,,damage,base hero state,base + boon_level * 3.6656,Minor Update - 08-22-2026,high,"[""HSRC-0003""]",
lady_geist,hero_bullet_lifesteal_effectiveness,weapon,hero_bullet_lifesteal_effectiveness,1,,,multiplier,base hero state,,Minor Update - 08-22-2026,high,"[""HSRC-0003""]",
lady_geist,hero_spirit_lifesteal_effectiveness,spirit,hero_spirit_lifesteal_effectiveness,1,,,multiplier,base hero state,,Minor Update - 08-22-2026,high,"[""HSRC-0003""]",
lady_geist,crit_damage_bonus_percent,misc,crit_damage_bonus_percent,0,,,percent,base hero state,,Minor Update - 08-22-2026,high,"[""HSRC-0003""]",
lady_geist,crit_damage_received_percent,defense,crit_damage_received_percent,0,,,percent,base hero state,,Minor Update - 08-22-2026,high,"[""HSRC-0003""]",
lady_geist,weapon_power_scale,misc,weapon_power_scale,1,,,multiplier,base hero state,,Minor Update - 08-22-2026,high,"[""HSRC-0003""]",
lady_geist,proc_build_up_rate_scale,misc,proc_build_up_rate_scale,1,,,multiplier,base hero state,,Minor Update - 08-22-2026,high,"[""HSRC-0003""]",
lady_geist,tech_range,spirit,tech_range,0,,,percent,base hero state,,Minor Update - 08-22-2026,high,"[""HSRC-0003""]",Tech bezeichnet in den Rohdaten Spirit.
lady_geist,tech_duration,spirit,tech_duration,0,,,percent,base hero state,,Minor Update - 08-22-2026,high,"[""HSRC-0003""]",Tech bezeichnet in den Rohdaten Spirit.
lady_geist,base_weapon_damage_increase,misc,base_weapon_damage_increase,0,,,percent,base hero state,,Minor Update - 08-22-2026,high,"[""HSRC-0003""]",
lady_geist,reload_speed,reload,reload_speed,0,,,percent,base hero state,,Minor Update - 08-22-2026,high,"[""HSRC-0003""]",
lady_geist,weapon_ammo_consumed_per_shot,ammo,ammo_consumed_per_shot,1,,,ammo,primary fire,,Minor Update - 08-22-2026,high,"[""HSRC-0003"",""HSRC-0006""]",
lady_geist,weapon_bullet_damage,weapon,bullet_damage,20.7,1,,damage,primary fire,base + boon_level * 1,Minor Update - 08-22-2026,high,"[""HSRC-0003"",""HSRC-0006""]",
lady_geist,weapon_bullet_gravity_scale,movement,bullet_gravity_scale,0.8,,,multiplier,primary fire,,Minor Update - 08-22-2026,high,"[""HSRC-0003"",""HSRC-0006""]",
lady_geist,weapon_bullet_radius,weapon,bullet_radius,0.1016,,,meters,primary fire,,Minor Update - 08-22-2026,high,"[""HSRC-0003"",""HSRC-0006""]",
lady_geist,weapon_bullet_speed,weapon,bullet_speed,828,,,units_per_second,primary fire,,Minor Update - 08-22-2026,high,"[""HSRC-0003"",""HSRC-0006""]",
lady_geist,weapon_bullets_per_burst,weapon,bullets_per_burst,1,,,flat,primary fire,,Minor Update - 08-22-2026,high,"[""HSRC-0003"",""HSRC-0006""]",
lady_geist,weapon_bullets_per_shot,weapon,bullets_per_shot,1,,,flat,primary fire,,Minor Update - 08-22-2026,high,"[""HSRC-0003"",""HSRC-0006""]",
lady_geist,weapon_burst_inter_shot_interval,weapon,burst_inter_shot_interval,0,,,seconds,primary fire,,Minor Update - 08-22-2026,high,"[""HSRC-0003"",""HSRC-0006""]",
lady_geist,weapon_can_crit,weapon,can_crit,true,,,flat,primary fire,,Minor Update - 08-22-2026,high,"[""HSRC-0003"",""HSRC-0006""]",
lady_geist,weapon_clip_size,ammo,clip_size,9,,,flat,primary fire,,Minor Update - 08-22-2026,high,"[""HSRC-0003"",""HSRC-0006""]",
lady_geist,weapon_dps,weapon,dps,43.809,2.1164,,damage_per_second,primary fire,base + boon_level * 2.1164,Minor Update - 08-22-2026,high,"[""HSRC-0003"",""HSRC-0006""]",
lady_geist,weapon_falloff_end_range,weapon,falloff_end_range,48,,,meters,primary fire,,Minor Update - 08-22-2026,high,"[""HSRC-0003"",""HSRC-0006""]",
lady_geist,weapon_falloff_end_scale,weapon,falloff_end_scale,0.1,,,multiplier,primary fire,,Minor Update - 08-22-2026,high,"[""HSRC-0003"",""HSRC-0006""]",
lady_geist,weapon_falloff_start_range,weapon,falloff_start_range,17,,,meters,primary fire,,Minor Update - 08-22-2026,high,"[""HSRC-0003"",""HSRC-0006""]",
lady_geist,weapon_hit_once_across_all_bullets,weapon,hit_once_across_all_bullets,false,,,flat,primary fire,,Minor Update - 08-22-2026,high,"[""HSRC-0003"",""HSRC-0006""]",
lady_geist,weapon_reload_delay,reload,reload_delay,0,,,seconds,primary fire,,Minor Update - 08-22-2026,high,"[""HSRC-0003"",""HSRC-0006""]",
lady_geist,weapon_reload_single,reload,reload_single,false,,,flat,primary fire,,Minor Update - 08-22-2026,high,"[""HSRC-0003"",""HSRC-0006""]",
lady_geist,weapon_reload_time,reload,reload_time,2.585,,,seconds,primary fire,,Minor Update - 08-22-2026,high,"[""HSRC-0003"",""HSRC-0006""]",
lady_geist,weapon_rounds_per_second,weapon,rounds_per_second,2.1164,,,flat,primary fire,,Minor Update - 08-22-2026,high,"[""HSRC-0003"",""HSRC-0006""]",
lady_geist,weapon_shoot_move_speed,movement,shoot_move_speed,0.75,,,units_per_second,primary fire,,Minor Update - 08-22-2026,high,"[""HSRC-0003"",""HSRC-0006""]",
lady_geist,weapon_sustained_dps,weapon,sustained_dps,27.247,1.3163,,damage_per_second,primary fire,base + boon_level * 1.3163,Minor Update - 08-22-2026,high,"[""HSRC-0003"",""HSRC-0006""]",
lady_geist,boon_growth_power_increases,misc,power_increases,,1,,flat,per boon level,stat contribution = boon_level * 1,Minor Update - 08-22-2026,high,"[""HSRC-0003""]",Kein separat ausgewiesener Basiswert im strukturierten Export.
lady_geist,boon_growth_tech_power,spirit,tech_power,,1.1,,flat,per boon level,stat contribution = boon_level * 1.1,Minor Update - 08-22-2026,high,"[""HSRC-0003""]",Kein separat ausgewiesener Basiswert im strukturierten Export.
lash,max_health,health,max_health,780,50,,health,base hero state,base + boon_level * 50,Minor Update - 08-22-2026,high,"[""HSRC-0003""]",
lash,base_health_regen,health,base_health_regen,2,,,health_per_second,base hero state,,Minor Update - 08-22-2026,high,"[""HSRC-0003""]",
lash,tech_resist,defense,tech_resist,10,,,percent,base hero state,,Minor Update - 08-22-2026,high,"[""HSRC-0003""]",Tech bezeichnet in den Rohdaten Spirit.
lash,max_move_speed,movement,max_move_speed,7.2,,,units_per_second,base hero state,,Minor Update - 08-22-2026,high,"[""HSRC-0003""]",
lash,sprint_speed,movement,sprint_speed,2.1,,,units_per_second,base hero state,,Minor Update - 08-22-2026,high,"[""HSRC-0003""]",
lash,crouch_speed,movement,crouch_speed,4.75,,,units_per_second,base hero state,,Minor Update - 08-22-2026,high,"[""HSRC-0003""]",
lash,move_acceleration,movement,move_acceleration,4,,,units_per_second_squared,base hero state,,Minor Update - 08-22-2026,high,"[""HSRC-0003""]",
lash,ground_dash_distance_in_meters,movement,ground_dash_distance_in_meters,10,,,meters,base hero state,,Minor Update - 08-22-2026,high,"[""HSRC-0003""]",
lash,ground_dash_duration,movement,ground_dash_duration,0.68,,,seconds,base hero state,,Minor Update - 08-22-2026,high,"[""HSRC-0003""]",
lash,ground_dash_speed,movement,ground_dash_speed,14.7,,,units_per_second,base hero state,,Minor Update - 08-22-2026,high,"[""HSRC-0003""]",
lash,air_dash_distance_in_meters,movement,air_dash_distance_in_meters,8,,,meters,base hero state,,Minor Update - 08-22-2026,high,"[""HSRC-0003""]",
lash,air_dash_duration,movement,air_dash_duration,0.47,,,seconds,base hero state,,Minor Update - 08-22-2026,high,"[""HSRC-0003""]",
lash,air_dash_speed,movement,air_dash_speed,17,,,units_per_second,base hero state,,Minor Update - 08-22-2026,high,"[""HSRC-0003""]",
lash,stamina,stamina,stamina,3,,,count,base hero state,,Minor Update - 08-22-2026,high,"[""HSRC-0003""]",
lash,stamina_cooldown,stamina,stamina_cooldown,4.5000045,,,seconds,base hero state,,Minor Update - 08-22-2026,high,"[""HSRC-0003""]",
lash,stamina_regen_per_second,health,stamina_regen_per_second,0.222222,,,count_per_second,base hero state,,Minor Update - 08-22-2026,high,"[""HSRC-0003""]",
lash,light_melee_damage,melee,light_melee_damage,50,1.58,,damage,base hero state,base + boon_level * 1.58,Minor Update - 08-22-2026,high,"[""HSRC-0003""]",
lash,heavy_melee_damage,melee,heavy_melee_damage,116,3.6656,,damage,base hero state,base + boon_level * 3.6656,Minor Update - 08-22-2026,high,"[""HSRC-0003""]",
lash,hero_bullet_lifesteal_effectiveness,weapon,hero_bullet_lifesteal_effectiveness,1,,,multiplier,base hero state,,Minor Update - 08-22-2026,high,"[""HSRC-0003""]",
lash,hero_spirit_lifesteal_effectiveness,spirit,hero_spirit_lifesteal_effectiveness,1,,,multiplier,base hero state,,Minor Update - 08-22-2026,high,"[""HSRC-0003""]",
lash,crit_damage_bonus_percent,misc,crit_damage_bonus_percent,0,,,percent,base hero state,,Minor Update - 08-22-2026,high,"[""HSRC-0003""]",
lash,crit_damage_received_percent,defense,crit_damage_received_percent,0,,,percent,base hero state,,Minor Update - 08-22-2026,high,"[""HSRC-0003""]",
lash,weapon_power_scale,misc,weapon_power_scale,1,,,multiplier,base hero state,,Minor Update - 08-22-2026,high,"[""HSRC-0003""]",
lash,proc_build_up_rate_scale,misc,proc_build_up_rate_scale,1,,,multiplier,base hero state,,Minor Update - 08-22-2026,high,"[""HSRC-0003""]",
lash,tech_range,spirit,tech_range,0,,,percent,base hero state,,Minor Update - 08-22-2026,high,"[""HSRC-0003""]",Tech bezeichnet in den Rohdaten Spirit.
lash,tech_duration,spirit,tech_duration,0,,,percent,base hero state,,Minor Update - 08-22-2026,high,"[""HSRC-0003""]",Tech bezeichnet in den Rohdaten Spirit.
lash,base_weapon_damage_increase,misc,base_weapon_damage_increase,0,,,percent,base hero state,,Minor Update - 08-22-2026,high,"[""HSRC-0003""]",
lash,reload_speed,reload,reload_speed,0,,,percent,base hero state,,Minor Update - 08-22-2026,high,"[""HSRC-0003""]",
lash,weapon_ammo_consumed_per_shot,ammo,ammo_consumed_per_shot,1,,,ammo,primary fire,,Minor Update - 08-22-2026,high,"[""HSRC-0003"",""HSRC-0006""]",
lash,weapon_bullet_damage,weapon,bullet_damage,8.46,0.31,,damage,primary fire,base + boon_level * 0.31,Minor Update - 08-22-2026,high,"[""HSRC-0003"",""HSRC-0006""]",
lash,weapon_bullet_gravity_scale,movement,bullet_gravity_scale,0.8,,,multiplier,primary fire,,Minor Update - 08-22-2026,high,"[""HSRC-0003"",""HSRC-0006""]",
lash,weapon_bullet_radius,weapon,bullet_radius,0.0762,,,meters,primary fire,,Minor Update - 08-22-2026,high,"[""HSRC-0003"",""HSRC-0006""]",
lash,weapon_bullet_speed,weapon,bullet_speed,635,,,units_per_second,primary fire,,Minor Update - 08-22-2026,high,"[""HSRC-0003"",""HSRC-0006""]",
lash,weapon_bullets_per_burst,weapon,bullets_per_burst,3,,,flat,primary fire,,Minor Update - 08-22-2026,high,"[""HSRC-0003"",""HSRC-0006""]",
lash,weapon_bullets_per_shot,weapon,bullets_per_shot,1,,,flat,primary fire,,Minor Update - 08-22-2026,high,"[""HSRC-0003"",""HSRC-0006""]",
lash,weapon_burst_inter_shot_interval,weapon,burst_inter_shot_interval,0.084,,,seconds,primary fire,,Minor Update - 08-22-2026,high,"[""HSRC-0003"",""HSRC-0006""]",
lash,weapon_can_crit,weapon,can_crit,true,,,flat,primary fire,,Minor Update - 08-22-2026,high,"[""HSRC-0003"",""HSRC-0006""]",
lash,weapon_clip_size,ammo,clip_size,29,,,flat,primary fire,,Minor Update - 08-22-2026,high,"[""HSRC-0003"",""HSRC-0006""]",
lash,weapon_dps,weapon,dps,49.329,1.8076,,damage_per_second,primary fire,base + boon_level * 1.8076,Minor Update - 08-22-2026,high,"[""HSRC-0003"",""HSRC-0006""]",
lash,weapon_falloff_end_range,weapon,falloff_end_range,54,,,meters,primary fire,,Minor Update - 08-22-2026,high,"[""HSRC-0003"",""HSRC-0006""]",
lash,weapon_falloff_end_scale,weapon,falloff_end_scale,0.1,,,multiplier,primary fire,,Minor Update - 08-22-2026,high,"[""HSRC-0003"",""HSRC-0006""]",
lash,weapon_falloff_start_range,weapon,falloff_start_range,18,,,meters,primary fire,,Minor Update - 08-22-2026,high,"[""HSRC-0003"",""HSRC-0006""]",
lash,weapon_hit_once_across_all_bullets,weapon,hit_once_across_all_bullets,false,,,flat,primary fire,,Minor Update - 08-22-2026,high,"[""HSRC-0003"",""HSRC-0006""]",
lash,weapon_reload_delay,reload,reload_delay,0,,,seconds,primary fire,,Minor Update - 08-22-2026,high,"[""HSRC-0003"",""HSRC-0006""]",
lash,weapon_reload_single,reload,reload_single,false,,,flat,primary fire,,Minor Update - 08-22-2026,high,"[""HSRC-0003"",""HSRC-0006""]",
lash,weapon_reload_time,reload,reload_time,2.35,,,seconds,primary fire,,Minor Update - 08-22-2026,high,"[""HSRC-0003"",""HSRC-0006""]",
lash,weapon_rounds_per_second,weapon,rounds_per_second,5.8309,,,flat,primary fire,,Minor Update - 08-22-2026,high,"[""HSRC-0003"",""HSRC-0006""]",
lash,weapon_shoot_move_speed,movement,shoot_move_speed,0.75,,,units_per_second,primary fire,,Minor Update - 08-22-2026,high,"[""HSRC-0003"",""HSRC-0006""]",
lash,weapon_sustained_dps,weapon,sustained_dps,33.5,1.2276,,damage_per_second,primary fire,base + boon_level * 1.2276,Minor Update - 08-22-2026,high,"[""HSRC-0003"",""HSRC-0006""]",
lash,boon_growth_power_increases,misc,power_increases,,1,,flat,per boon level,stat contribution = boon_level * 1,Minor Update - 08-22-2026,high,"[""HSRC-0003""]",Kein separat ausgewiesener Basiswert im strukturierten Export.
lash,boon_growth_tech_power,spirit,tech_power,,1.1,,flat,per boon level,stat contribution = boon_level * 1.1,Minor Update - 08-22-2026,high,"[""HSRC-0003""]",Kein separat ausgewiesener Basiswert im strukturierten Export.
mcginnis,max_health,health,max_health,780,52,,health,base hero state,base + boon_level * 52,Minor Update - 08-22-2026,high,"[""HSRC-0003""]",
mcginnis,base_health_regen,health,base_health_regen,2,,,health_per_second,base hero state,,Minor Update - 08-22-2026,high,"[""HSRC-0003""]",
mcginnis,max_move_speed,movement,max_move_speed,6.7,,,units_per_second,base hero state,,Minor Update - 08-22-2026,high,"[""HSRC-0003""]",
mcginnis,sprint_speed,movement,sprint_speed,1.6,,,units_per_second,base hero state,,Minor Update - 08-22-2026,high,"[""HSRC-0003""]",
mcginnis,crouch_speed,movement,crouch_speed,4.75,,,units_per_second,base hero state,,Minor Update - 08-22-2026,high,"[""HSRC-0003""]",
mcginnis,move_acceleration,movement,move_acceleration,4,,,units_per_second_squared,base hero state,,Minor Update - 08-22-2026,high,"[""HSRC-0003""]",
mcginnis,ground_dash_distance_in_meters,movement,ground_dash_distance_in_meters,10,,,meters,base hero state,,Minor Update - 08-22-2026,high,"[""HSRC-0003""]",
mcginnis,ground_dash_duration,movement,ground_dash_duration,0.68,,,seconds,base hero state,,Minor Update - 08-22-2026,high,"[""HSRC-0003""]",
mcginnis,ground_dash_speed,movement,ground_dash_speed,14.7,,,units_per_second,base hero state,,Minor Update - 08-22-2026,high,"[""HSRC-0003""]",
mcginnis,air_dash_distance_in_meters,movement,air_dash_distance_in_meters,8,,,meters,base hero state,,Minor Update - 08-22-2026,high,"[""HSRC-0003""]",
mcginnis,air_dash_duration,movement,air_dash_duration,0.47,,,seconds,base hero state,,Minor Update - 08-22-2026,high,"[""HSRC-0003""]",
mcginnis,air_dash_speed,movement,air_dash_speed,17,,,units_per_second,base hero state,,Minor Update - 08-22-2026,high,"[""HSRC-0003""]",
mcginnis,stamina,stamina,stamina,2,,,count,base hero state,,Minor Update - 08-22-2026,high,"[""HSRC-0003""]",
mcginnis,stamina_cooldown,stamina,stamina_cooldown,4.5000045,,,seconds,base hero state,,Minor Update - 08-22-2026,high,"[""HSRC-0003""]",
mcginnis,stamina_regen_per_second,health,stamina_regen_per_second,0.222222,,,count_per_second,base hero state,,Minor Update - 08-22-2026,high,"[""HSRC-0003""]",
mcginnis,light_melee_damage,melee,light_melee_damage,50,1.58,,damage,base hero state,base + boon_level * 1.58,Minor Update - 08-22-2026,high,"[""HSRC-0003""]",
mcginnis,heavy_melee_damage,melee,heavy_melee_damage,116,3.6656,,damage,base hero state,base + boon_level * 3.6656,Minor Update - 08-22-2026,high,"[""HSRC-0003""]",
mcginnis,hero_bullet_lifesteal_effectiveness,weapon,hero_bullet_lifesteal_effectiveness,1,,,multiplier,base hero state,,Minor Update - 08-22-2026,high,"[""HSRC-0003""]",
mcginnis,hero_spirit_lifesteal_effectiveness,spirit,hero_spirit_lifesteal_effectiveness,1,,,multiplier,base hero state,,Minor Update - 08-22-2026,high,"[""HSRC-0003""]",
mcginnis,crit_damage_bonus_percent,misc,crit_damage_bonus_percent,0,,,percent,base hero state,,Minor Update - 08-22-2026,high,"[""HSRC-0003""]",
mcginnis,crit_damage_received_percent,defense,crit_damage_received_percent,0,,,percent,base hero state,,Minor Update - 08-22-2026,high,"[""HSRC-0003""]",
mcginnis,weapon_power_scale,misc,weapon_power_scale,1,,,multiplier,base hero state,,Minor Update - 08-22-2026,high,"[""HSRC-0003""]",
mcginnis,proc_build_up_rate_scale,misc,proc_build_up_rate_scale,1,,,multiplier,base hero state,,Minor Update - 08-22-2026,high,"[""HSRC-0003""]",
mcginnis,tech_range,spirit,tech_range,0,,,percent,base hero state,,Minor Update - 08-22-2026,high,"[""HSRC-0003""]",Tech bezeichnet in den Rohdaten Spirit.
mcginnis,tech_duration,spirit,tech_duration,0,,,percent,base hero state,,Minor Update - 08-22-2026,high,"[""HSRC-0003""]",Tech bezeichnet in den Rohdaten Spirit.
mcginnis,base_weapon_damage_increase,misc,base_weapon_damage_increase,0,,,percent,base hero state,,Minor Update - 08-22-2026,high,"[""HSRC-0003""]",
mcginnis,reload_speed,reload,reload_speed,0,,,percent,base hero state,,Minor Update - 08-22-2026,high,"[""HSRC-0003""]",
mcginnis,weapon_ammo_consumed_per_shot,ammo,ammo_consumed_per_shot,1,,,ammo,primary fire,,Minor Update - 08-22-2026,high,"[""HSRC-0003"",""HSRC-0006""]",
mcginnis,weapon_bullet_damage,weapon,bullet_damage,6.08,0.171,,damage,primary fire,base + boon_level * 0.171,Minor Update - 08-22-2026,high,"[""HSRC-0003"",""HSRC-0006""]",
mcginnis,weapon_bullet_gravity_scale,movement,bullet_gravity_scale,0.8,,,multiplier,primary fire,,Minor Update - 08-22-2026,high,"[""HSRC-0003"",""HSRC-0006""]",
mcginnis,weapon_bullet_radius,weapon,bullet_radius,0.1016,,,meters,primary fire,,Minor Update - 08-22-2026,high,"[""HSRC-0003"",""HSRC-0006""]",
mcginnis,weapon_bullet_speed,weapon,bullet_speed,650,,,units_per_second,primary fire,,Minor Update - 08-22-2026,high,"[""HSRC-0003"",""HSRC-0006""]",
mcginnis,weapon_bullets_per_burst,weapon,bullets_per_burst,1,,,flat,primary fire,,Minor Update - 08-22-2026,high,"[""HSRC-0003"",""HSRC-0006""]",
mcginnis,weapon_bullets_per_shot,weapon,bullets_per_shot,1,,,flat,primary fire,,Minor Update - 08-22-2026,high,"[""HSRC-0003"",""HSRC-0006""]",
mcginnis,weapon_burst_inter_shot_interval,weapon,burst_inter_shot_interval,0,,,seconds,primary fire,,Minor Update - 08-22-2026,high,"[""HSRC-0003"",""HSRC-0006""]",
mcginnis,weapon_can_crit,weapon,can_crit,true,,,flat,primary fire,,Minor Update - 08-22-2026,high,"[""HSRC-0003"",""HSRC-0006""]",
mcginnis,weapon_clip_size,ammo,clip_size,66,,,flat,primary fire,,Minor Update - 08-22-2026,high,"[""HSRC-0003"",""HSRC-0006""]",
mcginnis,weapon_dps,weapon,dps,72.381,2.0357,,damage_per_second,primary fire,base + boon_level * 2.0357,Minor Update - 08-22-2026,high,"[""HSRC-0003"",""HSRC-0006""]",
mcginnis,weapon_falloff_end_range,weapon,falloff_end_range,57.51,,,meters,primary fire,,Minor Update - 08-22-2026,high,"[""HSRC-0003"",""HSRC-0006""]",
mcginnis,weapon_falloff_end_scale,weapon,falloff_end_scale,0.1,,,multiplier,primary fire,,Minor Update - 08-22-2026,high,"[""HSRC-0003"",""HSRC-0006""]",
mcginnis,weapon_falloff_start_range,weapon,falloff_start_range,19.99,,,meters,primary fire,,Minor Update - 08-22-2026,high,"[""HSRC-0003"",""HSRC-0006""]",
mcginnis,weapon_hit_once_across_all_bullets,weapon,hit_once_across_all_bullets,false,,,flat,primary fire,,Minor Update - 08-22-2026,high,"[""HSRC-0003"",""HSRC-0006""]",
mcginnis,weapon_reload_delay,reload,reload_delay,0,,,seconds,primary fire,,Minor Update - 08-22-2026,high,"[""HSRC-0003"",""HSRC-0006""]",
mcginnis,weapon_reload_single,reload,reload_single,false,,,flat,primary fire,,Minor Update - 08-22-2026,high,"[""HSRC-0003"",""HSRC-0006""]",
mcginnis,weapon_reload_time,reload,reload_time,3.29,,,seconds,primary fire,,Minor Update - 08-22-2026,high,"[""HSRC-0003"",""HSRC-0006""]",
mcginnis,weapon_rounds_per_second,weapon,rounds_per_second,4.7619,,,flat,primary fire,,Minor Update - 08-22-2026,high,"[""HSRC-0003"",""HSRC-0006""]",
mcginnis,weapon_rounds_per_second_at_max_spin,weapon,rounds_per_second_at_max_spin,11.9047619048,,,flat,primary fire,,Minor Update - 08-22-2026,high,"[""HSRC-0003"",""HSRC-0006""]",
mcginnis,weapon_shoot_move_speed,movement,shoot_move_speed,0.75,,,units_per_second,primary fire,,Minor Update - 08-22-2026,high,"[""HSRC-0003"",""HSRC-0006""]",
mcginnis,weapon_spin_acceleration,movement,spin_acceleration,0.5,,,flat,primary fire,,Minor Update - 08-22-2026,high,"[""HSRC-0003"",""HSRC-0006""]",
mcginnis,weapon_spin_deceleration,weapon,spin_deceleration,0.25,,,flat,primary fire,,Minor Update - 08-22-2026,high,"[""HSRC-0003"",""HSRC-0006""]",
mcginnis,weapon_sustained_dps,weapon,sustained_dps,45.424,1.2776,,damage_per_second,primary fire,base + boon_level * 1.2776,Minor Update - 08-22-2026,high,"[""HSRC-0003"",""HSRC-0006""]",
mcginnis,boon_growth_power_increases,misc,power_increases,,1,,flat,per boon level,stat contribution = boon_level * 1,Minor Update - 08-22-2026,high,"[""HSRC-0003""]",Kein separat ausgewiesener Basiswert im strukturierten Export.
mcginnis,boon_growth_tech_resist,defense,tech_resist,,0.35,,percent,per boon level,stat contribution = boon_level * 0.35,Minor Update - 08-22-2026,high,"[""HSRC-0003""]",Kein separat ausgewiesener Basiswert im strukturierten Export.
mcginnis,boon_growth_tech_power,spirit,tech_power,,1.1,,flat,per boon level,stat contribution = boon_level * 1.1,Minor Update - 08-22-2026,high,"[""HSRC-0003""]",Kein separat ausgewiesener Basiswert im strukturierten Export.
mina,max_health,health,max_health,660,27,,health,base hero state,base + boon_level * 27,Minor Update - 08-22-2026,high,"[""HSRC-0003""]",
mina,base_health_regen,health,base_health_regen,2,,,health_per_second,base hero state,,Minor Update - 08-22-2026,high,"[""HSRC-0003""]",
mina,debuff_resist,defense,debuff_resist,-8,,,percent,base hero state,,Minor Update - 08-22-2026,high,"[""HSRC-0003""]",
mina,max_move_speed,movement,max_move_speed,6.5,,,units_per_second,base hero state,,Minor Update - 08-22-2026,high,"[""HSRC-0003""]",
mina,sprint_speed,movement,sprint_speed,1.6,,,units_per_second,base hero state,,Minor Update - 08-22-2026,high,"[""HSRC-0003""]",
mina,crouch_speed,movement,crouch_speed,4.75,,,units_per_second,base hero state,,Minor Update - 08-22-2026,high,"[""HSRC-0003""]",
mina,move_acceleration,movement,move_acceleration,4,,,units_per_second_squared,base hero state,,Minor Update - 08-22-2026,high,"[""HSRC-0003""]",
mina,ground_dash_distance_in_meters,movement,ground_dash_distance_in_meters,10,,,meters,base hero state,,Minor Update - 08-22-2026,high,"[""HSRC-0003""]",
mina,ground_dash_duration,movement,ground_dash_duration,0.62,,,seconds,base hero state,,Minor Update - 08-22-2026,high,"[""HSRC-0003""]",
mina,ground_dash_speed,movement,ground_dash_speed,16.1,,,units_per_second,base hero state,,Minor Update - 08-22-2026,high,"[""HSRC-0003""]",
mina,air_dash_distance_in_meters,movement,air_dash_distance_in_meters,8,,,meters,base hero state,,Minor Update - 08-22-2026,high,"[""HSRC-0003""]",
mina,air_dash_duration,movement,air_dash_duration,0.43,,,seconds,base hero state,,Minor Update - 08-22-2026,high,"[""HSRC-0003""]",
mina,air_dash_speed,movement,air_dash_speed,18.6,,,units_per_second,base hero state,,Minor Update - 08-22-2026,high,"[""HSRC-0003""]",
mina,stamina,stamina,stamina,2,,,count,base hero state,,Minor Update - 08-22-2026,high,"[""HSRC-0003""]",
mina,stamina_cooldown,stamina,stamina_cooldown,4.2000042,,,seconds,base hero state,,Minor Update - 08-22-2026,high,"[""HSRC-0003""]",
mina,stamina_regen_per_second,health,stamina_regen_per_second,0.238095,,,count_per_second,base hero state,,Minor Update - 08-22-2026,high,"[""HSRC-0003""]",
mina,light_melee_damage,melee,light_melee_damage,50,1.58,,damage,base hero state,base + boon_level * 1.58,Minor Update - 08-22-2026,high,"[""HSRC-0003""]",
mina,heavy_melee_damage,melee,heavy_melee_damage,116,3.6656,,damage,base hero state,base + boon_level * 3.6656,Minor Update - 08-22-2026,high,"[""HSRC-0003""]",
mina,hero_bullet_lifesteal_effectiveness,weapon,hero_bullet_lifesteal_effectiveness,1,,,multiplier,base hero state,,Minor Update - 08-22-2026,high,"[""HSRC-0003""]",
mina,hero_spirit_lifesteal_effectiveness,spirit,hero_spirit_lifesteal_effectiveness,1,,,multiplier,base hero state,,Minor Update - 08-22-2026,high,"[""HSRC-0003""]",
mina,crit_damage_bonus_percent,misc,crit_damage_bonus_percent,0,,,percent,base hero state,,Minor Update - 08-22-2026,high,"[""HSRC-0003""]",
mina,crit_damage_received_percent,defense,crit_damage_received_percent,0,,,percent,base hero state,,Minor Update - 08-22-2026,high,"[""HSRC-0003""]",
mina,weapon_power_scale,misc,weapon_power_scale,1,,,multiplier,base hero state,,Minor Update - 08-22-2026,high,"[""HSRC-0003""]",
mina,proc_build_up_rate_scale,misc,proc_build_up_rate_scale,1,,,multiplier,base hero state,,Minor Update - 08-22-2026,high,"[""HSRC-0003""]",
mina,tech_range,spirit,tech_range,0,,,percent,base hero state,,Minor Update - 08-22-2026,high,"[""HSRC-0003""]",Tech bezeichnet in den Rohdaten Spirit.
mina,tech_duration,spirit,tech_duration,0,,,percent,base hero state,,Minor Update - 08-22-2026,high,"[""HSRC-0003""]",Tech bezeichnet in den Rohdaten Spirit.
mina,base_weapon_damage_increase,misc,base_weapon_damage_increase,0,,,percent,base hero state,,Minor Update - 08-22-2026,high,"[""HSRC-0003""]",
mina,reload_speed,reload,reload_speed,0,,,percent,base hero state,,Minor Update - 08-22-2026,high,"[""HSRC-0003""]",
mina,weapon_ammo_consumed_per_shot,ammo,ammo_consumed_per_shot,1,,,ammo,primary fire,,Minor Update - 08-22-2026,high,"[""HSRC-0003"",""HSRC-0006""]",
mina,weapon_bullet_damage,weapon,bullet_damage,7.31,0.275,,damage,primary fire,base + boon_level * 0.275,Minor Update - 08-22-2026,high,"[""HSRC-0003"",""HSRC-0006""]",
mina,weapon_bullet_gravity_scale,movement,bullet_gravity_scale,0,,,multiplier,primary fire,,Minor Update - 08-22-2026,high,"[""HSRC-0003"",""HSRC-0006""]",
mina,weapon_bullet_radius,weapon,bullet_radius,0.127,,,meters,primary fire,,Minor Update - 08-22-2026,high,"[""HSRC-0003"",""HSRC-0006""]",
mina,weapon_bullet_speed,weapon,bullet_speed,762,,,units_per_second,primary fire,,Minor Update - 08-22-2026,high,"[""HSRC-0003"",""HSRC-0006""]",
mina,weapon_bullets_per_burst,weapon,bullets_per_burst,1,,,flat,primary fire,,Minor Update - 08-22-2026,high,"[""HSRC-0003"",""HSRC-0006""]",
mina,weapon_bullets_per_shot,weapon,bullets_per_shot,1,,,flat,primary fire,,Minor Update - 08-22-2026,high,"[""HSRC-0003"",""HSRC-0006""]",
mina,weapon_burst_inter_shot_interval,weapon,burst_inter_shot_interval,0,,,seconds,primary fire,,Minor Update - 08-22-2026,high,"[""HSRC-0003"",""HSRC-0006""]",
mina,weapon_can_crit,weapon,can_crit,true,,,flat,primary fire,,Minor Update - 08-22-2026,high,"[""HSRC-0003"",""HSRC-0006""]",
mina,weapon_clip_size,ammo,clip_size,12,,,flat,primary fire,,Minor Update - 08-22-2026,high,"[""HSRC-0003"",""HSRC-0006""]",
mina,weapon_dps,weapon,dps,29.008,1.0913,,damage_per_second,primary fire,base + boon_level * 1.0913,Minor Update - 08-22-2026,high,"[""HSRC-0003"",""HSRC-0006""]",
mina,weapon_falloff_end_range,weapon,falloff_end_range,46,,,meters,primary fire,,Minor Update - 08-22-2026,high,"[""HSRC-0003"",""HSRC-0006""]",
mina,weapon_falloff_end_scale,weapon,falloff_end_scale,0.1,,,multiplier,primary fire,,Minor Update - 08-22-2026,high,"[""HSRC-0003"",""HSRC-0006""]",
mina,weapon_falloff_start_range,weapon,falloff_start_range,19.99,,,meters,primary fire,,Minor Update - 08-22-2026,high,"[""HSRC-0003"",""HSRC-0006""]",
mina,weapon_hit_once_across_all_bullets,weapon,hit_once_across_all_bullets,false,,,flat,primary fire,,Minor Update - 08-22-2026,high,"[""HSRC-0003"",""HSRC-0006""]",
mina,weapon_reload_delay,reload,reload_delay,0,,,seconds,primary fire,,Minor Update - 08-22-2026,high,"[""HSRC-0003"",""HSRC-0006""]",
mina,weapon_reload_single,reload,reload_single,false,,,flat,primary fire,,Minor Update - 08-22-2026,high,"[""HSRC-0003"",""HSRC-0006""]",
mina,weapon_reload_time,reload,reload_time,1.7,,,seconds,primary fire,,Minor Update - 08-22-2026,high,"[""HSRC-0003"",""HSRC-0006""]",
mina,weapon_rounds_per_second,weapon,rounds_per_second,3.9683,,,flat,primary fire,,Minor Update - 08-22-2026,high,"[""HSRC-0003"",""HSRC-0006""]",
mina,weapon_shoot_move_speed,movement,shoot_move_speed,0.75,,,units_per_second,primary fire,,Minor Update - 08-22-2026,high,"[""HSRC-0003"",""HSRC-0006""]",
mina,weapon_sustained_dps,weapon,sustained_dps,18.569,0.69857,,damage_per_second,primary fire,base + boon_level * 0.69857,Minor Update - 08-22-2026,high,"[""HSRC-0003"",""HSRC-0006""]",
mina,boon_growth_power_increases,misc,power_increases,,1,,flat,per boon level,stat contribution = boon_level * 1,Minor Update - 08-22-2026,high,"[""HSRC-0003""]",Kein separat ausgewiesener Basiswert im strukturierten Export.
mina,boon_growth_tech_power,spirit,tech_power,,1.1,,flat,per boon level,stat contribution = boon_level * 1.1,Minor Update - 08-22-2026,high,"[""HSRC-0003""]",Kein separat ausgewiesener Basiswert im strukturierten Export.
mirage,max_health,health,max_health,730,45,,health,base hero state,base + boon_level * 45,Minor Update - 08-22-2026,high,"[""HSRC-0003""]",
mirage,base_health_regen,health,base_health_regen,1.5,,,health_per_second,base hero state,,Minor Update - 08-22-2026,high,"[""HSRC-0003""]",
mirage,max_move_speed,movement,max_move_speed,7,,,units_per_second,base hero state,,Minor Update - 08-22-2026,high,"[""HSRC-0003""]",
mirage,sprint_speed,movement,sprint_speed,1.6,,,units_per_second,base hero state,,Minor Update - 08-22-2026,high,"[""HSRC-0003""]",
mirage,crouch_speed,movement,crouch_speed,4.75,,,units_per_second,base hero state,,Minor Update - 08-22-2026,high,"[""HSRC-0003""]",
mirage,move_acceleration,movement,move_acceleration,4,,,units_per_second_squared,base hero state,,Minor Update - 08-22-2026,high,"[""HSRC-0003""]",
mirage,ground_dash_distance_in_meters,movement,ground_dash_distance_in_meters,10,,,meters,base hero state,,Minor Update - 08-22-2026,high,"[""HSRC-0003""]",
mirage,ground_dash_duration,movement,ground_dash_duration,0.68,,,seconds,base hero state,,Minor Update - 08-22-2026,high,"[""HSRC-0003""]",
mirage,ground_dash_speed,movement,ground_dash_speed,14.7,,,units_per_second,base hero state,,Minor Update - 08-22-2026,high,"[""HSRC-0003""]",
mirage,air_dash_distance_in_meters,movement,air_dash_distance_in_meters,8,,,meters,base hero state,,Minor Update - 08-22-2026,high,"[""HSRC-0003""]",
mirage,air_dash_duration,movement,air_dash_duration,0.47,,,seconds,base hero state,,Minor Update - 08-22-2026,high,"[""HSRC-0003""]",
mirage,air_dash_speed,movement,air_dash_speed,17,,,units_per_second,base hero state,,Minor Update - 08-22-2026,high,"[""HSRC-0003""]",
mirage,stamina,stamina,stamina,3,,,count,base hero state,,Minor Update - 08-22-2026,high,"[""HSRC-0003""]",
mirage,stamina_cooldown,stamina,stamina_cooldown,4.5000045,,,seconds,base hero state,,Minor Update - 08-22-2026,high,"[""HSRC-0003""]",
mirage,stamina_regen_per_second,health,stamina_regen_per_second,0.222222,,,count_per_second,base hero state,,Minor Update - 08-22-2026,high,"[""HSRC-0003""]",
mirage,light_melee_damage,melee,light_melee_damage,50,1.58,,damage,base hero state,base + boon_level * 1.58,Minor Update - 08-22-2026,high,"[""HSRC-0003""]",
mirage,heavy_melee_damage,melee,heavy_melee_damage,116,3.6656,,damage,base hero state,base + boon_level * 3.6656,Minor Update - 08-22-2026,high,"[""HSRC-0003""]",
mirage,hero_bullet_lifesteal_effectiveness,weapon,hero_bullet_lifesteal_effectiveness,1,,,multiplier,base hero state,,Minor Update - 08-22-2026,high,"[""HSRC-0003""]",
mirage,hero_spirit_lifesteal_effectiveness,spirit,hero_spirit_lifesteal_effectiveness,1,,,multiplier,base hero state,,Minor Update - 08-22-2026,high,"[""HSRC-0003""]",
mirage,crit_damage_bonus_percent,misc,crit_damage_bonus_percent,0,,,percent,base hero state,,Minor Update - 08-22-2026,high,"[""HSRC-0003""]",
mirage,crit_damage_received_percent,defense,crit_damage_received_percent,0,,,percent,base hero state,,Minor Update - 08-22-2026,high,"[""HSRC-0003""]",
mirage,weapon_power_scale,misc,weapon_power_scale,1,,,multiplier,base hero state,,Minor Update - 08-22-2026,high,"[""HSRC-0003""]",
mirage,proc_build_up_rate_scale,misc,proc_build_up_rate_scale,1,,,multiplier,base hero state,,Minor Update - 08-22-2026,high,"[""HSRC-0003""]",
mirage,tech_range,spirit,tech_range,0,,,percent,base hero state,,Minor Update - 08-22-2026,high,"[""HSRC-0003""]",Tech bezeichnet in den Rohdaten Spirit.
mirage,tech_duration,spirit,tech_duration,0,,,percent,base hero state,,Minor Update - 08-22-2026,high,"[""HSRC-0003""]",Tech bezeichnet in den Rohdaten Spirit.
mirage,base_weapon_damage_increase,misc,base_weapon_damage_increase,0,,,percent,base hero state,,Minor Update - 08-22-2026,high,"[""HSRC-0003""]",
mirage,reload_speed,reload,reload_speed,0,,,percent,base hero state,,Minor Update - 08-22-2026,high,"[""HSRC-0003""]",
mirage,weapon_ammo_consumed_per_shot,ammo,ammo_consumed_per_shot,1,,,ammo,primary fire,,Minor Update - 08-22-2026,high,"[""HSRC-0003"",""HSRC-0006""]",
mirage,weapon_bullet_damage,weapon,bullet_damage,14.8,0.3,,damage,primary fire,base + boon_level * 0.3,Minor Update - 08-22-2026,high,"[""HSRC-0003"",""HSRC-0006""]",
mirage,weapon_bullet_gravity_scale,movement,bullet_gravity_scale,0.8,,,multiplier,primary fire,,Minor Update - 08-22-2026,high,"[""HSRC-0003"",""HSRC-0006""]",
mirage,weapon_bullet_radius,weapon,bullet_radius,0.127,,,meters,primary fire,,Minor Update - 08-22-2026,high,"[""HSRC-0003"",""HSRC-0006""]",
mirage,weapon_bullet_speed,weapon,bullet_speed,828,,,units_per_second,primary fire,,Minor Update - 08-22-2026,high,"[""HSRC-0003"",""HSRC-0006""]",
mirage,weapon_bullets_per_burst,weapon,bullets_per_burst,1,,,flat,primary fire,,Minor Update - 08-22-2026,high,"[""HSRC-0003"",""HSRC-0006""]",
mirage,weapon_bullets_per_shot,weapon,bullets_per_shot,1,,,flat,primary fire,,Minor Update - 08-22-2026,high,"[""HSRC-0003"",""HSRC-0006""]",
mirage,weapon_burst_inter_shot_interval,weapon,burst_inter_shot_interval,0,,,seconds,primary fire,,Minor Update - 08-22-2026,high,"[""HSRC-0003"",""HSRC-0006""]",
mirage,weapon_can_crit,weapon,can_crit,true,,,flat,primary fire,,Minor Update - 08-22-2026,high,"[""HSRC-0003"",""HSRC-0006""]",
mirage,weapon_clip_size,ammo,clip_size,16,,,flat,primary fire,,Minor Update - 08-22-2026,high,"[""HSRC-0003"",""HSRC-0006""]",
mirage,weapon_dps,weapon,dps,40.272,0.81633,,damage_per_second,primary fire,base + boon_level * 0.81633,Minor Update - 08-22-2026,high,"[""HSRC-0003"",""HSRC-0006""]",
mirage,weapon_falloff_end_range,weapon,falloff_end_range,57.51,,,meters,primary fire,,Minor Update - 08-22-2026,high,"[""HSRC-0003"",""HSRC-0006""]",
mirage,weapon_falloff_end_scale,weapon,falloff_end_scale,0.1,,,multiplier,primary fire,,Minor Update - 08-22-2026,high,"[""HSRC-0003"",""HSRC-0006""]",
mirage,weapon_falloff_start_range,weapon,falloff_start_range,19.99,,,meters,primary fire,,Minor Update - 08-22-2026,high,"[""HSRC-0003"",""HSRC-0006""]",
mirage,weapon_hit_once_across_all_bullets,weapon,hit_once_across_all_bullets,false,,,flat,primary fire,,Minor Update - 08-22-2026,high,"[""HSRC-0003"",""HSRC-0006""]",
mirage,weapon_reload_delay,reload,reload_delay,0,,,seconds,primary fire,,Minor Update - 08-22-2026,high,"[""HSRC-0003"",""HSRC-0006""]",
mirage,weapon_reload_single,reload,reload_single,false,,,flat,primary fire,,Minor Update - 08-22-2026,high,"[""HSRC-0003"",""HSRC-0006""]",
mirage,weapon_reload_time,reload,reload_time,2.6,,,seconds,primary fire,,Minor Update - 08-22-2026,high,"[""HSRC-0003"",""HSRC-0006""]",
mirage,weapon_rounds_per_second,weapon,rounds_per_second,2.7211,,,flat,primary fire,,Minor Update - 08-22-2026,high,"[""HSRC-0003"",""HSRC-0006""]",
mirage,weapon_shoot_move_speed,movement,shoot_move_speed,0.75,,,units_per_second,primary fire,,Minor Update - 08-22-2026,high,"[""HSRC-0003"",""HSRC-0006""]",
mirage,weapon_sustained_dps,weapon,sustained_dps,27.925,0.56604,,damage_per_second,primary fire,base + boon_level * 0.56604,Minor Update - 08-22-2026,high,"[""HSRC-0003"",""HSRC-0006""]",
mirage,boon_growth_power_increases,misc,power_increases,,1,,flat,per boon level,stat contribution = boon_level * 1,Minor Update - 08-22-2026,high,"[""HSRC-0003""]",Kein separat ausgewiesener Basiswert im strukturierten Export.
mirage,boon_growth_tech_power,spirit,tech_power,,1.1,,flat,per boon level,stat contribution = boon_level * 1.1,Minor Update - 08-22-2026,high,"[""HSRC-0003""]",Kein separat ausgewiesener Basiswert im strukturierten Export.
mo_and_krill,max_health,health,max_health,930,65,,health,base hero state,base + boon_level * 65,Minor Update - 08-22-2026,high,"[""HSRC-0003""]",
mo_and_krill,base_health_regen,health,base_health_regen,1,,,health_per_second,base hero state,,Minor Update - 08-22-2026,high,"[""HSRC-0003""]",
mo_and_krill,max_move_speed,movement,max_move_speed,8,,,units_per_second,base hero state,,Minor Update - 08-22-2026,high,"[""HSRC-0003""]",
mo_and_krill,sprint_speed,movement,sprint_speed,1.6,,,units_per_second,base hero state,,Minor Update - 08-22-2026,high,"[""HSRC-0003""]",
mo_and_krill,crouch_speed,movement,crouch_speed,4.75,,,units_per_second,base hero state,,Minor Update - 08-22-2026,high,"[""HSRC-0003""]",
mo_and_krill,move_acceleration,movement,move_acceleration,4,,,units_per_second_squared,base hero state,,Minor Update - 08-22-2026,high,"[""HSRC-0003""]",
mo_and_krill,ground_dash_distance_in_meters,movement,ground_dash_distance_in_meters,10,,,meters,base hero state,,Minor Update - 08-22-2026,high,"[""HSRC-0003""]",
mo_and_krill,ground_dash_duration,movement,ground_dash_duration,0.72,,,seconds,base hero state,,Minor Update - 08-22-2026,high,"[""HSRC-0003""]",
mo_and_krill,ground_dash_speed,movement,ground_dash_speed,13.9,,,units_per_second,base hero state,,Minor Update - 08-22-2026,high,"[""HSRC-0003""]",
mo_and_krill,air_dash_distance_in_meters,movement,air_dash_distance_in_meters,8,,,meters,base hero state,,Minor Update - 08-22-2026,high,"[""HSRC-0003""]",
mo_and_krill,air_dash_duration,movement,air_dash_duration,0.51,,,seconds,base hero state,,Minor Update - 08-22-2026,high,"[""HSRC-0003""]",
mo_and_krill,air_dash_speed,movement,air_dash_speed,15.7,,,units_per_second,base hero state,,Minor Update - 08-22-2026,high,"[""HSRC-0003""]",
mo_and_krill,stamina,stamina,stamina,3,,,count,base hero state,,Minor Update - 08-22-2026,high,"[""HSRC-0003""]",
mo_and_krill,stamina_cooldown,stamina,stamina_cooldown,4.5000045,,,seconds,base hero state,,Minor Update - 08-22-2026,high,"[""HSRC-0003""]",
mo_and_krill,stamina_regen_per_second,health,stamina_regen_per_second,0.222222,,,count_per_second,base hero state,,Minor Update - 08-22-2026,high,"[""HSRC-0003""]",
mo_and_krill,light_melee_damage,melee,light_melee_damage,50,1.58,,damage,base hero state,base + boon_level * 1.58,Minor Update - 08-22-2026,high,"[""HSRC-0003""]",
mo_and_krill,heavy_melee_damage,melee,heavy_melee_damage,116,3.6656,,damage,base hero state,base + boon_level * 3.6656,Minor Update - 08-22-2026,high,"[""HSRC-0003""]",
mo_and_krill,hero_bullet_lifesteal_effectiveness,weapon,hero_bullet_lifesteal_effectiveness,1,,,multiplier,base hero state,,Minor Update - 08-22-2026,high,"[""HSRC-0003""]",
mo_and_krill,hero_spirit_lifesteal_effectiveness,spirit,hero_spirit_lifesteal_effectiveness,1,,,multiplier,base hero state,,Minor Update - 08-22-2026,high,"[""HSRC-0003""]",
mo_and_krill,crit_damage_bonus_percent,misc,crit_damage_bonus_percent,0,,,percent,base hero state,,Minor Update - 08-22-2026,high,"[""HSRC-0003""]",
mo_and_krill,crit_damage_received_percent,defense,crit_damage_received_percent,20,,,percent,base hero state,,Minor Update - 08-22-2026,high,"[""HSRC-0003""]",
mo_and_krill,weapon_power_scale,misc,weapon_power_scale,1,,,multiplier,base hero state,,Minor Update - 08-22-2026,high,"[""HSRC-0003""]",
mo_and_krill,proc_build_up_rate_scale,misc,proc_build_up_rate_scale,1,,,multiplier,base hero state,,Minor Update - 08-22-2026,high,"[""HSRC-0003""]",
mo_and_krill,tech_range,spirit,tech_range,0,,,percent,base hero state,,Minor Update - 08-22-2026,high,"[""HSRC-0003""]",Tech bezeichnet in den Rohdaten Spirit.
mo_and_krill,tech_duration,spirit,tech_duration,0,,,percent,base hero state,,Minor Update - 08-22-2026,high,"[""HSRC-0003""]",Tech bezeichnet in den Rohdaten Spirit.
mo_and_krill,base_weapon_damage_increase,misc,base_weapon_damage_increase,0,,,percent,base hero state,,Minor Update - 08-22-2026,high,"[""HSRC-0003""]",
mo_and_krill,reload_speed,reload,reload_speed,0,,,percent,base hero state,,Minor Update - 08-22-2026,high,"[""HSRC-0003""]",
mo_and_krill,weapon_ammo_consumed_per_shot,ammo,ammo_consumed_per_shot,1,,,ammo,primary fire,,Minor Update - 08-22-2026,high,"[""HSRC-0003"",""HSRC-0006""]",
mo_and_krill,weapon_bullet_damage,weapon,bullet_damage,2.82,0.0847,,damage,primary fire,base + boon_level * 0.0847,Minor Update - 08-22-2026,high,"[""HSRC-0003"",""HSRC-0006""]",
mo_and_krill,weapon_bullet_gravity_scale,movement,bullet_gravity_scale,0.8,,,multiplier,primary fire,,Minor Update - 08-22-2026,high,"[""HSRC-0003"",""HSRC-0006""]",
mo_and_krill,weapon_bullet_radius,weapon,bullet_radius,0.0762,,,meters,primary fire,,Minor Update - 08-22-2026,high,"[""HSRC-0003"",""HSRC-0006""]",
mo_and_krill,weapon_bullet_speed,weapon,bullet_speed,320,,,units_per_second,primary fire,,Minor Update - 08-22-2026,high,"[""HSRC-0003"",""HSRC-0006""]",
mo_and_krill,weapon_bullets_per_burst,weapon,bullets_per_burst,1,,,flat,primary fire,,Minor Update - 08-22-2026,high,"[""HSRC-0003"",""HSRC-0006""]",
mo_and_krill,weapon_bullets_per_shot,weapon,bullets_per_shot,4,,,flat,primary fire,,Minor Update - 08-22-2026,high,"[""HSRC-0003"",""HSRC-0006""]",
mo_and_krill,weapon_burst_inter_shot_interval,weapon,burst_inter_shot_interval,0,,,seconds,primary fire,,Minor Update - 08-22-2026,high,"[""HSRC-0003"",""HSRC-0006""]",
mo_and_krill,weapon_can_crit,weapon,can_crit,true,,,flat,primary fire,,Minor Update - 08-22-2026,high,"[""HSRC-0003"",""HSRC-0006""]",
mo_and_krill,weapon_clip_size,ammo,clip_size,20,,,flat,primary fire,,Minor Update - 08-22-2026,high,"[""HSRC-0003"",""HSRC-0006""]",
mo_and_krill,weapon_dps,weapon,dps,59.682,1.7926,,damage_per_second,primary fire,base + boon_level * 1.7926,Minor Update - 08-22-2026,high,"[""HSRC-0003"",""HSRC-0006""]",
mo_and_krill,weapon_falloff_end_range,weapon,falloff_end_range,57.51,,,meters,primary fire,,Minor Update - 08-22-2026,high,"[""HSRC-0003"",""HSRC-0006""]",
mo_and_krill,weapon_falloff_end_scale,weapon,falloff_end_scale,0.1,,,multiplier,primary fire,,Minor Update - 08-22-2026,high,"[""HSRC-0003"",""HSRC-0006""]",
mo_and_krill,weapon_falloff_start_range,weapon,falloff_start_range,19.99,,,meters,primary fire,,Minor Update - 08-22-2026,high,"[""HSRC-0003"",""HSRC-0006""]",
mo_and_krill,weapon_hit_once_across_all_bullets,weapon,hit_once_across_all_bullets,false,,,flat,primary fire,,Minor Update - 08-22-2026,high,"[""HSRC-0003"",""HSRC-0006""]",
mo_and_krill,weapon_reload_delay,reload,reload_delay,0,,,seconds,primary fire,,Minor Update - 08-22-2026,high,"[""HSRC-0003"",""HSRC-0006""]",
mo_and_krill,weapon_reload_single,reload,reload_single,false,,,flat,primary fire,,Minor Update - 08-22-2026,high,"[""HSRC-0003"",""HSRC-0006""]",
mo_and_krill,weapon_reload_time,reload,reload_time,2.82,,,seconds,primary fire,,Minor Update - 08-22-2026,high,"[""HSRC-0003"",""HSRC-0006""]",
mo_and_krill,weapon_rounds_per_second,weapon,rounds_per_second,5.291,,,flat,primary fire,,Minor Update - 08-22-2026,high,"[""HSRC-0003"",""HSRC-0006""]",
mo_and_krill,weapon_shoot_move_speed,movement,shoot_move_speed,0.75,,,units_per_second,primary fire,,Minor Update - 08-22-2026,high,"[""HSRC-0003"",""HSRC-0006""]",
mo_and_krill,weapon_sustained_dps,weapon,sustained_dps,34.182,1.0267,,damage_per_second,primary fire,base + boon_level * 1.0267,Minor Update - 08-22-2026,high,"[""HSRC-0003"",""HSRC-0006""]",
mo_and_krill,boon_growth_power_increases,misc,power_increases,,1,,flat,per boon level,stat contribution = boon_level * 1,Minor Update - 08-22-2026,high,"[""HSRC-0003""]",Kein separat ausgewiesener Basiswert im strukturierten Export.
mo_and_krill,boon_growth_tech_power,spirit,tech_power,,1.1,,flat,per boon level,stat contribution = boon_level * 1.1,Minor Update - 08-22-2026,high,"[""HSRC-0003""]",Kein separat ausgewiesener Basiswert im strukturierten Export.
paige,max_health,health,max_health,680,31,,health,base hero state,base + boon_level * 31,Minor Update - 08-22-2026,high,"[""HSRC-0003""]",
paige,base_health_regen,health,base_health_regen,2,,,health_per_second,base hero state,,Minor Update - 08-22-2026,high,"[""HSRC-0003""]",
paige,max_move_speed,movement,max_move_speed,6.9,,,units_per_second,base hero state,,Minor Update - 08-22-2026,high,"[""HSRC-0003""]",
paige,sprint_speed,movement,sprint_speed,3.5,,,units_per_second,base hero state,,Minor Update - 08-22-2026,high,"[""HSRC-0003""]",
paige,crouch_speed,movement,crouch_speed,4.75,,,units_per_second,base hero state,,Minor Update - 08-22-2026,high,"[""HSRC-0003""]",
paige,move_acceleration,movement,move_acceleration,4,,,units_per_second_squared,base hero state,,Minor Update - 08-22-2026,high,"[""HSRC-0003""]",
paige,ground_dash_distance_in_meters,movement,ground_dash_distance_in_meters,10,,,meters,base hero state,,Minor Update - 08-22-2026,high,"[""HSRC-0003""]",
paige,ground_dash_duration,movement,ground_dash_duration,0.72,,,seconds,base hero state,,Minor Update - 08-22-2026,high,"[""HSRC-0003""]",
paige,ground_dash_speed,movement,ground_dash_speed,13.9,,,units_per_second,base hero state,,Minor Update - 08-22-2026,high,"[""HSRC-0003""]",
paige,air_dash_distance_in_meters,movement,air_dash_distance_in_meters,8,,,meters,base hero state,,Minor Update - 08-22-2026,high,"[""HSRC-0003""]",
paige,air_dash_duration,movement,air_dash_duration,0.51,,,seconds,base hero state,,Minor Update - 08-22-2026,high,"[""HSRC-0003""]",
paige,air_dash_speed,movement,air_dash_speed,15.7,,,units_per_second,base hero state,,Minor Update - 08-22-2026,high,"[""HSRC-0003""]",
paige,stamina,stamina,stamina,3,,,count,base hero state,,Minor Update - 08-22-2026,high,"[""HSRC-0003""]",
paige,stamina_cooldown,stamina,stamina_cooldown,4.5000045,,,seconds,base hero state,,Minor Update - 08-22-2026,high,"[""HSRC-0003""]",
paige,stamina_regen_per_second,health,stamina_regen_per_second,0.222222,,,count_per_second,base hero state,,Minor Update - 08-22-2026,high,"[""HSRC-0003""]",
paige,light_melee_damage,melee,light_melee_damage,42,1.2,,damage,base hero state,base + boon_level * 1.2,Minor Update - 08-22-2026,high,"[""HSRC-0003""]",
paige,heavy_melee_damage,melee,heavy_melee_damage,120,3.4286,,damage,base hero state,base + boon_level * 3.4286,Minor Update - 08-22-2026,high,"[""HSRC-0003""]",
paige,hero_bullet_lifesteal_effectiveness,weapon,hero_bullet_lifesteal_effectiveness,1,,,multiplier,base hero state,,Minor Update - 08-22-2026,high,"[""HSRC-0003""]",
paige,hero_spirit_lifesteal_effectiveness,spirit,hero_spirit_lifesteal_effectiveness,1,,,multiplier,base hero state,,Minor Update - 08-22-2026,high,"[""HSRC-0003""]",
paige,crit_damage_bonus_percent,misc,crit_damage_bonus_percent,0,,,percent,base hero state,,Minor Update - 08-22-2026,high,"[""HSRC-0003""]",
paige,crit_damage_received_percent,defense,crit_damage_received_percent,0,,,percent,base hero state,,Minor Update - 08-22-2026,high,"[""HSRC-0003""]",
paige,weapon_power_scale,misc,weapon_power_scale,1,,,multiplier,base hero state,,Minor Update - 08-22-2026,high,"[""HSRC-0003""]",
paige,proc_build_up_rate_scale,misc,proc_build_up_rate_scale,1,,,multiplier,base hero state,,Minor Update - 08-22-2026,high,"[""HSRC-0003""]",
paige,tech_range,spirit,tech_range,0,,,percent,base hero state,,Minor Update - 08-22-2026,high,"[""HSRC-0003""]",Tech bezeichnet in den Rohdaten Spirit.
paige,tech_duration,spirit,tech_duration,0,,,percent,base hero state,,Minor Update - 08-22-2026,high,"[""HSRC-0003""]",Tech bezeichnet in den Rohdaten Spirit.
paige,base_weapon_damage_increase,misc,base_weapon_damage_increase,0,,,percent,base hero state,,Minor Update - 08-22-2026,high,"[""HSRC-0003""]",
paige,reload_speed,reload,reload_speed,0,,,percent,base hero state,,Minor Update - 08-22-2026,high,"[""HSRC-0003""]",
paige,weapon_ammo_consumed_per_shot,ammo,ammo_consumed_per_shot,1,,,ammo,primary fire,,Minor Update - 08-22-2026,high,"[""HSRC-0003"",""HSRC-0006""]",
paige,weapon_bullet_damage,weapon,bullet_damage,35,0.52,,damage,primary fire,base + boon_level * 0.52,Minor Update - 08-22-2026,high,"[""HSRC-0003"",""HSRC-0006""]",
paige,weapon_bullet_gravity_scale,movement,bullet_gravity_scale,0,,,multiplier,primary fire,,Minor Update - 08-22-2026,high,"[""HSRC-0003"",""HSRC-0006""]",
paige,weapon_bullet_radius,weapon,bullet_radius,0.635,,,meters,primary fire,,Minor Update - 08-22-2026,high,"[""HSRC-0003"",""HSRC-0006""]",
paige,weapon_bullet_speed,weapon,bullet_speed,43.43,,,units_per_second,primary fire,,Minor Update - 08-22-2026,high,"[""HSRC-0003"",""HSRC-0006""]",
paige,weapon_bullets_per_burst,weapon,bullets_per_burst,1,,,flat,primary fire,,Minor Update - 08-22-2026,high,"[""HSRC-0003"",""HSRC-0006""]",
paige,weapon_bullets_per_shot,weapon,bullets_per_shot,1,,,flat,primary fire,,Minor Update - 08-22-2026,high,"[""HSRC-0003"",""HSRC-0006""]",
paige,weapon_burst_inter_shot_interval,weapon,burst_inter_shot_interval,0.1,,,seconds,primary fire,,Minor Update - 08-22-2026,high,"[""HSRC-0003"",""HSRC-0006""]",
paige,weapon_can_crit,weapon,can_crit,false,,,flat,primary fire,,Minor Update - 08-22-2026,high,"[""HSRC-0003"",""HSRC-0006""]",
paige,weapon_clip_size,ammo,clip_size,14,,,flat,primary fire,,Minor Update - 08-22-2026,high,"[""HSRC-0003"",""HSRC-0006""]",
paige,weapon_dps,weapon,dps,70,1.04,,damage_per_second,primary fire,base + boon_level * 1.04,Minor Update - 08-22-2026,high,"[""HSRC-0003"",""HSRC-0006""]",
paige,weapon_explosion_damage_scale_at_max_radius,weapon,explosion_damage_scale_at_max_radius,1,,,meters,primary fire,,Minor Update - 08-22-2026,high,"[""HSRC-0003"",""HSRC-0006""]",
paige,weapon_explosion_radius,weapon,explosion_radius,0.635,,,meters,primary fire,,Minor Update - 08-22-2026,high,"[""HSRC-0003"",""HSRC-0006""]",
paige,weapon_falloff_end_range,weapon,falloff_end_range,57.51,,,meters,primary fire,,Minor Update - 08-22-2026,high,"[""HSRC-0003"",""HSRC-0006""]",
paige,weapon_falloff_end_scale,weapon,falloff_end_scale,0.1,,,multiplier,primary fire,,Minor Update - 08-22-2026,high,"[""HSRC-0003"",""HSRC-0006""]",
paige,weapon_falloff_start_range,weapon,falloff_start_range,19.99,,,meters,primary fire,,Minor Update - 08-22-2026,high,"[""HSRC-0003"",""HSRC-0006""]",
paige,weapon_hit_once_across_all_bullets,weapon,hit_once_across_all_bullets,false,,,flat,primary fire,,Minor Update - 08-22-2026,high,"[""HSRC-0003"",""HSRC-0006""]",
paige,weapon_reload_delay,reload,reload_delay,0,,,seconds,primary fire,,Minor Update - 08-22-2026,high,"[""HSRC-0003"",""HSRC-0006""]",
paige,weapon_reload_single,reload,reload_single,false,,,flat,primary fire,,Minor Update - 08-22-2026,high,"[""HSRC-0003"",""HSRC-0006""]",
paige,weapon_reload_time,reload,reload_time,2.5,,,seconds,primary fire,,Minor Update - 08-22-2026,high,"[""HSRC-0003"",""HSRC-0006""]",
paige,weapon_rounds_per_second,weapon,rounds_per_second,2,,,flat,primary fire,,Minor Update - 08-22-2026,high,"[""HSRC-0003"",""HSRC-0006""]",
paige,weapon_shoot_move_speed,movement,shoot_move_speed,0.75,,,units_per_second,primary fire,,Minor Update - 08-22-2026,high,"[""HSRC-0003"",""HSRC-0006""]",
paige,weapon_sustained_dps,weapon,sustained_dps,51.579,0.76632,,damage_per_second,primary fire,base + boon_level * 0.76632,Minor Update - 08-22-2026,high,"[""HSRC-0003"",""HSRC-0006""]",
paige,boon_growth_power_increases,misc,power_increases,,1,,flat,per boon level,stat contribution = boon_level * 1,Minor Update - 08-22-2026,high,"[""HSRC-0003""]",Kein separat ausgewiesener Basiswert im strukturierten Export.
paige,boon_growth_tech_power,spirit,tech_power,,1.1,,flat,per boon level,stat contribution = boon_level * 1.1,Minor Update - 08-22-2026,high,"[""HSRC-0003""]",Kein separat ausgewiesener Basiswert im strukturierten Export.
paige,heavy_melee_damage_spirit_scaling,melee,heavy_melee_damage_spirit_scaling,0.3,,,multiplier,scales with Spirit Power,additional heavy_melee_damage = spirit_power * 0.3,Minor Update - 08-22-2026,high,"[""HSRC-0003""]",Separat vom Basiswert gespeichert.
paradox,max_health,health,max_health,730,46,,health,base hero state,base + boon_level * 46,Minor Update - 08-22-2026,high,"[""HSRC-0003""]",
paradox,base_health_regen,health,base_health_regen,1,,,health_per_second,base hero state,,Minor Update - 08-22-2026,high,"[""HSRC-0003""]",
paradox,max_move_speed,movement,max_move_speed,6.7,,,units_per_second,base hero state,,Minor Update - 08-22-2026,high,"[""HSRC-0003""]",
paradox,sprint_speed,movement,sprint_speed,1.6,,,units_per_second,base hero state,,Minor Update - 08-22-2026,high,"[""HSRC-0003""]",
paradox,crouch_speed,movement,crouch_speed,4.75,,,units_per_second,base hero state,,Minor Update - 08-22-2026,high,"[""HSRC-0003""]",
paradox,move_acceleration,movement,move_acceleration,4,,,units_per_second_squared,base hero state,,Minor Update - 08-22-2026,high,"[""HSRC-0003""]",
paradox,ground_dash_distance_in_meters,movement,ground_dash_distance_in_meters,10,,,meters,base hero state,,Minor Update - 08-22-2026,high,"[""HSRC-0003""]",
paradox,ground_dash_duration,movement,ground_dash_duration,0.62,,,seconds,base hero state,,Minor Update - 08-22-2026,high,"[""HSRC-0003""]",
paradox,ground_dash_speed,movement,ground_dash_speed,16.1,,,units_per_second,base hero state,,Minor Update - 08-22-2026,high,"[""HSRC-0003""]",
paradox,air_dash_distance_in_meters,movement,air_dash_distance_in_meters,8,,,meters,base hero state,,Minor Update - 08-22-2026,high,"[""HSRC-0003""]",
paradox,air_dash_duration,movement,air_dash_duration,0.43,,,seconds,base hero state,,Minor Update - 08-22-2026,high,"[""HSRC-0003""]",
paradox,air_dash_speed,movement,air_dash_speed,18.6,,,units_per_second,base hero state,,Minor Update - 08-22-2026,high,"[""HSRC-0003""]",
paradox,stamina,stamina,stamina,3,,,count,base hero state,,Minor Update - 08-22-2026,high,"[""HSRC-0003""]",
paradox,stamina_cooldown,stamina,stamina_cooldown,4.5000045,,,seconds,base hero state,,Minor Update - 08-22-2026,high,"[""HSRC-0003""]",
paradox,stamina_regen_per_second,health,stamina_regen_per_second,0.222222,,,count_per_second,base hero state,,Minor Update - 08-22-2026,high,"[""HSRC-0003""]",
paradox,light_melee_damage,melee,light_melee_damage,50,1.58,,damage,base hero state,base + boon_level * 1.58,Minor Update - 08-22-2026,high,"[""HSRC-0003""]",
paradox,heavy_melee_damage,melee,heavy_melee_damage,116,3.6656,,damage,base hero state,base + boon_level * 3.6656,Minor Update - 08-22-2026,high,"[""HSRC-0003""]",
paradox,hero_bullet_lifesteal_effectiveness,weapon,hero_bullet_lifesteal_effectiveness,1,,,multiplier,base hero state,,Minor Update - 08-22-2026,high,"[""HSRC-0003""]",
paradox,hero_spirit_lifesteal_effectiveness,spirit,hero_spirit_lifesteal_effectiveness,1,,,multiplier,base hero state,,Minor Update - 08-22-2026,high,"[""HSRC-0003""]",
paradox,crit_damage_bonus_percent,misc,crit_damage_bonus_percent,0,,,percent,base hero state,,Minor Update - 08-22-2026,high,"[""HSRC-0003""]",
paradox,crit_damage_received_percent,defense,crit_damage_received_percent,0,,,percent,base hero state,,Minor Update - 08-22-2026,high,"[""HSRC-0003""]",
paradox,weapon_power_scale,misc,weapon_power_scale,1,,,multiplier,base hero state,,Minor Update - 08-22-2026,high,"[""HSRC-0003""]",
paradox,proc_build_up_rate_scale,misc,proc_build_up_rate_scale,1,,,multiplier,base hero state,,Minor Update - 08-22-2026,high,"[""HSRC-0003""]",
paradox,tech_range,spirit,tech_range,0,,,percent,base hero state,,Minor Update - 08-22-2026,high,"[""HSRC-0003""]",Tech bezeichnet in den Rohdaten Spirit.
paradox,tech_duration,spirit,tech_duration,0,,,percent,base hero state,,Minor Update - 08-22-2026,high,"[""HSRC-0003""]",Tech bezeichnet in den Rohdaten Spirit.
paradox,base_weapon_damage_increase,misc,base_weapon_damage_increase,0,,,percent,base hero state,,Minor Update - 08-22-2026,high,"[""HSRC-0003""]",
paradox,reload_speed,reload,reload_speed,0,,,percent,base hero state,,Minor Update - 08-22-2026,high,"[""HSRC-0003""]",
paradox,weapon_ammo_consumed_per_shot,ammo,ammo_consumed_per_shot,1,,,ammo,primary fire,,Minor Update - 08-22-2026,high,"[""HSRC-0003"",""HSRC-0006""]",
paradox,weapon_bullet_damage,weapon,bullet_damage,6.8,0.26,,damage,primary fire,base + boon_level * 0.26,Minor Update - 08-22-2026,high,"[""HSRC-0003"",""HSRC-0006""]",
paradox,weapon_bullet_gravity_scale,movement,bullet_gravity_scale,0.1,,,multiplier,primary fire,,Minor Update - 08-22-2026,high,"[""HSRC-0003"",""HSRC-0006""]",
paradox,weapon_bullet_radius,weapon,bullet_radius,0.1016,,,meters,primary fire,,Minor Update - 08-22-2026,high,"[""HSRC-0003"",""HSRC-0006""]",
paradox,weapon_bullet_speed,weapon,bullet_speed,525,,,units_per_second,primary fire,,Minor Update - 08-22-2026,high,"[""HSRC-0003"",""HSRC-0006""]",
paradox,weapon_bullets_per_burst,weapon,bullets_per_burst,5,,,flat,primary fire,,Minor Update - 08-22-2026,high,"[""HSRC-0003"",""HSRC-0006""]",
paradox,weapon_bullets_per_shot,weapon,bullets_per_shot,1,,,flat,primary fire,,Minor Update - 08-22-2026,high,"[""HSRC-0003"",""HSRC-0006""]",
paradox,weapon_burst_inter_shot_interval,weapon,burst_inter_shot_interval,0.0735,,,seconds,primary fire,,Minor Update - 08-22-2026,high,"[""HSRC-0003"",""HSRC-0006""]",
paradox,weapon_can_crit,weapon,can_crit,true,,,flat,primary fire,,Minor Update - 08-22-2026,high,"[""HSRC-0003"",""HSRC-0006""]",
paradox,weapon_clip_size,ammo,clip_size,40,,,flat,primary fire,,Minor Update - 08-22-2026,high,"[""HSRC-0003"",""HSRC-0006""]",
paradox,weapon_dps,weapon,dps,51.398,1.9652,,damage_per_second,primary fire,base + boon_level * 1.9652,Minor Update - 08-22-2026,high,"[""HSRC-0003"",""HSRC-0006""]",
paradox,weapon_falloff_end_range,weapon,falloff_end_range,57.51,,,meters,primary fire,,Minor Update - 08-22-2026,high,"[""HSRC-0003"",""HSRC-0006""]",
paradox,weapon_falloff_end_scale,weapon,falloff_end_scale,0.1,,,multiplier,primary fire,,Minor Update - 08-22-2026,high,"[""HSRC-0003"",""HSRC-0006""]",
paradox,weapon_falloff_start_range,weapon,falloff_start_range,19.99,,,meters,primary fire,,Minor Update - 08-22-2026,high,"[""HSRC-0003"",""HSRC-0006""]",
paradox,weapon_hit_once_across_all_bullets,weapon,hit_once_across_all_bullets,false,,,flat,primary fire,,Minor Update - 08-22-2026,high,"[""HSRC-0003"",""HSRC-0006""]",
paradox,weapon_reload_delay,reload,reload_delay,0,,,seconds,primary fire,,Minor Update - 08-22-2026,high,"[""HSRC-0003"",""HSRC-0006""]",
paradox,weapon_reload_single,reload,reload_single,false,,,flat,primary fire,,Minor Update - 08-22-2026,high,"[""HSRC-0003"",""HSRC-0006""]",
paradox,weapon_reload_time,reload,reload_time,2.585,,,seconds,primary fire,,Minor Update - 08-22-2026,high,"[""HSRC-0003"",""HSRC-0006""]",
paradox,weapon_rounds_per_second,weapon,rounds_per_second,7.5586,,,flat,primary fire,,Minor Update - 08-22-2026,high,"[""HSRC-0003"",""HSRC-0006""]",
paradox,weapon_shoot_move_speed,movement,shoot_move_speed,0.75,,,units_per_second,primary fire,,Minor Update - 08-22-2026,high,"[""HSRC-0003"",""HSRC-0006""]",
paradox,weapon_sustained_dps,weapon,sustained_dps,34.531,1.3203,,damage_per_second,primary fire,base + boon_level * 1.3203,Minor Update - 08-22-2026,high,"[""HSRC-0003"",""HSRC-0006""]",
paradox,boon_growth_power_increases,misc,power_increases,,1,,flat,per boon level,stat contribution = boon_level * 1,Minor Update - 08-22-2026,high,"[""HSRC-0003""]",Kein separat ausgewiesener Basiswert im strukturierten Export.
paradox,boon_growth_tech_power,spirit,tech_power,,1.1,,flat,per boon level,stat contribution = boon_level * 1.1,Minor Update - 08-22-2026,high,"[""HSRC-0003""]",Kein separat ausgewiesener Basiswert im strukturierten Export.
pocket,max_health,health,max_health,780,36,,health,base hero state,base + boon_level * 36,Minor Update - 08-22-2026,high,"[""HSRC-0003""]",
pocket,base_health_regen,health,base_health_regen,1,,,health_per_second,base hero state,,Minor Update - 08-22-2026,high,"[""HSRC-0003""]",
pocket,tech_resist,defense,tech_resist,-15,,,percent,base hero state,,Minor Update - 08-22-2026,high,"[""HSRC-0003""]",Tech bezeichnet in den Rohdaten Spirit.
pocket,max_move_speed,movement,max_move_speed,7.2,,,units_per_second,base hero state,,Minor Update - 08-22-2026,high,"[""HSRC-0003""]",
pocket,sprint_speed,movement,sprint_speed,1.6,,,units_per_second,base hero state,,Minor Update - 08-22-2026,high,"[""HSRC-0003""]",
pocket,crouch_speed,movement,crouch_speed,4.75,,,units_per_second,base hero state,,Minor Update - 08-22-2026,high,"[""HSRC-0003""]",
pocket,move_acceleration,movement,move_acceleration,4,,,units_per_second_squared,base hero state,,Minor Update - 08-22-2026,high,"[""HSRC-0003""]",
pocket,ground_dash_distance_in_meters,movement,ground_dash_distance_in_meters,10,,,meters,base hero state,,Minor Update - 08-22-2026,high,"[""HSRC-0003""]",
pocket,ground_dash_duration,movement,ground_dash_duration,0.68,,,seconds,base hero state,,Minor Update - 08-22-2026,high,"[""HSRC-0003""]",
pocket,ground_dash_speed,movement,ground_dash_speed,14.7,,,units_per_second,base hero state,,Minor Update - 08-22-2026,high,"[""HSRC-0003""]",
pocket,air_dash_distance_in_meters,movement,air_dash_distance_in_meters,8,,,meters,base hero state,,Minor Update - 08-22-2026,high,"[""HSRC-0003""]",
pocket,air_dash_duration,movement,air_dash_duration,0.47,,,seconds,base hero state,,Minor Update - 08-22-2026,high,"[""HSRC-0003""]",
pocket,air_dash_speed,movement,air_dash_speed,17,,,units_per_second,base hero state,,Minor Update - 08-22-2026,high,"[""HSRC-0003""]",
pocket,stamina,stamina,stamina,3,,,count,base hero state,,Minor Update - 08-22-2026,high,"[""HSRC-0003""]",
pocket,stamina_cooldown,stamina,stamina_cooldown,4.5000045,,,seconds,base hero state,,Minor Update - 08-22-2026,high,"[""HSRC-0003""]",
pocket,stamina_regen_per_second,health,stamina_regen_per_second,0.222222,,,count_per_second,base hero state,,Minor Update - 08-22-2026,high,"[""HSRC-0003""]",
pocket,light_melee_damage,melee,light_melee_damage,60,1.58,,damage,base hero state,base + boon_level * 1.58,Minor Update - 08-22-2026,high,"[""HSRC-0003""]",
pocket,heavy_melee_damage,melee,heavy_melee_damage,116,3.0547,,damage,base hero state,base + boon_level * 3.0547,Minor Update - 08-22-2026,high,"[""HSRC-0003""]",
pocket,hero_bullet_lifesteal_effectiveness,weapon,hero_bullet_lifesteal_effectiveness,1,,,multiplier,base hero state,,Minor Update - 08-22-2026,high,"[""HSRC-0003""]",
pocket,hero_spirit_lifesteal_effectiveness,spirit,hero_spirit_lifesteal_effectiveness,1,,,multiplier,base hero state,,Minor Update - 08-22-2026,high,"[""HSRC-0003""]",
pocket,crit_damage_bonus_percent,misc,crit_damage_bonus_percent,0,,,percent,base hero state,,Minor Update - 08-22-2026,high,"[""HSRC-0003""]",
pocket,crit_damage_received_percent,defense,crit_damage_received_percent,0,,,percent,base hero state,,Minor Update - 08-22-2026,high,"[""HSRC-0003""]",
pocket,weapon_power_scale,misc,weapon_power_scale,1,,,multiplier,base hero state,,Minor Update - 08-22-2026,high,"[""HSRC-0003""]",
pocket,proc_build_up_rate_scale,misc,proc_build_up_rate_scale,1,,,multiplier,base hero state,,Minor Update - 08-22-2026,high,"[""HSRC-0003""]",
pocket,tech_range,spirit,tech_range,0,,,percent,base hero state,,Minor Update - 08-22-2026,high,"[""HSRC-0003""]",Tech bezeichnet in den Rohdaten Spirit.
pocket,tech_duration,spirit,tech_duration,0,,,percent,base hero state,,Minor Update - 08-22-2026,high,"[""HSRC-0003""]",Tech bezeichnet in den Rohdaten Spirit.
pocket,base_weapon_damage_increase,misc,base_weapon_damage_increase,0,,,percent,base hero state,,Minor Update - 08-22-2026,high,"[""HSRC-0003""]",
pocket,reload_speed,reload,reload_speed,0,,,percent,base hero state,,Minor Update - 08-22-2026,high,"[""HSRC-0003""]",
pocket,weapon_ammo_consumed_per_shot,ammo,ammo_consumed_per_shot,1,,,ammo,primary fire,,Minor Update - 08-22-2026,high,"[""HSRC-0003"",""HSRC-0006""]",
pocket,weapon_bullet_damage,weapon,bullet_damage,4.28,0.14,,damage,primary fire,base + boon_level * 0.14,Minor Update - 08-22-2026,high,"[""HSRC-0003"",""HSRC-0006""]",
pocket,weapon_bullet_gravity_scale,movement,bullet_gravity_scale,0.8,,,multiplier,primary fire,,Minor Update - 08-22-2026,high,"[""HSRC-0003"",""HSRC-0006""]",
pocket,weapon_bullet_radius,weapon,bullet_radius,0.0762,,,meters,primary fire,,Minor Update - 08-22-2026,high,"[""HSRC-0003"",""HSRC-0006""]",
pocket,weapon_bullet_speed,weapon,bullet_speed,558.8,,,units_per_second,primary fire,,Minor Update - 08-22-2026,high,"[""HSRC-0003"",""HSRC-0006""]",
pocket,weapon_bullets_per_burst,weapon,bullets_per_burst,1,,,flat,primary fire,,Minor Update - 08-22-2026,high,"[""HSRC-0003"",""HSRC-0006""]",
pocket,weapon_bullets_per_shot,weapon,bullets_per_shot,7,,,flat,primary fire,,Minor Update - 08-22-2026,high,"[""HSRC-0003"",""HSRC-0006""]",
pocket,weapon_burst_inter_shot_interval,weapon,burst_inter_shot_interval,0,,,seconds,primary fire,,Minor Update - 08-22-2026,high,"[""HSRC-0003"",""HSRC-0006""]",
pocket,weapon_can_crit,weapon,can_crit,true,,,flat,primary fire,,Minor Update - 08-22-2026,high,"[""HSRC-0003"",""HSRC-0006""]",
pocket,weapon_clip_size,ammo,clip_size,11,,,flat,primary fire,,Minor Update - 08-22-2026,high,"[""HSRC-0003"",""HSRC-0006""]",
pocket,weapon_dps,weapon,dps,57.068,1.8667,,damage_per_second,primary fire,base + boon_level * 1.8667,Minor Update - 08-22-2026,high,"[""HSRC-0003"",""HSRC-0006""]",
pocket,weapon_falloff_end_range,weapon,falloff_end_range,45.72,,,meters,primary fire,,Minor Update - 08-22-2026,high,"[""HSRC-0003"",""HSRC-0006""]",
pocket,weapon_falloff_end_scale,weapon,falloff_end_scale,0.1,,,multiplier,primary fire,,Minor Update - 08-22-2026,high,"[""HSRC-0003"",""HSRC-0006""]",
pocket,weapon_falloff_start_range,weapon,falloff_start_range,16,,,meters,primary fire,,Minor Update - 08-22-2026,high,"[""HSRC-0003"",""HSRC-0006""]",
pocket,weapon_hit_once_across_all_bullets,weapon,hit_once_across_all_bullets,false,,,flat,primary fire,,Minor Update - 08-22-2026,high,"[""HSRC-0003"",""HSRC-0006""]",
pocket,weapon_reload_delay,reload,reload_delay,0,,,seconds,primary fire,,Minor Update - 08-22-2026,high,"[""HSRC-0003"",""HSRC-0006""]",
pocket,weapon_reload_single,reload,reload_single,false,,,flat,primary fire,,Minor Update - 08-22-2026,high,"[""HSRC-0003"",""HSRC-0006""]",
pocket,weapon_reload_time,reload,reload_time,2.82,,,seconds,primary fire,,Minor Update - 08-22-2026,high,"[""HSRC-0003"",""HSRC-0006""]",
pocket,weapon_rounds_per_second,weapon,rounds_per_second,1.9048,,,flat,primary fire,,Minor Update - 08-22-2026,high,"[""HSRC-0003"",""HSRC-0006""]",
pocket,weapon_shoot_move_speed,movement,shoot_move_speed,0.75,,,units_per_second,primary fire,,Minor Update - 08-22-2026,high,"[""HSRC-0003"",""HSRC-0006""]",
pocket,weapon_sustained_dps,weapon,sustained_dps,38.344,1.2542,,damage_per_second,primary fire,base + boon_level * 1.2542,Minor Update - 08-22-2026,high,"[""HSRC-0003"",""HSRC-0006""]",
pocket,boon_growth_power_increases,misc,power_increases,,1,,flat,per boon level,stat contribution = boon_level * 1,Minor Update - 08-22-2026,high,"[""HSRC-0003""]",Kein separat ausgewiesener Basiswert im strukturierten Export.
pocket,boon_growth_tech_power,spirit,tech_power,,1.1,,flat,per boon level,stat contribution = boon_level * 1.1,Minor Update - 08-22-2026,high,"[""HSRC-0003""]",Kein separat ausgewiesener Basiswert im strukturierten Export.
rem,max_health,health,max_health,680,28,,health,base hero state,base + boon_level * 28,Minor Update - 08-22-2026,high,"[""HSRC-0003""]",
rem,base_health_regen,health,base_health_regen,2,,,health_per_second,base hero state,,Minor Update - 08-22-2026,high,"[""HSRC-0003""]",
rem,melee_resist,defense,melee_resist,-5,,,percent,base hero state,,Minor Update - 08-22-2026,high,"[""HSRC-0003""]",
rem,max_move_speed,movement,max_move_speed,7.2,,,units_per_second,base hero state,,Minor Update - 08-22-2026,high,"[""HSRC-0003""]",
rem,sprint_speed,movement,sprint_speed,4,,,units_per_second,base hero state,,Minor Update - 08-22-2026,high,"[""HSRC-0003""]",
rem,crouch_speed,movement,crouch_speed,4.75,,,units_per_second,base hero state,,Minor Update - 08-22-2026,high,"[""HSRC-0003""]",
rem,move_acceleration,movement,move_acceleration,4,,,units_per_second_squared,base hero state,,Minor Update - 08-22-2026,high,"[""HSRC-0003""]",
rem,ground_dash_distance_in_meters,movement,ground_dash_distance_in_meters,10,,,meters,base hero state,,Minor Update - 08-22-2026,high,"[""HSRC-0003""]",
rem,ground_dash_duration,movement,ground_dash_duration,0.72,,,seconds,base hero state,,Minor Update - 08-22-2026,high,"[""HSRC-0003""]",
rem,ground_dash_speed,movement,ground_dash_speed,13.9,,,units_per_second,base hero state,,Minor Update - 08-22-2026,high,"[""HSRC-0003""]",
rem,air_dash_distance_in_meters,movement,air_dash_distance_in_meters,8,,,meters,base hero state,,Minor Update - 08-22-2026,high,"[""HSRC-0003""]",
rem,air_dash_duration,movement,air_dash_duration,0.51,,,seconds,base hero state,,Minor Update - 08-22-2026,high,"[""HSRC-0003""]",
rem,air_dash_speed,movement,air_dash_speed,15.7,,,units_per_second,base hero state,,Minor Update - 08-22-2026,high,"[""HSRC-0003""]",
rem,stamina,stamina,stamina,3,,,count,base hero state,,Minor Update - 08-22-2026,high,"[""HSRC-0003""]",
rem,stamina_cooldown,stamina,stamina_cooldown,4.5000045,,,seconds,base hero state,,Minor Update - 08-22-2026,high,"[""HSRC-0003""]",
rem,stamina_regen_per_second,health,stamina_regen_per_second,0.222222,,,count_per_second,base hero state,,Minor Update - 08-22-2026,high,"[""HSRC-0003""]",
rem,light_melee_damage,melee,light_melee_damage,58,1.58,,damage,base hero state,base + boon_level * 1.58,Minor Update - 08-22-2026,high,"[""HSRC-0003""]",
rem,heavy_melee_damage,melee,heavy_melee_damage,116,3.16,,damage,base hero state,base + boon_level * 3.16,Minor Update - 08-22-2026,high,"[""HSRC-0003""]",
rem,hero_bullet_lifesteal_effectiveness,weapon,hero_bullet_lifesteal_effectiveness,1,,,multiplier,base hero state,,Minor Update - 08-22-2026,high,"[""HSRC-0003""]",
rem,hero_spirit_lifesteal_effectiveness,spirit,hero_spirit_lifesteal_effectiveness,1,,,multiplier,base hero state,,Minor Update - 08-22-2026,high,"[""HSRC-0003""]",
rem,crit_damage_bonus_percent,misc,crit_damage_bonus_percent,-20,,,percent,base hero state,,Minor Update - 08-22-2026,high,"[""HSRC-0003""]",
rem,crit_damage_received_percent,defense,crit_damage_received_percent,10,,,percent,base hero state,,Minor Update - 08-22-2026,high,"[""HSRC-0003""]",
rem,weapon_power_scale,misc,weapon_power_scale,1,,,multiplier,base hero state,,Minor Update - 08-22-2026,high,"[""HSRC-0003""]",
rem,proc_build_up_rate_scale,misc,proc_build_up_rate_scale,1,,,multiplier,base hero state,,Minor Update - 08-22-2026,high,"[""HSRC-0003""]",
rem,tech_range,spirit,tech_range,0,,,percent,base hero state,,Minor Update - 08-22-2026,high,"[""HSRC-0003""]",Tech bezeichnet in den Rohdaten Spirit.
rem,tech_duration,spirit,tech_duration,0,,,percent,base hero state,,Minor Update - 08-22-2026,high,"[""HSRC-0003""]",Tech bezeichnet in den Rohdaten Spirit.
rem,base_weapon_damage_increase,misc,base_weapon_damage_increase,0,,,percent,base hero state,,Minor Update - 08-22-2026,high,"[""HSRC-0003""]",
rem,reload_speed,reload,reload_speed,0,,,percent,base hero state,,Minor Update - 08-22-2026,high,"[""HSRC-0003""]",
rem,weapon_ammo_consumed_per_shot,ammo,ammo_consumed_per_shot,1,,,ammo,primary fire,,Minor Update - 08-22-2026,high,"[""HSRC-0003"",""HSRC-0006""]",
rem,weapon_bullet_damage,weapon,bullet_damage,16,0.34,,damage,primary fire,base + boon_level * 0.34,Minor Update - 08-22-2026,high,"[""HSRC-0003"",""HSRC-0006""]",
rem,weapon_bullet_gravity_scale,movement,bullet_gravity_scale,0.8,,,multiplier,primary fire,,Minor Update - 08-22-2026,high,"[""HSRC-0003"",""HSRC-0006""]",
rem,weapon_bullet_radius,weapon,bullet_radius,0.254,,,meters,primary fire,,Minor Update - 08-22-2026,high,"[""HSRC-0003"",""HSRC-0006""]",
rem,weapon_bullet_speed,weapon,bullet_speed,160,,,units_per_second,primary fire,,Minor Update - 08-22-2026,high,"[""HSRC-0003"",""HSRC-0006""]",
rem,weapon_bullets_per_burst,weapon,bullets_per_burst,1,,,flat,primary fire,,Minor Update - 08-22-2026,high,"[""HSRC-0003"",""HSRC-0006""]",
rem,weapon_bullets_per_shot,weapon,bullets_per_shot,1,,,flat,primary fire,,Minor Update - 08-22-2026,high,"[""HSRC-0003"",""HSRC-0006""]",
rem,weapon_burst_inter_shot_interval,weapon,burst_inter_shot_interval,0,,,seconds,primary fire,,Minor Update - 08-22-2026,high,"[""HSRC-0003"",""HSRC-0006""]",
rem,weapon_can_crit,weapon,can_crit,true,,,flat,primary fire,,Minor Update - 08-22-2026,high,"[""HSRC-0003"",""HSRC-0006""]",
rem,weapon_clip_size,ammo,clip_size,13,,,flat,primary fire,,Minor Update - 08-22-2026,high,"[""HSRC-0003"",""HSRC-0006""]",
rem,weapon_dps,weapon,dps,61.539,1.3077,,damage_per_second,primary fire,base + boon_level * 1.3077,Minor Update - 08-22-2026,high,"[""HSRC-0003"",""HSRC-0006""]",
rem,weapon_falloff_end_range,weapon,falloff_end_range,57.51,,,meters,primary fire,,Minor Update - 08-22-2026,high,"[""HSRC-0003"",""HSRC-0006""]",
rem,weapon_falloff_end_scale,weapon,falloff_end_scale,0.1,,,multiplier,primary fire,,Minor Update - 08-22-2026,high,"[""HSRC-0003"",""HSRC-0006""]",
rem,weapon_falloff_start_range,weapon,falloff_start_range,19.99,,,meters,primary fire,,Minor Update - 08-22-2026,high,"[""HSRC-0003"",""HSRC-0006""]",
rem,weapon_hit_once_across_all_bullets,weapon,hit_once_across_all_bullets,false,,,flat,primary fire,,Minor Update - 08-22-2026,high,"[""HSRC-0003"",""HSRC-0006""]",
rem,weapon_reload_delay,reload,reload_delay,0,,,seconds,primary fire,,Minor Update - 08-22-2026,high,"[""HSRC-0003"",""HSRC-0006""]",
rem,weapon_reload_single,reload,reload_single,false,,,flat,primary fire,,Minor Update - 08-22-2026,high,"[""HSRC-0003"",""HSRC-0006""]",
rem,weapon_reload_time,reload,reload_time,2,,,seconds,primary fire,,Minor Update - 08-22-2026,high,"[""HSRC-0003"",""HSRC-0006""]",
rem,weapon_rounds_per_second,weapon,rounds_per_second,3.8462,,,flat,primary fire,,Minor Update - 08-22-2026,high,"[""HSRC-0003"",""HSRC-0006""]",
rem,weapon_shoot_move_speed,movement,shoot_move_speed,0.85,,,units_per_second,primary fire,,Minor Update - 08-22-2026,high,"[""HSRC-0003"",""HSRC-0006""]",
rem,weapon_sustained_dps,weapon,sustained_dps,38.662,0.82157,,damage_per_second,primary fire,base + boon_level * 0.82157,Minor Update - 08-22-2026,high,"[""HSRC-0003"",""HSRC-0006""]",
rem,boon_growth_power_increases,misc,power_increases,,1,,flat,per boon level,stat contribution = boon_level * 1,Minor Update - 08-22-2026,high,"[""HSRC-0003""]",Kein separat ausgewiesener Basiswert im strukturierten Export.
rem,boon_growth_tech_power,spirit,tech_power,,1.1,,flat,per boon level,stat contribution = boon_level * 1.1,Minor Update - 08-22-2026,high,"[""HSRC-0003""]",Kein separat ausgewiesener Basiswert im strukturierten Export.
seven,max_health,health,max_health,730,41,,health,base hero state,base + boon_level * 41,Minor Update - 08-22-2026,high,"[""HSRC-0003""]",
seven,base_health_regen,health,base_health_regen,1,,,health_per_second,base hero state,,Minor Update - 08-22-2026,high,"[""HSRC-0003""]",
seven,max_move_speed,movement,max_move_speed,6.7,,,units_per_second,base hero state,,Minor Update - 08-22-2026,high,"[""HSRC-0003""]",
seven,sprint_speed,movement,sprint_speed,1.8,,,units_per_second,base hero state,,Minor Update - 08-22-2026,high,"[""HSRC-0003""]",
seven,crouch_speed,movement,crouch_speed,4.75,,,units_per_second,base hero state,,Minor Update - 08-22-2026,high,"[""HSRC-0003""]",
seven,move_acceleration,movement,move_acceleration,4,,,units_per_second_squared,base hero state,,Minor Update - 08-22-2026,high,"[""HSRC-0003""]",
seven,ground_dash_distance_in_meters,movement,ground_dash_distance_in_meters,10,,,meters,base hero state,,Minor Update - 08-22-2026,high,"[""HSRC-0003""]",
seven,ground_dash_duration,movement,ground_dash_duration,0.68,,,seconds,base hero state,,Minor Update - 08-22-2026,high,"[""HSRC-0003""]",
seven,ground_dash_speed,movement,ground_dash_speed,14.7,,,units_per_second,base hero state,,Minor Update - 08-22-2026,high,"[""HSRC-0003""]",
seven,air_dash_distance_in_meters,movement,air_dash_distance_in_meters,8,,,meters,base hero state,,Minor Update - 08-22-2026,high,"[""HSRC-0003""]",
seven,air_dash_duration,movement,air_dash_duration,0.47,,,seconds,base hero state,,Minor Update - 08-22-2026,high,"[""HSRC-0003""]",
seven,air_dash_speed,movement,air_dash_speed,17,,,units_per_second,base hero state,,Minor Update - 08-22-2026,high,"[""HSRC-0003""]",
seven,stamina,stamina,stamina,3,,,count,base hero state,,Minor Update - 08-22-2026,high,"[""HSRC-0003""]",
seven,stamina_cooldown,stamina,stamina_cooldown,4.5000045,,,seconds,base hero state,,Minor Update - 08-22-2026,high,"[""HSRC-0003""]",
seven,stamina_regen_per_second,health,stamina_regen_per_second,0.222222,,,count_per_second,base hero state,,Minor Update - 08-22-2026,high,"[""HSRC-0003""]",
seven,light_melee_damage,melee,light_melee_damage,50,1.58,,damage,base hero state,base + boon_level * 1.58,Minor Update - 08-22-2026,high,"[""HSRC-0003""]",
seven,heavy_melee_damage,melee,heavy_melee_damage,116,3.6656,,damage,base hero state,base + boon_level * 3.6656,Minor Update - 08-22-2026,high,"[""HSRC-0003""]",
seven,hero_bullet_lifesteal_effectiveness,weapon,hero_bullet_lifesteal_effectiveness,1,,,multiplier,base hero state,,Minor Update - 08-22-2026,high,"[""HSRC-0003""]",
seven,hero_spirit_lifesteal_effectiveness,spirit,hero_spirit_lifesteal_effectiveness,1,,,multiplier,base hero state,,Minor Update - 08-22-2026,high,"[""HSRC-0003""]",
seven,crit_damage_bonus_percent,misc,crit_damage_bonus_percent,0,,,percent,base hero state,,Minor Update - 08-22-2026,high,"[""HSRC-0003""]",
seven,crit_damage_received_percent,defense,crit_damage_received_percent,55,,,percent,base hero state,,Minor Update - 08-22-2026,high,"[""HSRC-0003""]",
seven,weapon_power_scale,misc,weapon_power_scale,1,,,multiplier,base hero state,,Minor Update - 08-22-2026,high,"[""HSRC-0003""]",
seven,proc_build_up_rate_scale,misc,proc_build_up_rate_scale,1,,,multiplier,base hero state,,Minor Update - 08-22-2026,high,"[""HSRC-0003""]",
seven,tech_range,spirit,tech_range,0,,,percent,base hero state,,Minor Update - 08-22-2026,high,"[""HSRC-0003""]",Tech bezeichnet in den Rohdaten Spirit.
seven,tech_duration,spirit,tech_duration,0,,,percent,base hero state,,Minor Update - 08-22-2026,high,"[""HSRC-0003""]",Tech bezeichnet in den Rohdaten Spirit.
seven,base_weapon_damage_increase,misc,base_weapon_damage_increase,0,,,percent,base hero state,,Minor Update - 08-22-2026,high,"[""HSRC-0003""]",
seven,reload_speed,reload,reload_speed,0,,,percent,base hero state,,Minor Update - 08-22-2026,high,"[""HSRC-0003""]",
seven,weapon_ammo_consumed_per_shot,ammo,ammo_consumed_per_shot,1,,,ammo,primary fire,,Minor Update - 08-22-2026,high,"[""HSRC-0003"",""HSRC-0006""]",
seven,weapon_bullet_damage,weapon,bullet_damage,10.8,0.24,,damage,primary fire,base + boon_level * 0.24,Minor Update - 08-22-2026,high,"[""HSRC-0003"",""HSRC-0006""]",
seven,weapon_bullet_gravity_scale,movement,bullet_gravity_scale,0.8,,,multiplier,primary fire,,Minor Update - 08-22-2026,high,"[""HSRC-0003"",""HSRC-0006""]",
seven,weapon_bullet_radius,weapon,bullet_radius,0.0762,,,meters,primary fire,,Minor Update - 08-22-2026,high,"[""HSRC-0003"",""HSRC-0006""]",
seven,weapon_bullet_speed,weapon,bullet_speed,635,,,units_per_second,primary fire,,Minor Update - 08-22-2026,high,"[""HSRC-0003"",""HSRC-0006""]",
seven,weapon_bullets_per_burst,weapon,bullets_per_burst,3,,,flat,primary fire,,Minor Update - 08-22-2026,high,"[""HSRC-0003"",""HSRC-0006""]",
seven,weapon_bullets_per_shot,weapon,bullets_per_shot,1,,,flat,primary fire,,Minor Update - 08-22-2026,high,"[""HSRC-0003"",""HSRC-0006""]",
seven,weapon_burst_inter_shot_interval,weapon,burst_inter_shot_interval,0.084,,,seconds,primary fire,,Minor Update - 08-22-2026,high,"[""HSRC-0003"",""HSRC-0006""]",
seven,weapon_can_crit,weapon,can_crit,true,,,flat,primary fire,,Minor Update - 08-22-2026,high,"[""HSRC-0003"",""HSRC-0006""]",
seven,weapon_clip_size,ammo,clip_size,29,,,flat,primary fire,,Minor Update - 08-22-2026,high,"[""HSRC-0003"",""HSRC-0006""]",
seven,weapon_dps,weapon,dps,62.974,1.3994,,damage_per_second,primary fire,base + boon_level * 1.3994,Minor Update - 08-22-2026,high,"[""HSRC-0003"",""HSRC-0006""]",
seven,weapon_falloff_end_range,weapon,falloff_end_range,57.51,,,meters,primary fire,,Minor Update - 08-22-2026,high,"[""HSRC-0003"",""HSRC-0006""]",
seven,weapon_falloff_end_scale,weapon,falloff_end_scale,0.1,,,multiplier,primary fire,,Minor Update - 08-22-2026,high,"[""HSRC-0003"",""HSRC-0006""]",
seven,weapon_falloff_start_range,weapon,falloff_start_range,19.99,,,meters,primary fire,,Minor Update - 08-22-2026,high,"[""HSRC-0003"",""HSRC-0006""]",
seven,weapon_hit_once_across_all_bullets,weapon,hit_once_across_all_bullets,false,,,flat,primary fire,,Minor Update - 08-22-2026,high,"[""HSRC-0003"",""HSRC-0006""]",
seven,weapon_reload_delay,reload,reload_delay,0,,,seconds,primary fire,,Minor Update - 08-22-2026,high,"[""HSRC-0003"",""HSRC-0006""]",
seven,weapon_reload_single,reload,reload_single,false,,,flat,primary fire,,Minor Update - 08-22-2026,high,"[""HSRC-0003"",""HSRC-0006""]",
seven,weapon_reload_time,reload,reload_time,2.35,,,seconds,primary fire,,Minor Update - 08-22-2026,high,"[""HSRC-0003"",""HSRC-0006""]",
seven,weapon_rounds_per_second,weapon,rounds_per_second,5.8309,,,flat,primary fire,,Minor Update - 08-22-2026,high,"[""HSRC-0003"",""HSRC-0006""]",
seven,weapon_shoot_move_speed,movement,shoot_move_speed,0.75,,,units_per_second,primary fire,,Minor Update - 08-22-2026,high,"[""HSRC-0003"",""HSRC-0006""]",
seven,weapon_sustained_dps,weapon,sustained_dps,42.766,0.95036,,damage_per_second,primary fire,base + boon_level * 0.95036,Minor Update - 08-22-2026,high,"[""HSRC-0003"",""HSRC-0006""]",
seven,boon_growth_power_increases,misc,power_increases,,1,,flat,per boon level,stat contribution = boon_level * 1,Minor Update - 08-22-2026,high,"[""HSRC-0003""]",Kein separat ausgewiesener Basiswert im strukturierten Export.
seven,boon_growth_tech_power,spirit,tech_power,,1.1,,flat,per boon level,stat contribution = boon_level * 1.1,Minor Update - 08-22-2026,high,"[""HSRC-0003""]",Kein separat ausgewiesener Basiswert im strukturierten Export.
shiv,max_health,health,max_health,830,46,,health,base hero state,base + boon_level * 46,Minor Update - 08-22-2026,high,"[""HSRC-0003""]",
shiv,base_health_regen,health,base_health_regen,2,,,health_per_second,base hero state,,Minor Update - 08-22-2026,high,"[""HSRC-0003""]",
shiv,max_move_speed,movement,max_move_speed,6.5,,,units_per_second,base hero state,,Minor Update - 08-22-2026,high,"[""HSRC-0003""]",
shiv,sprint_speed,movement,sprint_speed,1.6,,,units_per_second,base hero state,,Minor Update - 08-22-2026,high,"[""HSRC-0003""]",
shiv,crouch_speed,movement,crouch_speed,4.75,,,units_per_second,base hero state,,Minor Update - 08-22-2026,high,"[""HSRC-0003""]",
shiv,move_acceleration,movement,move_acceleration,4,,,units_per_second_squared,base hero state,,Minor Update - 08-22-2026,high,"[""HSRC-0003""]",
shiv,ground_dash_distance_in_meters,movement,ground_dash_distance_in_meters,10,,,meters,base hero state,,Minor Update - 08-22-2026,high,"[""HSRC-0003""]",
shiv,ground_dash_duration,movement,ground_dash_duration,0.72,,,seconds,base hero state,,Minor Update - 08-22-2026,high,"[""HSRC-0003""]",
shiv,ground_dash_speed,movement,ground_dash_speed,13.9,,,units_per_second,base hero state,,Minor Update - 08-22-2026,high,"[""HSRC-0003""]",
shiv,air_dash_distance_in_meters,movement,air_dash_distance_in_meters,8,,,meters,base hero state,,Minor Update - 08-22-2026,high,"[""HSRC-0003""]",
shiv,air_dash_duration,movement,air_dash_duration,0.51,,,seconds,base hero state,,Minor Update - 08-22-2026,high,"[""HSRC-0003""]",
shiv,air_dash_speed,movement,air_dash_speed,15.7,,,units_per_second,base hero state,,Minor Update - 08-22-2026,high,"[""HSRC-0003""]",
shiv,stamina,stamina,stamina,3,,,count,base hero state,,Minor Update - 08-22-2026,high,"[""HSRC-0003""]",
shiv,stamina_cooldown,stamina,stamina_cooldown,5.99998800002,,,seconds,base hero state,,Minor Update - 08-22-2026,high,"[""HSRC-0003""]",
shiv,stamina_regen_per_second,health,stamina_regen_per_second,0.166667,,,count_per_second,base hero state,,Minor Update - 08-22-2026,high,"[""HSRC-0003""]",
shiv,light_melee_damage,melee,light_melee_damage,50,1.58,,damage,base hero state,base + boon_level * 1.58,Minor Update - 08-22-2026,high,"[""HSRC-0003""]",
shiv,heavy_melee_damage,melee,heavy_melee_damage,116,3.6656,,damage,base hero state,base + boon_level * 3.6656,Minor Update - 08-22-2026,high,"[""HSRC-0003""]",
shiv,hero_bullet_lifesteal_effectiveness,weapon,hero_bullet_lifesteal_effectiveness,1,,,multiplier,base hero state,,Minor Update - 08-22-2026,high,"[""HSRC-0003""]",
shiv,hero_spirit_lifesteal_effectiveness,spirit,hero_spirit_lifesteal_effectiveness,1,,,multiplier,base hero state,,Minor Update - 08-22-2026,high,"[""HSRC-0003""]",
shiv,crit_damage_bonus_percent,misc,crit_damage_bonus_percent,0,,,percent,base hero state,,Minor Update - 08-22-2026,high,"[""HSRC-0003""]",
shiv,crit_damage_received_percent,defense,crit_damage_received_percent,0,,,percent,base hero state,,Minor Update - 08-22-2026,high,"[""HSRC-0003""]",
shiv,weapon_power_scale,misc,weapon_power_scale,1,,,multiplier,base hero state,,Minor Update - 08-22-2026,high,"[""HSRC-0003""]",
shiv,proc_build_up_rate_scale,misc,proc_build_up_rate_scale,1,,,multiplier,base hero state,,Minor Update - 08-22-2026,high,"[""HSRC-0003""]",
shiv,tech_range,spirit,tech_range,0,,,percent,base hero state,,Minor Update - 08-22-2026,high,"[""HSRC-0003""]",Tech bezeichnet in den Rohdaten Spirit.
shiv,tech_duration,spirit,tech_duration,0,,,percent,base hero state,,Minor Update - 08-22-2026,high,"[""HSRC-0003""]",Tech bezeichnet in den Rohdaten Spirit.
shiv,base_weapon_damage_increase,misc,base_weapon_damage_increase,0,,,percent,base hero state,,Minor Update - 08-22-2026,high,"[""HSRC-0003""]",
shiv,reload_speed,reload,reload_speed,0,,,percent,base hero state,,Minor Update - 08-22-2026,high,"[""HSRC-0003""]",
shiv,weapon_ammo_consumed_per_shot,ammo,ammo_consumed_per_shot,1,,,ammo,primary fire,,Minor Update - 08-22-2026,high,"[""HSRC-0003"",""HSRC-0006""]",
shiv,weapon_bullet_damage,weapon,bullet_damage,4.8,0.165,,damage,primary fire,base + boon_level * 0.165,Minor Update - 08-22-2026,high,"[""HSRC-0003"",""HSRC-0006""]",
shiv,weapon_bullet_gravity_scale,movement,bullet_gravity_scale,0.8,,,multiplier,primary fire,,Minor Update - 08-22-2026,high,"[""HSRC-0003"",""HSRC-0006""]",
shiv,weapon_bullet_radius,weapon,bullet_radius,0.0762,,,meters,primary fire,,Minor Update - 08-22-2026,high,"[""HSRC-0003"",""HSRC-0006""]",
shiv,weapon_bullet_speed,weapon,bullet_speed,609.6,,,units_per_second,primary fire,,Minor Update - 08-22-2026,high,"[""HSRC-0003"",""HSRC-0006""]",
shiv,weapon_bullets_per_burst,weapon,bullets_per_burst,1,,,flat,primary fire,,Minor Update - 08-22-2026,high,"[""HSRC-0003"",""HSRC-0006""]",
shiv,weapon_bullets_per_shot,weapon,bullets_per_shot,6,,,flat,primary fire,,Minor Update - 08-22-2026,high,"[""HSRC-0003"",""HSRC-0006""]",
shiv,weapon_burst_inter_shot_interval,weapon,burst_inter_shot_interval,0,,,seconds,primary fire,,Minor Update - 08-22-2026,high,"[""HSRC-0003"",""HSRC-0006""]",
shiv,weapon_can_crit,weapon,can_crit,true,,,flat,primary fire,,Minor Update - 08-22-2026,high,"[""HSRC-0003"",""HSRC-0006""]",
shiv,weapon_clip_size,ammo,clip_size,10,,,flat,primary fire,,Minor Update - 08-22-2026,high,"[""HSRC-0003"",""HSRC-0006""]",
shiv,weapon_dps,weapon,dps,52.246,1.796,,damage_per_second,primary fire,base + boon_level * 1.796,Minor Update - 08-22-2026,high,"[""HSRC-0003"",""HSRC-0006""]",
shiv,weapon_falloff_end_range,weapon,falloff_end_range,41.15,,,meters,primary fire,,Minor Update - 08-22-2026,high,"[""HSRC-0003"",""HSRC-0006""]",
shiv,weapon_falloff_end_scale,weapon,falloff_end_scale,0.1,,,multiplier,primary fire,,Minor Update - 08-22-2026,high,"[""HSRC-0003"",""HSRC-0006""]",
shiv,weapon_falloff_start_range,weapon,falloff_start_range,19.79,,,meters,primary fire,,Minor Update - 08-22-2026,high,"[""HSRC-0003"",""HSRC-0006""]",
shiv,weapon_hit_once_across_all_bullets,weapon,hit_once_across_all_bullets,false,,,flat,primary fire,,Minor Update - 08-22-2026,high,"[""HSRC-0003"",""HSRC-0006""]",
shiv,weapon_reload_delay,reload,reload_delay,0,,,seconds,primary fire,,Minor Update - 08-22-2026,high,"[""HSRC-0003"",""HSRC-0006""]",
shiv,weapon_reload_single,reload,reload_single,false,,,flat,primary fire,,Minor Update - 08-22-2026,high,"[""HSRC-0003"",""HSRC-0006""]",
shiv,weapon_reload_time,reload,reload_time,2.8,,,seconds,primary fire,,Minor Update - 08-22-2026,high,"[""HSRC-0003"",""HSRC-0006""]",
shiv,weapon_rounds_per_second,weapon,rounds_per_second,1.8141,,,flat,primary fire,,Minor Update - 08-22-2026,high,"[""HSRC-0003"",""HSRC-0006""]",
shiv,weapon_shoot_move_speed,movement,shoot_move_speed,0.75,,,units_per_second,primary fire,,Minor Update - 08-22-2026,high,"[""HSRC-0003"",""HSRC-0006""]",
shiv,weapon_sustained_dps,weapon,sustained_dps,34.647,1.191,,damage_per_second,primary fire,base + boon_level * 1.191,Minor Update - 08-22-2026,high,"[""HSRC-0003"",""HSRC-0006""]",
shiv,alt_fire_bullet_speed,weapon,bullet_speed,609.6,,,units_per_second,alternate fire,,Minor Update - 08-22-2026,high,"[""HSRC-0003""]",
shiv,alt_fire_bullet_damage,weapon,bullet_damage,4.36,,,damage,alternate fire,,Minor Update - 08-22-2026,high,"[""HSRC-0003""]",
shiv,alt_fire_rounds_per_second,weapon,rounds_per_second,0.79365,,,flat,alternate fire,,Minor Update - 08-22-2026,high,"[""HSRC-0003""]",
shiv,alt_fire_clip_size,ammo,clip_size,8,,,flat,alternate fire,,Minor Update - 08-22-2026,high,"[""HSRC-0003""]",
shiv,alt_fire_reload_time,reload,reload_time,2,,,seconds,alternate fire,,Minor Update - 08-22-2026,high,"[""HSRC-0003""]",
shiv,alt_fire_reload_movespeed,movement,reload_movespeed,1,,,units_per_second,alternate fire,,Minor Update - 08-22-2026,high,"[""HSRC-0003""]",
shiv,alt_fire_reload_delay,reload,reload_delay,0,,,seconds,alternate fire,,Minor Update - 08-22-2026,high,"[""HSRC-0003""]",
shiv,alt_fire_reload_single,reload,reload_single,false,,,flat,alternate fire,,Minor Update - 08-22-2026,high,"[""HSRC-0003""]",
shiv,alt_fire_falloff_start_range,weapon,falloff_start_range,19.99,,,meters,alternate fire,,Minor Update - 08-22-2026,high,"[""HSRC-0003""]",
shiv,alt_fire_falloff_end_range,weapon,falloff_end_range,57.51,,,meters,alternate fire,,Minor Update - 08-22-2026,high,"[""HSRC-0003""]",
shiv,alt_fire_falloff_start_scale,weapon,falloff_start_scale,1,,,multiplier,alternate fire,,Minor Update - 08-22-2026,high,"[""HSRC-0003""]",
shiv,alt_fire_falloff_end_scale,weapon,falloff_end_scale,0.1,,,multiplier,alternate fire,,Minor Update - 08-22-2026,high,"[""HSRC-0003""]",
shiv,alt_fire_falloff_bias,weapon,falloff_bias,0.5,,,flat,alternate fire,,Minor Update - 08-22-2026,high,"[""HSRC-0003""]",
shiv,alt_fire_bullet_gravity_scale,movement,bullet_gravity_scale,0.8,,,multiplier,alternate fire,,Minor Update - 08-22-2026,high,"[""HSRC-0003""]",
shiv,alt_fire_bullet_radius,weapon,bullet_radius,0.0762,,,meters,alternate fire,,Minor Update - 08-22-2026,high,"[""HSRC-0003""]",
shiv,alt_fire_bullets_per_shot,weapon,bullets_per_shot,12,,,flat,alternate fire,,Minor Update - 08-22-2026,high,"[""HSRC-0003""]",
shiv,alt_fire_bullets_per_burst,weapon,bullets_per_burst,1,,,flat,alternate fire,,Minor Update - 08-22-2026,high,"[""HSRC-0003""]",
shiv,alt_fire_burst_inter_shot_interval,weapon,burst_inter_shot_interval,0.05,,,seconds,alternate fire,,Minor Update - 08-22-2026,high,"[""HSRC-0003""]",
shiv,alt_fire_shoot_move_speed,movement,shoot_move_speed,0.75,,,units_per_second,alternate fire,,Minor Update - 08-22-2026,high,"[""HSRC-0003""]",
shiv,alt_fire_hit_once_across_all_bullets,weapon,hit_once_across_all_bullets,false,,,flat,alternate fire,,Minor Update - 08-22-2026,high,"[""HSRC-0003""]",
shiv,alt_fire_can_crit,weapon,can_crit,true,,,flat,alternate fire,,Minor Update - 08-22-2026,high,"[""HSRC-0003""]",
shiv,alt_fire_ammo_consumed_per_shot,ammo,ammo_consumed_per_shot,4,,,ammo,alternate fire,,Minor Update - 08-22-2026,high,"[""HSRC-0003""]",
shiv,alt_fire_dps,weapon,dps,41.524,,,damage_per_second,alternate fire,,Minor Update - 08-22-2026,high,"[""HSRC-0003""]",
shiv,alt_fire_sustained_dps,weapon,sustained_dps,34.649,,,damage_per_second,alternate fire,,Minor Update - 08-22-2026,high,"[""HSRC-0003""]",
shiv,boon_growth_bullet_damage_alt_fire,weapon,bullet_damage_alt_fire,,0.2,,damage,per boon level,stat contribution = boon_level * 0.2,Minor Update - 08-22-2026,high,"[""HSRC-0003""]",Kein separat ausgewiesener Basiswert im strukturierten Export.
shiv,boon_growth_power_increases,misc,power_increases,,1,,flat,per boon level,stat contribution = boon_level * 1,Minor Update - 08-22-2026,high,"[""HSRC-0003""]",Kein separat ausgewiesener Basiswert im strukturierten Export.
shiv,boon_growth_tech_power,spirit,tech_power,,1.1,,flat,per boon level,stat contribution = boon_level * 1.1,Minor Update - 08-22-2026,high,"[""HSRC-0003""]",Kein separat ausgewiesener Basiswert im strukturierten Export.
silver,max_health,health,max_health,830,28,,health,base hero state,base + boon_level * 28,Minor Update - 08-22-2026,high,"[""HSRC-0003""]",
silver,base_health_regen,health,base_health_regen,2.5,,,health_per_second,base hero state,,Minor Update - 08-22-2026,high,"[""HSRC-0003""]",
silver,max_move_speed,movement,max_move_speed,6.7,,,units_per_second,base hero state,,Minor Update - 08-22-2026,high,"[""HSRC-0003""]",
silver,sprint_speed,movement,sprint_speed,1.5,,,units_per_second,base hero state,,Minor Update - 08-22-2026,high,"[""HSRC-0003""]",
silver,crouch_speed,movement,crouch_speed,4.75,,,units_per_second,base hero state,,Minor Update - 08-22-2026,high,"[""HSRC-0003""]",
silver,move_acceleration,movement,move_acceleration,4,,,units_per_second_squared,base hero state,,Minor Update - 08-22-2026,high,"[""HSRC-0003""]",
silver,ground_dash_distance_in_meters,movement,ground_dash_distance_in_meters,10,,,meters,base hero state,,Minor Update - 08-22-2026,high,"[""HSRC-0003""]",
silver,ground_dash_duration,movement,ground_dash_duration,0.68,,,seconds,base hero state,,Minor Update - 08-22-2026,high,"[""HSRC-0003""]",
silver,ground_dash_speed,movement,ground_dash_speed,14.7,,,units_per_second,base hero state,,Minor Update - 08-22-2026,high,"[""HSRC-0003""]",
silver,air_dash_distance_in_meters,movement,air_dash_distance_in_meters,8,,,meters,base hero state,,Minor Update - 08-22-2026,high,"[""HSRC-0003""]",
silver,air_dash_duration,movement,air_dash_duration,0.47,,,seconds,base hero state,,Minor Update - 08-22-2026,high,"[""HSRC-0003""]",
silver,air_dash_speed,movement,air_dash_speed,17,,,units_per_second,base hero state,,Minor Update - 08-22-2026,high,"[""HSRC-0003""]",
silver,stamina,stamina,stamina,2,,,count,base hero state,,Minor Update - 08-22-2026,high,"[""HSRC-0003""]",
silver,stamina_cooldown,stamina,stamina_cooldown,4.5000045,,,seconds,base hero state,,Minor Update - 08-22-2026,high,"[""HSRC-0003""]",
silver,stamina_regen_per_second,health,stamina_regen_per_second,0.222222,,,count_per_second,base hero state,,Minor Update - 08-22-2026,high,"[""HSRC-0003""]",
silver,light_melee_damage,melee,light_melee_damage,50,1.58,,damage,base hero state,base + boon_level * 1.58,Minor Update - 08-22-2026,high,"[""HSRC-0003""]",
silver,heavy_melee_damage,melee,heavy_melee_damage,116,3.6656,,damage,base hero state,base + boon_level * 3.6656,Minor Update - 08-22-2026,high,"[""HSRC-0003""]",
silver,hero_bullet_lifesteal_effectiveness,weapon,hero_bullet_lifesteal_effectiveness,1,,,multiplier,base hero state,,Minor Update - 08-22-2026,high,"[""HSRC-0003""]",
silver,hero_spirit_lifesteal_effectiveness,spirit,hero_spirit_lifesteal_effectiveness,1,,,multiplier,base hero state,,Minor Update - 08-22-2026,high,"[""HSRC-0003""]",
silver,crit_damage_bonus_percent,misc,crit_damage_bonus_percent,0,,,percent,base hero state,,Minor Update - 08-22-2026,high,"[""HSRC-0003""]",
silver,crit_damage_received_percent,defense,crit_damage_received_percent,0,,,percent,base hero state,,Minor Update - 08-22-2026,high,"[""HSRC-0003""]",
silver,weapon_power_scale,misc,weapon_power_scale,1,,,multiplier,base hero state,,Minor Update - 08-22-2026,high,"[""HSRC-0003""]",
silver,proc_build_up_rate_scale,misc,proc_build_up_rate_scale,1,,,multiplier,base hero state,,Minor Update - 08-22-2026,high,"[""HSRC-0003""]",
silver,tech_range,spirit,tech_range,0,,,percent,base hero state,,Minor Update - 08-22-2026,high,"[""HSRC-0003""]",Tech bezeichnet in den Rohdaten Spirit.
silver,tech_duration,spirit,tech_duration,0,,,percent,base hero state,,Minor Update - 08-22-2026,high,"[""HSRC-0003""]",Tech bezeichnet in den Rohdaten Spirit.
silver,base_weapon_damage_increase,misc,base_weapon_damage_increase,0,,,percent,base hero state,,Minor Update - 08-22-2026,high,"[""HSRC-0003""]",
silver,reload_speed,reload,reload_speed,0,,,percent,base hero state,,Minor Update - 08-22-2026,high,"[""HSRC-0003""]",
silver,weapon_ammo_consumed_per_shot,ammo,ammo_consumed_per_shot,1,,,ammo,primary fire,,Minor Update - 08-22-2026,high,"[""HSRC-0003"",""HSRC-0006""]",
silver,weapon_bullet_damage,weapon,bullet_damage,5.1,0.117,,damage,primary fire,base + boon_level * 0.117,Minor Update - 08-22-2026,high,"[""HSRC-0003"",""HSRC-0006""]",
silver,weapon_bullet_gravity_scale,movement,bullet_gravity_scale,0,,,multiplier,primary fire,,Minor Update - 08-22-2026,high,"[""HSRC-0003"",""HSRC-0006""]",
silver,weapon_bullet_radius,weapon,bullet_radius,0.1016,,,meters,primary fire,,Minor Update - 08-22-2026,high,"[""HSRC-0003"",""HSRC-0006""]",
silver,weapon_bullet_speed,weapon,bullet_speed,812.8,,,units_per_second,primary fire,,Minor Update - 08-22-2026,high,"[""HSRC-0003"",""HSRC-0006""]",
silver,weapon_bullets_per_burst,weapon,bullets_per_burst,1,,,flat,primary fire,,Minor Update - 08-22-2026,high,"[""HSRC-0003"",""HSRC-0006""]",
silver,weapon_bullets_per_shot,weapon,bullets_per_shot,7,,,flat,primary fire,,Minor Update - 08-22-2026,high,"[""HSRC-0003"",""HSRC-0006""]",
silver,weapon_burst_inter_shot_interval,weapon,burst_inter_shot_interval,0,,,seconds,primary fire,,Minor Update - 08-22-2026,high,"[""HSRC-0003"",""HSRC-0006""]",
silver,weapon_can_crit,weapon,can_crit,true,,,flat,primary fire,,Minor Update - 08-22-2026,high,"[""HSRC-0003"",""HSRC-0006""]",
silver,weapon_clip_size,ammo,clip_size,7,,,flat,primary fire,,Minor Update - 08-22-2026,high,"[""HSRC-0003"",""HSRC-0006""]",
silver,weapon_dps,weapon,dps,42.001,0.96355,,damage_per_second,primary fire,base + boon_level * 0.96355,Minor Update - 08-22-2026,high,"[""HSRC-0003"",""HSRC-0006""]",
silver,weapon_falloff_end_range,weapon,falloff_end_range,42,,,meters,primary fire,,Minor Update - 08-22-2026,high,"[""HSRC-0003"",""HSRC-0006""]",
silver,weapon_falloff_end_scale,weapon,falloff_end_scale,0.1,,,multiplier,primary fire,,Minor Update - 08-22-2026,high,"[""HSRC-0003"",""HSRC-0006""]",
silver,weapon_falloff_start_range,weapon,falloff_start_range,17,,,meters,primary fire,,Minor Update - 08-22-2026,high,"[""HSRC-0003"",""HSRC-0006""]",
silver,weapon_hit_once_across_all_bullets,weapon,hit_once_across_all_bullets,false,,,flat,primary fire,,Minor Update - 08-22-2026,high,"[""HSRC-0003"",""HSRC-0006""]",
silver,weapon_reload_delay,reload,reload_delay,0.5,,,seconds,primary fire,,Minor Update - 08-22-2026,high,"[""HSRC-0003"",""HSRC-0006""]",
silver,weapon_reload_single,reload,reload_single,true,,,flat,primary fire,,Minor Update - 08-22-2026,high,"[""HSRC-0003"",""HSRC-0006""]",
silver,weapon_reload_time,reload,reload_time,0.3,,,seconds,primary fire,,Minor Update - 08-22-2026,high,"[""HSRC-0003"",""HSRC-0006""]",
silver,weapon_rounds_per_second,weapon,rounds_per_second,1.1765,,,flat,primary fire,,Minor Update - 08-22-2026,high,"[""HSRC-0003"",""HSRC-0006""]",
silver,weapon_shoot_move_speed,movement,shoot_move_speed,0.75,,,units_per_second,primary fire,,Minor Update - 08-22-2026,high,"[""HSRC-0003"",""HSRC-0006""]",
silver,weapon_sustained_dps,weapon,sustained_dps,29.229,0.67054,,damage_per_second,primary fire,base + boon_level * 0.67054,Minor Update - 08-22-2026,high,"[""HSRC-0003"",""HSRC-0006""]",
silver,boon_growth_bullet_damage_alt_fire,weapon,bullet_damage_alt_fire,,0.7735,,damage,per boon level,stat contribution = boon_level * 0.7735,Minor Update - 08-22-2026,high,"[""HSRC-0003""]",Kein separat ausgewiesener Basiswert im strukturierten Export.
silver,boon_growth_power_increases,misc,power_increases,,1,,flat,per boon level,stat contribution = boon_level * 1,Minor Update - 08-22-2026,high,"[""HSRC-0003""]",Kein separat ausgewiesener Basiswert im strukturierten Export.
silver,boon_growth_tech_power,spirit,tech_power,,1.1,,flat,per boon level,stat contribution = boon_level * 1.1,Minor Update - 08-22-2026,high,"[""HSRC-0003""]",Kein separat ausgewiesener Basiswert im strukturierten Export.
sinclair,max_health,health,max_health,730,38,,health,base hero state,base + boon_level * 38,Minor Update - 08-22-2026,high,"[""HSRC-0003""]",
sinclair,base_health_regen,health,base_health_regen,2,,,health_per_second,base hero state,,Minor Update - 08-22-2026,high,"[""HSRC-0003""]",
sinclair,max_move_speed,movement,max_move_speed,7.2,,,units_per_second,base hero state,,Minor Update - 08-22-2026,high,"[""HSRC-0003""]",
sinclair,sprint_speed,movement,sprint_speed,1.6,,,units_per_second,base hero state,,Minor Update - 08-22-2026,high,"[""HSRC-0003""]",
sinclair,crouch_speed,movement,crouch_speed,4.75,,,units_per_second,base hero state,,Minor Update - 08-22-2026,high,"[""HSRC-0003""]",
sinclair,move_acceleration,movement,move_acceleration,4,,,units_per_second_squared,base hero state,,Minor Update - 08-22-2026,high,"[""HSRC-0003""]",
sinclair,ground_dash_distance_in_meters,movement,ground_dash_distance_in_meters,10,,,meters,base hero state,,Minor Update - 08-22-2026,high,"[""HSRC-0003""]",
sinclair,ground_dash_duration,movement,ground_dash_duration,0.68,,,seconds,base hero state,,Minor Update - 08-22-2026,high,"[""HSRC-0003""]",
sinclair,ground_dash_speed,movement,ground_dash_speed,14.7,,,units_per_second,base hero state,,Minor Update - 08-22-2026,high,"[""HSRC-0003""]",
sinclair,air_dash_distance_in_meters,movement,air_dash_distance_in_meters,8,,,meters,base hero state,,Minor Update - 08-22-2026,high,"[""HSRC-0003""]",
sinclair,air_dash_duration,movement,air_dash_duration,0.47,,,seconds,base hero state,,Minor Update - 08-22-2026,high,"[""HSRC-0003""]",
sinclair,air_dash_speed,movement,air_dash_speed,17,,,units_per_second,base hero state,,Minor Update - 08-22-2026,high,"[""HSRC-0003""]",
sinclair,stamina,stamina,stamina,3,,,count,base hero state,,Minor Update - 08-22-2026,high,"[""HSRC-0003""]",
sinclair,stamina_cooldown,stamina,stamina_cooldown,4.5000045,,,seconds,base hero state,,Minor Update - 08-22-2026,high,"[""HSRC-0003""]",
sinclair,stamina_regen_per_second,health,stamina_regen_per_second,0.222222,,,count_per_second,base hero state,,Minor Update - 08-22-2026,high,"[""HSRC-0003""]",
sinclair,light_melee_damage,melee,light_melee_damage,50,1.58,,damage,base hero state,base + boon_level * 1.58,Minor Update - 08-22-2026,high,"[""HSRC-0003""]",
sinclair,heavy_melee_damage,melee,heavy_melee_damage,116,3.6656,,damage,base hero state,base + boon_level * 3.6656,Minor Update - 08-22-2026,high,"[""HSRC-0003""]",
sinclair,hero_bullet_lifesteal_effectiveness,weapon,hero_bullet_lifesteal_effectiveness,1,,,multiplier,base hero state,,Minor Update - 08-22-2026,high,"[""HSRC-0003""]",
sinclair,hero_spirit_lifesteal_effectiveness,spirit,hero_spirit_lifesteal_effectiveness,1,,,multiplier,base hero state,,Minor Update - 08-22-2026,high,"[""HSRC-0003""]",
sinclair,crit_damage_bonus_percent,misc,crit_damage_bonus_percent,0,,,percent,base hero state,,Minor Update - 08-22-2026,high,"[""HSRC-0003""]",
sinclair,crit_damage_received_percent,defense,crit_damage_received_percent,0,,,percent,base hero state,,Minor Update - 08-22-2026,high,"[""HSRC-0003""]",
sinclair,weapon_power_scale,misc,weapon_power_scale,1,,,multiplier,base hero state,,Minor Update - 08-22-2026,high,"[""HSRC-0003""]",
sinclair,proc_build_up_rate_scale,misc,proc_build_up_rate_scale,1,,,multiplier,base hero state,,Minor Update - 08-22-2026,high,"[""HSRC-0003""]",
sinclair,tech_range,spirit,tech_range,0,,,percent,base hero state,,Minor Update - 08-22-2026,high,"[""HSRC-0003""]",Tech bezeichnet in den Rohdaten Spirit.
sinclair,tech_duration,spirit,tech_duration,0,,,percent,base hero state,,Minor Update - 08-22-2026,high,"[""HSRC-0003""]",Tech bezeichnet in den Rohdaten Spirit.
sinclair,base_weapon_damage_increase,misc,base_weapon_damage_increase,0,,,percent,base hero state,,Minor Update - 08-22-2026,high,"[""HSRC-0003""]",
sinclair,reload_speed,reload,reload_speed,0,,,percent,base hero state,,Minor Update - 08-22-2026,high,"[""HSRC-0003""]",
sinclair,weapon_ammo_consumed_per_shot,ammo,ammo_consumed_per_shot,1,,,ammo,primary fire,,Minor Update - 08-22-2026,high,"[""HSRC-0003"",""HSRC-0006""]",
sinclair,weapon_bullet_damage,weapon,bullet_damage,17.76,0.55,,damage,primary fire,base + boon_level * 0.55,Minor Update - 08-22-2026,high,"[""HSRC-0003"",""HSRC-0006""]",
sinclair,weapon_bullet_gravity_scale,movement,bullet_gravity_scale,0,,,multiplier,primary fire,,Minor Update - 08-22-2026,high,"[""HSRC-0003"",""HSRC-0006""]",
sinclair,weapon_bullet_radius,weapon,bullet_radius,0.127,,,meters,primary fire,,Minor Update - 08-22-2026,high,"[""HSRC-0003"",""HSRC-0006""]",
sinclair,weapon_bullet_speed,weapon,bullet_speed,300,,,units_per_second,primary fire,,Minor Update - 08-22-2026,high,"[""HSRC-0003"",""HSRC-0006""]",
sinclair,weapon_bullets_per_burst,weapon,bullets_per_burst,2,,,flat,primary fire,,Minor Update - 08-22-2026,high,"[""HSRC-0003"",""HSRC-0006""]",
sinclair,weapon_bullets_per_shot,weapon,bullets_per_shot,1,,,flat,primary fire,,Minor Update - 08-22-2026,high,"[""HSRC-0003"",""HSRC-0006""]",
sinclair,weapon_burst_inter_shot_interval,weapon,burst_inter_shot_interval,0.105,,,seconds,primary fire,,Minor Update - 08-22-2026,high,"[""HSRC-0003"",""HSRC-0006""]",
sinclair,weapon_can_crit,weapon,can_crit,true,,,flat,primary fire,,Minor Update - 08-22-2026,high,"[""HSRC-0003"",""HSRC-0006""]",
sinclair,weapon_clip_size,ammo,clip_size,16,,,flat,primary fire,,Minor Update - 08-22-2026,high,"[""HSRC-0003"",""HSRC-0006""]",
sinclair,weapon_dps,weapon,dps,48.327,1.4966,,damage_per_second,primary fire,base + boon_level * 1.4966,Minor Update - 08-22-2026,high,"[""HSRC-0003"",""HSRC-0006""]",
sinclair,weapon_falloff_end_range,weapon,falloff_end_range,60.96,,,meters,primary fire,,Minor Update - 08-22-2026,high,"[""HSRC-0003"",""HSRC-0006""]",
sinclair,weapon_falloff_end_scale,weapon,falloff_end_scale,0.3,,,multiplier,primary fire,,Minor Update - 08-22-2026,high,"[""HSRC-0003"",""HSRC-0006""]",
sinclair,weapon_falloff_start_range,weapon,falloff_start_range,25.4,,,meters,primary fire,,Minor Update - 08-22-2026,high,"[""HSRC-0003"",""HSRC-0006""]",
sinclair,weapon_hit_once_across_all_bullets,weapon,hit_once_across_all_bullets,false,,,flat,primary fire,,Minor Update - 08-22-2026,high,"[""HSRC-0003"",""HSRC-0006""]",
sinclair,weapon_reload_delay,reload,reload_delay,0,,,seconds,primary fire,,Minor Update - 08-22-2026,high,"[""HSRC-0003"",""HSRC-0006""]",
sinclair,weapon_reload_single,reload,reload_single,false,,,flat,primary fire,,Minor Update - 08-22-2026,high,"[""HSRC-0003"",""HSRC-0006""]",
sinclair,weapon_reload_time,reload,reload_time,2.5,,,seconds,primary fire,,Minor Update - 08-22-2026,high,"[""HSRC-0003"",""HSRC-0006""]",
sinclair,weapon_rounds_per_second,weapon,rounds_per_second,2.7211,,,flat,primary fire,,Minor Update - 08-22-2026,high,"[""HSRC-0003"",""HSRC-0006""]",
sinclair,weapon_shoot_move_speed,movement,shoot_move_speed,0.75,,,units_per_second,primary fire,,Minor Update - 08-22-2026,high,"[""HSRC-0003"",""HSRC-0006""]",
sinclair,weapon_sustained_dps,weapon,sustained_dps,33.909,1.0501,,damage_per_second,primary fire,base + boon_level * 1.0501,Minor Update - 08-22-2026,high,"[""HSRC-0003"",""HSRC-0006""]",
sinclair,boon_growth_power_increases,misc,power_increases,,1,,flat,per boon level,stat contribution = boon_level * 1,Minor Update - 08-22-2026,high,"[""HSRC-0003""]",Kein separat ausgewiesener Basiswert im strukturierten Export.
sinclair,boon_growth_tech_power,spirit,tech_power,,1.3,,flat,per boon level,stat contribution = boon_level * 1.3,Minor Update - 08-22-2026,high,"[""HSRC-0003""]",Kein separat ausgewiesener Basiswert im strukturierten Export.
sinclair,max_move_speed_spirit_scaling,movement,max_move_speed_spirit_scaling,0.0138,,,multiplier,scales with Spirit Power,additional max_move_speed = spirit_power * 0.0138,Minor Update - 08-22-2026,high,"[""HSRC-0003""]",Separat vom Basiswert gespeichert.
the_doorman,max_health,health,max_health,755,42,,health,base hero state,base + boon_level * 42,Minor Update - 08-22-2026,high,"[""HSRC-0003""]",
the_doorman,base_health_regen,health,base_health_regen,1,,,health_per_second,base hero state,,Minor Update - 08-22-2026,high,"[""HSRC-0003""]",
the_doorman,max_move_speed,movement,max_move_speed,7.9,,,units_per_second,base hero state,,Minor Update - 08-22-2026,high,"[""HSRC-0003""]",
the_doorman,sprint_speed,movement,sprint_speed,1.6,,,units_per_second,base hero state,,Minor Update - 08-22-2026,high,"[""HSRC-0003""]",
the_doorman,crouch_speed,movement,crouch_speed,4.75,,,units_per_second,base hero state,,Minor Update - 08-22-2026,high,"[""HSRC-0003""]",
the_doorman,move_acceleration,movement,move_acceleration,4,,,units_per_second_squared,base hero state,,Minor Update - 08-22-2026,high,"[""HSRC-0003""]",
the_doorman,ground_dash_distance_in_meters,movement,ground_dash_distance_in_meters,10,,,meters,base hero state,,Minor Update - 08-22-2026,high,"[""HSRC-0003""]",
the_doorman,ground_dash_duration,movement,ground_dash_duration,0.62,,,seconds,base hero state,,Minor Update - 08-22-2026,high,"[""HSRC-0003""]",
the_doorman,ground_dash_speed,movement,ground_dash_speed,16.1,,,units_per_second,base hero state,,Minor Update - 08-22-2026,high,"[""HSRC-0003""]",
the_doorman,air_dash_distance_in_meters,movement,air_dash_distance_in_meters,8,,,meters,base hero state,,Minor Update - 08-22-2026,high,"[""HSRC-0003""]",
the_doorman,air_dash_duration,movement,air_dash_duration,0.43,,,seconds,base hero state,,Minor Update - 08-22-2026,high,"[""HSRC-0003""]",
the_doorman,air_dash_speed,movement,air_dash_speed,18.6,,,units_per_second,base hero state,,Minor Update - 08-22-2026,high,"[""HSRC-0003""]",
the_doorman,stamina,stamina,stamina,3,,,count,base hero state,,Minor Update - 08-22-2026,high,"[""HSRC-0003""]",
the_doorman,stamina_cooldown,stamina,stamina_cooldown,4.5000045,,,seconds,base hero state,,Minor Update - 08-22-2026,high,"[""HSRC-0003""]",
the_doorman,stamina_regen_per_second,health,stamina_regen_per_second,0.222222,,,count_per_second,base hero state,,Minor Update - 08-22-2026,high,"[""HSRC-0003""]",
the_doorman,light_melee_damage,melee,light_melee_damage,50,1.58,,damage,base hero state,base + boon_level * 1.58,Minor Update - 08-22-2026,high,"[""HSRC-0003""]",
the_doorman,heavy_melee_damage,melee,heavy_melee_damage,116,3.6656,,damage,base hero state,base + boon_level * 3.6656,Minor Update - 08-22-2026,high,"[""HSRC-0003""]",
the_doorman,hero_bullet_lifesteal_effectiveness,weapon,hero_bullet_lifesteal_effectiveness,1,,,multiplier,base hero state,,Minor Update - 08-22-2026,high,"[""HSRC-0003""]",
the_doorman,hero_spirit_lifesteal_effectiveness,spirit,hero_spirit_lifesteal_effectiveness,1,,,multiplier,base hero state,,Minor Update - 08-22-2026,high,"[""HSRC-0003""]",
the_doorman,crit_damage_bonus_percent,misc,crit_damage_bonus_percent,-30,,,percent,base hero state,,Minor Update - 08-22-2026,high,"[""HSRC-0003""]",
the_doorman,crit_damage_received_percent,defense,crit_damage_received_percent,0,,,percent,base hero state,,Minor Update - 08-22-2026,high,"[""HSRC-0003""]",
the_doorman,weapon_power_scale,misc,weapon_power_scale,1,,,multiplier,base hero state,,Minor Update - 08-22-2026,high,"[""HSRC-0003""]",
the_doorman,proc_build_up_rate_scale,misc,proc_build_up_rate_scale,1,,,multiplier,base hero state,,Minor Update - 08-22-2026,high,"[""HSRC-0003""]",
the_doorman,tech_range,spirit,tech_range,0,,,percent,base hero state,,Minor Update - 08-22-2026,high,"[""HSRC-0003""]",Tech bezeichnet in den Rohdaten Spirit.
the_doorman,tech_duration,spirit,tech_duration,0,,,percent,base hero state,,Minor Update - 08-22-2026,high,"[""HSRC-0003""]",Tech bezeichnet in den Rohdaten Spirit.
the_doorman,base_weapon_damage_increase,misc,base_weapon_damage_increase,0,,,percent,base hero state,,Minor Update - 08-22-2026,high,"[""HSRC-0003""]",
the_doorman,reload_speed,reload,reload_speed,0,,,percent,base hero state,,Minor Update - 08-22-2026,high,"[""HSRC-0003""]",
the_doorman,weapon_ammo_consumed_per_shot,ammo,ammo_consumed_per_shot,1,,,ammo,primary fire,,Minor Update - 08-22-2026,high,"[""HSRC-0003"",""HSRC-0006""]",
the_doorman,weapon_bullet_damage,weapon,bullet_damage,24,1.25,,damage,primary fire,base + boon_level * 1.25,Minor Update - 08-22-2026,high,"[""HSRC-0003"",""HSRC-0006""]",
the_doorman,weapon_bullet_gravity_scale,movement,bullet_gravity_scale,0,,,multiplier,primary fire,,Minor Update - 08-22-2026,high,"[""HSRC-0003"",""HSRC-0006""]",
the_doorman,weapon_bullet_radius,weapon,bullet_radius,0.254,,,meters,primary fire,,Minor Update - 08-22-2026,high,"[""HSRC-0003"",""HSRC-0006""]",
the_doorman,weapon_bullet_speed,weapon,bullet_speed,203.2,,,units_per_second,primary fire,,Minor Update - 08-22-2026,high,"[""HSRC-0003"",""HSRC-0006""]",
the_doorman,weapon_bullets_per_burst,weapon,bullets_per_burst,1,,,flat,primary fire,,Minor Update - 08-22-2026,high,"[""HSRC-0003"",""HSRC-0006""]",
the_doorman,weapon_bullets_per_shot,weapon,bullets_per_shot,1,,,flat,primary fire,,Minor Update - 08-22-2026,high,"[""HSRC-0003"",""HSRC-0006""]",
the_doorman,weapon_burst_inter_shot_interval,weapon,burst_inter_shot_interval,0.05,,,seconds,primary fire,,Minor Update - 08-22-2026,high,"[""HSRC-0003"",""HSRC-0006""]",
the_doorman,weapon_can_crit,weapon,can_crit,true,,,flat,primary fire,,Minor Update - 08-22-2026,high,"[""HSRC-0003"",""HSRC-0006""]",
the_doorman,weapon_clip_size,ammo,clip_size,8,,,flat,primary fire,,Minor Update - 08-22-2026,high,"[""HSRC-0003"",""HSRC-0006""]",
the_doorman,weapon_dps,weapon,dps,38.095,1.9841,,damage_per_second,primary fire,base + boon_level * 1.9841,Minor Update - 08-22-2026,high,"[""HSRC-0003"",""HSRC-0006""]",
the_doorman,weapon_falloff_end_range,weapon,falloff_end_range,57.51,,,meters,primary fire,,Minor Update - 08-22-2026,high,"[""HSRC-0003"",""HSRC-0006""]",
the_doorman,weapon_falloff_end_scale,weapon,falloff_end_scale,0.1,,,multiplier,primary fire,,Minor Update - 08-22-2026,high,"[""HSRC-0003"",""HSRC-0006""]",
the_doorman,weapon_falloff_start_range,weapon,falloff_start_range,19.99,,,meters,primary fire,,Minor Update - 08-22-2026,high,"[""HSRC-0003"",""HSRC-0006""]",
the_doorman,weapon_hit_once_across_all_bullets,weapon,hit_once_across_all_bullets,false,,,flat,primary fire,,Minor Update - 08-22-2026,high,"[""HSRC-0003"",""HSRC-0006""]",
the_doorman,weapon_reload_delay,reload,reload_delay,0,,,seconds,primary fire,,Minor Update - 08-22-2026,high,"[""HSRC-0003"",""HSRC-0006""]",
the_doorman,weapon_reload_single,reload,reload_single,false,,,flat,primary fire,,Minor Update - 08-22-2026,high,"[""HSRC-0003"",""HSRC-0006""]",
the_doorman,weapon_reload_time,reload,reload_time,2.4,,,seconds,primary fire,,Minor Update - 08-22-2026,high,"[""HSRC-0003"",""HSRC-0006""]",
the_doorman,weapon_rounds_per_second,weapon,rounds_per_second,1.5873,,,flat,primary fire,,Minor Update - 08-22-2026,high,"[""HSRC-0003"",""HSRC-0006""]",
the_doorman,weapon_shoot_move_speed,movement,shoot_move_speed,0.75,,,units_per_second,primary fire,,Minor Update - 08-22-2026,high,"[""HSRC-0003"",""HSRC-0006""]",
the_doorman,weapon_sustained_dps,weapon,sustained_dps,25.806,1.3441,,damage_per_second,primary fire,base + boon_level * 1.3441,Minor Update - 08-22-2026,high,"[""HSRC-0003"",""HSRC-0006""]",
the_doorman,boon_growth_power_increases,misc,power_increases,,1,,flat,per boon level,stat contribution = boon_level * 1,Minor Update - 08-22-2026,high,"[""HSRC-0003""]",Kein separat ausgewiesener Basiswert im strukturierten Export.
the_doorman,boon_growth_tech_power,spirit,tech_power,,1.1,,flat,per boon level,stat contribution = boon_level * 1.1,Minor Update - 08-22-2026,high,"[""HSRC-0003""]",Kein separat ausgewiesener Basiswert im strukturierten Export.
venator,max_health,health,max_health,820,43,,health,base hero state,base + boon_level * 43,Minor Update - 08-22-2026,high,"[""HSRC-0003""]",
venator,base_health_regen,health,base_health_regen,2,,,health_per_second,base hero state,,Minor Update - 08-22-2026,high,"[""HSRC-0003""]",
venator,max_move_speed,movement,max_move_speed,6.4,,,units_per_second,base hero state,,Minor Update - 08-22-2026,high,"[""HSRC-0003""]",
venator,sprint_speed,movement,sprint_speed,1,,,units_per_second,base hero state,,Minor Update - 08-22-2026,high,"[""HSRC-0003""]",
venator,crouch_speed,movement,crouch_speed,4.75,,,units_per_second,base hero state,,Minor Update - 08-22-2026,high,"[""HSRC-0003""]",
venator,move_acceleration,movement,move_acceleration,4,,,units_per_second_squared,base hero state,,Minor Update - 08-22-2026,high,"[""HSRC-0003""]",
venator,ground_dash_distance_in_meters,movement,ground_dash_distance_in_meters,10,,,meters,base hero state,,Minor Update - 08-22-2026,high,"[""HSRC-0003""]",
venator,ground_dash_duration,movement,ground_dash_duration,0.72,,,seconds,base hero state,,Minor Update - 08-22-2026,high,"[""HSRC-0003""]",
venator,ground_dash_speed,movement,ground_dash_speed,13.9,,,units_per_second,base hero state,,Minor Update - 08-22-2026,high,"[""HSRC-0003""]",
venator,air_dash_distance_in_meters,movement,air_dash_distance_in_meters,8,,,meters,base hero state,,Minor Update - 08-22-2026,high,"[""HSRC-0003""]",
venator,air_dash_duration,movement,air_dash_duration,0.51,,,seconds,base hero state,,Minor Update - 08-22-2026,high,"[""HSRC-0003""]",
venator,air_dash_speed,movement,air_dash_speed,15.7,,,units_per_second,base hero state,,Minor Update - 08-22-2026,high,"[""HSRC-0003""]",
venator,stamina,stamina,stamina,3,,,count,base hero state,,Minor Update - 08-22-2026,high,"[""HSRC-0003""]",
venator,stamina_cooldown,stamina,stamina_cooldown,4.5000045,,,seconds,base hero state,,Minor Update - 08-22-2026,high,"[""HSRC-0003""]",
venator,stamina_regen_per_second,health,stamina_regen_per_second,0.222222,,,count_per_second,base hero state,,Minor Update - 08-22-2026,high,"[""HSRC-0003""]",
venator,light_melee_damage,melee,light_melee_damage,50,1.7,,damage,base hero state,base + boon_level * 1.7,Minor Update - 08-22-2026,high,"[""HSRC-0003""]",
venator,heavy_melee_damage,melee,heavy_melee_damage,125,4.25,,damage,base hero state,base + boon_level * 4.25,Minor Update - 08-22-2026,high,"[""HSRC-0003""]",
venator,hero_bullet_lifesteal_effectiveness,weapon,hero_bullet_lifesteal_effectiveness,1,,,multiplier,base hero state,,Minor Update - 08-22-2026,high,"[""HSRC-0003""]",
venator,hero_spirit_lifesteal_effectiveness,spirit,hero_spirit_lifesteal_effectiveness,1,,,multiplier,base hero state,,Minor Update - 08-22-2026,high,"[""HSRC-0003""]",
venator,crit_damage_bonus_percent,misc,crit_damage_bonus_percent,0,,,percent,base hero state,,Minor Update - 08-22-2026,high,"[""HSRC-0003""]",
venator,crit_damage_received_percent,defense,crit_damage_received_percent,0,,,percent,base hero state,,Minor Update - 08-22-2026,high,"[""HSRC-0003""]",
venator,weapon_power_scale,misc,weapon_power_scale,1,,,multiplier,base hero state,,Minor Update - 08-22-2026,high,"[""HSRC-0003""]",
venator,proc_build_up_rate_scale,misc,proc_build_up_rate_scale,1,,,multiplier,base hero state,,Minor Update - 08-22-2026,high,"[""HSRC-0003""]",
venator,tech_range,spirit,tech_range,0,,,percent,base hero state,,Minor Update - 08-22-2026,high,"[""HSRC-0003""]",Tech bezeichnet in den Rohdaten Spirit.
venator,tech_duration,spirit,tech_duration,0,,,percent,base hero state,,Minor Update - 08-22-2026,high,"[""HSRC-0003""]",Tech bezeichnet in den Rohdaten Spirit.
venator,base_weapon_damage_increase,misc,base_weapon_damage_increase,0,,,percent,base hero state,,Minor Update - 08-22-2026,high,"[""HSRC-0003""]",
venator,reload_speed,reload,reload_speed,0,,,percent,base hero state,,Minor Update - 08-22-2026,high,"[""HSRC-0003""]",
venator,weapon_ammo_consumed_per_shot,ammo,ammo_consumed_per_shot,1,,,ammo,primary fire,,Minor Update - 08-22-2026,high,"[""HSRC-0003"",""HSRC-0006""]",
venator,weapon_bullet_damage,weapon,bullet_damage,8,0.27,,damage,primary fire,base + boon_level * 0.27,Minor Update - 08-22-2026,high,"[""HSRC-0003"",""HSRC-0006""]",
venator,weapon_bullet_gravity_scale,movement,bullet_gravity_scale,0,,,multiplier,primary fire,,Minor Update - 08-22-2026,high,"[""HSRC-0003"",""HSRC-0006""]",
venator,weapon_bullet_radius,weapon,bullet_radius,0.0762,,,meters,primary fire,,Minor Update - 08-22-2026,high,"[""HSRC-0003"",""HSRC-0006""]",
venator,weapon_bullet_speed,weapon,bullet_speed,1588,,,units_per_second,primary fire,,Minor Update - 08-22-2026,high,"[""HSRC-0003"",""HSRC-0006""]",
venator,weapon_bullets_per_burst,weapon,bullets_per_burst,1,,,flat,primary fire,,Minor Update - 08-22-2026,high,"[""HSRC-0003"",""HSRC-0006""]",
venator,weapon_bullets_per_shot,weapon,bullets_per_shot,1,,,flat,primary fire,,Minor Update - 08-22-2026,high,"[""HSRC-0003"",""HSRC-0006""]",
venator,weapon_burst_inter_shot_interval,weapon,burst_inter_shot_interval,0,,,seconds,primary fire,,Minor Update - 08-22-2026,high,"[""HSRC-0003"",""HSRC-0006""]",
venator,weapon_can_crit,weapon,can_crit,true,,,flat,primary fire,,Minor Update - 08-22-2026,high,"[""HSRC-0003"",""HSRC-0006""]",
venator,weapon_clip_size,ammo,clip_size,33,,,flat,primary fire,,Minor Update - 08-22-2026,high,"[""HSRC-0003"",""HSRC-0006""]",
venator,weapon_dps,weapon,dps,63.492,2.1429,,damage_per_second,primary fire,base + boon_level * 2.1429,Minor Update - 08-22-2026,high,"[""HSRC-0003"",""HSRC-0006""]",
venator,weapon_falloff_end_range,weapon,falloff_end_range,47,,,meters,primary fire,,Minor Update - 08-22-2026,high,"[""HSRC-0003"",""HSRC-0006""]",
venator,weapon_falloff_end_scale,weapon,falloff_end_scale,0.1,,,multiplier,primary fire,,Minor Update - 08-22-2026,high,"[""HSRC-0003"",""HSRC-0006""]",
venator,weapon_falloff_start_range,weapon,falloff_start_range,18,,,meters,primary fire,,Minor Update - 08-22-2026,high,"[""HSRC-0003"",""HSRC-0006""]",
venator,weapon_hit_once_across_all_bullets,weapon,hit_once_across_all_bullets,false,,,flat,primary fire,,Minor Update - 08-22-2026,high,"[""HSRC-0003"",""HSRC-0006""]",
venator,weapon_reload_delay,reload,reload_delay,0,,,seconds,primary fire,,Minor Update - 08-22-2026,high,"[""HSRC-0003"",""HSRC-0006""]",
venator,weapon_reload_single,reload,reload_single,false,,,flat,primary fire,,Minor Update - 08-22-2026,high,"[""HSRC-0003"",""HSRC-0006""]",
venator,weapon_reload_time,reload,reload_time,2.8,,,seconds,primary fire,,Minor Update - 08-22-2026,high,"[""HSRC-0003"",""HSRC-0006""]",
venator,weapon_rounds_per_second,weapon,rounds_per_second,7.9365,,,flat,primary fire,,Minor Update - 08-22-2026,high,"[""HSRC-0003"",""HSRC-0006""]",
venator,weapon_shoot_move_speed,movement,shoot_move_speed,0.75,,,units_per_second,primary fire,,Minor Update - 08-22-2026,high,"[""HSRC-0003"",""HSRC-0006""]",
venator,weapon_sustained_dps,weapon,sustained_dps,37.942,1.2805,,damage_per_second,primary fire,base + boon_level * 1.2805,Minor Update - 08-22-2026,high,"[""HSRC-0003"",""HSRC-0006""]",
venator,boon_growth_power_increases,misc,power_increases,,1,,flat,per boon level,stat contribution = boon_level * 1,Minor Update - 08-22-2026,high,"[""HSRC-0003""]",Kein separat ausgewiesener Basiswert im strukturierten Export.
venator,boon_growth_tech_power,spirit,tech_power,,1.1,,flat,per boon level,stat contribution = boon_level * 1.1,Minor Update - 08-22-2026,high,"[""HSRC-0003""]",Kein separat ausgewiesener Basiswert im strukturierten Export.
venator,tech_resist_spirit_scaling,defense,tech_resist_spirit_scaling,0.12178,,,multiplier,scales with Spirit Power,additional tech_resist = spirit_power * 0.12178,Minor Update - 08-22-2026,high,"[""HSRC-0003""]",Separat vom Basiswert gespeichert.
venator,bullet_resist_spirit_scaling,defense,bullet_resist_spirit_scaling,0.12178,,,multiplier,scales with Spirit Power,additional bullet_resist = spirit_power * 0.12178,Minor Update - 08-22-2026,high,"[""HSRC-0003""]",Separat vom Basiswert gespeichert.
victor,max_health,health,max_health,800,34,,health,base hero state,base + boon_level * 34,Minor Update - 08-22-2026,high,"[""HSRC-0003""]",
victor,base_health_regen,health,base_health_regen,1.5,,,health_per_second,base hero state,,Minor Update - 08-22-2026,high,"[""HSRC-0003""]",
victor,tech_resist,defense,tech_resist,0,,,percent,base hero state,,Minor Update - 08-22-2026,high,"[""HSRC-0003""]",Tech bezeichnet in den Rohdaten Spirit.
victor,max_move_speed,movement,max_move_speed,6.3,,,units_per_second,base hero state,,Minor Update - 08-22-2026,high,"[""HSRC-0003""]",
victor,sprint_speed,movement,sprint_speed,1.1,,,units_per_second,base hero state,,Minor Update - 08-22-2026,high,"[""HSRC-0003""]",
victor,crouch_speed,movement,crouch_speed,4.75,,,units_per_second,base hero state,,Minor Update - 08-22-2026,high,"[""HSRC-0003""]",
victor,move_acceleration,movement,move_acceleration,4,,,units_per_second_squared,base hero state,,Minor Update - 08-22-2026,high,"[""HSRC-0003""]",
victor,ground_dash_distance_in_meters,movement,ground_dash_distance_in_meters,10,,,meters,base hero state,,Minor Update - 08-22-2026,high,"[""HSRC-0003""]",
victor,ground_dash_duration,movement,ground_dash_duration,0.72,,,seconds,base hero state,,Minor Update - 08-22-2026,high,"[""HSRC-0003""]",
victor,ground_dash_speed,movement,ground_dash_speed,13.9,,,units_per_second,base hero state,,Minor Update - 08-22-2026,high,"[""HSRC-0003""]",
victor,air_dash_distance_in_meters,movement,air_dash_distance_in_meters,8,,,meters,base hero state,,Minor Update - 08-22-2026,high,"[""HSRC-0003""]",
victor,air_dash_duration,movement,air_dash_duration,0.51,,,seconds,base hero state,,Minor Update - 08-22-2026,high,"[""HSRC-0003""]",
victor,air_dash_speed,movement,air_dash_speed,15.7,,,units_per_second,base hero state,,Minor Update - 08-22-2026,high,"[""HSRC-0003""]",
victor,stamina,stamina,stamina,3,,,count,base hero state,,Minor Update - 08-22-2026,high,"[""HSRC-0003""]",
victor,stamina_cooldown,stamina,stamina_cooldown,4.5000045,,,seconds,base hero state,,Minor Update - 08-22-2026,high,"[""HSRC-0003""]",
victor,stamina_regen_per_second,health,stamina_regen_per_second,0.222222,,,count_per_second,base hero state,,Minor Update - 08-22-2026,high,"[""HSRC-0003""]",
victor,light_melee_damage,melee,light_melee_damage,50,1.58,,damage,base hero state,base + boon_level * 1.58,Minor Update - 08-22-2026,high,"[""HSRC-0003""]",
victor,heavy_melee_damage,melee,heavy_melee_damage,116,3.6656,,damage,base hero state,base + boon_level * 3.6656,Minor Update - 08-22-2026,high,"[""HSRC-0003""]",
victor,hero_bullet_lifesteal_effectiveness,weapon,hero_bullet_lifesteal_effectiveness,1,,,multiplier,base hero state,,Minor Update - 08-22-2026,high,"[""HSRC-0003""]",
victor,hero_spirit_lifesteal_effectiveness,spirit,hero_spirit_lifesteal_effectiveness,1,,,multiplier,base hero state,,Minor Update - 08-22-2026,high,"[""HSRC-0003""]",
victor,crit_damage_bonus_percent,misc,crit_damage_bonus_percent,0,,,percent,base hero state,,Minor Update - 08-22-2026,high,"[""HSRC-0003""]",
victor,crit_damage_received_percent,defense,crit_damage_received_percent,0,,,percent,base hero state,,Minor Update - 08-22-2026,high,"[""HSRC-0003""]",
victor,weapon_power_scale,misc,weapon_power_scale,1,,,multiplier,base hero state,,Minor Update - 08-22-2026,high,"[""HSRC-0003""]",
victor,proc_build_up_rate_scale,misc,proc_build_up_rate_scale,1,,,multiplier,base hero state,,Minor Update - 08-22-2026,high,"[""HSRC-0003""]",
victor,tech_range,spirit,tech_range,0,,,percent,base hero state,,Minor Update - 08-22-2026,high,"[""HSRC-0003""]",Tech bezeichnet in den Rohdaten Spirit.
victor,tech_duration,spirit,tech_duration,0,,,percent,base hero state,,Minor Update - 08-22-2026,high,"[""HSRC-0003""]",Tech bezeichnet in den Rohdaten Spirit.
victor,base_weapon_damage_increase,misc,base_weapon_damage_increase,0,,,percent,base hero state,,Minor Update - 08-22-2026,high,"[""HSRC-0003""]",
victor,reload_speed,reload,reload_speed,0,,,percent,base hero state,,Minor Update - 08-22-2026,high,"[""HSRC-0003""]",
victor,weapon_ammo_consumed_per_shot,ammo,ammo_consumed_per_shot,1,,,ammo,primary fire,,Minor Update - 08-22-2026,high,"[""HSRC-0003"",""HSRC-0006""]",
victor,weapon_bullet_damage,weapon,bullet_damage,12,0.26,,damage,primary fire,base + boon_level * 0.26,Minor Update - 08-22-2026,high,"[""HSRC-0003"",""HSRC-0006""]",
victor,weapon_bullet_gravity_scale,movement,bullet_gravity_scale,0,,,multiplier,primary fire,,Minor Update - 08-22-2026,high,"[""HSRC-0003"",""HSRC-0006""]",
victor,weapon_bullet_radius,weapon,bullet_radius,0.127,,,meters,primary fire,,Minor Update - 08-22-2026,high,"[""HSRC-0003"",""HSRC-0006""]",
victor,weapon_bullet_speed,weapon,bullet_speed,203.2,,,units_per_second,primary fire,,Minor Update - 08-22-2026,high,"[""HSRC-0003"",""HSRC-0006""]",
victor,weapon_bullets_per_burst,weapon,bullets_per_burst,1,,,flat,primary fire,,Minor Update - 08-22-2026,high,"[""HSRC-0003"",""HSRC-0006""]",
victor,weapon_bullets_per_shot,weapon,bullets_per_shot,1,,,flat,primary fire,,Minor Update - 08-22-2026,high,"[""HSRC-0003"",""HSRC-0006""]",
victor,weapon_burst_inter_shot_interval,weapon,burst_inter_shot_interval,0,,,seconds,primary fire,,Minor Update - 08-22-2026,high,"[""HSRC-0003"",""HSRC-0006""]",
victor,weapon_can_crit,weapon,can_crit,true,,,flat,primary fire,,Minor Update - 08-22-2026,high,"[""HSRC-0003"",""HSRC-0006""]",
victor,weapon_clip_size,ammo,clip_size,24,,,flat,primary fire,,Minor Update - 08-22-2026,high,"[""HSRC-0003"",""HSRC-0006""]",
victor,weapon_dps,weapon,dps,70.175,1.5205,,damage_per_second,primary fire,base + boon_level * 1.5205,Minor Update - 08-22-2026,high,"[""HSRC-0003"",""HSRC-0006""]",
victor,weapon_falloff_end_range,weapon,falloff_end_range,57.51,,,meters,primary fire,,Minor Update - 08-22-2026,high,"[""HSRC-0003"",""HSRC-0006""]",
victor,weapon_falloff_end_scale,weapon,falloff_end_scale,0.1,,,multiplier,primary fire,,Minor Update - 08-22-2026,high,"[""HSRC-0003"",""HSRC-0006""]",
victor,weapon_falloff_start_range,weapon,falloff_start_range,19.99,,,meters,primary fire,,Minor Update - 08-22-2026,high,"[""HSRC-0003"",""HSRC-0006""]",
victor,weapon_hit_once_across_all_bullets,weapon,hit_once_across_all_bullets,false,,,flat,primary fire,,Minor Update - 08-22-2026,high,"[""HSRC-0003"",""HSRC-0006""]",
victor,weapon_reload_delay,reload,reload_delay,0,,,seconds,primary fire,,Minor Update - 08-22-2026,high,"[""HSRC-0003"",""HSRC-0006""]",
victor,weapon_reload_single,reload,reload_single,false,,,flat,primary fire,,Minor Update - 08-22-2026,high,"[""HSRC-0003"",""HSRC-0006""]",
victor,weapon_reload_time,reload,reload_time,2.4,,,seconds,primary fire,,Minor Update - 08-22-2026,high,"[""HSRC-0003"",""HSRC-0006""]",
victor,weapon_rounds_per_second,weapon,rounds_per_second,5.0505,,,flat,primary fire,,Minor Update - 08-22-2026,high,"[""HSRC-0003"",""HSRC-0006""]",
victor,weapon_rounds_per_second_at_max_spin,weapon,rounds_per_second_at_max_spin,5.84795321637,,,flat,primary fire,,Minor Update - 08-22-2026,high,"[""HSRC-0003"",""HSRC-0006""]",
victor,weapon_shoot_move_speed,movement,shoot_move_speed,0.75,,,units_per_second,primary fire,,Minor Update - 08-22-2026,high,"[""HSRC-0003"",""HSRC-0006""]",
victor,weapon_spin_acceleration,movement,spin_acceleration,0.6,,,flat,primary fire,,Minor Update - 08-22-2026,high,"[""HSRC-0003"",""HSRC-0006""]",
victor,weapon_spin_deceleration,weapon,spin_deceleration,1,,,flat,primary fire,,Minor Update - 08-22-2026,high,"[""HSRC-0003"",""HSRC-0006""]",
victor,weapon_sustained_dps,weapon,sustained_dps,44.28,0.95941,,damage_per_second,primary fire,base + boon_level * 0.95941,Minor Update - 08-22-2026,high,"[""HSRC-0003"",""HSRC-0006""]",
victor,boon_growth_power_increases,misc,power_increases,,1,,flat,per boon level,stat contribution = boon_level * 1,Minor Update - 08-22-2026,high,"[""HSRC-0003""]",Kein separat ausgewiesener Basiswert im strukturierten Export.
victor,boon_growth_tech_power,spirit,tech_power,,1.1,,flat,per boon level,stat contribution = boon_level * 1.1,Minor Update - 08-22-2026,high,"[""HSRC-0003""]",Kein separat ausgewiesener Basiswert im strukturierten Export.
victor,base_health_regen_spirit_scaling,health,base_health_regen_spirit_scaling,0.08,,,multiplier,scales with Spirit Power,additional base_health_regen = spirit_power * 0.08,Minor Update - 08-22-2026,high,"[""HSRC-0003""]",Separat vom Basiswert gespeichert.
vindicta,max_health,health,max_health,755,28,,health,base hero state,base + boon_level * 28,Minor Update - 08-22-2026,high,"[""HSRC-0003""]",
vindicta,base_health_regen,health,base_health_regen,2,,,health_per_second,base hero state,,Minor Update - 08-22-2026,high,"[""HSRC-0003""]",
vindicta,max_move_speed,movement,max_move_speed,7.9,,,units_per_second,base hero state,,Minor Update - 08-22-2026,high,"[""HSRC-0003""]",
vindicta,sprint_speed,movement,sprint_speed,1.6,,,units_per_second,base hero state,,Minor Update - 08-22-2026,high,"[""HSRC-0003""]",
vindicta,crouch_speed,movement,crouch_speed,4.75,,,units_per_second,base hero state,,Minor Update - 08-22-2026,high,"[""HSRC-0003""]",
vindicta,move_acceleration,movement,move_acceleration,4,,,units_per_second_squared,base hero state,,Minor Update - 08-22-2026,high,"[""HSRC-0003""]",
vindicta,ground_dash_distance_in_meters,movement,ground_dash_distance_in_meters,10,,,meters,base hero state,,Minor Update - 08-22-2026,high,"[""HSRC-0003""]",
vindicta,ground_dash_duration,movement,ground_dash_duration,0.68,,,seconds,base hero state,,Minor Update - 08-22-2026,high,"[""HSRC-0003""]",
vindicta,ground_dash_speed,movement,ground_dash_speed,14.7,,,units_per_second,base hero state,,Minor Update - 08-22-2026,high,"[""HSRC-0003""]",
vindicta,air_dash_distance_in_meters,movement,air_dash_distance_in_meters,8,,,meters,base hero state,,Minor Update - 08-22-2026,high,"[""HSRC-0003""]",
vindicta,air_dash_duration,movement,air_dash_duration,0.47,,,seconds,base hero state,,Minor Update - 08-22-2026,high,"[""HSRC-0003""]",
vindicta,air_dash_speed,movement,air_dash_speed,17,,,units_per_second,base hero state,,Minor Update - 08-22-2026,high,"[""HSRC-0003""]",
vindicta,stamina,stamina,stamina,2,,,count,base hero state,,Minor Update - 08-22-2026,high,"[""HSRC-0003""]",
vindicta,stamina_cooldown,stamina,stamina_cooldown,4.5000045,,,seconds,base hero state,,Minor Update - 08-22-2026,high,"[""HSRC-0003""]",
vindicta,stamina_regen_per_second,health,stamina_regen_per_second,0.222222,,,count_per_second,base hero state,,Minor Update - 08-22-2026,high,"[""HSRC-0003""]",
vindicta,light_melee_damage,melee,light_melee_damage,50,1.58,,damage,base hero state,base + boon_level * 1.58,Minor Update - 08-22-2026,high,"[""HSRC-0003""]",
vindicta,heavy_melee_damage,melee,heavy_melee_damage,116,3.6656,,damage,base hero state,base + boon_level * 3.6656,Minor Update - 08-22-2026,high,"[""HSRC-0003""]",
vindicta,hero_bullet_lifesteal_effectiveness,weapon,hero_bullet_lifesteal_effectiveness,1,,,multiplier,base hero state,,Minor Update - 08-22-2026,high,"[""HSRC-0003""]",
vindicta,hero_spirit_lifesteal_effectiveness,spirit,hero_spirit_lifesteal_effectiveness,1,,,multiplier,base hero state,,Minor Update - 08-22-2026,high,"[""HSRC-0003""]",
vindicta,crit_damage_bonus_percent,misc,crit_damage_bonus_percent,0,,,percent,base hero state,,Minor Update - 08-22-2026,high,"[""HSRC-0003""]",
vindicta,crit_damage_received_percent,defense,crit_damage_received_percent,0,,,percent,base hero state,,Minor Update - 08-22-2026,high,"[""HSRC-0003""]",
vindicta,weapon_power_scale,misc,weapon_power_scale,1,,,multiplier,base hero state,,Minor Update - 08-22-2026,high,"[""HSRC-0003""]",
vindicta,proc_build_up_rate_scale,misc,proc_build_up_rate_scale,1,,,multiplier,base hero state,,Minor Update - 08-22-2026,high,"[""HSRC-0003""]",
vindicta,tech_range,spirit,tech_range,0,,,percent,base hero state,,Minor Update - 08-22-2026,high,"[""HSRC-0003""]",Tech bezeichnet in den Rohdaten Spirit.
vindicta,tech_duration,spirit,tech_duration,0,,,percent,base hero state,,Minor Update - 08-22-2026,high,"[""HSRC-0003""]",Tech bezeichnet in den Rohdaten Spirit.
vindicta,base_weapon_damage_increase,misc,base_weapon_damage_increase,0,,,percent,base hero state,,Minor Update - 08-22-2026,high,"[""HSRC-0003""]",
vindicta,reload_speed,reload,reload_speed,0,,,percent,base hero state,,Minor Update - 08-22-2026,high,"[""HSRC-0003""]",
vindicta,weapon_ammo_consumed_per_shot,ammo,ammo_consumed_per_shot,1,,,ammo,primary fire,,Minor Update - 08-22-2026,high,"[""HSRC-0003"",""HSRC-0006""]",
vindicta,weapon_bullet_damage,weapon,bullet_damage,12.33,0.495,,damage,primary fire,base + boon_level * 0.495,Minor Update - 08-22-2026,high,"[""HSRC-0003"",""HSRC-0006""]",
vindicta,weapon_bullet_gravity_scale,movement,bullet_gravity_scale,0.8,,,multiplier,primary fire,,Minor Update - 08-22-2026,high,"[""HSRC-0003"",""HSRC-0006""]",
vindicta,weapon_bullet_radius,weapon,bullet_radius,0.0762,,,meters,primary fire,,Minor Update - 08-22-2026,high,"[""HSRC-0003"",""HSRC-0006""]",
vindicta,weapon_bullet_speed,weapon,bullet_speed,660,,,units_per_second,primary fire,,Minor Update - 08-22-2026,high,"[""HSRC-0003"",""HSRC-0006""]",
vindicta,weapon_bullets_per_burst,weapon,bullets_per_burst,1,,,flat,primary fire,,Minor Update - 08-22-2026,high,"[""HSRC-0003"",""HSRC-0006""]",
vindicta,weapon_bullets_per_shot,weapon,bullets_per_shot,1,,,flat,primary fire,,Minor Update - 08-22-2026,high,"[""HSRC-0003"",""HSRC-0006""]",
vindicta,weapon_burst_inter_shot_interval,weapon,burst_inter_shot_interval,0,,,seconds,primary fire,,Minor Update - 08-22-2026,high,"[""HSRC-0003"",""HSRC-0006""]",
vindicta,weapon_can_crit,weapon,can_crit,true,,,flat,primary fire,,Minor Update - 08-22-2026,high,"[""HSRC-0003"",""HSRC-0006""]",
vindicta,weapon_clip_size,ammo,clip_size,19,,,flat,primary fire,,Minor Update - 08-22-2026,high,"[""HSRC-0003"",""HSRC-0006""]",
vindicta,weapon_dps,weapon,dps,53.377,2.1429,,damage_per_second,primary fire,base + boon_level * 2.1429,Minor Update - 08-22-2026,high,"[""HSRC-0003"",""HSRC-0006""]",
vindicta,weapon_falloff_end_range,weapon,falloff_end_range,64,,,meters,primary fire,,Minor Update - 08-22-2026,high,"[""HSRC-0003"",""HSRC-0006""]",
vindicta,weapon_falloff_end_scale,weapon,falloff_end_scale,0.1,,,multiplier,primary fire,,Minor Update - 08-22-2026,high,"[""HSRC-0003"",""HSRC-0006""]",
vindicta,weapon_falloff_start_range,weapon,falloff_start_range,19.99,,,meters,primary fire,,Minor Update - 08-22-2026,high,"[""HSRC-0003"",""HSRC-0006""]",
vindicta,weapon_hit_once_across_all_bullets,weapon,hit_once_across_all_bullets,false,,,flat,primary fire,,Minor Update - 08-22-2026,high,"[""HSRC-0003"",""HSRC-0006""]",
vindicta,weapon_reload_delay,reload,reload_delay,0,,,seconds,primary fire,,Minor Update - 08-22-2026,high,"[""HSRC-0003"",""HSRC-0006""]",
vindicta,weapon_reload_single,reload,reload_single,false,,,flat,primary fire,,Minor Update - 08-22-2026,high,"[""HSRC-0003"",""HSRC-0006""]",
vindicta,weapon_reload_time,reload,reload_time,2.914,,,seconds,primary fire,,Minor Update - 08-22-2026,high,"[""HSRC-0003"",""HSRC-0006""]",
vindicta,weapon_rounds_per_second,weapon,rounds_per_second,4.329,,,flat,primary fire,,Minor Update - 08-22-2026,high,"[""HSRC-0003"",""HSRC-0006""]",
vindicta,weapon_shoot_move_speed,movement,shoot_move_speed,0.75,,,units_per_second,primary fire,,Minor Update - 08-22-2026,high,"[""HSRC-0003"",""HSRC-0006""]",
vindicta,weapon_sustained_dps,weapon,sustained_dps,32.079,1.2878,,damage_per_second,primary fire,base + boon_level * 1.2878,Minor Update - 08-22-2026,high,"[""HSRC-0003"",""HSRC-0006""]",
vindicta,boon_growth_power_increases,misc,power_increases,,1,,flat,per boon level,stat contribution = boon_level * 1,Minor Update - 08-22-2026,high,"[""HSRC-0003""]",Kein separat ausgewiesener Basiswert im strukturierten Export.
vindicta,boon_growth_tech_power,spirit,tech_power,,1.1,,flat,per boon level,stat contribution = boon_level * 1.1,Minor Update - 08-22-2026,high,"[""HSRC-0003""]",Kein separat ausgewiesener Basiswert im strukturierten Export.
vindicta,bullet_damage_spirit_scaling,weapon,bullet_damage_spirit_scaling,0.022,,,multiplier,scales with Spirit Power,additional bullet_damage = spirit_power * 0.022,Minor Update - 08-22-2026,high,"[""HSRC-0003""]",Separat vom Basiswert gespeichert.
vindicta,dps_spirit_scaling,weapon,dps_spirit_scaling,0.095238,,,multiplier,scales with Spirit Power,additional dps = spirit_power * 0.095238,Minor Update - 08-22-2026,high,"[""HSRC-0003""]",Separat vom Basiswert gespeichert.
vindicta,sustained_dps_spirit_scaling,weapon,sustained_dps_spirit_scaling,0.057237,,,multiplier,scales with Spirit Power,additional sustained_dps = spirit_power * 0.057237,Minor Update - 08-22-2026,high,"[""HSRC-0003""]",Separat vom Basiswert gespeichert.
viscous,max_health,health,max_health,780,45,,health,base hero state,base + boon_level * 45,Minor Update - 08-22-2026,high,"[""HSRC-0003""]",
viscous,base_health_regen,health,base_health_regen,2,,,health_per_second,base hero state,,Minor Update - 08-22-2026,high,"[""HSRC-0003""]",
viscous,max_move_speed,movement,max_move_speed,7.2,,,units_per_second,base hero state,,Minor Update - 08-22-2026,high,"[""HSRC-0003""]",
viscous,sprint_speed,movement,sprint_speed,1.6,,,units_per_second,base hero state,,Minor Update - 08-22-2026,high,"[""HSRC-0003""]",
viscous,crouch_speed,movement,crouch_speed,4.75,,,units_per_second,base hero state,,Minor Update - 08-22-2026,high,"[""HSRC-0003""]",
viscous,move_acceleration,movement,move_acceleration,4,,,units_per_second_squared,base hero state,,Minor Update - 08-22-2026,high,"[""HSRC-0003""]",
viscous,ground_dash_distance_in_meters,movement,ground_dash_distance_in_meters,10,,,meters,base hero state,,Minor Update - 08-22-2026,high,"[""HSRC-0003""]",
viscous,ground_dash_duration,movement,ground_dash_duration,0.68,,,seconds,base hero state,,Minor Update - 08-22-2026,high,"[""HSRC-0003""]",
viscous,ground_dash_speed,movement,ground_dash_speed,14.7,,,units_per_second,base hero state,,Minor Update - 08-22-2026,high,"[""HSRC-0003""]",
viscous,air_dash_distance_in_meters,movement,air_dash_distance_in_meters,8,,,meters,base hero state,,Minor Update - 08-22-2026,high,"[""HSRC-0003""]",
viscous,air_dash_duration,movement,air_dash_duration,0.47,,,seconds,base hero state,,Minor Update - 08-22-2026,high,"[""HSRC-0003""]",
viscous,air_dash_speed,movement,air_dash_speed,17,,,units_per_second,base hero state,,Minor Update - 08-22-2026,high,"[""HSRC-0003""]",
viscous,stamina,stamina,stamina,3,,,count,base hero state,,Minor Update - 08-22-2026,high,"[""HSRC-0003""]",
viscous,stamina_cooldown,stamina,stamina_cooldown,4.5000045,,,seconds,base hero state,,Minor Update - 08-22-2026,high,"[""HSRC-0003""]",
viscous,stamina_regen_per_second,health,stamina_regen_per_second,0.222222,,,count_per_second,base hero state,,Minor Update - 08-22-2026,high,"[""HSRC-0003""]",
viscous,light_melee_damage,melee,light_melee_damage,63,1.58,,damage,base hero state,base + boon_level * 1.58,Minor Update - 08-22-2026,high,"[""HSRC-0003""]",
viscous,heavy_melee_damage,melee,heavy_melee_damage,116,2.9092,,damage,base hero state,base + boon_level * 2.9092,Minor Update - 08-22-2026,high,"[""HSRC-0003""]",
viscous,hero_bullet_lifesteal_effectiveness,weapon,hero_bullet_lifesteal_effectiveness,1,,,multiplier,base hero state,,Minor Update - 08-22-2026,high,"[""HSRC-0003""]",
viscous,hero_spirit_lifesteal_effectiveness,spirit,hero_spirit_lifesteal_effectiveness,1,,,multiplier,base hero state,,Minor Update - 08-22-2026,high,"[""HSRC-0003""]",
viscous,crit_damage_bonus_percent,misc,crit_damage_bonus_percent,0,,,percent,base hero state,,Minor Update - 08-22-2026,high,"[""HSRC-0003""]",
viscous,crit_damage_received_percent,defense,crit_damage_received_percent,0,,,percent,base hero state,,Minor Update - 08-22-2026,high,"[""HSRC-0003""]",
viscous,weapon_power_scale,misc,weapon_power_scale,1,,,multiplier,base hero state,,Minor Update - 08-22-2026,high,"[""HSRC-0003""]",
viscous,proc_build_up_rate_scale,misc,proc_build_up_rate_scale,1,,,multiplier,base hero state,,Minor Update - 08-22-2026,high,"[""HSRC-0003""]",
viscous,tech_range,spirit,tech_range,0,,,percent,base hero state,,Minor Update - 08-22-2026,high,"[""HSRC-0003""]",Tech bezeichnet in den Rohdaten Spirit.
viscous,tech_duration,spirit,tech_duration,0,,,percent,base hero state,,Minor Update - 08-22-2026,high,"[""HSRC-0003""]",Tech bezeichnet in den Rohdaten Spirit.
viscous,base_weapon_damage_increase,misc,base_weapon_damage_increase,0,,,percent,base hero state,,Minor Update - 08-22-2026,high,"[""HSRC-0003""]",
viscous,reload_speed,reload,reload_speed,0,,,percent,base hero state,,Minor Update - 08-22-2026,high,"[""HSRC-0003""]",
viscous,weapon_ammo_consumed_per_shot,ammo,ammo_consumed_per_shot,1,,,ammo,primary fire,,Minor Update - 08-22-2026,high,"[""HSRC-0003"",""HSRC-0006""]",
viscous,weapon_bullet_damage,weapon,bullet_damage,10.34,0.36,,damage,primary fire,base + boon_level * 0.36,Minor Update - 08-22-2026,high,"[""HSRC-0003"",""HSRC-0006""]",
viscous,weapon_bullet_gravity_scale,movement,bullet_gravity_scale,0,,,multiplier,primary fire,,Minor Update - 08-22-2026,high,"[""HSRC-0003"",""HSRC-0006""]",
viscous,weapon_bullet_radius,weapon,bullet_radius,0.2032,,,meters,primary fire,,Minor Update - 08-22-2026,high,"[""HSRC-0003"",""HSRC-0006""]",
viscous,weapon_bullet_speed,weapon,bullet_speed,254,,,units_per_second,primary fire,,Minor Update - 08-22-2026,high,"[""HSRC-0003"",""HSRC-0006""]",
viscous,weapon_bullets_per_burst,weapon,bullets_per_burst,1,,,flat,primary fire,,Minor Update - 08-22-2026,high,"[""HSRC-0003"",""HSRC-0006""]",
viscous,weapon_bullets_per_shot,weapon,bullets_per_shot,1,,,flat,primary fire,,Minor Update - 08-22-2026,high,"[""HSRC-0003"",""HSRC-0006""]",
viscous,weapon_burst_inter_shot_interval,weapon,burst_inter_shot_interval,0,,,seconds,primary fire,,Minor Update - 08-22-2026,high,"[""HSRC-0003"",""HSRC-0006""]",
viscous,weapon_can_crit,weapon,can_crit,true,,,flat,primary fire,,Minor Update - 08-22-2026,high,"[""HSRC-0003"",""HSRC-0006""]",
viscous,weapon_clip_size,ammo,clip_size,20,,,flat,primary fire,,Minor Update - 08-22-2026,high,"[""HSRC-0003"",""HSRC-0006""]",
viscous,weapon_dps,weapon,dps,49.238,1.7143,,damage_per_second,primary fire,base + boon_level * 1.7143,Minor Update - 08-22-2026,high,"[""HSRC-0003"",""HSRC-0006""]",
viscous,weapon_explosion_damage_scale_at_max_radius,weapon,explosion_damage_scale_at_max_radius,0.3,,,meters,primary fire,,Minor Update - 08-22-2026,high,"[""HSRC-0003"",""HSRC-0006""]",
viscous,weapon_falloff_end_range,weapon,falloff_end_range,57.51,,,meters,primary fire,,Minor Update - 08-22-2026,high,"[""HSRC-0003"",""HSRC-0006""]",
viscous,weapon_falloff_end_scale,weapon,falloff_end_scale,0.1,,,multiplier,primary fire,,Minor Update - 08-22-2026,high,"[""HSRC-0003"",""HSRC-0006""]",
viscous,weapon_falloff_start_range,weapon,falloff_start_range,19.99,,,meters,primary fire,,Minor Update - 08-22-2026,high,"[""HSRC-0003"",""HSRC-0006""]",
viscous,weapon_hit_once_across_all_bullets,weapon,hit_once_across_all_bullets,false,,,flat,primary fire,,Minor Update - 08-22-2026,high,"[""HSRC-0003"",""HSRC-0006""]",
viscous,weapon_reload_delay,reload,reload_delay,0,,,seconds,primary fire,,Minor Update - 08-22-2026,high,"[""HSRC-0003"",""HSRC-0006""]",
viscous,weapon_reload_single,reload,reload_single,false,,,flat,primary fire,,Minor Update - 08-22-2026,high,"[""HSRC-0003"",""HSRC-0006""]",
viscous,weapon_reload_time,reload,reload_time,2.5,,,seconds,primary fire,,Minor Update - 08-22-2026,high,"[""HSRC-0003"",""HSRC-0006""]",
viscous,weapon_rounds_per_second,weapon,rounds_per_second,4.7619,,,flat,primary fire,,Minor Update - 08-22-2026,high,"[""HSRC-0003"",""HSRC-0006""]",
viscous,weapon_shoot_move_speed,movement,shoot_move_speed,0.75,,,units_per_second,primary fire,,Minor Update - 08-22-2026,high,"[""HSRC-0003"",""HSRC-0006""]",
viscous,weapon_sustained_dps,weapon,sustained_dps,30.866,1.0746,,damage_per_second,primary fire,base + boon_level * 1.0746,Minor Update - 08-22-2026,high,"[""HSRC-0003"",""HSRC-0006""]",
viscous,alt_fire_bullet_speed,weapon,bullet_speed,38.1,,,units_per_second,alternate fire,,Minor Update - 08-22-2026,high,"[""HSRC-0003""]",
viscous,alt_fire_bullet_damage,weapon,bullet_damage,42,,,damage,alternate fire,,Minor Update - 08-22-2026,high,"[""HSRC-0003""]",
viscous,alt_fire_rounds_per_second,weapon,rounds_per_second,0.79365,,,flat,alternate fire,,Minor Update - 08-22-2026,high,"[""HSRC-0003""]",
viscous,alt_fire_clip_size,ammo,clip_size,10,,,flat,alternate fire,,Minor Update - 08-22-2026,high,"[""HSRC-0003""]",
viscous,alt_fire_reload_time,reload,reload_time,2.1,,,seconds,alternate fire,,Minor Update - 08-22-2026,high,"[""HSRC-0003""]",
viscous,alt_fire_reload_movespeed,movement,reload_movespeed,1,,,units_per_second,alternate fire,,Minor Update - 08-22-2026,high,"[""HSRC-0003""]",
viscous,alt_fire_reload_delay,reload,reload_delay,0,,,seconds,alternate fire,,Minor Update - 08-22-2026,high,"[""HSRC-0003""]",
viscous,alt_fire_reload_single,reload,reload_single,false,,,flat,alternate fire,,Minor Update - 08-22-2026,high,"[""HSRC-0003""]",
viscous,alt_fire_falloff_start_range,weapon,falloff_start_range,19.99,,,meters,alternate fire,,Minor Update - 08-22-2026,high,"[""HSRC-0003""]",
viscous,alt_fire_falloff_end_range,weapon,falloff_end_range,57.51,,,meters,alternate fire,,Minor Update - 08-22-2026,high,"[""HSRC-0003""]",
viscous,alt_fire_falloff_start_scale,weapon,falloff_start_scale,1,,,multiplier,alternate fire,,Minor Update - 08-22-2026,high,"[""HSRC-0003""]",
viscous,alt_fire_falloff_end_scale,weapon,falloff_end_scale,0.1,,,multiplier,alternate fire,,Minor Update - 08-22-2026,high,"[""HSRC-0003""]",
viscous,alt_fire_falloff_bias,weapon,falloff_bias,0.5,,,flat,alternate fire,,Minor Update - 08-22-2026,high,"[""HSRC-0003""]",
viscous,alt_fire_bullet_gravity_scale,movement,bullet_gravity_scale,0.2,,,multiplier,alternate fire,,Minor Update - 08-22-2026,high,"[""HSRC-0003""]",
viscous,alt_fire_bullet_radius,weapon,bullet_radius,0.508,,,meters,alternate fire,,Minor Update - 08-22-2026,high,"[""HSRC-0003""]",
viscous,alt_fire_bullets_per_shot,weapon,bullets_per_shot,1,,,flat,alternate fire,,Minor Update - 08-22-2026,high,"[""HSRC-0003""]",
viscous,alt_fire_bullets_per_burst,weapon,bullets_per_burst,1,,,flat,alternate fire,,Minor Update - 08-22-2026,high,"[""HSRC-0003""]",
viscous,alt_fire_burst_inter_shot_interval,weapon,burst_inter_shot_interval,0,,,seconds,alternate fire,,Minor Update - 08-22-2026,high,"[""HSRC-0003""]",
viscous,alt_fire_shoot_move_speed,movement,shoot_move_speed,0.75,,,units_per_second,alternate fire,,Minor Update - 08-22-2026,high,"[""HSRC-0003""]",
viscous,alt_fire_hit_once_across_all_bullets,weapon,hit_once_across_all_bullets,false,,,flat,alternate fire,,Minor Update - 08-22-2026,high,"[""HSRC-0003""]",
viscous,alt_fire_can_crit,weapon,can_crit,false,,,flat,alternate fire,,Minor Update - 08-22-2026,high,"[""HSRC-0003""]",
viscous,alt_fire_ammo_consumed_per_shot,ammo,ammo_consumed_per_shot,5,,,ammo,alternate fire,,Minor Update - 08-22-2026,high,"[""HSRC-0003""]",
viscous,alt_fire_explosion_radius,weapon,explosion_radius,3.556,,,meters,alternate fire,,Minor Update - 08-22-2026,high,"[""HSRC-0003""]",
viscous,alt_fire_explosion_damage_scale_at_max_radius,weapon,explosion_damage_scale_at_max_radius,0.5,,,meters,alternate fire,,Minor Update - 08-22-2026,high,"[""HSRC-0003""]",
viscous,alt_fire_dps,weapon,dps,33.333,,,damage_per_second,alternate fire,,Minor Update - 08-22-2026,high,"[""HSRC-0003""]",
viscous,alt_fire_sustained_dps,weapon,sustained_dps,28.571,,,damage_per_second,alternate fire,,Minor Update - 08-22-2026,high,"[""HSRC-0003""]",
viscous,boon_growth_bullet_damage_alt_fire,weapon,bullet_damage_alt_fire,,1.6,,damage,per boon level,stat contribution = boon_level * 1.6,Minor Update - 08-22-2026,high,"[""HSRC-0003""]",Kein separat ausgewiesener Basiswert im strukturierten Export.
viscous,boon_growth_power_increases,misc,power_increases,,1,,flat,per boon level,stat contribution = boon_level * 1,Minor Update - 08-22-2026,high,"[""HSRC-0003""]",Kein separat ausgewiesener Basiswert im strukturierten Export.
viscous,boon_growth_tech_power,spirit,tech_power,,1.3,,flat,per boon level,stat contribution = boon_level * 1.3,Minor Update - 08-22-2026,high,"[""HSRC-0003""]",Kein separat ausgewiesener Basiswert im strukturierten Export.
vyper,max_health,health,max_health,780,35,,health,base hero state,base + boon_level * 35,Minor Update - 08-22-2026,high,"[""HSRC-0003""]",
vyper,base_health_regen,health,base_health_regen,2,,,health_per_second,base hero state,,Minor Update - 08-22-2026,high,"[""HSRC-0003""]",
vyper,max_move_speed,movement,max_move_speed,6.9,,,units_per_second,base hero state,,Minor Update - 08-22-2026,high,"[""HSRC-0003""]",
vyper,sprint_speed,movement,sprint_speed,1.6,,,units_per_second,base hero state,,Minor Update - 08-22-2026,high,"[""HSRC-0003""]",
vyper,crouch_speed,movement,crouch_speed,4.75,,,units_per_second,base hero state,,Minor Update - 08-22-2026,high,"[""HSRC-0003""]",
vyper,move_acceleration,movement,move_acceleration,4,,,units_per_second_squared,base hero state,,Minor Update - 08-22-2026,high,"[""HSRC-0003""]",
vyper,ground_dash_distance_in_meters,movement,ground_dash_distance_in_meters,10,,,meters,base hero state,,Minor Update - 08-22-2026,high,"[""HSRC-0003""]",
vyper,ground_dash_duration,movement,ground_dash_duration,0.68,,,seconds,base hero state,,Minor Update - 08-22-2026,high,"[""HSRC-0003""]",
vyper,ground_dash_speed,movement,ground_dash_speed,14.7,,,units_per_second,base hero state,,Minor Update - 08-22-2026,high,"[""HSRC-0003""]",
vyper,air_dash_distance_in_meters,movement,air_dash_distance_in_meters,8,,,meters,base hero state,,Minor Update - 08-22-2026,high,"[""HSRC-0003""]",
vyper,air_dash_duration,movement,air_dash_duration,0.47,,,seconds,base hero state,,Minor Update - 08-22-2026,high,"[""HSRC-0003""]",
vyper,air_dash_speed,movement,air_dash_speed,17,,,units_per_second,base hero state,,Minor Update - 08-22-2026,high,"[""HSRC-0003""]",
vyper,stamina,stamina,stamina,4,,,count,base hero state,,Minor Update - 08-22-2026,high,"[""HSRC-0003""]",
vyper,stamina_cooldown,stamina,stamina_cooldown,4.5000045,,,seconds,base hero state,,Minor Update - 08-22-2026,high,"[""HSRC-0003""]",
vyper,stamina_regen_per_second,health,stamina_regen_per_second,0.222222,,,count_per_second,base hero state,,Minor Update - 08-22-2026,high,"[""HSRC-0003""]",
vyper,light_melee_damage,melee,light_melee_damage,50,1.58,,damage,base hero state,base + boon_level * 1.58,Minor Update - 08-22-2026,high,"[""HSRC-0003""]",
vyper,heavy_melee_damage,melee,heavy_melee_damage,116,3.6656,,damage,base hero state,base + boon_level * 3.6656,Minor Update - 08-22-2026,high,"[""HSRC-0003""]",
vyper,hero_bullet_lifesteal_effectiveness,weapon,hero_bullet_lifesteal_effectiveness,1,,,multiplier,base hero state,,Minor Update - 08-22-2026,high,"[""HSRC-0003""]",
vyper,hero_spirit_lifesteal_effectiveness,spirit,hero_spirit_lifesteal_effectiveness,1,,,multiplier,base hero state,,Minor Update - 08-22-2026,high,"[""HSRC-0003""]",
vyper,crit_damage_bonus_percent,misc,crit_damage_bonus_percent,-30,,,percent,base hero state,,Minor Update - 08-22-2026,high,"[""HSRC-0003""]",
vyper,crit_damage_received_percent,defense,crit_damage_received_percent,0,,,percent,base hero state,,Minor Update - 08-22-2026,high,"[""HSRC-0003""]",
vyper,weapon_power_scale,misc,weapon_power_scale,1,,,multiplier,base hero state,,Minor Update - 08-22-2026,high,"[""HSRC-0003""]",
vyper,proc_build_up_rate_scale,misc,proc_build_up_rate_scale,1,,,multiplier,base hero state,,Minor Update - 08-22-2026,high,"[""HSRC-0003""]",
vyper,tech_range,spirit,tech_range,0,,,percent,base hero state,,Minor Update - 08-22-2026,high,"[""HSRC-0003""]",Tech bezeichnet in den Rohdaten Spirit.
vyper,tech_duration,spirit,tech_duration,0,,,percent,base hero state,,Minor Update - 08-22-2026,high,"[""HSRC-0003""]",Tech bezeichnet in den Rohdaten Spirit.
vyper,base_weapon_damage_increase,misc,base_weapon_damage_increase,0,,,percent,base hero state,,Minor Update - 08-22-2026,high,"[""HSRC-0003""]",
vyper,reload_speed,reload,reload_speed,0,,,percent,base hero state,,Minor Update - 08-22-2026,high,"[""HSRC-0003""]",
vyper,weapon_ammo_consumed_per_shot,ammo,ammo_consumed_per_shot,1,,,ammo,primary fire,,Minor Update - 08-22-2026,high,"[""HSRC-0003"",""HSRC-0006""]",
vyper,weapon_bullet_damage,weapon,bullet_damage,6.58,0.178,,damage,primary fire,base + boon_level * 0.178,Minor Update - 08-22-2026,high,"[""HSRC-0003"",""HSRC-0006""]",
vyper,weapon_bullet_gravity_scale,movement,bullet_gravity_scale,0,,,multiplier,primary fire,,Minor Update - 08-22-2026,high,"[""HSRC-0003"",""HSRC-0006""]",
vyper,weapon_bullet_radius,weapon,bullet_radius,0.127,,,meters,primary fire,,Minor Update - 08-22-2026,high,"[""HSRC-0003"",""HSRC-0006""]",
vyper,weapon_bullet_speed,weapon,bullet_speed,411.5,,,units_per_second,primary fire,,Minor Update - 08-22-2026,high,"[""HSRC-0003"",""HSRC-0006""]",
vyper,weapon_bullets_per_burst,weapon,bullets_per_burst,1,,,flat,primary fire,,Minor Update - 08-22-2026,high,"[""HSRC-0003"",""HSRC-0006""]",
vyper,weapon_bullets_per_shot,weapon,bullets_per_shot,1,,,flat,primary fire,,Minor Update - 08-22-2026,high,"[""HSRC-0003"",""HSRC-0006""]",
vyper,weapon_burst_inter_shot_interval,weapon,burst_inter_shot_interval,0,,,seconds,primary fire,,Minor Update - 08-22-2026,high,"[""HSRC-0003"",""HSRC-0006""]",
vyper,weapon_can_crit,weapon,can_crit,true,,,flat,primary fire,,Minor Update - 08-22-2026,high,"[""HSRC-0003"",""HSRC-0006""]",
vyper,weapon_clip_size,ammo,clip_size,24,,,flat,primary fire,,Minor Update - 08-22-2026,high,"[""HSRC-0003"",""HSRC-0006""]",
vyper,weapon_dps,weapon,dps,94.002,2.5429,,damage_per_second,primary fire,base + boon_level * 2.5429,Minor Update - 08-22-2026,high,"[""HSRC-0003"",""HSRC-0006""]",
vyper,weapon_falloff_end_range,weapon,falloff_end_range,33.02,,,meters,primary fire,,Minor Update - 08-22-2026,high,"[""HSRC-0003"",""HSRC-0006""]",
vyper,weapon_falloff_end_scale,weapon,falloff_end_scale,0.1,,,multiplier,primary fire,,Minor Update - 08-22-2026,high,"[""HSRC-0003"",""HSRC-0006""]",
vyper,weapon_falloff_start_range,weapon,falloff_start_range,14.99,,,meters,primary fire,,Minor Update - 08-22-2026,high,"[""HSRC-0003"",""HSRC-0006""]",
vyper,weapon_hit_once_across_all_bullets,weapon,hit_once_across_all_bullets,false,,,flat,primary fire,,Minor Update - 08-22-2026,high,"[""HSRC-0003"",""HSRC-0006""]",
vyper,weapon_reload_delay,reload,reload_delay,0,,,seconds,primary fire,,Minor Update - 08-22-2026,high,"[""HSRC-0003"",""HSRC-0006""]",
vyper,weapon_reload_single,reload,reload_single,false,,,flat,primary fire,,Minor Update - 08-22-2026,high,"[""HSRC-0003"",""HSRC-0006""]",
vyper,weapon_reload_time,reload,reload_time,1.6,,,seconds,primary fire,,Minor Update - 08-22-2026,high,"[""HSRC-0003"",""HSRC-0006""]",
vyper,weapon_rounds_per_second,weapon,rounds_per_second,14.286,,,flat,primary fire,,Minor Update - 08-22-2026,high,"[""HSRC-0003"",""HSRC-0006""]",
vyper,weapon_shoot_move_speed,movement,shoot_move_speed,0.75,,,units_per_second,primary fire,,Minor Update - 08-22-2026,high,"[""HSRC-0003"",""HSRC-0006""]",
vyper,weapon_sustained_dps,weapon,sustained_dps,48.147,1.3025,,damage_per_second,primary fire,base + boon_level * 1.3025,Minor Update - 08-22-2026,high,"[""HSRC-0003"",""HSRC-0006""]",
vyper,boon_growth_power_increases,misc,power_increases,,1,,flat,per boon level,stat contribution = boon_level * 1,Minor Update - 08-22-2026,high,"[""HSRC-0003""]",Kein separat ausgewiesener Basiswert im strukturierten Export.
vyper,boon_growth_tech_power,spirit,tech_power,,1.1,,flat,per boon level,stat contribution = boon_level * 1.1,Minor Update - 08-22-2026,high,"[""HSRC-0003""]",Kein separat ausgewiesener Basiswert im strukturierten Export.
vyper,max_move_speed_spirit_scaling,movement,max_move_speed_spirit_scaling,0.0138,,,multiplier,scales with Spirit Power,additional max_move_speed = spirit_power * 0.0138,Minor Update - 08-22-2026,high,"[""HSRC-0003""]",Separat vom Basiswert gespeichert.
warden,max_health,health,max_health,805,60,,health,base hero state,base + boon_level * 60,Minor Update - 08-22-2026,high,"[""HSRC-0003""]",
warden,base_health_regen,health,base_health_regen,2,,,health_per_second,base hero state,,Minor Update - 08-22-2026,high,"[""HSRC-0003""]",
warden,max_move_speed,movement,max_move_speed,6.3,,,units_per_second,base hero state,,Minor Update - 08-22-2026,high,"[""HSRC-0003""]",
warden,sprint_speed,movement,sprint_speed,1.6,,,units_per_second,base hero state,,Minor Update - 08-22-2026,high,"[""HSRC-0003""]",
warden,crouch_speed,movement,crouch_speed,4.75,,,units_per_second,base hero state,,Minor Update - 08-22-2026,high,"[""HSRC-0003""]",
warden,move_acceleration,movement,move_acceleration,4,,,units_per_second_squared,base hero state,,Minor Update - 08-22-2026,high,"[""HSRC-0003""]",
warden,ground_dash_distance_in_meters,movement,ground_dash_distance_in_meters,10,,,meters,base hero state,,Minor Update - 08-22-2026,high,"[""HSRC-0003""]",
warden,ground_dash_duration,movement,ground_dash_duration,0.68,,,seconds,base hero state,,Minor Update - 08-22-2026,high,"[""HSRC-0003""]",
warden,ground_dash_speed,movement,ground_dash_speed,14.7,,,units_per_second,base hero state,,Minor Update - 08-22-2026,high,"[""HSRC-0003""]",
warden,air_dash_distance_in_meters,movement,air_dash_distance_in_meters,8,,,meters,base hero state,,Minor Update - 08-22-2026,high,"[""HSRC-0003""]",
warden,air_dash_duration,movement,air_dash_duration,0.47,,,seconds,base hero state,,Minor Update - 08-22-2026,high,"[""HSRC-0003""]",
warden,air_dash_speed,movement,air_dash_speed,17,,,units_per_second,base hero state,,Minor Update - 08-22-2026,high,"[""HSRC-0003""]",
warden,stamina,stamina,stamina,3,,,count,base hero state,,Minor Update - 08-22-2026,high,"[""HSRC-0003""]",
warden,stamina_cooldown,stamina,stamina_cooldown,4.5000045,,,seconds,base hero state,,Minor Update - 08-22-2026,high,"[""HSRC-0003""]",
warden,stamina_regen_per_second,health,stamina_regen_per_second,0.222222,,,count_per_second,base hero state,,Minor Update - 08-22-2026,high,"[""HSRC-0003""]",
warden,light_melee_damage,melee,light_melee_damage,50,1.58,,damage,base hero state,base + boon_level * 1.58,Minor Update - 08-22-2026,high,"[""HSRC-0003""]",
warden,heavy_melee_damage,melee,heavy_melee_damage,116,3.6656,,damage,base hero state,base + boon_level * 3.6656,Minor Update - 08-22-2026,high,"[""HSRC-0003""]",
warden,hero_bullet_lifesteal_effectiveness,weapon,hero_bullet_lifesteal_effectiveness,1,,,multiplier,base hero state,,Minor Update - 08-22-2026,high,"[""HSRC-0003""]",
warden,hero_spirit_lifesteal_effectiveness,spirit,hero_spirit_lifesteal_effectiveness,1,,,multiplier,base hero state,,Minor Update - 08-22-2026,high,"[""HSRC-0003""]",
warden,crit_damage_bonus_percent,misc,crit_damage_bonus_percent,0,,,percent,base hero state,,Minor Update - 08-22-2026,high,"[""HSRC-0003""]",
warden,crit_damage_received_percent,defense,crit_damage_received_percent,0,,,percent,base hero state,,Minor Update - 08-22-2026,high,"[""HSRC-0003""]",
warden,weapon_power_scale,misc,weapon_power_scale,1,,,multiplier,base hero state,,Minor Update - 08-22-2026,high,"[""HSRC-0003""]",
warden,proc_build_up_rate_scale,misc,proc_build_up_rate_scale,1,,,multiplier,base hero state,,Minor Update - 08-22-2026,high,"[""HSRC-0003""]",
warden,tech_range,spirit,tech_range,0,,,percent,base hero state,,Minor Update - 08-22-2026,high,"[""HSRC-0003""]",Tech bezeichnet in den Rohdaten Spirit.
warden,tech_duration,spirit,tech_duration,0,,,percent,base hero state,,Minor Update - 08-22-2026,high,"[""HSRC-0003""]",Tech bezeichnet in den Rohdaten Spirit.
warden,base_weapon_damage_increase,misc,base_weapon_damage_increase,0,,,percent,base hero state,,Minor Update - 08-22-2026,high,"[""HSRC-0003""]",
warden,reload_speed,reload,reload_speed,0,,,percent,base hero state,,Minor Update - 08-22-2026,high,"[""HSRC-0003""]",
warden,weapon_ammo_consumed_per_shot,ammo,ammo_consumed_per_shot,1,,,ammo,primary fire,,Minor Update - 08-22-2026,high,"[""HSRC-0003"",""HSRC-0006""]",
warden,weapon_bullet_damage,weapon,bullet_damage,17.34,0.28,,damage,primary fire,base + boon_level * 0.28,Minor Update - 08-22-2026,high,"[""HSRC-0003"",""HSRC-0006""]",
warden,weapon_bullet_gravity_scale,movement,bullet_gravity_scale,0.25,,,multiplier,primary fire,,Minor Update - 08-22-2026,high,"[""HSRC-0003"",""HSRC-0006""]",
warden,weapon_bullet_radius,weapon,bullet_radius,0.127,,,meters,primary fire,,Minor Update - 08-22-2026,high,"[""HSRC-0003"",""HSRC-0006""]",
warden,weapon_bullet_speed,weapon,bullet_speed,290,,,units_per_second,primary fire,,Minor Update - 08-22-2026,high,"[""HSRC-0003"",""HSRC-0006""]",
warden,weapon_bullets_per_burst,weapon,bullets_per_burst,1,,,flat,primary fire,,Minor Update - 08-22-2026,high,"[""HSRC-0003"",""HSRC-0006""]",
warden,weapon_bullets_per_shot,weapon,bullets_per_shot,1,,,flat,primary fire,,Minor Update - 08-22-2026,high,"[""HSRC-0003"",""HSRC-0006""]",
warden,weapon_burst_inter_shot_interval,weapon,burst_inter_shot_interval,0,,,seconds,primary fire,,Minor Update - 08-22-2026,high,"[""HSRC-0003"",""HSRC-0006""]",
warden,weapon_can_crit,weapon,can_crit,true,,,flat,primary fire,,Minor Update - 08-22-2026,high,"[""HSRC-0003"",""HSRC-0006""]",
warden,weapon_clip_size,ammo,clip_size,17,,,flat,primary fire,,Minor Update - 08-22-2026,high,"[""HSRC-0003"",""HSRC-0006""]",
warden,weapon_dps,weapon,dps,66.057,1.0667,,damage_per_second,primary fire,base + boon_level * 1.0667,Minor Update - 08-22-2026,high,"[""HSRC-0003"",""HSRC-0006""]",
warden,weapon_falloff_end_range,weapon,falloff_end_range,47,,,meters,primary fire,,Minor Update - 08-22-2026,high,"[""HSRC-0003"",""HSRC-0006""]",
warden,weapon_falloff_end_scale,weapon,falloff_end_scale,0.1,,,multiplier,primary fire,,Minor Update - 08-22-2026,high,"[""HSRC-0003"",""HSRC-0006""]",
warden,weapon_falloff_start_range,weapon,falloff_start_range,18,,,meters,primary fire,,Minor Update - 08-22-2026,high,"[""HSRC-0003"",""HSRC-0006""]",
warden,weapon_hit_once_across_all_bullets,weapon,hit_once_across_all_bullets,false,,,flat,primary fire,,Minor Update - 08-22-2026,high,"[""HSRC-0003"",""HSRC-0006""]",
warden,weapon_reload_delay,reload,reload_delay,0,,,seconds,primary fire,,Minor Update - 08-22-2026,high,"[""HSRC-0003"",""HSRC-0006""]",
warden,weapon_reload_single,reload,reload_single,false,,,flat,primary fire,,Minor Update - 08-22-2026,high,"[""HSRC-0003"",""HSRC-0006""]",
warden,weapon_reload_time,reload,reload_time,2.914,,,seconds,primary fire,,Minor Update - 08-22-2026,high,"[""HSRC-0003"",""HSRC-0006""]",
warden,weapon_rounds_per_second,weapon,rounds_per_second,3.8095,,,flat,primary fire,,Minor Update - 08-22-2026,high,"[""HSRC-0003"",""HSRC-0006""]",
warden,weapon_shoot_move_speed,movement,shoot_move_speed,0.75,,,units_per_second,primary fire,,Minor Update - 08-22-2026,high,"[""HSRC-0003"",""HSRC-0006""]",
warden,weapon_sustained_dps,weapon,sustained_dps,39.962,0.64529,,damage_per_second,primary fire,base + boon_level * 0.64529,Minor Update - 08-22-2026,high,"[""HSRC-0003"",""HSRC-0006""]",
warden,boon_growth_power_increases,misc,power_increases,,1,,flat,per boon level,stat contribution = boon_level * 1,Minor Update - 08-22-2026,high,"[""HSRC-0003""]",Kein separat ausgewiesener Basiswert im strukturierten Export.
warden,boon_growth_tech_power,spirit,tech_power,,1.1,,flat,per boon level,stat contribution = boon_level * 1.1,Minor Update - 08-22-2026,high,"[""HSRC-0003""]",Kein separat ausgewiesener Basiswert im strukturierten Export.
warden,rounds_per_second_spirit_scaling,weapon,rounds_per_second_spirit_scaling,0.01,,,multiplier,scales with Spirit Power,additional rounds_per_second = spirit_power * 0.01,Minor Update - 08-22-2026,high,"[""HSRC-0003""]",Separat vom Basiswert gespeichert.
warden,fire_rate_spirit_scaling,weapon,fire_rate_spirit_scaling,0.25,,,multiplier,scales with Spirit Power,additional fire_rate = spirit_power * 0.25,Minor Update - 08-22-2026,high,"[""HSRC-0003""]",Separat vom Basiswert gespeichert.
warden,dps_spirit_scaling,weapon,dps_spirit_scaling,0.1734,,,multiplier,scales with Spirit Power,additional dps = spirit_power * 0.1734,Minor Update - 08-22-2026,high,"[""HSRC-0003""]",Separat vom Basiswert gespeichert.
warden,sustained_dps_spirit_scaling,weapon,sustained_dps_spirit_scaling,0.063395,,,multiplier,scales with Spirit Power,additional sustained_dps = spirit_power * 0.063395,Minor Update - 08-22-2026,high,"[""HSRC-0003""]",Separat vom Basiswert gespeichert.
wraith,max_health,health,max_health,730,35,,health,base hero state,base + boon_level * 35,Minor Update - 08-22-2026,high,"[""HSRC-0003""]",
wraith,base_health_regen,health,base_health_regen,2,,,health_per_second,base hero state,,Minor Update - 08-22-2026,high,"[""HSRC-0003""]",
wraith,max_move_speed,movement,max_move_speed,7.2,,,units_per_second,base hero state,,Minor Update - 08-22-2026,high,"[""HSRC-0003""]",
wraith,sprint_speed,movement,sprint_speed,1.6,,,units_per_second,base hero state,,Minor Update - 08-22-2026,high,"[""HSRC-0003""]",
wraith,crouch_speed,movement,crouch_speed,4.75,,,units_per_second,base hero state,,Minor Update - 08-22-2026,high,"[""HSRC-0003""]",
wraith,move_acceleration,movement,move_acceleration,4,,,units_per_second_squared,base hero state,,Minor Update - 08-22-2026,high,"[""HSRC-0003""]",
wraith,ground_dash_distance_in_meters,movement,ground_dash_distance_in_meters,10,,,meters,base hero state,,Minor Update - 08-22-2026,high,"[""HSRC-0003""]",
wraith,ground_dash_duration,movement,ground_dash_duration,0.68,,,seconds,base hero state,,Minor Update - 08-22-2026,high,"[""HSRC-0003""]",
wraith,ground_dash_speed,movement,ground_dash_speed,14.7,,,units_per_second,base hero state,,Minor Update - 08-22-2026,high,"[""HSRC-0003""]",
wraith,air_dash_distance_in_meters,movement,air_dash_distance_in_meters,8,,,meters,base hero state,,Minor Update - 08-22-2026,high,"[""HSRC-0003""]",
wraith,air_dash_duration,movement,air_dash_duration,0.47,,,seconds,base hero state,,Minor Update - 08-22-2026,high,"[""HSRC-0003""]",
wraith,air_dash_speed,movement,air_dash_speed,17,,,units_per_second,base hero state,,Minor Update - 08-22-2026,high,"[""HSRC-0003""]",
wraith,stamina,stamina,stamina,3,,,count,base hero state,,Minor Update - 08-22-2026,high,"[""HSRC-0003""]",
wraith,stamina_cooldown,stamina,stamina_cooldown,4.5000045,,,seconds,base hero state,,Minor Update - 08-22-2026,high,"[""HSRC-0003""]",
wraith,stamina_regen_per_second,health,stamina_regen_per_second,0.222222,,,count_per_second,base hero state,,Minor Update - 08-22-2026,high,"[""HSRC-0003""]",
wraith,light_melee_damage,melee,light_melee_damage,50,1.58,,damage,base hero state,base + boon_level * 1.58,Minor Update - 08-22-2026,high,"[""HSRC-0003""]",
wraith,heavy_melee_damage,melee,heavy_melee_damage,116,3.6656,,damage,base hero state,base + boon_level * 3.6656,Minor Update - 08-22-2026,high,"[""HSRC-0003""]",
wraith,hero_bullet_lifesteal_effectiveness,weapon,hero_bullet_lifesteal_effectiveness,1,,,multiplier,base hero state,,Minor Update - 08-22-2026,high,"[""HSRC-0003""]",
wraith,hero_spirit_lifesteal_effectiveness,spirit,hero_spirit_lifesteal_effectiveness,1,,,multiplier,base hero state,,Minor Update - 08-22-2026,high,"[""HSRC-0003""]",
wraith,crit_damage_bonus_percent,misc,crit_damage_bonus_percent,0,,,percent,base hero state,,Minor Update - 08-22-2026,high,"[""HSRC-0003""]",
wraith,crit_damage_received_percent,defense,crit_damage_received_percent,0,,,percent,base hero state,,Minor Update - 08-22-2026,high,"[""HSRC-0003""]",
wraith,weapon_power_scale,misc,weapon_power_scale,1,,,multiplier,base hero state,,Minor Update - 08-22-2026,high,"[""HSRC-0003""]",
wraith,proc_build_up_rate_scale,misc,proc_build_up_rate_scale,1,,,multiplier,base hero state,,Minor Update - 08-22-2026,high,"[""HSRC-0003""]",
wraith,tech_range,spirit,tech_range,0,,,percent,base hero state,,Minor Update - 08-22-2026,high,"[""HSRC-0003""]",Tech bezeichnet in den Rohdaten Spirit.
wraith,tech_duration,spirit,tech_duration,0,,,percent,base hero state,,Minor Update - 08-22-2026,high,"[""HSRC-0003""]",Tech bezeichnet in den Rohdaten Spirit.
wraith,base_weapon_damage_increase,misc,base_weapon_damage_increase,0,,,percent,base hero state,,Minor Update - 08-22-2026,high,"[""HSRC-0003""]",
wraith,reload_speed,reload,reload_speed,0,,,percent,base hero state,,Minor Update - 08-22-2026,high,"[""HSRC-0003""]",
wraith,weapon_ammo_consumed_per_shot,ammo,ammo_consumed_per_shot,1,,,ammo,primary fire,,Minor Update - 08-22-2026,high,"[""HSRC-0003"",""HSRC-0006""]",
wraith,weapon_bullet_damage,weapon,bullet_damage,5.64,0.14,,damage,primary fire,base + boon_level * 0.14,Minor Update - 08-22-2026,high,"[""HSRC-0003"",""HSRC-0006""]",
wraith,weapon_bullet_gravity_scale,movement,bullet_gravity_scale,0,,,multiplier,primary fire,,Minor Update - 08-22-2026,high,"[""HSRC-0003"",""HSRC-0006""]",
wraith,weapon_bullet_radius,weapon,bullet_radius,0.0762,,,meters,primary fire,,Minor Update - 08-22-2026,high,"[""HSRC-0003"",""HSRC-0006""]",
wraith,weapon_bullet_speed,weapon,bullet_speed,571.5,,,units_per_second,primary fire,,Minor Update - 08-22-2026,high,"[""HSRC-0003"",""HSRC-0006""]",
wraith,weapon_bullets_per_burst,weapon,bullets_per_burst,1,,,flat,primary fire,,Minor Update - 08-22-2026,high,"[""HSRC-0003"",""HSRC-0006""]",
wraith,weapon_bullets_per_shot,weapon,bullets_per_shot,1,,,flat,primary fire,,Minor Update - 08-22-2026,high,"[""HSRC-0003"",""HSRC-0006""]",
wraith,weapon_burst_inter_shot_interval,weapon,burst_inter_shot_interval,0,,,seconds,primary fire,,Minor Update - 08-22-2026,high,"[""HSRC-0003"",""HSRC-0006""]",
wraith,weapon_can_crit,weapon,can_crit,true,,,flat,primary fire,,Minor Update - 08-22-2026,high,"[""HSRC-0003"",""HSRC-0006""]",
wraith,weapon_clip_size,ammo,clip_size,52,,,flat,primary fire,,Minor Update - 08-22-2026,high,"[""HSRC-0003"",""HSRC-0006""]",
wraith,weapon_dps,weapon,dps,59.682,1.4815,,damage_per_second,primary fire,base + boon_level * 1.4815,Minor Update - 08-22-2026,high,"[""HSRC-0003"",""HSRC-0006""]",
wraith,weapon_falloff_end_range,weapon,falloff_end_range,52,,,meters,primary fire,,Minor Update - 08-22-2026,high,"[""HSRC-0003"",""HSRC-0006""]",
wraith,weapon_falloff_end_scale,weapon,falloff_end_scale,0.1,,,multiplier,primary fire,,Minor Update - 08-22-2026,high,"[""HSRC-0003"",""HSRC-0006""]",
wraith,weapon_falloff_start_range,weapon,falloff_start_range,18,,,meters,primary fire,,Minor Update - 08-22-2026,high,"[""HSRC-0003"",""HSRC-0006""]",
wraith,weapon_hit_once_across_all_bullets,weapon,hit_once_across_all_bullets,false,,,flat,primary fire,,Minor Update - 08-22-2026,high,"[""HSRC-0003"",""HSRC-0006""]",
wraith,weapon_reload_delay,reload,reload_delay,0,,,seconds,primary fire,,Minor Update - 08-22-2026,high,"[""HSRC-0003"",""HSRC-0006""]",
wraith,weapon_reload_single,reload,reload_single,false,,,flat,primary fire,,Minor Update - 08-22-2026,high,"[""HSRC-0003"",""HSRC-0006""]",
wraith,weapon_reload_time,reload,reload_time,2.82,,,seconds,primary fire,,Minor Update - 08-22-2026,high,"[""HSRC-0003"",""HSRC-0006""]",
wraith,weapon_rounds_per_second,weapon,rounds_per_second,10.582,,,flat,primary fire,,Minor Update - 08-22-2026,high,"[""HSRC-0003"",""HSRC-0006""]",
wraith,weapon_shoot_move_speed,movement,shoot_move_speed,0.75,,,units_per_second,primary fire,,Minor Update - 08-22-2026,high,"[""HSRC-0003"",""HSRC-0006""]",
wraith,weapon_sustained_dps,weapon,sustained_dps,37.921,0.9413,,damage_per_second,primary fire,base + boon_level * 0.9413,Minor Update - 08-22-2026,high,"[""HSRC-0003"",""HSRC-0006""]",
wraith,boon_growth_power_increases,misc,power_increases,,1,,flat,per boon level,stat contribution = boon_level * 1,Minor Update - 08-22-2026,high,"[""HSRC-0003""]",Kein separat ausgewiesener Basiswert im strukturierten Export.
wraith,boon_growth_tech_power,spirit,tech_power,,1.1,,flat,per boon level,stat contribution = boon_level * 1.1,Minor Update - 08-22-2026,high,"[""HSRC-0003""]",Kein separat ausgewiesener Basiswert im strukturierten Export.
wraith,sprint_speed_spirit_scaling,movement,sprint_speed_spirit_scaling,0.05,,,multiplier,scales with Spirit Power,additional sprint_speed = spirit_power * 0.05,Minor Update - 08-22-2026,high,"[""HSRC-0003""]",Separat vom Basiswert gespeichert.
yamato,max_health,health,max_health,730,45,,health,base hero state,base + boon_level * 45,Minor Update - 08-22-2026,high,"[""HSRC-0003""]",
yamato,base_health_regen,health,base_health_regen,1,,,health_per_second,base hero state,,Minor Update - 08-22-2026,high,"[""HSRC-0003""]",
yamato,max_move_speed,movement,max_move_speed,8.2,,,units_per_second,base hero state,,Minor Update - 08-22-2026,high,"[""HSRC-0003""]",
yamato,sprint_speed,movement,sprint_speed,1.6,,,units_per_second,base hero state,,Minor Update - 08-22-2026,high,"[""HSRC-0003""]",
yamato,crouch_speed,movement,crouch_speed,4.75,,,units_per_second,base hero state,,Minor Update - 08-22-2026,high,"[""HSRC-0003""]",
yamato,move_acceleration,movement,move_acceleration,4,,,units_per_second_squared,base hero state,,Minor Update - 08-22-2026,high,"[""HSRC-0003""]",
yamato,ground_dash_distance_in_meters,movement,ground_dash_distance_in_meters,10,,,meters,base hero state,,Minor Update - 08-22-2026,high,"[""HSRC-0003""]",
yamato,ground_dash_duration,movement,ground_dash_duration,0.68,,,seconds,base hero state,,Minor Update - 08-22-2026,high,"[""HSRC-0003""]",
yamato,ground_dash_speed,movement,ground_dash_speed,14.7,,,units_per_second,base hero state,,Minor Update - 08-22-2026,high,"[""HSRC-0003""]",
yamato,air_dash_distance_in_meters,movement,air_dash_distance_in_meters,8,,,meters,base hero state,,Minor Update - 08-22-2026,high,"[""HSRC-0003""]",
yamato,air_dash_duration,movement,air_dash_duration,0.47,,,seconds,base hero state,,Minor Update - 08-22-2026,high,"[""HSRC-0003""]",
yamato,air_dash_speed,movement,air_dash_speed,17,,,units_per_second,base hero state,,Minor Update - 08-22-2026,high,"[""HSRC-0003""]",
yamato,stamina,stamina,stamina,3,,,count,base hero state,,Minor Update - 08-22-2026,high,"[""HSRC-0003""]",
yamato,stamina_cooldown,stamina,stamina_cooldown,4.5000045,,,seconds,base hero state,,Minor Update - 08-22-2026,high,"[""HSRC-0003""]",
yamato,stamina_regen_per_second,health,stamina_regen_per_second,0.222222,,,count_per_second,base hero state,,Minor Update - 08-22-2026,high,"[""HSRC-0003""]",
yamato,light_melee_damage,melee,light_melee_damage,55,1.58,,damage,base hero state,base + boon_level * 1.58,Minor Update - 08-22-2026,high,"[""HSRC-0003""]",
yamato,heavy_melee_damage,melee,heavy_melee_damage,128,3.6771,,damage,base hero state,base + boon_level * 3.6771,Minor Update - 08-22-2026,high,"[""HSRC-0003""]",
yamato,hero_bullet_lifesteal_effectiveness,weapon,hero_bullet_lifesteal_effectiveness,1,,,multiplier,base hero state,,Minor Update - 08-22-2026,high,"[""HSRC-0003""]",
yamato,hero_spirit_lifesteal_effectiveness,spirit,hero_spirit_lifesteal_effectiveness,1,,,multiplier,base hero state,,Minor Update - 08-22-2026,high,"[""HSRC-0003""]",
yamato,crit_damage_bonus_percent,misc,crit_damage_bonus_percent,0,,,percent,base hero state,,Minor Update - 08-22-2026,high,"[""HSRC-0003""]",
yamato,crit_damage_received_percent,defense,crit_damage_received_percent,0,,,percent,base hero state,,Minor Update - 08-22-2026,high,"[""HSRC-0003""]",
yamato,weapon_power_scale,misc,weapon_power_scale,1,,,multiplier,base hero state,,Minor Update - 08-22-2026,high,"[""HSRC-0003""]",
yamato,proc_build_up_rate_scale,misc,proc_build_up_rate_scale,1,,,multiplier,base hero state,,Minor Update - 08-22-2026,high,"[""HSRC-0003""]",
yamato,tech_range,spirit,tech_range,0,,,percent,base hero state,,Minor Update - 08-22-2026,high,"[""HSRC-0003""]",Tech bezeichnet in den Rohdaten Spirit.
yamato,tech_duration,spirit,tech_duration,0,,,percent,base hero state,,Minor Update - 08-22-2026,high,"[""HSRC-0003""]",Tech bezeichnet in den Rohdaten Spirit.
yamato,base_weapon_damage_increase,misc,base_weapon_damage_increase,0,,,percent,base hero state,,Minor Update - 08-22-2026,high,"[""HSRC-0003""]",
yamato,reload_speed,reload,reload_speed,0,,,percent,base hero state,,Minor Update - 08-22-2026,high,"[""HSRC-0003""]",
yamato,weapon_ammo_consumed_per_shot,ammo,ammo_consumed_per_shot,1,,,ammo,primary fire,,Minor Update - 08-22-2026,high,"[""HSRC-0003"",""HSRC-0006""]",
yamato,weapon_bullet_damage,weapon,bullet_damage,5.31,0.154,,damage,primary fire,base + boon_level * 0.154,Minor Update - 08-22-2026,high,"[""HSRC-0003"",""HSRC-0006""]",
yamato,weapon_bullet_gravity_scale,movement,bullet_gravity_scale,0,,,multiplier,primary fire,,Minor Update - 08-22-2026,high,"[""HSRC-0003"",""HSRC-0006""]",
yamato,weapon_bullet_radius,weapon,bullet_radius,0.0762,,,meters,primary fire,,Minor Update - 08-22-2026,high,"[""HSRC-0003"",""HSRC-0006""]",
yamato,weapon_bullet_speed,weapon,bullet_speed,254,,,units_per_second,primary fire,,Minor Update - 08-22-2026,high,"[""HSRC-0003"",""HSRC-0006""]",
yamato,weapon_bullets_per_burst,weapon,bullets_per_burst,1,,,flat,primary fire,,Minor Update - 08-22-2026,high,"[""HSRC-0003"",""HSRC-0006""]",
yamato,weapon_bullets_per_shot,weapon,bullets_per_shot,5,,,flat,primary fire,,Minor Update - 08-22-2026,high,"[""HSRC-0003"",""HSRC-0006""]",
yamato,weapon_burst_inter_shot_interval,weapon,burst_inter_shot_interval,0,,,seconds,primary fire,,Minor Update - 08-22-2026,high,"[""HSRC-0003"",""HSRC-0006""]",
yamato,weapon_can_crit,weapon,can_crit,true,,,flat,primary fire,,Minor Update - 08-22-2026,high,"[""HSRC-0003"",""HSRC-0006""]",
yamato,weapon_clip_size,ammo,clip_size,12,,,flat,primary fire,,Minor Update - 08-22-2026,high,"[""HSRC-0003"",""HSRC-0006""]",
yamato,weapon_dps,weapon,dps,63.216,1.8334,,damage_per_second,primary fire,base + boon_level * 1.8334,Minor Update - 08-22-2026,high,"[""HSRC-0003"",""HSRC-0006""]",
yamato,weapon_falloff_end_range,weapon,falloff_end_range,45.72,,,meters,primary fire,,Minor Update - 08-22-2026,high,"[""HSRC-0003"",""HSRC-0006""]",
yamato,weapon_falloff_end_scale,weapon,falloff_end_scale,0.1,,,multiplier,primary fire,,Minor Update - 08-22-2026,high,"[""HSRC-0003"",""HSRC-0006""]",
yamato,weapon_falloff_start_range,weapon,falloff_start_range,19.99,,,meters,primary fire,,Minor Update - 08-22-2026,high,"[""HSRC-0003"",""HSRC-0006""]",
yamato,weapon_hit_once_across_all_bullets,weapon,hit_once_across_all_bullets,false,,,flat,primary fire,,Minor Update - 08-22-2026,high,"[""HSRC-0003"",""HSRC-0006""]",
yamato,weapon_reload_delay,reload,reload_delay,0,,,seconds,primary fire,,Minor Update - 08-22-2026,high,"[""HSRC-0003"",""HSRC-0006""]",
yamato,weapon_reload_single,reload,reload_single,false,,,flat,primary fire,,Minor Update - 08-22-2026,high,"[""HSRC-0003"",""HSRC-0006""]",
yamato,weapon_reload_time,reload,reload_time,2.444,,,seconds,primary fire,,Minor Update - 08-22-2026,high,"[""HSRC-0003"",""HSRC-0006""]",
yamato,weapon_rounds_per_second,weapon,rounds_per_second,2.381,,,flat,primary fire,,Minor Update - 08-22-2026,high,"[""HSRC-0003"",""HSRC-0006""]",
yamato,weapon_shoot_move_speed,movement,shoot_move_speed,0.75,,,units_per_second,primary fire,,Minor Update - 08-22-2026,high,"[""HSRC-0003"",""HSRC-0006""]",
yamato,weapon_sustained_dps,weapon,sustained_dps,42.571,1.2347,,damage_per_second,primary fire,base + boon_level * 1.2347,Minor Update - 08-22-2026,high,"[""HSRC-0003"",""HSRC-0006""]",
yamato,alt_fire_bullet_speed,weapon,bullet_speed,76.2,,,units_per_second,alternate fire,,Minor Update - 08-22-2026,high,"[""HSRC-0003""]",
yamato,alt_fire_bullet_damage,weapon,bullet_damage,50,,,damage,alternate fire,,Minor Update - 08-22-2026,high,"[""HSRC-0003""]",
yamato,alt_fire_rounds_per_second,weapon,rounds_per_second,0.95238,,,flat,alternate fire,,Minor Update - 08-22-2026,high,"[""HSRC-0003""]",
yamato,alt_fire_clip_size,ammo,clip_size,9,,,flat,alternate fire,,Minor Update - 08-22-2026,high,"[""HSRC-0003""]",
yamato,alt_fire_reload_time,reload,reload_time,2.1,,,seconds,alternate fire,,Minor Update - 08-22-2026,high,"[""HSRC-0003""]",
yamato,alt_fire_reload_movespeed,movement,reload_movespeed,1,,,units_per_second,alternate fire,,Minor Update - 08-22-2026,high,"[""HSRC-0003""]",
yamato,alt_fire_reload_delay,reload,reload_delay,0,,,seconds,alternate fire,,Minor Update - 08-22-2026,high,"[""HSRC-0003""]",
yamato,alt_fire_reload_single,reload,reload_single,false,,,flat,alternate fire,,Minor Update - 08-22-2026,high,"[""HSRC-0003""]",
yamato,alt_fire_falloff_start_range,weapon,falloff_start_range,19.99,,,meters,alternate fire,,Minor Update - 08-22-2026,high,"[""HSRC-0003""]",
yamato,alt_fire_falloff_end_range,weapon,falloff_end_range,57.51,,,meters,alternate fire,,Minor Update - 08-22-2026,high,"[""HSRC-0003""]",
yamato,alt_fire_falloff_start_scale,weapon,falloff_start_scale,1,,,multiplier,alternate fire,,Minor Update - 08-22-2026,high,"[""HSRC-0003""]",
yamato,alt_fire_falloff_end_scale,weapon,falloff_end_scale,0.1,,,multiplier,alternate fire,,Minor Update - 08-22-2026,high,"[""HSRC-0003""]",
yamato,alt_fire_falloff_bias,weapon,falloff_bias,0.5,,,flat,alternate fire,,Minor Update - 08-22-2026,high,"[""HSRC-0003""]",
yamato,alt_fire_bullet_gravity_scale,movement,bullet_gravity_scale,1,,,multiplier,alternate fire,,Minor Update - 08-22-2026,high,"[""HSRC-0003""]",
yamato,alt_fire_bullet_radius,weapon,bullet_radius,0.3302,,,meters,alternate fire,,Minor Update - 08-22-2026,high,"[""HSRC-0003""]",
yamato,alt_fire_bullets_per_shot,weapon,bullets_per_shot,1,,,flat,alternate fire,,Minor Update - 08-22-2026,high,"[""HSRC-0003""]",
yamato,alt_fire_bullets_per_burst,weapon,bullets_per_burst,1,,,flat,alternate fire,,Minor Update - 08-22-2026,high,"[""HSRC-0003""]",
yamato,alt_fire_burst_inter_shot_interval,weapon,burst_inter_shot_interval,0,,,seconds,alternate fire,,Minor Update - 08-22-2026,high,"[""HSRC-0003""]",
yamato,alt_fire_shoot_move_speed,movement,shoot_move_speed,0.75,,,units_per_second,alternate fire,,Minor Update - 08-22-2026,high,"[""HSRC-0003""]",
yamato,alt_fire_hit_once_across_all_bullets,weapon,hit_once_across_all_bullets,false,,,flat,alternate fire,,Minor Update - 08-22-2026,high,"[""HSRC-0003""]",
yamato,alt_fire_can_crit,weapon,can_crit,false,,,flat,alternate fire,,Minor Update - 08-22-2026,high,"[""HSRC-0003""]",
yamato,alt_fire_ammo_consumed_per_shot,ammo,ammo_consumed_per_shot,3,,,ammo,alternate fire,,Minor Update - 08-22-2026,high,"[""HSRC-0003""]",
yamato,alt_fire_explosion_radius,weapon,explosion_radius,3.048,,,meters,alternate fire,,Minor Update - 08-22-2026,high,"[""HSRC-0003""]",
yamato,alt_fire_dps,weapon,dps,47.619,,,damage_per_second,alternate fire,,Minor Update - 08-22-2026,high,"[""HSRC-0003""]",
yamato,alt_fire_sustained_dps,weapon,sustained_dps,38.961,,,damage_per_second,alternate fire,,Minor Update - 08-22-2026,high,"[""HSRC-0003""]",
yamato,boon_growth_bullet_damage_alt_fire,weapon,bullet_damage_alt_fire,,0.7,,damage,per boon level,stat contribution = boon_level * 0.7,Minor Update - 08-22-2026,high,"[""HSRC-0003""]",Kein separat ausgewiesener Basiswert im strukturierten Export.
yamato,boon_growth_power_increases,misc,power_increases,,1,,flat,per boon level,stat contribution = boon_level * 1,Minor Update - 08-22-2026,high,"[""HSRC-0003""]",Kein separat ausgewiesener Basiswert im strukturierten Export.
yamato,boon_growth_tech_power,spirit,tech_power,,1.1,,flat,per boon level,stat contribution = boon_level * 1.1,Minor Update - 08-22-2026,high,"[""HSRC-0003""]",Kein separat ausgewiesener Basiswert im strukturierten Export.
yamato,clip_size_spirit_scaling,ammo,clip_size_spirit_scaling,0.15,,,multiplier,scales with Spirit Power,additional clip_size = spirit_power * 0.15,Minor Update - 08-22-2026,high,"[""HSRC-0003""]",Separat vom Basiswert gespeichert.
yamato,sustained_dps_spirit_scaling,weapon,sustained_dps_spirit_scaling,0.17233,,,multiplier,scales with Spirit Power,additional sustained_dps = spirit_power * 0.17233,Minor Update - 08-22-2026,high,"[""HSRC-0003""]",Separat vom Basiswert gespeichert.
